ISO-10303-21;
HEADER;
FILE_DESCRIPTION((''),'2;1');
FILE_NAME('ISFV12R_2STLF','2007-09-03T',('ShoujiR'),(''),
'PRO/ENGINEER BY PARAMETRIC TECHNOLOGY CORPORATION, 2005230',
'PRO/ENGINEER BY PARAMETRIC TECHNOLOGY CORPORATION, 2005230','');
FILE_SCHEMA(('CONFIG_CONTROL_DESIGN'));
ENDSEC;
DATA;
#1=DIRECTION('',(1.E0,0.E0,0.E0));
#2=VECTOR('',#1,5.556738248E-2);
#3=CARTESIAN_POINT('',(8.014432617520E0,0.E0,-2.29E0));
#4=LINE('',#3,#2);
#5=DIRECTION('',(0.E0,0.E0,1.E0));
#6=VECTOR('',#5,1.9E0);
#7=CARTESIAN_POINT('',(8.014432617520E0,0.E0,-4.19E0));
#8=LINE('',#7,#6);
#9=DIRECTION('',(-1.E0,0.E0,0.E0));
#10=VECTOR('',#9,5.556738248E-2);
#11=CARTESIAN_POINT('',(8.07E0,0.E0,-4.19E0));
#12=LINE('',#11,#10);
#13=DIRECTION('',(1.E0,0.E0,0.E0));
#14=VECTOR('',#13,5.556738248E-2);
#15=CARTESIAN_POINT('',(1.83E0,0.E0,-4.19E0));
#16=LINE('',#15,#14);
#17=DIRECTION('',(0.E0,0.E0,1.E0));
#18=VECTOR('',#17,1.9E0);
#19=CARTESIAN_POINT('',(1.885567382480E0,0.E0,-4.19E0));
#20=LINE('',#19,#18);
#21=DIRECTION('',(-1.E0,0.E0,0.E0));
#22=VECTOR('',#21,5.556738248E-2);
#23=CARTESIAN_POINT('',(1.885567382480E0,0.E0,-2.29E0));
#24=LINE('',#23,#22);
#25=DIRECTION('',(1.E0,1.921958429156E-14,0.E0));
#26=VECTOR('',#25,1.074432617520E0);
#27=CARTESIAN_POINT('',(8.07E0,1.5E-1,-2.29E0));
#28=LINE('',#27,#26);
#29=DIRECTION('',(0.E0,0.E0,1.E0));
#30=VECTOR('',#29,1.3E0);
#31=CARTESIAN_POINT('',(8.07E0,1.5E-1,-3.59E0));
#32=LINE('',#31,#30);
#33=DIRECTION('',(0.E0,1.E0,0.E0));
#34=VECTOR('',#33,1.5E-1);
#35=CARTESIAN_POINT('',(8.07E0,0.E0,-2.29E0));
#36=LINE('',#35,#34);
#37=DIRECTION('',(0.E0,0.E0,1.E0));
#38=VECTOR('',#37,2.4E-1);
#39=CARTESIAN_POINT('',(8.07E0,0.E0,-2.29E0));
#40=LINE('',#39,#38);
#41=DIRECTION('',(0.E0,1.E0,0.E0));
#42=VECTOR('',#41,2.3E-1);
#43=CARTESIAN_POINT('',(8.07E0,0.E0,-2.05E0));
#44=LINE('',#43,#42);
#45=DIRECTION('',(0.E0,0.E0,-1.E0));
#46=VECTOR('',#45,1.54E0);
#47=CARTESIAN_POINT('',(8.07E0,2.3E-1,-2.05E0));
#48=LINE('',#47,#46);
#49=DIRECTION('',(0.E0,-1.E0,0.E0));
#50=VECTOR('',#49,8.E-2);
#51=CARTESIAN_POINT('',(8.07E0,2.3E-1,-3.59E0));
#52=LINE('',#51,#50);
#53=DIRECTION('',(0.E0,1.E0,0.E0));
#54=VECTOR('',#53,2.3E-1);
#55=CARTESIAN_POINT('',(8.07E0,0.E0,-4.19E0));
#56=LINE('',#55,#54);
#57=DIRECTION('',(0.E0,0.E0,-1.E0));
#58=VECTOR('',#57,9.999999999999E-3);
#59=CARTESIAN_POINT('',(8.07E0,2.3E-1,-4.19E0));
#60=LINE('',#59,#58);
#61=DIRECTION('',(0.E0,-1.E0,0.E0));
#62=VECTOR('',#61,2.3E-1);
#63=CARTESIAN_POINT('',(8.07E0,2.3E-1,-4.2E0));
#64=LINE('',#63,#62);
#65=DIRECTION('',(-1.776356839400E-13,0.E0,1.E0));
#66=VECTOR('',#65,9.999999999999E-3);
#67=CARTESIAN_POINT('',(8.07E0,0.E0,-4.2E0));
#68=LINE('',#67,#66);
#69=DIRECTION('',(1.739543771460E-2,0.E0,-9.998486879257E-1));
#70=VECTOR('',#69,3.200484271911E-1);
#71=CARTESIAN_POINT('',(1.054443261752E1,1.5E-1,-3.18E0));
#72=LINE('',#71,#70);
#73=DIRECTION('',(-1.E0,0.E0,0.E0));
#74=VECTOR('',#73,1.444326175203E-1);
#75=CARTESIAN_POINT('',(8.214432617520E0,1.5E-1,-3.59E0));
#76=LINE('',#75,#74);
#77=DIRECTION('',(1.E0,0.E0,0.E0));
#78=VECTOR('',#77,1.444326175200E-1);
#79=CARTESIAN_POINT('',(8.07E0,2.3E-1,-3.59E0));
#80=LINE('',#79,#78);
#81=DIRECTION('',(0.E0,0.E0,1.E0));
#82=VECTOR('',#81,2.15E0);
#83=CARTESIAN_POINT('',(9.9E0,2.3E-1,-4.2E0));
#84=LINE('',#83,#82);
#85=DIRECTION('',(1.E0,0.E0,0.E0));
#86=VECTOR('',#85,1.83E0);
#87=CARTESIAN_POINT('',(8.07E0,2.3E-1,-4.2E0));
#88=LINE('',#87,#86);
#89=DIRECTION('',(1.E0,0.E0,0.E0));
#90=VECTOR('',#89,1.444326175200E-1);
#91=CARTESIAN_POINT('',(8.07E0,2.3E-1,-4.19E0));
#92=LINE('',#91,#90);
#93=DIRECTION('',(0.E0,0.E0,1.E0));
#94=VECTOR('',#93,6.E-1);
#95=CARTESIAN_POINT('',(8.214432617520E0,2.3E-1,-4.19E0));
#96=LINE('',#95,#94);
#97=DIRECTION('',(1.E0,0.E0,0.E0));
#98=VECTOR('',#97,1.83E0);
#99=CARTESIAN_POINT('',(8.07E0,0.E0,-2.05E0));
#100=LINE('',#99,#98);
#101=DIRECTION('',(0.E0,1.E0,0.E0));
#102=VECTOR('',#101,2.3E-1);
#103=CARTESIAN_POINT('',(9.9E0,0.E0,-2.05E0));
#104=LINE('',#103,#102);
#105=DIRECTION('',(-1.E0,0.E0,0.E0));
#106=VECTOR('',#105,1.83E0);
#107=CARTESIAN_POINT('',(9.9E0,2.3E-1,-2.05E0));
#108=LINE('',#107,#106);
#109=DIRECTION('',(0.E0,5.205138645684E-14,1.E0));
#110=VECTOR('',#109,2.15E0);
#111=CARTESIAN_POINT('',(9.9E0,1.69E0,-4.2E0));
#112=LINE('',#111,#110);
#113=DIRECTION('',(0.E0,1.E0,0.E0));
#114=VECTOR('',#113,1.46E0);
#115=CARTESIAN_POINT('',(9.9E0,2.3E-1,-4.2E0));
#116=LINE('',#115,#114);
#117=DIRECTION('',(0.E0,0.E0,-1.E0));
#118=VECTOR('',#117,1.32E0);
#119=CARTESIAN_POINT('',(9.9E0,0.E0,-7.3E-1));
#120=LINE('',#119,#118);
#121=DIRECTION('',(0.E0,-1.E0,0.E0));
#122=VECTOR('',#121,1.82E0);
#123=CARTESIAN_POINT('',(9.9E0,1.82E0,-7.3E-1));
#124=LINE('',#123,#122);
#125=DIRECTION('',(0.E0,7.704274928459E-14,1.E0));
#126=VECTOR('',#125,1.32E0);
#127=CARTESIAN_POINT('',(9.9E0,1.82E0,-2.05E0));
#128=LINE('',#127,#126);
#129=DIRECTION('',(-1.E0,6.103193239196E-14,0.E0));
#130=VECTOR('',#129,1.83E0);
#131=CARTESIAN_POINT('',(9.9E0,1.69E0,-2.05E0));
#132=LINE('',#131,#130);
#133=DIRECTION('',(0.E0,-1.E0,0.E0));
#134=VECTOR('',#133,1.299999999998E-1);
#135=CARTESIAN_POINT('',(9.9E0,1.82E0,-2.05E0));
#136=LINE('',#135,#134);
#137=DIRECTION('',(1.E0,5.569315500579E-14,0.E0));
#138=VECTOR('',#137,1.83E0);
#139=CARTESIAN_POINT('',(8.07E0,1.82E0,-2.05E0));
#140=LINE('',#139,#138);
#141=DIRECTION('',(1.E0,0.E0,0.E0));
#142=VECTOR('',#141,8.944326175200E-1);
#143=CARTESIAN_POINT('',(8.07E0,1.69E0,-2.29E0));
#144=LINE('',#143,#142);
#145=DIRECTION('',(0.E0,0.E0,1.E0));
#146=VECTOR('',#145,1.9E0);
#147=CARTESIAN_POINT('',(8.964432617520E0,1.69E0,-4.19E0));
#148=LINE('',#147,#146);
#149=DIRECTION('',(1.E0,0.E0,0.E0));
#150=VECTOR('',#149,8.944326175200E-1);
#151=CARTESIAN_POINT('',(8.07E0,1.69E0,-4.19E0));
#152=LINE('',#151,#150);
#153=DIRECTION('',(-1.E0,6.115326824165E-14,0.E0));
#154=VECTOR('',#153,1.83E0);
#155=CARTESIAN_POINT('',(9.9E0,1.69E0,-4.2E0));
#156=LINE('',#155,#154);
#157=DIRECTION('',(0.E0,1.E0,0.E0));
#158=VECTOR('',#157,8.E-2);
#159=CARTESIAN_POINT('',(8.07E0,1.69E0,-2.29E0));
#160=LINE('',#159,#158);
#161=DIRECTION('',(0.E0,-9.316621548313E-13,-1.E0));
#162=VECTOR('',#161,2.4E-1);
#163=CARTESIAN_POINT('',(8.07E0,1.69E0,-2.05E0));
#164=LINE('',#163,#162);
#165=DIRECTION('',(0.E0,-1.E0,0.E0));
#166=VECTOR('',#165,1.299999999996E-1);
#167=CARTESIAN_POINT('',(8.07E0,1.82E0,-2.05E0));
#168=LINE('',#167,#166);
#169=DIRECTION('',(0.E0,-4.740394123748E-14,1.E0));
#170=VECTOR('',#169,2.15E0);
#171=CARTESIAN_POINT('',(8.07E0,1.82E0,-4.2E0));
#172=LINE('',#171,#170);
#173=DIRECTION('',(0.E0,1.E0,0.E0));
#174=VECTOR('',#173,1.299999999998E-1);
#175=CARTESIAN_POINT('',(8.07E0,1.69E0,-4.2E0));
#176=LINE('',#175,#174);
#177=DIRECTION('',(1.776356839400E-13,1.116884362773E-11,-1.E0));
#178=VECTOR('',#177,9.999999999999E-3);
#179=CARTESIAN_POINT('',(8.07E0,1.69E0,-4.19E0));
#180=LINE('',#179,#178);
#181=DIRECTION('',(0.E0,1.E0,0.E0));
#182=VECTOR('',#181,8.E-2);
#183=CARTESIAN_POINT('',(8.07E0,1.69E0,-4.19E0));
#184=LINE('',#183,#182);
#185=DIRECTION('',(0.E0,0.E0,1.E0));
#186=VECTOR('',#185,1.9E0);
#187=CARTESIAN_POINT('',(8.07E0,1.77E0,-4.19E0));
#188=LINE('',#187,#186);
#189=DIRECTION('',(0.E0,-1.618188079728E-13,1.E0));
#190=VECTOR('',#189,7.3E-1);
#191=CARTESIAN_POINT('',(1.7E0,1.82E0,-7.3E-1));
#192=LINE('',#191,#190);
#193=DIRECTION('',(1.E0,-7.183796041692E-14,0.E0));
#194=VECTOR('',#193,1.7E0);
#195=CARTESIAN_POINT('',(0.E0,1.82E0,-7.3E-1));
#196=LINE('',#195,#194);
#197=DIRECTION('',(1.E0,7.183796041692E-14,0.E0));
#198=VECTOR('',#197,1.7E0);
#199=CARTESIAN_POINT('',(8.2E0,1.82E0,-7.3E-1));
#200=LINE('',#199,#198);
#201=DIRECTION('',(0.E0,-1.E0,-2.477060472907E-13));
#202=VECTOR('',#201,6.171739130432E-1);
#203=CARTESIAN_POINT('',(1.7E0,1.82E0,-7.3E-1));
#204=LINE('',#203,#202);
#205=DIRECTION('',(0.E0,2.173399540846E-2,9.997637888239E-1));
#206=VECTOR('',#205,3.300779681050E-1);
#207=CARTESIAN_POINT('',(1.7E0,1.202826086957E0,-7.300000000002E-1));
#208=LINE('',#207,#206);
#209=DIRECTION('',(1.E0,0.E0,0.E0));
#210=VECTOR('',#209,1.E-1);
#211=CARTESIAN_POINT('',(1.6E0,1.1E-1,-7.3E-1));
#212=LINE('',#211,#210);
#213=DIRECTION('',(1.E0,0.E0,0.E0));
#214=VECTOR('',#213,1.7E0);
#215=CARTESIAN_POINT('',(0.E0,0.E0,-7.3E-1));
#216=LINE('',#215,#214);
#217=DIRECTION('',(-1.E0,0.E0,0.E0));
#218=VECTOR('',#217,2.2E-1);
#219=CARTESIAN_POINT('',(1.7E0,8.2E-1,-7.3E-1));
#220=LINE('',#219,#218);
#221=DIRECTION('',(0.E0,-1.E0,0.E0));
#222=VECTOR('',#221,5.E-1);
#223=CARTESIAN_POINT('',(1.48E0,1.32E0,-7.3E-1));
#224=LINE('',#223,#222);
#225=DIRECTION('',(1.E0,0.E0,0.E0));
#226=VECTOR('',#225,5.8E-1);
#227=CARTESIAN_POINT('',(9.E-1,1.32E0,-7.3E-1));
#228=LINE('',#227,#226);
#229=DIRECTION('',(0.E0,1.E0,0.E0));
#230=VECTOR('',#229,7.9E-1);
#231=CARTESIAN_POINT('',(9.E-1,5.3E-1,-7.3E-1));
#232=LINE('',#231,#230);
#233=DIRECTION('',(-1.E0,0.E0,0.E0));
#234=VECTOR('',#233,7.E-1);
#235=CARTESIAN_POINT('',(1.6E0,5.3E-1,-7.3E-1));
#236=LINE('',#235,#234);
#237=DIRECTION('',(0.E0,1.E0,0.E0));
#238=VECTOR('',#237,4.2E-1);
#239=CARTESIAN_POINT('',(1.6E0,1.1E-1,-7.3E-1));
#240=LINE('',#239,#238);
#241=DIRECTION('',(1.E0,1.301590414396E-14,0.E0));
#242=VECTOR('',#241,1.9E0);
#243=CARTESIAN_POINT('',(-3.E-1,1.1E-1,-7.E-1));
#244=LINE('',#243,#242);
#245=DIRECTION('',(0.E0,0.E0,1.E0));
#246=VECTOR('',#245,7.E-1);
#247=CARTESIAN_POINT('',(-3.E-1,1.1E-1,-1.4E0));
#248=LINE('',#247,#246);
#249=DIRECTION('',(1.E0,0.E0,-5.195843755246E-14));
#250=VECTOR('',#249,5.E-1);
#251=CARTESIAN_POINT('',(-8.E-1,1.1E-1,-1.4E0));
#252=LINE('',#251,#250);
#253=DIRECTION('',(0.E0,0.E0,-1.E0));
#254=VECTOR('',#253,1.4E0);
#255=CARTESIAN_POINT('',(-8.E-1,1.1E-1,0.E0));
#256=LINE('',#255,#254);
#257=DIRECTION('',(-1.E0,0.E0,0.E0));
#258=VECTOR('',#257,1.15E1);
#259=CARTESIAN_POINT('',(1.07E1,1.1E-1,0.E0));
#260=LINE('',#259,#258);
#261=DIRECTION('',(-4.720033887549E-13,0.E0,1.E0));
#262=VECTOR('',#261,1.4E0);
#263=CARTESIAN_POINT('',(1.07E1,1.1E-1,-1.4E0));
#264=LINE('',#263,#262);
#265=DIRECTION('',(1.E0,0.E0,6.572520305764E-14));
#266=VECTOR('',#265,5.000000000013E-1);
#267=CARTESIAN_POINT('',(1.02E1,1.1E-1,-1.4E0));
#268=LINE('',#267,#266);
#269=DIRECTION('',(-9.363938196267E-13,0.E0,-1.E0));
#270=VECTOR('',#269,7.E-1);
#271=CARTESIAN_POINT('',(1.02E1,1.1E-1,-7.E-1));
#272=LINE('',#271,#270);
#273=DIRECTION('',(1.E0,-1.299399184742E-14,1.151125978164E-14));
#274=VECTOR('',#273,1.9E0);
#275=CARTESIAN_POINT('',(8.3E0,1.1E-1,-7.E-1));
#276=LINE('',#275,#274);
#277=DIRECTION('',(1.E0,0.E0,0.E0));
#278=VECTOR('',#277,1.E-1);
#279=CARTESIAN_POINT('',(8.2E0,1.1E-1,-7.3E-1));
#280=LINE('',#279,#278);
#281=DIRECTION('',(0.E0,1.E0,0.E0));
#282=VECTOR('',#281,4.2E-1);
#283=CARTESIAN_POINT('',(8.3E0,1.1E-1,-7.3E-1));
#284=LINE('',#283,#282);
#285=DIRECTION('',(1.E0,0.E0,0.E0));
#286=VECTOR('',#285,7.E-1);
#287=CARTESIAN_POINT('',(8.3E0,5.3E-1,-7.3E-1));
#288=LINE('',#287,#286);
#289=DIRECTION('',(0.E0,-1.E0,0.E0));
#290=VECTOR('',#289,7.9E-1);
#291=CARTESIAN_POINT('',(9.E0,1.32E0,-7.3E-1));
#292=LINE('',#291,#290);
#293=DIRECTION('',(1.E0,0.E0,0.E0));
#294=VECTOR('',#293,5.8E-1);
#295=CARTESIAN_POINT('',(8.42E0,1.32E0,-7.3E-1));
#296=LINE('',#295,#294);
#297=DIRECTION('',(0.E0,1.E0,0.E0));
#298=VECTOR('',#297,5.E-1);
#299=CARTESIAN_POINT('',(8.42E0,8.2E-1,-7.3E-1));
#300=LINE('',#299,#298);
#301=DIRECTION('',(1.E0,0.E0,0.E0));
#302=VECTOR('',#301,2.2E-1);
#303=CARTESIAN_POINT('',(8.2E0,8.2E-1,-7.3E-1));
#304=LINE('',#303,#302);
#305=DIRECTION('',(1.E0,0.E0,0.E0));
#306=VECTOR('',#305,1.7E0);
#307=CARTESIAN_POINT('',(8.2E0,0.E0,-7.3E-1));
#308=LINE('',#307,#306);
#309=DIRECTION('',(5.921189464673E-14,-8.201772594426E-13,-1.E0));
#310=VECTOR('',#309,2.999999999997E-2);
#311=CARTESIAN_POINT('',(8.3E0,1.1E-1,-7.E-1));
#312=LINE('',#311,#310);
#313=DIRECTION('',(0.E0,-1.E0,0.E0));
#314=VECTOR('',#313,4.199999999999E-1);
#315=CARTESIAN_POINT('',(8.3E0,5.3E-1,-7.E-1));
#316=LINE('',#315,#314);
#317=DIRECTION('',(1.E0,0.E0,0.E0));
#318=VECTOR('',#317,1.9E0);
#319=CARTESIAN_POINT('',(8.3E0,1.71E0,-7.E-1));
#320=LINE('',#319,#318);
#321=DIRECTION('',(0.E0,1.E0,0.E0));
#322=VECTOR('',#321,1.6E0);
#323=CARTESIAN_POINT('',(1.02E1,1.1E-1,-7.E-1));
#324=LINE('',#323,#322);
#325=DIRECTION('',(0.E0,-1.E0,0.E0));
#326=VECTOR('',#325,1.6E0);
#327=CARTESIAN_POINT('',(1.02E1,1.71E0,-1.4E0));
#328=LINE('',#327,#326);
#329=DIRECTION('',(-9.338561669990E-13,0.E0,-1.E0));
#330=VECTOR('',#329,7.E-1);
#331=CARTESIAN_POINT('',(1.02E1,1.71E0,-7.E-1));
#332=LINE('',#331,#330);
#333=DIRECTION('',(0.E0,-1.E0,0.E0));
#334=VECTOR('',#333,1.6E0);
#335=CARTESIAN_POINT('',(1.07E1,1.71E0,-1.4E0));
#336=LINE('',#335,#334);
#337=DIRECTION('',(1.E0,0.E0,6.572520305764E-14));
#338=VECTOR('',#337,5.000000000013E-1);
#339=CARTESIAN_POINT('',(1.02E1,1.71E0,-1.4E0));
#340=LINE('',#339,#338);
#341=DIRECTION('',(0.E0,-1.E0,0.E0));
#342=VECTOR('',#341,1.6E0);
#343=CARTESIAN_POINT('',(1.07E1,1.71E0,0.E0));
#344=LINE('',#343,#342);
#345=DIRECTION('',(-4.732722150688E-13,0.E0,1.E0));
#346=VECTOR('',#345,1.4E0);
#347=CARTESIAN_POINT('',(1.07E1,1.71E0,-1.4E0));
#348=LINE('',#347,#346);
#349=DIRECTION('',(0.E0,-1.E0,0.E0));
#350=VECTOR('',#349,1.6E0);
#351=CARTESIAN_POINT('',(-8.E-1,1.71E0,0.E0));
#352=LINE('',#351,#350);
#353=DIRECTION('',(-1.E0,0.E0,0.E0));
#354=VECTOR('',#353,2.4E0);
#355=CARTESIAN_POINT('',(1.6E0,1.71E0,0.E0));
#356=LINE('',#355,#354);
#357=DIRECTION('',(0.E0,1.E0,0.E0));
#358=VECTOR('',#357,8.9E-1);
#359=CARTESIAN_POINT('',(1.6E0,8.2E-1,0.E0));
#360=LINE('',#359,#358);
#361=DIRECTION('',(-1.E0,0.E0,0.E0));
#362=VECTOR('',#361,2.4E0);
#363=CARTESIAN_POINT('',(1.07E1,1.71E0,0.E0));
#364=LINE('',#363,#362);
#365=DIRECTION('',(0.E0,-1.E0,0.E0));
#366=VECTOR('',#365,1.6E0);
#367=CARTESIAN_POINT('',(-8.E-1,1.71E0,-1.4E0));
#368=LINE('',#367,#366);
#369=DIRECTION('',(0.E0,0.E0,-1.E0));
#370=VECTOR('',#369,1.4E0);
#371=CARTESIAN_POINT('',(-8.E-1,1.71E0,0.E0));
#372=LINE('',#371,#370);
#373=DIRECTION('',(0.E0,-1.E0,0.E0));
#374=VECTOR('',#373,1.6E0);
#375=CARTESIAN_POINT('',(-3.E-1,1.71E0,-1.4E0));
#376=LINE('',#375,#374);
#377=DIRECTION('',(1.E0,0.E0,-5.195843755246E-14));
#378=VECTOR('',#377,5.E-1);
#379=CARTESIAN_POINT('',(-8.E-1,1.71E0,-1.4E0));
#380=LINE('',#379,#378);
#381=DIRECTION('',(0.E0,-1.E0,0.E0));
#382=VECTOR('',#381,1.6E0);
#383=CARTESIAN_POINT('',(-3.E-1,1.71E0,-7.E-1));
#384=LINE('',#383,#382);
#385=DIRECTION('',(0.E0,0.E0,1.E0));
#386=VECTOR('',#385,7.E-1);
#387=CARTESIAN_POINT('',(-3.E-1,1.71E0,-1.4E0));
#388=LINE('',#387,#386);
#389=DIRECTION('',(0.E0,-1.E0,0.E0));
#390=VECTOR('',#389,8.9E-1);
#391=CARTESIAN_POINT('',(1.6E0,1.71E0,-7.E-1));
#392=LINE('',#391,#390);
#393=DIRECTION('',(1.E0,0.E0,0.E0));
#394=VECTOR('',#393,1.9E0);
#395=CARTESIAN_POINT('',(-3.E-1,1.71E0,-7.E-1));
#396=LINE('',#395,#394);
#397=DIRECTION('',(0.E0,1.047310386563E-12,-1.E0));
#398=VECTOR('',#397,3.E-2);
#399=CARTESIAN_POINT('',(1.6E0,5.3E-1,-7.E-1));
#400=LINE('',#399,#398);
#401=DIRECTION('',(0.E0,1.E0,0.E0));
#402=VECTOR('',#401,4.199999999999E-1);
#403=CARTESIAN_POINT('',(1.6E0,1.1E-1,-7.E-1));
#404=LINE('',#403,#402);
#405=DIRECTION('',(0.E0,8.215650382226E-13,1.E0));
#406=VECTOR('',#405,3.E-2);
#407=CARTESIAN_POINT('',(1.6E0,1.1E-1,-7.3E-1));
#408=LINE('',#407,#406);
#409=DIRECTION('',(0.E0,-1.047310386564E-12,1.E0));
#410=VECTOR('',#409,2.999999999997E-2);
#411=CARTESIAN_POINT('',(8.3E0,5.3E-1,-7.3E-1));
#412=LINE('',#411,#410);
#413=DIRECTION('',(1.E0,4.504333414193E-14,4.139545848959E-14));
#414=VECTOR('',#413,7.E-1);
#415=CARTESIAN_POINT('',(8.3E0,5.3E-1,-7.E-1));
#416=LINE('',#415,#414);
#417=DIRECTION('',(1.E0,-4.472612756347E-14,0.E0));
#418=VECTOR('',#417,7.E-1);
#419=CARTESIAN_POINT('',(9.E-1,5.3E-1,-7.E-1));
#420=LINE('',#419,#418);
#421=DIRECTION('',(0.E0,0.E0,-1.E0));
#422=VECTOR('',#421,3.E-2);
#423=CARTESIAN_POINT('',(9.E0,5.3E-1,-7.E-1));
#424=LINE('',#423,#422);
#425=DIRECTION('',(0.E0,-1.E0,0.E0));
#426=VECTOR('',#425,7.9E-1);
#427=CARTESIAN_POINT('',(9.E0,1.32E0,-7.E-1));
#428=LINE('',#427,#426);
#429=DIRECTION('',(0.E0,0.E0,1.E0));
#430=VECTOR('',#429,3.E-2);
#431=CARTESIAN_POINT('',(9.E0,1.32E0,-7.3E-1));
#432=LINE('',#431,#430);
#433=DIRECTION('',(-1.E0,0.E0,0.E0));
#434=VECTOR('',#433,5.8E-1);
#435=CARTESIAN_POINT('',(9.E0,1.32E0,-7.E-1));
#436=LINE('',#435,#434);
#437=DIRECTION('',(5.921189464667E-14,0.E0,-1.E0));
#438=VECTOR('',#437,3.E-2);
#439=CARTESIAN_POINT('',(8.42E0,1.32E0,-7.E-1));
#440=LINE('',#439,#438);
#441=DIRECTION('',(0.E0,-1.E0,0.E0));
#442=VECTOR('',#441,5.E-1);
#443=CARTESIAN_POINT('',(8.42E0,1.32E0,-7.E-1));
#444=LINE('',#443,#442);
#445=DIRECTION('',(5.921189464667E-14,0.E0,-1.E0));
#446=VECTOR('',#445,3.E-2);
#447=CARTESIAN_POINT('',(8.42E0,8.2E-1,-7.E-1));
#448=LINE('',#447,#446);
#449=DIRECTION('',(1.E0,0.E0,0.E0));
#450=VECTOR('',#449,1.2E-1);
#451=CARTESIAN_POINT('',(8.3E0,8.2E-1,-7.E-1));
#452=LINE('',#451,#450);
#453=DIRECTION('',(1.E0,0.E0,0.E0));
#454=VECTOR('',#453,6.7E0);
#455=CARTESIAN_POINT('',(1.6E0,8.2E-1,0.E0));
#456=LINE('',#455,#454);
#457=DIRECTION('',(0.E0,0.E0,1.E0));
#458=VECTOR('',#457,7.E-1);
#459=CARTESIAN_POINT('',(1.6E0,8.2E-1,-7.E-1));
#460=LINE('',#459,#458);
#461=DIRECTION('',(1.E0,0.E0,5.458596537740E-14));
#462=VECTOR('',#461,1.2E-1);
#463=CARTESIAN_POINT('',(1.48E0,8.2E-1,-7.E-1));
#464=LINE('',#463,#462);
#465=DIRECTION('',(0.E0,0.E0,1.E0));
#466=VECTOR('',#465,3.E-2);
#467=CARTESIAN_POINT('',(1.48E0,8.2E-1,-7.3E-1));
#468=LINE('',#467,#466);
#469=DIRECTION('',(-1.E0,0.E0,0.E0));
#470=VECTOR('',#469,6.6E0);
#471=CARTESIAN_POINT('',(8.25E0,8.2E-1,-2.35E0));
#472=LINE('',#471,#470);
#473=DIRECTION('',(0.E0,0.E0,1.E0));
#474=VECTOR('',#473,7.E-1);
#475=CARTESIAN_POINT('',(8.3E0,1.71E0,-7.E-1));
#476=LINE('',#475,#474);
#477=DIRECTION('',(0.E0,-1.E0,0.E0));
#478=VECTOR('',#477,8.9E-1);
#479=CARTESIAN_POINT('',(8.3E0,1.71E0,0.E0));
#480=LINE('',#479,#478);
#481=DIRECTION('',(0.E0,0.E0,-1.E0));
#482=VECTOR('',#481,7.E-1);
#483=CARTESIAN_POINT('',(8.3E0,8.2E-1,0.E0));
#484=LINE('',#483,#482);
#485=DIRECTION('',(0.E0,1.E0,0.E0));
#486=VECTOR('',#485,8.9E-1);
#487=CARTESIAN_POINT('',(8.3E0,8.2E-1,-7.E-1));
#488=LINE('',#487,#486);
#489=DIRECTION('',(0.E0,0.E0,-1.E0));
#490=VECTOR('',#489,7.E-1);
#491=CARTESIAN_POINT('',(1.6E0,1.71E0,0.E0));
#492=LINE('',#491,#490);
#493=DIRECTION('',(0.E0,1.E0,0.E0));
#494=VECTOR('',#493,5.E-1);
#495=CARTESIAN_POINT('',(1.48E0,8.2E-1,-7.E-1));
#496=LINE('',#495,#494);
#497=DIRECTION('',(1.480297366167E-14,0.E0,1.E0));
#498=VECTOR('',#497,3.E-2);
#499=CARTESIAN_POINT('',(1.48E0,1.32E0,-7.3E-1));
#500=LINE('',#499,#498);
#501=DIRECTION('',(-1.E0,0.E0,0.E0));
#502=VECTOR('',#501,5.8E-1);
#503=CARTESIAN_POINT('',(1.48E0,1.32E0,-7.E-1));
#504=LINE('',#503,#502);
#505=DIRECTION('',(0.E0,0.E0,-1.E0));
#506=VECTOR('',#505,3.E-2);
#507=CARTESIAN_POINT('',(9.E-1,1.32E0,-7.E-1));
#508=LINE('',#507,#506);
#509=DIRECTION('',(0.E0,1.E0,0.E0));
#510=VECTOR('',#509,7.9E-1);
#511=CARTESIAN_POINT('',(9.E-1,5.3E-1,-7.E-1));
#512=LINE('',#511,#510);
#513=DIRECTION('',(1.110223024625E-14,0.E0,1.E0));
#514=VECTOR('',#513,3.E-2);
#515=CARTESIAN_POINT('',(9.E-1,5.3E-1,-7.3E-1));
#516=LINE('',#515,#514);
#517=DIRECTION('',(0.E0,0.E0,1.E0));
#518=VECTOR('',#517,1.7E-1);
#519=CARTESIAN_POINT('',(1.7E0,1.1E-1,-9.E-1));
#520=LINE('',#519,#518);
#521=DIRECTION('',(0.E0,1.E0,8.578996099376E-14));
#522=VECTOR('',#521,1.1E-1);
#523=CARTESIAN_POINT('',(1.7E0,0.E0,-9.E-1));
#524=LINE('',#523,#522);
#525=DIRECTION('',(0.E0,0.E0,-1.E0));
#526=VECTOR('',#525,1.7E-1);
#527=CARTESIAN_POINT('',(1.7E0,0.E0,-7.3E-1));
#528=LINE('',#527,#526);
#529=DIRECTION('',(0.E0,-1.E0,0.E0));
#530=VECTOR('',#529,1.1E-1);
#531=CARTESIAN_POINT('',(1.7E0,1.1E-1,-7.3E-1));
#532=LINE('',#531,#530);
#533=DIRECTION('',(0.E0,0.E0,1.E0));
#534=VECTOR('',#533,1.7E-1);
#535=CARTESIAN_POINT('',(1.7E0,8.2E-1,-9.E-1));
#536=LINE('',#535,#534);
#537=DIRECTION('',(0.E0,-1.E0,3.996298528388E-13));
#538=VECTOR('',#537,3.828260869567E-1);
#539=CARTESIAN_POINT('',(1.7E0,1.202826086957E0,-7.300000000002E-1));
#540=LINE('',#539,#538);
#541=DIRECTION('',(0.E0,2.173399540875E-2,9.997637888239E-1));
#542=VECTOR('',#541,1.700401653874E-1);
#543=CARTESIAN_POINT('',(1.7E0,1.199130434783E0,-9.000000000001E-1));
#544=LINE('',#543,#542);
#545=DIRECTION('',(-1.E0,0.E0,0.E0));
#546=VECTOR('',#545,6.5E0);
#547=CARTESIAN_POINT('',(8.2E0,1.1E-1,-9.E-1));
#548=LINE('',#547,#546);
#549=DIRECTION('',(0.E0,-1.E0,0.E0));
#550=VECTOR('',#549,1.1E-1);
#551=CARTESIAN_POINT('',(8.2E0,1.1E-1,-9.E-1));
#552=LINE('',#551,#550);
#553=DIRECTION('',(-1.E0,0.E0,0.E0));
#554=VECTOR('',#553,6.5E0);
#555=CARTESIAN_POINT('',(8.2E0,0.E0,-9.E-1));
#556=LINE('',#555,#554);
#557=DIRECTION('',(0.E0,0.E0,-1.E0));
#558=VECTOR('',#557,1.7E-1);
#559=CARTESIAN_POINT('',(8.2E0,1.1E-1,-7.3E-1));
#560=LINE('',#559,#558);
#561=DIRECTION('',(0.E0,1.E0,-8.679925465251E-14));
#562=VECTOR('',#561,1.1E-1);
#563=CARTESIAN_POINT('',(8.2E0,0.E0,-7.3E-1));
#564=LINE('',#563,#562);
#565=DIRECTION('',(0.E0,0.E0,1.E0));
#566=VECTOR('',#565,1.7E-1);
#567=CARTESIAN_POINT('',(8.2E0,0.E0,-9.E-1));
#568=LINE('',#567,#566);
#569=DIRECTION('',(0.E0,0.E0,-1.E0));
#570=VECTOR('',#569,1.7E-1);
#571=CARTESIAN_POINT('',(8.2E0,8.2E-1,-7.3E-1));
#572=LINE('',#571,#570);
#573=DIRECTION('',(4.701010351932E-13,-2.173399540875E-2,-9.997637888239E-1));
#574=VECTOR('',#573,1.700401653873E-1);
#575=CARTESIAN_POINT('',(8.2E0,1.202826086957E0,-7.300000000001E-1));
#576=LINE('',#575,#574);
#577=DIRECTION('',(0.E0,1.E0,-3.799093666319E-13));
#578=VECTOR('',#577,3.828260869567E-1);
#579=CARTESIAN_POINT('',(8.2E0,8.2E-1,-7.3E-1));
#580=LINE('',#579,#578);
#581=DIRECTION('',(1.E0,0.E0,0.E0));
#582=VECTOR('',#581,5.E-2);
#583=CARTESIAN_POINT('',(8.2E0,8.2E-1,-9.E-1));
#584=LINE('',#583,#582);
#585=DIRECTION('',(1.E0,0.E0,-1.332267629555E-14));
#586=VECTOR('',#585,4.999999999984E-2);
#587=CARTESIAN_POINT('',(8.2E0,1.199130434783E0,-9.E-1));
#588=LINE('',#587,#586);
#589=DIRECTION('',(2.155258642298E-13,1.E0,-1.265043116132E-13));
#590=VECTOR('',#589,3.791304347829E-1);
#591=CARTESIAN_POINT('',(8.2E0,8.2E-1,-9.E-1));
#592=LINE('',#591,#590);
#593=DIRECTION('',(0.E0,0.E0,-1.E0));
#594=VECTOR('',#593,1.45E0);
#595=CARTESIAN_POINT('',(8.25E0,8.2E-1,-9.E-1));
#596=LINE('',#595,#594);
#597=DIRECTION('',(0.E0,1.E0,0.E0));
#598=VECTOR('',#597,1.5E-1);
#599=CARTESIAN_POINT('',(8.25E0,6.7E-1,-2.35E0));
#600=LINE('',#599,#598);
#601=DIRECTION('',(0.E0,-1.015061051086E-14,-1.E0));
#602=VECTOR('',#601,3.5E-1);
#603=CARTESIAN_POINT('',(8.25E0,6.7E-1,-2.35E0));
#604=LINE('',#603,#602);
#605=DIRECTION('',(0.E0,1.E0,0.E0));
#606=VECTOR('',#605,4.899999999999E-1);
#607=CARTESIAN_POINT('',(8.25E0,6.7E-1,-2.7E0));
#608=LINE('',#607,#606);
#609=DIRECTION('',(-4.637169470607E-14,2.173399540943E-2,9.997637888239E-1));
#610=VECTOR('',#609,1.800425280573E0);
#611=CARTESIAN_POINT('',(8.25E0,1.16E0,-2.7E0));
#612=LINE('',#611,#610);
#613=DIRECTION('',(2.108405193553E-13,-1.E0,1.279684818865E-13));
#614=VECTOR('',#613,3.791304347829E-1);
#615=CARTESIAN_POINT('',(8.25E0,1.199130434783E0,-9.E-1));
#616=LINE('',#615,#614);
#617=DIRECTION('',(1.E0,0.E0,0.E0));
#618=VECTOR('',#617,6.6E0);
#619=CARTESIAN_POINT('',(1.65E0,6.7E-1,-2.35E0));
#620=LINE('',#619,#618);
#621=DIRECTION('',(0.E0,0.E0,-1.E0));
#622=VECTOR('',#621,1.45E0);
#623=CARTESIAN_POINT('',(1.65E0,8.2E-1,-9.E-1));
#624=LINE('',#623,#622);
#625=DIRECTION('',(0.E0,1.E0,-1.279684818865E-13));
#626=VECTOR('',#625,3.791304347829E-1);
#627=CARTESIAN_POINT('',(1.65E0,8.2E-1,-9.E-1));
#628=LINE('',#627,#626);
#629=DIRECTION('',(0.E0,-2.173399540943E-2,-9.997637888239E-1));
#630=VECTOR('',#629,1.800425280573E0);
#631=CARTESIAN_POINT('',(1.65E0,1.199130434783E0,-9.E-1));
#632=LINE('',#631,#630);
#633=DIRECTION('',(0.E0,1.015061051086E-14,1.E0));
#634=VECTOR('',#633,3.5E-1);
#635=CARTESIAN_POINT('',(1.65E0,6.7E-1,-2.7E0));
#636=LINE('',#635,#634);
#637=DIRECTION('',(0.E0,1.E0,0.E0));
#638=VECTOR('',#637,1.5E-1);
#639=CARTESIAN_POINT('',(1.65E0,6.7E-1,-2.35E0));
#640=LINE('',#639,#638);
#641=DIRECTION('',(1.E0,0.E0,0.E0));
#642=VECTOR('',#641,5.E-2);
#643=CARTESIAN_POINT('',(1.65E0,8.2E-1,-9.E-1));
#644=LINE('',#643,#642);
#645=DIRECTION('',(0.E0,-1.E0,1.525665424779E-13));
#646=VECTOR('',#645,3.791304347829E-1);
#647=CARTESIAN_POINT('',(1.7E0,1.199130434783E0,-9.000000000001E-1));
#648=LINE('',#647,#646);
#649=DIRECTION('',(1.E0,0.E0,-1.865174681370E-13));
#650=VECTOR('',#649,5.E-2);
#651=CARTESIAN_POINT('',(1.65E0,1.199130434783E0,-9.E-1));
#652=LINE('',#651,#650);
#653=DIRECTION('',(0.E0,2.173399540922E-2,9.997637888239E-1));
#654=VECTOR('',#653,1.903868204647E0);
#655=CARTESIAN_POINT('',(2.105E0,1.16E0,-2.7E0));
#656=LINE('',#655,#654);
#657=DIRECTION('',(0.E0,2.173399540922E-2,9.997637888239E-1));
#658=VECTOR('',#657,1.903868204647E0);
#659=CARTESIAN_POINT('',(7.795E0,1.16E0,-2.7E0));
#660=LINE('',#659,#658);
#661=DIRECTION('',(-1.E0,0.E0,0.E0));
#662=VECTOR('',#661,1.9E-1);
#663=CARTESIAN_POINT('',(7.795E0,1.201378662820E0,-7.965815103010E-1));
#664=LINE('',#663,#662);
#665=DIRECTION('',(0.E0,2.173399540922E-2,9.997637888239E-1));
#666=VECTOR('',#665,1.903868204647E0);
#667=CARTESIAN_POINT('',(7.605E0,1.16E0,-2.7E0));
#668=LINE('',#667,#666);
#669=DIRECTION('',(0.E0,2.173399540922E-2,9.997637888239E-1));
#670=VECTOR('',#669,1.903868204647E0);
#671=CARTESIAN_POINT('',(7.295E0,1.16E0,-2.7E0));
#672=LINE('',#671,#670);
#673=DIRECTION('',(-1.E0,0.E0,0.E0));
#674=VECTOR('',#673,1.9E-1);
#675=CARTESIAN_POINT('',(7.295E0,1.201378662820E0,-7.965815103010E-1));
#676=LINE('',#675,#674);
#677=DIRECTION('',(0.E0,2.173399540922E-2,9.997637888239E-1));
#678=VECTOR('',#677,1.903868204647E0);
#679=CARTESIAN_POINT('',(7.105E0,1.16E0,-2.7E0));
#680=LINE('',#679,#678);
#681=DIRECTION('',(0.E0,2.173399540922E-2,9.997637888239E-1));
#682=VECTOR('',#681,1.903868204647E0);
#683=CARTESIAN_POINT('',(6.795E0,1.16E0,-2.7E0));
#684=LINE('',#683,#682);
#685=DIRECTION('',(-1.E0,0.E0,0.E0));
#686=VECTOR('',#685,1.9E-1);
#687=CARTESIAN_POINT('',(6.795E0,1.201378662820E0,-7.965815103010E-1));
#688=LINE('',#687,#686);
#689=DIRECTION('',(0.E0,2.173399540922E-2,9.997637888239E-1));
#690=VECTOR('',#689,1.903868204647E0);
#691=CARTESIAN_POINT('',(6.605E0,1.16E0,-2.7E0));
#692=LINE('',#691,#690);
#693=DIRECTION('',(0.E0,2.173399540922E-2,9.997637888239E-1));
#694=VECTOR('',#693,1.903868204647E0);
#695=CARTESIAN_POINT('',(6.295E0,1.16E0,-2.7E0));
#696=LINE('',#695,#694);
#697=DIRECTION('',(-1.E0,0.E0,0.E0));
#698=VECTOR('',#697,1.9E-1);
#699=CARTESIAN_POINT('',(6.295E0,1.201378662820E0,-7.965815103010E-1));
#700=LINE('',#699,#698);
#701=DIRECTION('',(0.E0,2.173399540922E-2,9.997637888239E-1));
#702=VECTOR('',#701,1.903868204647E0);
#703=CARTESIAN_POINT('',(6.105E0,1.16E0,-2.7E0));
#704=LINE('',#703,#702);
#705=DIRECTION('',(0.E0,2.173399540922E-2,9.997637888239E-1));
#706=VECTOR('',#705,1.903868204647E0);
#707=CARTESIAN_POINT('',(5.795E0,1.16E0,-2.7E0));
#708=LINE('',#707,#706);
#709=DIRECTION('',(-1.E0,0.E0,0.E0));
#710=VECTOR('',#709,1.9E-1);
#711=CARTESIAN_POINT('',(5.795E0,1.201378662820E0,-7.965815103010E-1));
#712=LINE('',#711,#710);
#713=DIRECTION('',(0.E0,2.173399540922E-2,9.997637888239E-1));
#714=VECTOR('',#713,1.903868204647E0);
#715=CARTESIAN_POINT('',(5.605E0,1.16E0,-2.7E0));
#716=LINE('',#715,#714);
#717=DIRECTION('',(0.E0,2.173399540922E-2,9.997637888239E-1));
#718=VECTOR('',#717,1.903868204647E0);
#719=CARTESIAN_POINT('',(5.295E0,1.16E0,-2.7E0));
#720=LINE('',#719,#718);
#721=DIRECTION('',(-1.E0,0.E0,0.E0));
#722=VECTOR('',#721,1.9E-1);
#723=CARTESIAN_POINT('',(5.295E0,1.201378662820E0,-7.965815103010E-1));
#724=LINE('',#723,#722);
#725=DIRECTION('',(0.E0,2.173399540922E-2,9.997637888239E-1));
#726=VECTOR('',#725,1.903868204647E0);
#727=CARTESIAN_POINT('',(5.105E0,1.16E0,-2.7E0));
#728=LINE('',#727,#726);
#729=DIRECTION('',(0.E0,2.173399540922E-2,9.997637888239E-1));
#730=VECTOR('',#729,1.903868204647E0);
#731=CARTESIAN_POINT('',(4.795E0,1.16E0,-2.7E0));
#732=LINE('',#731,#730);
#733=DIRECTION('',(-1.E0,0.E0,0.E0));
#734=VECTOR('',#733,1.9E-1);
#735=CARTESIAN_POINT('',(4.795E0,1.201378662820E0,-7.965815103010E-1));
#736=LINE('',#735,#734);
#737=DIRECTION('',(0.E0,2.173399540922E-2,9.997637888239E-1));
#738=VECTOR('',#737,1.903868204647E0);
#739=CARTESIAN_POINT('',(4.605E0,1.16E0,-2.7E0));
#740=LINE('',#739,#738);
#741=DIRECTION('',(0.E0,2.173399540922E-2,9.997637888239E-1));
#742=VECTOR('',#741,1.903868204647E0);
#743=CARTESIAN_POINT('',(4.295E0,1.16E0,-2.7E0));
#744=LINE('',#743,#742);
#745=DIRECTION('',(-1.E0,0.E0,0.E0));
#746=VECTOR('',#745,1.9E-1);
#747=CARTESIAN_POINT('',(4.295E0,1.201378662820E0,-7.965815103010E-1));
#748=LINE('',#747,#746);
#749=DIRECTION('',(0.E0,2.173399540922E-2,9.997637888239E-1));
#750=VECTOR('',#749,1.903868204647E0);
#751=CARTESIAN_POINT('',(4.105E0,1.16E0,-2.7E0));
#752=LINE('',#751,#750);
#753=DIRECTION('',(0.E0,2.173399540922E-2,9.997637888239E-1));
#754=VECTOR('',#753,1.903868204647E0);
#755=CARTESIAN_POINT('',(3.795E0,1.16E0,-2.7E0));
#756=LINE('',#755,#754);
#757=DIRECTION('',(-1.E0,0.E0,0.E0));
#758=VECTOR('',#757,1.9E-1);
#759=CARTESIAN_POINT('',(3.795E0,1.201378662820E0,-7.965815103010E-1));
#760=LINE('',#759,#758);
#761=DIRECTION('',(0.E0,2.173399540922E-2,9.997637888239E-1));
#762=VECTOR('',#761,1.903868204647E0);
#763=CARTESIAN_POINT('',(3.605E0,1.16E0,-2.7E0));
#764=LINE('',#763,#762);
#765=DIRECTION('',(0.E0,2.173399540922E-2,9.997637888239E-1));
#766=VECTOR('',#765,1.903868204647E0);
#767=CARTESIAN_POINT('',(3.295E0,1.16E0,-2.7E0));
#768=LINE('',#767,#766);
#769=DIRECTION('',(-1.E0,0.E0,0.E0));
#770=VECTOR('',#769,1.9E-1);
#771=CARTESIAN_POINT('',(3.295E0,1.201378662820E0,-7.965815103010E-1));
#772=LINE('',#771,#770);
#773=DIRECTION('',(0.E0,2.173399540922E-2,9.997637888239E-1));
#774=VECTOR('',#773,1.903868204647E0);
#775=CARTESIAN_POINT('',(3.105E0,1.16E0,-2.7E0));
#776=LINE('',#775,#774);
#777=DIRECTION('',(0.E0,2.173399540922E-2,9.997637888239E-1));
#778=VECTOR('',#777,1.903868204647E0);
#779=CARTESIAN_POINT('',(2.795E0,1.16E0,-2.7E0));
#780=LINE('',#779,#778);
#781=DIRECTION('',(-1.E0,0.E0,0.E0));
#782=VECTOR('',#781,1.9E-1);
#783=CARTESIAN_POINT('',(2.795E0,1.201378662820E0,-7.965815103010E-1));
#784=LINE('',#783,#782);
#785=DIRECTION('',(0.E0,2.173399540922E-2,9.997637888239E-1));
#786=VECTOR('',#785,1.903868204647E0);
#787=CARTESIAN_POINT('',(2.605E0,1.16E0,-2.7E0));
#788=LINE('',#787,#786);
#789=DIRECTION('',(0.E0,2.173399540922E-2,9.997637888239E-1));
#790=VECTOR('',#789,1.903868204647E0);
#791=CARTESIAN_POINT('',(2.295E0,1.16E0,-2.7E0));
#792=LINE('',#791,#790);
#793=DIRECTION('',(-1.E0,0.E0,0.E0));
#794=VECTOR('',#793,1.9E-1);
#795=CARTESIAN_POINT('',(2.295E0,1.201378662820E0,-7.965815103010E-1));
#796=LINE('',#795,#794);
#797=DIRECTION('',(-4.643216039160E-13,-4.226182617425E-1,-9.063077870358E-1));
#798=VECTOR('',#797,3.156205483754E-1);
#799=CARTESIAN_POINT('',(2.105E0,1.201378662820E0,-7.965815103010E-1));
#800=LINE('',#799,#798);
#801=DIRECTION('',(9.020806769469E-14,5.303311836798E-2,-9.985927540074E-1));
#802=VECTOR('',#801,1.619648372640E0);
#803=CARTESIAN_POINT('',(2.105E0,1.067991655295E0,-1.082630871042E0));
#804=LINE('',#803,#802);
#805=CARTESIAN_POINT('',(2.105E0,1.420634580262E-1,-4.1E0));
#806=DIRECTION('',(1.E0,0.E0,0.E0));
#807=DIRECTION('',(0.E0,-4.296285549543E-12,1.E0));
#808=AXIS2_PLACEMENT_3D('',#805,#806,#807);
#810=DIRECTION('',(1.156570301099E-14,-5.233595624304E-2,-9.986295347546E-1));
#811=VECTOR('',#810,8.063386547267E-1);
#812=CARTESIAN_POINT('',(2.105E0,4.220050455069E-2,-4.094766404376E0));
#813=LINE('',#812,#811);
#814=DIRECTION('',(-2.128706884906E-14,5.233595624291E-2,9.986295347546E-1));
#815=VECTOR('',#814,5.006861729990E-1);
#816=CARTESIAN_POINT('',(2.105E0,1.999999999999E-1,-4.9E0));
#817=LINE('',#816,#815);
#818=DIRECTION('',(1.E0,0.E0,0.E0));
#819=VECTOR('',#818,1.900000000003E-1);
#820=CARTESIAN_POINT('',(2.105E0,1.067991655295E0,-1.082630871042E0));
#821=LINE('',#820,#819);
#822=DIRECTION('',(-7.732120088117E-14,5.303311836798E-2,-9.985927540074E-1));
#823=VECTOR('',#822,1.619648372640E0);
#824=CARTESIAN_POINT('',(2.295E0,1.067991655295E0,-1.082630871042E0));
#825=LINE('',#824,#823);
#826=DIRECTION('',(3.967839160737E-13,-4.226182617425E-1,-9.063077870358E-1));
#827=VECTOR('',#826,3.156205483754E-1);
#828=CARTESIAN_POINT('',(2.295E0,1.201378662820E0,-7.965815103010E-1));
#829=LINE('',#828,#827);
#830=DIRECTION('',(-6.772360450213E-13,1.110223024625E-13,1.E0));
#831=VECTOR('',#830,2.E-1);
#832=CARTESIAN_POINT('',(2.295E0,1.262198954710E0,-4.4E0));
#833=LINE('',#832,#831);
#834=DIRECTION('',(0.E0,1.E0,-2.486225566103E-14));
#835=VECTOR('',#834,1.035995065069E0);
#836=CARTESIAN_POINT('',(2.295E0,2.262038896414E-1,-4.4E0));
#837=LINE('',#836,#835);
#838=DIRECTION('',(-2.040010764702E-14,5.233595624291E-2,9.986295347546E-1));
#839=VECTOR('',#838,5.006861729990E-1);
#840=CARTESIAN_POINT('',(2.295E0,1.999999999999E-1,-4.9E0));
#841=LINE('',#840,#839);
#842=DIRECTION('',(0.E0,1.E0,7.105427357600E-14));
#843=VECTOR('',#842,2.E-1);
#844=CARTESIAN_POINT('',(2.295E0,-1.634028560608E-13,-4.9E0));
#845=LINE('',#844,#843);
#846=DIRECTION('',(0.E0,-5.233595624304E-2,-9.986295347546E-1));
#847=VECTOR('',#846,8.063386547267E-1);
#848=CARTESIAN_POINT('',(2.295E0,4.220050455069E-2,-4.094766404376E0));
#849=LINE('',#848,#847);
#850=CARTESIAN_POINT('',(2.295E0,1.420634580262E-1,-4.1E0));
#851=DIRECTION('',(1.E0,0.E0,0.E0));
#852=DIRECTION('',(0.E0,-4.296285549543E-12,1.E0));
#853=AXIS2_PLACEMENT_3D('',#850,#851,#852);
#855=DIRECTION('',(0.E0,1.E0,7.264263864125E-14));
#856=VECTOR('',#855,6.113340844393E-3);
#857=CARTESIAN_POINT('',(2.105E0,1.153886659156E0,-2.7E0));
#858=LINE('',#857,#856);
#859=DIRECTION('',(-1.E0,0.E0,0.E0));
#860=VECTOR('',#859,1.9E-1);
#861=CARTESIAN_POINT('',(2.295E0,1.153886659156E0,-2.7E0));
#862=LINE('',#861,#860);
#863=DIRECTION('',(0.E0,1.E0,7.264263864125E-14));
#864=VECTOR('',#863,6.113340844393E-3);
#865=CARTESIAN_POINT('',(2.295E0,1.153886659156E0,-2.7E0));
#866=LINE('',#865,#864);
#867=DIRECTION('',(1.E0,0.E0,0.E0));
#868=VECTOR('',#867,3.1E-1);
#869=CARTESIAN_POINT('',(2.295E0,1.16E0,-2.7E0));
#870=LINE('',#869,#868);
#871=DIRECTION('',(0.E0,1.E0,7.264263864125E-14));
#872=VECTOR('',#871,6.113340844394E-3);
#873=CARTESIAN_POINT('',(2.605E0,1.153886659156E0,-2.7E0));
#874=LINE('',#873,#872);
#875=DIRECTION('',(-1.E0,0.E0,0.E0));
#876=VECTOR('',#875,1.9E-1);
#877=CARTESIAN_POINT('',(2.795E0,1.153886659156E0,-2.7E0));
#878=LINE('',#877,#876);
#879=DIRECTION('',(0.E0,1.E0,7.264263864125E-14));
#880=VECTOR('',#879,6.113340844393E-3);
#881=CARTESIAN_POINT('',(2.795E0,1.153886659156E0,-2.7E0));
#882=LINE('',#881,#880);
#883=DIRECTION('',(1.E0,0.E0,0.E0));
#884=VECTOR('',#883,3.1E-1);
#885=CARTESIAN_POINT('',(2.795E0,1.16E0,-2.7E0));
#886=LINE('',#885,#884);
#887=DIRECTION('',(0.E0,1.E0,7.264263864125E-14));
#888=VECTOR('',#887,6.113340844393E-3);
#889=CARTESIAN_POINT('',(3.105E0,1.153886659156E0,-2.7E0));
#890=LINE('',#889,#888);
#891=DIRECTION('',(-1.E0,0.E0,0.E0));
#892=VECTOR('',#891,1.9E-1);
#893=CARTESIAN_POINT('',(3.295E0,1.153886659156E0,-2.7E0));
#894=LINE('',#893,#892);
#895=DIRECTION('',(0.E0,1.E0,7.264263864125E-14));
#896=VECTOR('',#895,6.113340844393E-3);
#897=CARTESIAN_POINT('',(3.295E0,1.153886659156E0,-2.7E0));
#898=LINE('',#897,#896);
#899=DIRECTION('',(1.E0,0.E0,0.E0));
#900=VECTOR('',#899,3.1E-1);
#901=CARTESIAN_POINT('',(3.295E0,1.16E0,-2.7E0));
#902=LINE('',#901,#900);
#903=DIRECTION('',(0.E0,1.E0,7.264263864125E-14));
#904=VECTOR('',#903,6.113340844393E-3);
#905=CARTESIAN_POINT('',(3.605E0,1.153886659156E0,-2.7E0));
#906=LINE('',#905,#904);
#907=DIRECTION('',(-1.E0,0.E0,0.E0));
#908=VECTOR('',#907,1.9E-1);
#909=CARTESIAN_POINT('',(3.795E0,1.153886659156E0,-2.7E0));
#910=LINE('',#909,#908);
#911=DIRECTION('',(0.E0,1.E0,7.264263864125E-14));
#912=VECTOR('',#911,6.113340844393E-3);
#913=CARTESIAN_POINT('',(3.795E0,1.153886659156E0,-2.7E0));
#914=LINE('',#913,#912);
#915=DIRECTION('',(1.E0,0.E0,0.E0));
#916=VECTOR('',#915,3.1E-1);
#917=CARTESIAN_POINT('',(3.795E0,1.16E0,-2.7E0));
#918=LINE('',#917,#916);
#919=DIRECTION('',(0.E0,1.E0,7.264263864125E-14));
#920=VECTOR('',#919,6.113340844393E-3);
#921=CARTESIAN_POINT('',(4.105E0,1.153886659156E0,-2.7E0));
#922=LINE('',#921,#920);
#923=DIRECTION('',(-1.E0,0.E0,0.E0));
#924=VECTOR('',#923,1.9E-1);
#925=CARTESIAN_POINT('',(4.295E0,1.153886659156E0,-2.7E0));
#926=LINE('',#925,#924);
#927=DIRECTION('',(0.E0,1.E0,7.264263864125E-14));
#928=VECTOR('',#927,6.113340844394E-3);
#929=CARTESIAN_POINT('',(4.295E0,1.153886659156E0,-2.7E0));
#930=LINE('',#929,#928);
#931=DIRECTION('',(1.E0,0.E0,0.E0));
#932=VECTOR('',#931,3.1E-1);
#933=CARTESIAN_POINT('',(4.295E0,1.16E0,-2.7E0));
#934=LINE('',#933,#932);
#935=DIRECTION('',(0.E0,1.E0,7.264263864125E-14));
#936=VECTOR('',#935,6.113340844393E-3);
#937=CARTESIAN_POINT('',(4.605E0,1.153886659156E0,-2.7E0));
#938=LINE('',#937,#936);
#939=DIRECTION('',(-1.E0,0.E0,0.E0));
#940=VECTOR('',#939,1.9E-1);
#941=CARTESIAN_POINT('',(4.795E0,1.153886659156E0,-2.7E0));
#942=LINE('',#941,#940);
#943=DIRECTION('',(0.E0,1.E0,7.264263864125E-14));
#944=VECTOR('',#943,6.113340844393E-3);
#945=CARTESIAN_POINT('',(4.795E0,1.153886659156E0,-2.7E0));
#946=LINE('',#945,#944);
#947=DIRECTION('',(1.E0,0.E0,0.E0));
#948=VECTOR('',#947,3.1E-1);
#949=CARTESIAN_POINT('',(4.795E0,1.16E0,-2.7E0));
#950=LINE('',#949,#948);
#951=DIRECTION('',(0.E0,1.E0,7.264263864125E-14));
#952=VECTOR('',#951,6.113340844393E-3);
#953=CARTESIAN_POINT('',(5.105E0,1.153886659156E0,-2.7E0));
#954=LINE('',#953,#952);
#955=DIRECTION('',(-1.E0,0.E0,0.E0));
#956=VECTOR('',#955,1.9E-1);
#957=CARTESIAN_POINT('',(5.295E0,1.153886659156E0,-2.7E0));
#958=LINE('',#957,#956);
#959=DIRECTION('',(0.E0,1.E0,7.264263864125E-14));
#960=VECTOR('',#959,6.113340844393E-3);
#961=CARTESIAN_POINT('',(5.295E0,1.153886659156E0,-2.7E0));
#962=LINE('',#961,#960);
#963=DIRECTION('',(1.E0,0.E0,0.E0));
#964=VECTOR('',#963,3.1E-1);
#965=CARTESIAN_POINT('',(5.295E0,1.16E0,-2.7E0));
#966=LINE('',#965,#964);
#967=DIRECTION('',(0.E0,1.E0,7.264263864125E-14));
#968=VECTOR('',#967,6.113340844394E-3);
#969=CARTESIAN_POINT('',(5.605E0,1.153886659156E0,-2.7E0));
#970=LINE('',#969,#968);
#971=DIRECTION('',(-1.E0,0.E0,0.E0));
#972=VECTOR('',#971,1.9E-1);
#973=CARTESIAN_POINT('',(5.795E0,1.153886659156E0,-2.7E0));
#974=LINE('',#973,#972);
#975=DIRECTION('',(0.E0,1.E0,7.264263864125E-14));
#976=VECTOR('',#975,6.113340844393E-3);
#977=CARTESIAN_POINT('',(5.795E0,1.153886659156E0,-2.7E0));
#978=LINE('',#977,#976);
#979=DIRECTION('',(1.E0,0.E0,0.E0));
#980=VECTOR('',#979,3.1E-1);
#981=CARTESIAN_POINT('',(5.795E0,1.16E0,-2.7E0));
#982=LINE('',#981,#980);
#983=DIRECTION('',(0.E0,1.E0,7.264263864125E-14));
#984=VECTOR('',#983,6.113340844394E-3);
#985=CARTESIAN_POINT('',(6.105E0,1.153886659156E0,-2.7E0));
#986=LINE('',#985,#984);
#987=DIRECTION('',(-1.E0,0.E0,0.E0));
#988=VECTOR('',#987,1.9E-1);
#989=CARTESIAN_POINT('',(6.295E0,1.153886659156E0,-2.7E0));
#990=LINE('',#989,#988);
#991=DIRECTION('',(0.E0,1.E0,7.264263864125E-14));
#992=VECTOR('',#991,6.113340844393E-3);
#993=CARTESIAN_POINT('',(6.295E0,1.153886659156E0,-2.7E0));
#994=LINE('',#993,#992);
#995=DIRECTION('',(1.E0,0.E0,0.E0));
#996=VECTOR('',#995,3.1E-1);
#997=CARTESIAN_POINT('',(6.295E0,1.16E0,-2.7E0));
#998=LINE('',#997,#996);
#999=DIRECTION('',(0.E0,1.E0,7.264263864125E-14));
#1000=VECTOR('',#999,6.113340844393E-3);
#1001=CARTESIAN_POINT('',(6.605E0,1.153886659156E0,-2.7E0));
#1002=LINE('',#1001,#1000);
#1003=DIRECTION('',(-1.E0,0.E0,0.E0));
#1004=VECTOR('',#1003,1.9E-1);
#1005=CARTESIAN_POINT('',(6.795E0,1.153886659156E0,-2.7E0));
#1006=LINE('',#1005,#1004);
#1007=DIRECTION('',(0.E0,1.E0,7.264263864125E-14));
#1008=VECTOR('',#1007,6.113340844393E-3);
#1009=CARTESIAN_POINT('',(6.795E0,1.153886659156E0,-2.7E0));
#1010=LINE('',#1009,#1008);
#1011=DIRECTION('',(1.E0,0.E0,0.E0));
#1012=VECTOR('',#1011,3.1E-1);
#1013=CARTESIAN_POINT('',(6.795E0,1.16E0,-2.7E0));
#1014=LINE('',#1013,#1012);
#1015=DIRECTION('',(0.E0,1.E0,7.264263864125E-14));
#1016=VECTOR('',#1015,6.113340844393E-3);
#1017=CARTESIAN_POINT('',(7.105E0,1.153886659156E0,-2.7E0));
#1018=LINE('',#1017,#1016);
#1019=DIRECTION('',(-1.E0,0.E0,0.E0));
#1020=VECTOR('',#1019,1.9E-1);
#1021=CARTESIAN_POINT('',(7.295E0,1.153886659156E0,-2.7E0));
#1022=LINE('',#1021,#1020);
#1023=DIRECTION('',(0.E0,1.E0,7.264263864125E-14));
#1024=VECTOR('',#1023,6.113340844393E-3);
#1025=CARTESIAN_POINT('',(7.295E0,1.153886659156E0,-2.7E0));
#1026=LINE('',#1025,#1024);
#1027=DIRECTION('',(1.E0,0.E0,0.E0));
#1028=VECTOR('',#1027,3.1E-1);
#1029=CARTESIAN_POINT('',(7.295E0,1.16E0,-2.7E0));
#1030=LINE('',#1029,#1028);
#1031=DIRECTION('',(0.E0,1.E0,7.264263864125E-14));
#1032=VECTOR('',#1031,6.113340844393E-3);
#1033=CARTESIAN_POINT('',(7.605E0,1.153886659156E0,-2.7E0));
#1034=LINE('',#1033,#1032);
#1035=DIRECTION('',(-1.E0,0.E0,0.E0));
#1036=VECTOR('',#1035,1.9E-1);
#1037=CARTESIAN_POINT('',(7.795E0,1.153886659156E0,-2.7E0));
#1038=LINE('',#1037,#1036);
#1039=DIRECTION('',(0.E0,1.E0,7.264263864125E-14));
#1040=VECTOR('',#1039,6.113340844393E-3);
#1041=CARTESIAN_POINT('',(7.795E0,1.153886659156E0,-2.7E0));
#1042=LINE('',#1041,#1040);
#1043=DIRECTION('',(1.E0,-2.864619408593E-13,0.E0));
#1044=VECTOR('',#1043,4.55E-1);
#1045=CARTESIAN_POINT('',(7.795E0,1.16E0,-2.7E0));
#1046=LINE('',#1045,#1044);
#1047=DIRECTION('',(-1.E0,0.E0,0.E0));
#1048=VECTOR('',#1047,6.6E0);
#1049=CARTESIAN_POINT('',(8.25E0,6.7E-1,-2.7E0));
#1050=LINE('',#1049,#1048);
#1051=DIRECTION('',(0.E0,1.E0,0.E0));
#1052=VECTOR('',#1051,4.899999999999E-1);
#1053=CARTESIAN_POINT('',(1.65E0,6.7E-1,-2.7E0));
#1054=LINE('',#1053,#1052);
#1055=DIRECTION('',(1.E0,2.864619408593E-13,0.E0));
#1056=VECTOR('',#1055,4.55E-1);
#1057=CARTESIAN_POINT('',(1.65E0,1.16E0,-2.7E0));
#1058=LINE('',#1057,#1056);
#1059=DIRECTION('',(-4.615075335892E-13,-4.226182617425E-1,-9.063077870358E-1));
#1060=VECTOR('',#1059,3.156205483754E-1);
#1061=CARTESIAN_POINT('',(2.605E0,1.201378662820E0,-7.965815103010E-1));
#1062=LINE('',#1061,#1060);
#1063=DIRECTION('',(8.993387903909E-14,5.303311836798E-2,-9.985927540074E-1));
#1064=VECTOR('',#1063,1.619648372640E0);
#1065=CARTESIAN_POINT('',(2.605E0,1.067991655295E0,-1.082630871042E0));
#1066=LINE('',#1065,#1064);
#1067=CARTESIAN_POINT('',(2.605E0,1.420634580262E-1,-4.1E0));
#1068=DIRECTION('',(1.E0,0.E0,0.E0));
#1069=DIRECTION('',(0.E0,-4.296285549543E-12,1.E0));
#1070=AXIS2_PLACEMENT_3D('',#1067,#1068,#1069);
#1072=DIRECTION('',(1.156570301099E-14,-5.233595624304E-2,-9.986295347546E-1));
#1073=VECTOR('',#1072,8.063386547267E-1);
#1074=CARTESIAN_POINT('',(2.605E0,4.220050455069E-2,-4.094766404376E0));
#1075=LINE('',#1074,#1073);
#1076=DIRECTION('',(-2.040010764702E-14,5.233595624291E-2,9.986295347546E-1));
#1077=VECTOR('',#1076,5.006861729990E-1);
#1078=CARTESIAN_POINT('',(2.605E0,1.999999999999E-1,-4.9E0));
#1079=LINE('',#1078,#1077);
#1080=DIRECTION('',(1.E0,0.E0,0.E0));
#1081=VECTOR('',#1080,1.900000000003E-1);
#1082=CARTESIAN_POINT('',(2.605E0,1.067991655295E0,-1.082630871042E0));
#1083=LINE('',#1082,#1081);
#1084=DIRECTION('',(-7.677282356995E-14,5.303311836798E-2,-9.985927540074E-1));
#1085=VECTOR('',#1084,1.619648372640E0);
#1086=CARTESIAN_POINT('',(2.795E0,1.067991655295E0,-1.082630871042E0));
#1087=LINE('',#1086,#1085);
#1088=DIRECTION('',(3.953768809103E-13,-4.226182617425E-1,-9.063077870358E-1));
#1089=VECTOR('',#1088,3.156205483754E-1);
#1090=CARTESIAN_POINT('',(2.795E0,1.201378662820E0,-7.965815103010E-1));
#1091=LINE('',#1090,#1089);
#1092=DIRECTION('',(-6.750155989721E-13,1.110223024625E-13,1.E0));
#1093=VECTOR('',#1092,2.E-1);
#1094=CARTESIAN_POINT('',(2.795E0,1.262198954710E0,-4.4E0));
#1095=LINE('',#1094,#1093);
#1096=DIRECTION('',(1.028782992870E-14,1.E0,-2.486225566103E-14));
#1097=VECTOR('',#1096,1.035995065069E0);
#1098=CARTESIAN_POINT('',(2.795E0,2.262038896414E-1,-4.4E0));
#1099=LINE('',#1098,#1097);
#1100=DIRECTION('',(-1.951314644497E-14,5.233595624291E-2,9.986295347546E-1));
#1101=VECTOR('',#1100,5.006861729990E-1);
#1102=CARTESIAN_POINT('',(2.795E0,1.999999999999E-1,-4.9E0));
#1103=LINE('',#1102,#1101);
#1104=DIRECTION('',(0.E0,1.E0,7.105427357600E-14));
#1105=VECTOR('',#1104,2.E-1);
#1106=CARTESIAN_POINT('',(2.795E0,-1.634028560608E-13,-4.9E0));
#1107=LINE('',#1106,#1105);
#1108=DIRECTION('',(0.E0,-5.233595624304E-2,-9.986295347546E-1));
#1109=VECTOR('',#1108,8.063386547267E-1);
#1110=CARTESIAN_POINT('',(2.795E0,4.220050455069E-2,-4.094766404376E0));
#1111=LINE('',#1110,#1109);
#1112=CARTESIAN_POINT('',(2.795E0,1.420634580262E-1,-4.1E0));
#1113=DIRECTION('',(1.E0,0.E0,0.E0));
#1114=DIRECTION('',(0.E0,-4.296285549543E-12,1.E0));
#1115=AXIS2_PLACEMENT_3D('',#1112,#1113,#1114);
#1117=DIRECTION('',(0.E0,1.E0,0.E0));
#1118=VECTOR('',#1117,1.062198954710E0);
#1119=CARTESIAN_POINT('',(2.105E0,2.E-1,-4.2E0));
#1120=LINE('',#1119,#1118);
#1121=DIRECTION('',(-1.E0,0.E0,0.E0));
#1122=VECTOR('',#1121,1.9E-1);
#1123=CARTESIAN_POINT('',(2.295E0,1.262198954710E0,-4.2E0));
#1124=LINE('',#1123,#1122);
#1125=DIRECTION('',(0.E0,1.E0,0.E0));
#1126=VECTOR('',#1125,1.062198954710E0);
#1127=CARTESIAN_POINT('',(2.295E0,2.E-1,-4.2E0));
#1128=LINE('',#1127,#1126);
#1129=DIRECTION('',(-1.E0,0.E0,0.E0));
#1130=VECTOR('',#1129,2.9E-1);
#1131=CARTESIAN_POINT('',(2.595E0,0.E0,-4.2E0));
#1132=LINE('',#1131,#1130);
#1133=DIRECTION('',(0.E0,1.E0,0.E0));
#1134=VECTOR('',#1133,1.062198954710E0);
#1135=CARTESIAN_POINT('',(2.605E0,2.E-1,-4.2E0));
#1136=LINE('',#1135,#1134);
#1137=DIRECTION('',(-1.E0,0.E0,0.E0));
#1138=VECTOR('',#1137,1.9E-1);
#1139=CARTESIAN_POINT('',(2.795E0,1.262198954710E0,-4.2E0));
#1140=LINE('',#1139,#1138);
#1141=DIRECTION('',(0.E0,1.E0,0.E0));
#1142=VECTOR('',#1141,1.062198954710E0);
#1143=CARTESIAN_POINT('',(2.795E0,2.E-1,-4.2E0));
#1144=LINE('',#1143,#1142);
#1145=DIRECTION('',(-1.E0,0.E0,0.E0));
#1146=VECTOR('',#1145,2.9E-1);
#1147=CARTESIAN_POINT('',(3.095E0,0.E0,-4.2E0));
#1148=LINE('',#1147,#1146);
#1149=DIRECTION('',(0.E0,1.E0,0.E0));
#1150=VECTOR('',#1149,1.062198954710E0);
#1151=CARTESIAN_POINT('',(3.105E0,2.E-1,-4.2E0));
#1152=LINE('',#1151,#1150);
#1153=DIRECTION('',(-1.E0,0.E0,0.E0));
#1154=VECTOR('',#1153,1.9E-1);
#1155=CARTESIAN_POINT('',(3.295E0,1.262198954710E0,-4.2E0));
#1156=LINE('',#1155,#1154);
#1157=DIRECTION('',(0.E0,1.E0,0.E0));
#1158=VECTOR('',#1157,1.062198954710E0);
#1159=CARTESIAN_POINT('',(3.295E0,2.E-1,-4.2E0));
#1160=LINE('',#1159,#1158);
#1161=DIRECTION('',(-1.E0,0.E0,0.E0));
#1162=VECTOR('',#1161,2.9E-1);
#1163=CARTESIAN_POINT('',(3.595E0,0.E0,-4.2E0));
#1164=LINE('',#1163,#1162);
#1165=DIRECTION('',(0.E0,1.E0,0.E0));
#1166=VECTOR('',#1165,1.062198954710E0);
#1167=CARTESIAN_POINT('',(3.605E0,2.E-1,-4.2E0));
#1168=LINE('',#1167,#1166);
#1169=DIRECTION('',(-1.E0,0.E0,0.E0));
#1170=VECTOR('',#1169,1.9E-1);
#1171=CARTESIAN_POINT('',(3.795E0,1.262198954710E0,-4.2E0));
#1172=LINE('',#1171,#1170);
#1173=DIRECTION('',(0.E0,1.E0,0.E0));
#1174=VECTOR('',#1173,1.062198954710E0);
#1175=CARTESIAN_POINT('',(3.795E0,2.E-1,-4.2E0));
#1176=LINE('',#1175,#1174);
#1177=DIRECTION('',(-1.E0,0.E0,0.E0));
#1178=VECTOR('',#1177,2.9E-1);
#1179=CARTESIAN_POINT('',(4.095E0,0.E0,-4.2E0));
#1180=LINE('',#1179,#1178);
#1181=DIRECTION('',(0.E0,1.E0,0.E0));
#1182=VECTOR('',#1181,1.062198954710E0);
#1183=CARTESIAN_POINT('',(4.105E0,2.E-1,-4.2E0));
#1184=LINE('',#1183,#1182);
#1185=DIRECTION('',(-1.E0,0.E0,0.E0));
#1186=VECTOR('',#1185,1.9E-1);
#1187=CARTESIAN_POINT('',(4.295E0,1.262198954710E0,-4.2E0));
#1188=LINE('',#1187,#1186);
#1189=DIRECTION('',(0.E0,1.E0,0.E0));
#1190=VECTOR('',#1189,1.062198954710E0);
#1191=CARTESIAN_POINT('',(4.295E0,2.E-1,-4.2E0));
#1192=LINE('',#1191,#1190);
#1193=DIRECTION('',(-1.E0,0.E0,0.E0));
#1194=VECTOR('',#1193,2.9E-1);
#1195=CARTESIAN_POINT('',(4.595E0,0.E0,-4.2E0));
#1196=LINE('',#1195,#1194);
#1197=DIRECTION('',(0.E0,1.E0,0.E0));
#1198=VECTOR('',#1197,1.062198954710E0);
#1199=CARTESIAN_POINT('',(4.605E0,2.E-1,-4.2E0));
#1200=LINE('',#1199,#1198);
#1201=DIRECTION('',(-1.E0,0.E0,0.E0));
#1202=VECTOR('',#1201,1.9E-1);
#1203=CARTESIAN_POINT('',(4.795E0,1.262198954710E0,-4.2E0));
#1204=LINE('',#1203,#1202);
#1205=DIRECTION('',(0.E0,1.E0,0.E0));
#1206=VECTOR('',#1205,1.062198954710E0);
#1207=CARTESIAN_POINT('',(4.795E0,2.E-1,-4.2E0));
#1208=LINE('',#1207,#1206);
#1209=DIRECTION('',(-1.E0,0.E0,0.E0));
#1210=VECTOR('',#1209,2.9E-1);
#1211=CARTESIAN_POINT('',(5.095E0,0.E0,-4.2E0));
#1212=LINE('',#1211,#1210);
#1213=DIRECTION('',(0.E0,1.E0,0.E0));
#1214=VECTOR('',#1213,1.062198954710E0);
#1215=CARTESIAN_POINT('',(5.105E0,2.E-1,-4.2E0));
#1216=LINE('',#1215,#1214);
#1217=DIRECTION('',(-1.E0,0.E0,0.E0));
#1218=VECTOR('',#1217,1.9E-1);
#1219=CARTESIAN_POINT('',(5.295E0,1.262198954710E0,-4.2E0));
#1220=LINE('',#1219,#1218);
#1221=DIRECTION('',(0.E0,1.E0,0.E0));
#1222=VECTOR('',#1221,1.062198954710E0);
#1223=CARTESIAN_POINT('',(5.295E0,2.E-1,-4.2E0));
#1224=LINE('',#1223,#1222);
#1225=DIRECTION('',(-1.E0,0.E0,0.E0));
#1226=VECTOR('',#1225,2.9E-1);
#1227=CARTESIAN_POINT('',(5.595E0,0.E0,-4.2E0));
#1228=LINE('',#1227,#1226);
#1229=DIRECTION('',(0.E0,1.E0,0.E0));
#1230=VECTOR('',#1229,1.062198954710E0);
#1231=CARTESIAN_POINT('',(5.605E0,2.E-1,-4.2E0));
#1232=LINE('',#1231,#1230);
#1233=DIRECTION('',(-1.E0,0.E0,0.E0));
#1234=VECTOR('',#1233,1.9E-1);
#1235=CARTESIAN_POINT('',(5.795E0,1.262198954710E0,-4.2E0));
#1236=LINE('',#1235,#1234);
#1237=DIRECTION('',(0.E0,1.E0,0.E0));
#1238=VECTOR('',#1237,1.062198954710E0);
#1239=CARTESIAN_POINT('',(5.795E0,2.E-1,-4.2E0));
#1240=LINE('',#1239,#1238);
#1241=DIRECTION('',(-1.E0,0.E0,0.E0));
#1242=VECTOR('',#1241,2.9E-1);
#1243=CARTESIAN_POINT('',(6.095E0,0.E0,-4.2E0));
#1244=LINE('',#1243,#1242);
#1245=DIRECTION('',(0.E0,1.E0,0.E0));
#1246=VECTOR('',#1245,1.062198954710E0);
#1247=CARTESIAN_POINT('',(6.105E0,2.E-1,-4.2E0));
#1248=LINE('',#1247,#1246);
#1249=DIRECTION('',(-1.E0,0.E0,0.E0));
#1250=VECTOR('',#1249,1.9E-1);
#1251=CARTESIAN_POINT('',(6.295E0,1.262198954710E0,-4.2E0));
#1252=LINE('',#1251,#1250);
#1253=DIRECTION('',(0.E0,1.E0,0.E0));
#1254=VECTOR('',#1253,1.062198954710E0);
#1255=CARTESIAN_POINT('',(6.295E0,2.E-1,-4.2E0));
#1256=LINE('',#1255,#1254);
#1257=DIRECTION('',(-1.E0,0.E0,0.E0));
#1258=VECTOR('',#1257,2.9E-1);
#1259=CARTESIAN_POINT('',(6.595E0,0.E0,-4.2E0));
#1260=LINE('',#1259,#1258);
#1261=DIRECTION('',(0.E0,1.E0,0.E0));
#1262=VECTOR('',#1261,1.062198954710E0);
#1263=CARTESIAN_POINT('',(6.605E0,2.E-1,-4.2E0));
#1264=LINE('',#1263,#1262);
#1265=DIRECTION('',(-1.E0,0.E0,0.E0));
#1266=VECTOR('',#1265,1.9E-1);
#1267=CARTESIAN_POINT('',(6.795E0,1.262198954710E0,-4.2E0));
#1268=LINE('',#1267,#1266);
#1269=DIRECTION('',(0.E0,1.E0,0.E0));
#1270=VECTOR('',#1269,1.062198954710E0);
#1271=CARTESIAN_POINT('',(6.795E0,2.E-1,-4.2E0));
#1272=LINE('',#1271,#1270);
#1273=DIRECTION('',(-1.E0,0.E0,0.E0));
#1274=VECTOR('',#1273,2.9E-1);
#1275=CARTESIAN_POINT('',(7.095E0,0.E0,-4.2E0));
#1276=LINE('',#1275,#1274);
#1277=DIRECTION('',(0.E0,1.E0,0.E0));
#1278=VECTOR('',#1277,1.062198954710E0);
#1279=CARTESIAN_POINT('',(7.105E0,2.E-1,-4.2E0));
#1280=LINE('',#1279,#1278);
#1281=DIRECTION('',(-1.E0,0.E0,0.E0));
#1282=VECTOR('',#1281,1.9E-1);
#1283=CARTESIAN_POINT('',(7.295E0,1.262198954710E0,-4.2E0));
#1284=LINE('',#1283,#1282);
#1285=DIRECTION('',(0.E0,1.E0,0.E0));
#1286=VECTOR('',#1285,1.062198954710E0);
#1287=CARTESIAN_POINT('',(7.295E0,2.E-1,-4.2E0));
#1288=LINE('',#1287,#1286);
#1289=DIRECTION('',(-1.E0,0.E0,0.E0));
#1290=VECTOR('',#1289,2.9E-1);
#1291=CARTESIAN_POINT('',(7.595E0,0.E0,-4.2E0));
#1292=LINE('',#1291,#1290);
#1293=DIRECTION('',(0.E0,1.E0,0.E0));
#1294=VECTOR('',#1293,1.062198954710E0);
#1295=CARTESIAN_POINT('',(7.605E0,2.E-1,-4.2E0));
#1296=LINE('',#1295,#1294);
#1297=DIRECTION('',(-1.E0,0.E0,0.E0));
#1298=VECTOR('',#1297,1.9E-1);
#1299=CARTESIAN_POINT('',(7.795E0,1.262198954710E0,-4.2E0));
#1300=LINE('',#1299,#1298);
#1301=DIRECTION('',(0.E0,1.E0,0.E0));
#1302=VECTOR('',#1301,1.062198954710E0);
#1303=CARTESIAN_POINT('',(7.795E0,2.E-1,-4.2E0));
#1304=LINE('',#1303,#1302);
#1305=DIRECTION('',(-1.E0,0.E0,0.E0));
#1306=VECTOR('',#1305,2.65E-1);
#1307=CARTESIAN_POINT('',(8.07E0,0.E0,-4.2E0));
#1308=LINE('',#1307,#1306);
#1309=DIRECTION('',(1.E0,0.E0,0.E0));
#1310=VECTOR('',#1309,6.24E0);
#1311=CARTESIAN_POINT('',(1.83E0,1.82E0,-4.2E0));
#1312=LINE('',#1311,#1310);
#1313=DIRECTION('',(0.E0,1.E0,0.E0));
#1314=VECTOR('',#1313,1.46E0);
#1315=CARTESIAN_POINT('',(0.E0,2.3E-1,-4.2E0));
#1316=LINE('',#1315,#1314);
#1317=DIRECTION('',(-1.E0,0.E0,0.E0));
#1318=VECTOR('',#1317,2.65E-1);
#1319=CARTESIAN_POINT('',(2.095E0,0.E0,-4.2E0));
#1320=LINE('',#1319,#1318);
#1321=DIRECTION('',(-6.794564910706E-13,-1.121325254871E-13,-1.E0));
#1322=VECTOR('',#1321,2.E-1);
#1323=CARTESIAN_POINT('',(2.105E0,1.262198954710E0,-4.2E0));
#1324=LINE('',#1323,#1322);
#1325=DIRECTION('',(0.E0,1.E0,-2.486225566103E-14));
#1326=VECTOR('',#1325,1.035995065069E0);
#1327=CARTESIAN_POINT('',(2.105E0,2.262038896414E-1,-4.4E0));
#1328=LINE('',#1327,#1326);
#1329=DIRECTION('',(1.E0,0.E0,0.E0));
#1330=VECTOR('',#1329,1.900000000003E-1);
#1331=CARTESIAN_POINT('',(2.105E0,1.262198954710E0,-4.4E0));
#1332=LINE('',#1331,#1330);
#1333=DIRECTION('',(-1.E0,0.E0,0.E0));
#1334=VECTOR('',#1333,1.900000000003E-1);
#1335=CARTESIAN_POINT('',(2.295E0,2.262038896414E-1,-4.4E0));
#1336=LINE('',#1335,#1334);
#1337=DIRECTION('',(1.E0,0.E0,0.E0));
#1338=VECTOR('',#1337,1.900000000003E-1);
#1339=CARTESIAN_POINT('',(2.105E0,1.999999999999E-1,-4.9E0));
#1340=LINE('',#1339,#1338);
#1341=DIRECTION('',(0.E0,1.E0,7.105427357600E-14));
#1342=VECTOR('',#1341,2.E-1);
#1343=CARTESIAN_POINT('',(2.105E0,-1.634028560608E-13,-4.9E0));
#1344=LINE('',#1343,#1342);
#1345=DIRECTION('',(-1.E0,0.E0,0.E0));
#1346=VECTOR('',#1345,1.900000000003E-1);
#1347=CARTESIAN_POINT('',(2.295E0,-1.634028560608E-13,-4.9E0));
#1348=LINE('',#1347,#1346);
#1349=DIRECTION('',(-1.E0,0.E0,0.E0));
#1350=VECTOR('',#1349,1.900000000003E-1);
#1351=CARTESIAN_POINT('',(2.295E0,4.220050455069E-2,-4.094766404376E0));
#1352=LINE('',#1351,#1350);
#1353=DIRECTION('',(1.E0,0.E0,0.E0));
#1354=VECTOR('',#1353,1.900000000003E-1);
#1355=CARTESIAN_POINT('',(2.105E0,1.420634580261E-1,-4.E0));
#1356=LINE('',#1355,#1354);
#1357=DIRECTION('',(-2.491156501301E-12,1.E0,0.E0));
#1358=VECTOR('',#1357,5.793654197394E-2);
#1359=CARTESIAN_POINT('',(2.295E0,1.420634580261E-1,-4.E0));
#1360=LINE('',#1359,#1358);
#1361=DIRECTION('',(-2.322524368905E-12,-1.E0,0.E0));
#1362=VECTOR('',#1361,5.793654197394E-2);
#1363=CARTESIAN_POINT('',(2.105E0,2.E-1,-4.E0));
#1364=LINE('',#1363,#1362);
#1365=DIRECTION('',(0.E0,0.E0,-1.E0));
#1366=VECTOR('',#1365,2.E-1);
#1367=CARTESIAN_POINT('',(2.105E0,2.E-1,-4.E0));
#1368=LINE('',#1367,#1366);
#1369=DIRECTION('',(1.E0,0.E0,0.E0));
#1370=VECTOR('',#1369,9.999999999999E-3);
#1371=CARTESIAN_POINT('',(2.095E0,2.E-1,-4.2E0));
#1372=LINE('',#1371,#1370);
#1373=DIRECTION('',(0.E0,-1.415534356397E-14,-1.E0));
#1374=VECTOR('',#1373,7.E-1);
#1375=CARTESIAN_POINT('',(2.095E0,2.E-1,-3.5E0));
#1376=LINE('',#1375,#1374);
#1377=DIRECTION('',(1.E0,0.E0,0.E0));
#1378=VECTOR('',#1377,1.E-2);
#1379=CARTESIAN_POINT('',(2.295E0,2.E-1,-4.2E0));
#1380=LINE('',#1379,#1378);
#1381=DIRECTION('',(0.E0,0.E0,-1.E0));
#1382=VECTOR('',#1381,2.E-1);
#1383=CARTESIAN_POINT('',(2.295E0,2.E-1,-4.E0));
#1384=LINE('',#1383,#1382);
#1385=DIRECTION('',(1.E0,0.E0,0.E0));
#1386=VECTOR('',#1385,1.9E-1);
#1387=CARTESIAN_POINT('',(2.105E0,2.E-1,-4.E0));
#1388=LINE('',#1387,#1386);
#1389=DIRECTION('',(0.E0,1.E0,0.E0));
#1390=VECTOR('',#1389,2.E-1);
#1391=CARTESIAN_POINT('',(2.095E0,0.E0,-4.2E0));
#1392=LINE('',#1391,#1390);
#1393=DIRECTION('',(0.E0,-1.418177744551E-14,-1.E0));
#1394=VECTOR('',#1393,7.E-1);
#1395=CARTESIAN_POINT('',(2.095E0,0.E0,-3.5E0));
#1396=LINE('',#1395,#1394);
#1397=DIRECTION('',(-1.E0,0.E0,0.E0));
#1398=VECTOR('',#1397,2.1E-1);
#1399=CARTESIAN_POINT('',(2.305E0,2.E-1,-3.5E0));
#1400=LINE('',#1399,#1398);
#1401=DIRECTION('',(0.E0,-1.E0,0.E0));
#1402=VECTOR('',#1401,2.E-1);
#1403=CARTESIAN_POINT('',(2.095E0,2.E-1,-3.5E0));
#1404=LINE('',#1403,#1402);
#1405=DIRECTION('',(1.E0,0.E0,0.E0));
#1406=VECTOR('',#1405,2.1E-1);
#1407=CARTESIAN_POINT('',(2.095E0,0.E0,-3.5E0));
#1408=LINE('',#1407,#1406);
#1409=DIRECTION('',(0.E0,1.419499438628E-14,1.E0));
#1410=VECTOR('',#1409,7.E-1);
#1411=CARTESIAN_POINT('',(2.305E0,2.E-1,-4.2E0));
#1412=LINE('',#1411,#1410);
#1413=DIRECTION('',(0.E0,-1.E0,0.E0));
#1414=VECTOR('',#1413,2.E-1);
#1415=CARTESIAN_POINT('',(2.305E0,2.E-1,-3.5E0));
#1416=LINE('',#1415,#1414);
#1417=DIRECTION('',(0.E0,-1.418177744551E-14,-1.E0));
#1418=VECTOR('',#1417,7.E-1);
#1419=CARTESIAN_POINT('',(2.305E0,0.E0,-3.5E0));
#1420=LINE('',#1419,#1418);
#1421=DIRECTION('',(0.E0,1.E0,0.E0));
#1422=VECTOR('',#1421,2.E-1);
#1423=CARTESIAN_POINT('',(2.305E0,0.E0,-4.2E0));
#1424=LINE('',#1423,#1422);
#1425=DIRECTION('',(0.E0,1.415534356397E-14,1.E0));
#1426=VECTOR('',#1425,7.E-1);
#1427=CARTESIAN_POINT('',(2.595E0,2.E-1,-4.2E0));
#1428=LINE('',#1427,#1426);
#1429=DIRECTION('',(0.E0,1.E0,0.E0));
#1430=VECTOR('',#1429,2.E-1);
#1431=CARTESIAN_POINT('',(2.595E0,0.E0,-4.2E0));
#1432=LINE('',#1431,#1430);
#1433=DIRECTION('',(0.E0,-1.418177744551E-14,-1.E0));
#1434=VECTOR('',#1433,7.E-1);
#1435=CARTESIAN_POINT('',(2.595E0,0.E0,-3.5E0));
#1436=LINE('',#1435,#1434);
#1437=DIRECTION('',(0.E0,-1.E0,0.E0));
#1438=VECTOR('',#1437,2.E-1);
#1439=CARTESIAN_POINT('',(2.595E0,2.E-1,-3.5E0));
#1440=LINE('',#1439,#1438);
#1441=DIRECTION('',(0.E0,0.E0,-1.E0));
#1442=VECTOR('',#1441,2.E-1);
#1443=CARTESIAN_POINT('',(2.605E0,2.E-1,-4.E0));
#1444=LINE('',#1443,#1442);
#1445=DIRECTION('',(1.E0,0.E0,0.E0));
#1446=VECTOR('',#1445,1.E-2);
#1447=CARTESIAN_POINT('',(2.595E0,2.E-1,-4.2E0));
#1448=LINE('',#1447,#1446);
#1449=DIRECTION('',(1.E0,0.E0,0.E0));
#1450=VECTOR('',#1449,1.E-2);
#1451=CARTESIAN_POINT('',(2.795E0,2.E-1,-4.2E0));
#1452=LINE('',#1451,#1450);
#1453=DIRECTION('',(0.E0,0.E0,-1.E0));
#1454=VECTOR('',#1453,2.E-1);
#1455=CARTESIAN_POINT('',(2.795E0,2.E-1,-4.E0));
#1456=LINE('',#1455,#1454);
#1457=DIRECTION('',(1.E0,0.E0,0.E0));
#1458=VECTOR('',#1457,1.9E-1);
#1459=CARTESIAN_POINT('',(2.605E0,2.E-1,-4.E0));
#1460=LINE('',#1459,#1458);
#1461=DIRECTION('',(-1.E0,0.E0,0.E0));
#1462=VECTOR('',#1461,2.1E-1);
#1463=CARTESIAN_POINT('',(2.805E0,2.E-1,-3.5E0));
#1464=LINE('',#1463,#1462);
#1465=DIRECTION('',(1.E0,0.E0,0.E0));
#1466=VECTOR('',#1465,2.1E-1);
#1467=CARTESIAN_POINT('',(2.595E0,0.E0,-3.5E0));
#1468=LINE('',#1467,#1466);
#1469=DIRECTION('',(0.E0,1.419499438628E-14,1.E0));
#1470=VECTOR('',#1469,7.E-1);
#1471=CARTESIAN_POINT('',(2.805E0,2.E-1,-4.2E0));
#1472=LINE('',#1471,#1470);
#1473=DIRECTION('',(0.E0,-1.E0,0.E0));
#1474=VECTOR('',#1473,2.E-1);
#1475=CARTESIAN_POINT('',(2.805E0,2.E-1,-3.5E0));
#1476=LINE('',#1475,#1474);
#1477=DIRECTION('',(0.E0,-1.418177744551E-14,-1.E0));
#1478=VECTOR('',#1477,7.E-1);
#1479=CARTESIAN_POINT('',(2.805E0,0.E0,-3.5E0));
#1480=LINE('',#1479,#1478);
#1481=DIRECTION('',(0.E0,1.E0,0.E0));
#1482=VECTOR('',#1481,2.E-1);
#1483=CARTESIAN_POINT('',(2.805E0,0.E0,-4.2E0));
#1484=LINE('',#1483,#1482);
#1485=DIRECTION('',(-2.491156501301E-12,1.E0,0.E0));
#1486=VECTOR('',#1485,5.793654197394E-2);
#1487=CARTESIAN_POINT('',(2.795E0,1.420634580261E-1,-4.E0));
#1488=LINE('',#1487,#1486);
#1489=DIRECTION('',(-2.322524368905E-12,-1.E0,0.E0));
#1490=VECTOR('',#1489,5.793654197394E-2);
#1491=CARTESIAN_POINT('',(2.605E0,2.E-1,-4.E0));
#1492=LINE('',#1491,#1490);
#1493=DIRECTION('',(-1.E0,0.E0,0.E0));
#1494=VECTOR('',#1493,1.900000000003E-1);
#1495=CARTESIAN_POINT('',(2.795E0,4.220050455069E-2,-4.094766404376E0));
#1496=LINE('',#1495,#1494);
#1497=DIRECTION('',(1.E0,0.E0,0.E0));
#1498=VECTOR('',#1497,1.900000000003E-1);
#1499=CARTESIAN_POINT('',(2.605E0,1.420634580261E-1,-4.E0));
#1500=LINE('',#1499,#1498);
#1501=DIRECTION('',(-1.E0,0.E0,0.E0));
#1502=VECTOR('',#1501,1.900000000003E-1);
#1503=CARTESIAN_POINT('',(2.795E0,-1.634028560608E-13,-4.9E0));
#1504=LINE('',#1503,#1502);
#1505=DIRECTION('',(1.E0,0.E0,0.E0));
#1506=VECTOR('',#1505,1.900000000003E-1);
#1507=CARTESIAN_POINT('',(2.605E0,1.999999999999E-1,-4.9E0));
#1508=LINE('',#1507,#1506);
#1509=DIRECTION('',(0.E0,1.E0,7.105427357600E-14));
#1510=VECTOR('',#1509,2.E-1);
#1511=CARTESIAN_POINT('',(2.605E0,-1.634028560608E-13,-4.9E0));
#1512=LINE('',#1511,#1510);
#1513=DIRECTION('',(-1.E0,0.E0,0.E0));
#1514=VECTOR('',#1513,1.900000000003E-1);
#1515=CARTESIAN_POINT('',(2.795E0,2.262038896414E-1,-4.4E0));
#1516=LINE('',#1515,#1514);
#1517=DIRECTION('',(0.E0,1.E0,-2.486225566103E-14));
#1518=VECTOR('',#1517,1.035995065069E0);
#1519=CARTESIAN_POINT('',(2.605E0,2.262038896414E-1,-4.4E0));
#1520=LINE('',#1519,#1518);
#1521=DIRECTION('',(1.E0,0.E0,0.E0));
#1522=VECTOR('',#1521,1.900000000003E-1);
#1523=CARTESIAN_POINT('',(2.605E0,1.262198954710E0,-4.4E0));
#1524=LINE('',#1523,#1522);
#1525=DIRECTION('',(-6.772360450213E-13,-1.121325254871E-13,-1.E0));
#1526=VECTOR('',#1525,2.E-1);
#1527=CARTESIAN_POINT('',(2.605E0,1.262198954710E0,-4.2E0));
#1528=LINE('',#1527,#1526);
#1529=DIRECTION('',(0.E0,1.415534356397E-14,1.E0));
#1530=VECTOR('',#1529,7.E-1);
#1531=CARTESIAN_POINT('',(3.095E0,2.E-1,-4.2E0));
#1532=LINE('',#1531,#1530);
#1533=DIRECTION('',(0.E0,1.E0,0.E0));
#1534=VECTOR('',#1533,2.E-1);
#1535=CARTESIAN_POINT('',(3.095E0,0.E0,-4.2E0));
#1536=LINE('',#1535,#1534);
#1537=DIRECTION('',(0.E0,-1.418177744551E-14,-1.E0));
#1538=VECTOR('',#1537,7.E-1);
#1539=CARTESIAN_POINT('',(3.095E0,0.E0,-3.5E0));
#1540=LINE('',#1539,#1538);
#1541=DIRECTION('',(0.E0,-1.E0,0.E0));
#1542=VECTOR('',#1541,2.E-1);
#1543=CARTESIAN_POINT('',(3.095E0,2.E-1,-3.5E0));
#1544=LINE('',#1543,#1542);
#1545=DIRECTION('',(0.E0,0.E0,-1.E0));
#1546=VECTOR('',#1545,2.E-1);
#1547=CARTESIAN_POINT('',(3.105E0,2.E-1,-4.E0));
#1548=LINE('',#1547,#1546);
#1549=DIRECTION('',(1.E0,0.E0,0.E0));
#1550=VECTOR('',#1549,1.E-2);
#1551=CARTESIAN_POINT('',(3.095E0,2.E-1,-4.2E0));
#1552=LINE('',#1551,#1550);
#1553=DIRECTION('',(1.E0,0.E0,0.E0));
#1554=VECTOR('',#1553,1.E-2);
#1555=CARTESIAN_POINT('',(3.295E0,2.E-1,-4.2E0));
#1556=LINE('',#1555,#1554);
#1557=DIRECTION('',(0.E0,0.E0,-1.E0));
#1558=VECTOR('',#1557,2.E-1);
#1559=CARTESIAN_POINT('',(3.295E0,2.E-1,-4.E0));
#1560=LINE('',#1559,#1558);
#1561=DIRECTION('',(1.E0,0.E0,0.E0));
#1562=VECTOR('',#1561,1.9E-1);
#1563=CARTESIAN_POINT('',(3.105E0,2.E-1,-4.E0));
#1564=LINE('',#1563,#1562);
#1565=DIRECTION('',(-4.615075335892E-13,-4.226182617425E-1,-9.063077870358E-1));
#1566=VECTOR('',#1565,3.156205483754E-1);
#1567=CARTESIAN_POINT('',(3.105E0,1.201378662820E0,-7.965815103010E-1));
#1568=LINE('',#1567,#1566);
#1569=DIRECTION('',(8.993387903909E-14,5.303311836798E-2,-9.985927540074E-1));
#1570=VECTOR('',#1569,1.619648372640E0);
#1571=CARTESIAN_POINT('',(3.105E0,1.067991655295E0,-1.082630871042E0));
#1572=LINE('',#1571,#1570);
#1573=CARTESIAN_POINT('',(3.105E0,1.420634580262E-1,-4.1E0));
#1574=DIRECTION('',(1.E0,0.E0,0.E0));
#1575=DIRECTION('',(0.E0,-4.296285549543E-12,1.E0));
#1576=AXIS2_PLACEMENT_3D('',#1573,#1574,#1575);
#1578=DIRECTION('',(1.156570301099E-14,-5.233595624304E-2,-9.986295347546E-1));
#1579=VECTOR('',#1578,8.063386547267E-1);
#1580=CARTESIAN_POINT('',(3.105E0,4.220050455069E-2,-4.094766404376E0));
#1581=LINE('',#1580,#1579);
#1582=DIRECTION('',(-2.040010764702E-14,5.233595624291E-2,9.986295347546E-1));
#1583=VECTOR('',#1582,5.006861729990E-1);
#1584=CARTESIAN_POINT('',(3.105E0,1.999999999999E-1,-4.9E0));
#1585=LINE('',#1584,#1583);
#1586=DIRECTION('',(1.E0,0.E0,0.E0));
#1587=VECTOR('',#1586,1.900000000003E-1);
#1588=CARTESIAN_POINT('',(3.105E0,1.067991655295E0,-1.082630871042E0));
#1589=LINE('',#1588,#1587);
#1590=DIRECTION('',(-7.677282356995E-14,5.303311836798E-2,-9.985927540074E-1));
#1591=VECTOR('',#1590,1.619648372640E0);
#1592=CARTESIAN_POINT('',(3.295E0,1.067991655295E0,-1.082630871042E0));
#1593=LINE('',#1592,#1591);
#1594=DIRECTION('',(3.939698457469E-13,-4.226182617425E-1,-9.063077870358E-1));
#1595=VECTOR('',#1594,3.156205483754E-1);
#1596=CARTESIAN_POINT('',(3.295E0,1.201378662820E0,-7.965815103010E-1));
#1597=LINE('',#1596,#1595);
#1598=DIRECTION('',(-6.750155989721E-13,1.110223024625E-13,1.E0));
#1599=VECTOR('',#1598,2.E-1);
#1600=CARTESIAN_POINT('',(3.295E0,1.262198954710E0,-4.4E0));
#1601=LINE('',#1600,#1599);
#1602=DIRECTION('',(1.028782992870E-14,1.E0,-2.486225566103E-14));
#1603=VECTOR('',#1602,1.035995065069E0);
#1604=CARTESIAN_POINT('',(3.295E0,2.262038896414E-1,-4.4E0));
#1605=LINE('',#1604,#1603);
#1606=DIRECTION('',(-2.128706884906E-14,5.233595624291E-2,9.986295347546E-1));
#1607=VECTOR('',#1606,5.006861729990E-1);
#1608=CARTESIAN_POINT('',(3.295E0,1.999999999999E-1,-4.9E0));
#1609=LINE('',#1608,#1607);
#1610=DIRECTION('',(0.E0,1.E0,7.105427357600E-14));
#1611=VECTOR('',#1610,2.E-1);
#1612=CARTESIAN_POINT('',(3.295E0,-1.634028560608E-13,-4.9E0));
#1613=LINE('',#1612,#1611);
#1614=DIRECTION('',(0.E0,-5.233595624304E-2,-9.986295347546E-1));
#1615=VECTOR('',#1614,8.063386547267E-1);
#1616=CARTESIAN_POINT('',(3.295E0,4.220050455069E-2,-4.094766404376E0));
#1617=LINE('',#1616,#1615);
#1618=CARTESIAN_POINT('',(3.295E0,1.420634580262E-1,-4.1E0));
#1619=DIRECTION('',(1.E0,0.E0,0.E0));
#1620=DIRECTION('',(0.E0,-4.296285549543E-12,1.E0));
#1621=AXIS2_PLACEMENT_3D('',#1618,#1619,#1620);
#1623=DIRECTION('',(-6.750155989721E-13,-1.121325254871E-13,-1.E0));
#1624=VECTOR('',#1623,2.E-1);
#1625=CARTESIAN_POINT('',(3.105E0,1.262198954710E0,-4.2E0));
#1626=LINE('',#1625,#1624);
#1627=DIRECTION('',(0.E0,1.E0,-2.486225566103E-14));
#1628=VECTOR('',#1627,1.035995065069E0);
#1629=CARTESIAN_POINT('',(3.105E0,2.262038896414E-1,-4.4E0));
#1630=LINE('',#1629,#1628);
#1631=DIRECTION('',(1.E0,0.E0,0.E0));
#1632=VECTOR('',#1631,1.900000000003E-1);
#1633=CARTESIAN_POINT('',(3.105E0,1.262198954710E0,-4.4E0));
#1634=LINE('',#1633,#1632);
#1635=DIRECTION('',(-1.E0,0.E0,0.E0));
#1636=VECTOR('',#1635,1.900000000003E-1);
#1637=CARTESIAN_POINT('',(3.295E0,2.262038896414E-1,-4.4E0));
#1638=LINE('',#1637,#1636);
#1639=DIRECTION('',(1.E0,0.E0,0.E0));
#1640=VECTOR('',#1639,1.900000000003E-1);
#1641=CARTESIAN_POINT('',(3.105E0,1.999999999999E-1,-4.9E0));
#1642=LINE('',#1641,#1640);
#1643=DIRECTION('',(0.E0,1.E0,7.105427357600E-14));
#1644=VECTOR('',#1643,2.E-1);
#1645=CARTESIAN_POINT('',(3.105E0,-1.634028560608E-13,-4.9E0));
#1646=LINE('',#1645,#1644);
#1647=DIRECTION('',(-1.E0,0.E0,0.E0));
#1648=VECTOR('',#1647,1.900000000003E-1);
#1649=CARTESIAN_POINT('',(3.295E0,-1.634028560608E-13,-4.9E0));
#1650=LINE('',#1649,#1648);
#1651=DIRECTION('',(-1.E0,0.E0,0.E0));
#1652=VECTOR('',#1651,1.900000000003E-1);
#1653=CARTESIAN_POINT('',(3.295E0,4.220050455069E-2,-4.094766404376E0));
#1654=LINE('',#1653,#1652);
#1655=DIRECTION('',(1.E0,0.E0,0.E0));
#1656=VECTOR('',#1655,1.900000000003E-1);
#1657=CARTESIAN_POINT('',(3.105E0,1.420634580261E-1,-4.E0));
#1658=LINE('',#1657,#1656);
#1659=DIRECTION('',(-2.483491404374E-12,1.E0,0.E0));
#1660=VECTOR('',#1659,5.793654197394E-2);
#1661=CARTESIAN_POINT('',(3.295E0,1.420634580261E-1,-4.E0));
#1662=LINE('',#1661,#1660);
#1663=DIRECTION('',(-2.314859271978E-12,-1.E0,0.E0));
#1664=VECTOR('',#1663,5.793654197394E-2);
#1665=CARTESIAN_POINT('',(3.105E0,2.E-1,-4.E0));
#1666=LINE('',#1665,#1664);
#1667=DIRECTION('',(-1.E0,0.E0,0.E0));
#1668=VECTOR('',#1667,2.1E-1);
#1669=CARTESIAN_POINT('',(3.305E0,2.E-1,-3.5E0));
#1670=LINE('',#1669,#1668);
#1671=DIRECTION('',(1.E0,0.E0,0.E0));
#1672=VECTOR('',#1671,2.1E-1);
#1673=CARTESIAN_POINT('',(3.095E0,0.E0,-3.5E0));
#1674=LINE('',#1673,#1672);
#1675=DIRECTION('',(0.E0,1.419499438628E-14,1.E0));
#1676=VECTOR('',#1675,7.E-1);
#1677=CARTESIAN_POINT('',(3.305E0,2.E-1,-4.2E0));
#1678=LINE('',#1677,#1676);
#1679=DIRECTION('',(0.E0,-1.E0,0.E0));
#1680=VECTOR('',#1679,2.E-1);
#1681=CARTESIAN_POINT('',(3.305E0,2.E-1,-3.5E0));
#1682=LINE('',#1681,#1680);
#1683=DIRECTION('',(0.E0,-1.418177744551E-14,-1.E0));
#1684=VECTOR('',#1683,7.E-1);
#1685=CARTESIAN_POINT('',(3.305E0,0.E0,-3.5E0));
#1686=LINE('',#1685,#1684);
#1687=DIRECTION('',(0.E0,1.E0,0.E0));
#1688=VECTOR('',#1687,2.E-1);
#1689=CARTESIAN_POINT('',(3.305E0,0.E0,-4.2E0));
#1690=LINE('',#1689,#1688);
#1691=DIRECTION('',(0.E0,1.415534356397E-14,1.E0));
#1692=VECTOR('',#1691,7.E-1);
#1693=CARTESIAN_POINT('',(3.595E0,2.E-1,-4.2E0));
#1694=LINE('',#1693,#1692);
#1695=DIRECTION('',(0.E0,1.E0,0.E0));
#1696=VECTOR('',#1695,2.E-1);
#1697=CARTESIAN_POINT('',(3.595E0,0.E0,-4.2E0));
#1698=LINE('',#1697,#1696);
#1699=DIRECTION('',(0.E0,-1.418177744551E-14,-1.E0));
#1700=VECTOR('',#1699,7.E-1);
#1701=CARTESIAN_POINT('',(3.595E0,0.E0,-3.5E0));
#1702=LINE('',#1701,#1700);
#1703=DIRECTION('',(0.E0,-1.E0,0.E0));
#1704=VECTOR('',#1703,2.E-1);
#1705=CARTESIAN_POINT('',(3.595E0,2.E-1,-3.5E0));
#1706=LINE('',#1705,#1704);
#1707=DIRECTION('',(0.E0,0.E0,-1.E0));
#1708=VECTOR('',#1707,2.E-1);
#1709=CARTESIAN_POINT('',(3.605E0,2.E-1,-4.E0));
#1710=LINE('',#1709,#1708);
#1711=DIRECTION('',(1.E0,0.E0,0.E0));
#1712=VECTOR('',#1711,9.999999999999E-3);
#1713=CARTESIAN_POINT('',(3.595E0,2.E-1,-4.2E0));
#1714=LINE('',#1713,#1712);
#1715=DIRECTION('',(1.E0,0.E0,0.E0));
#1716=VECTOR('',#1715,1.E-2);
#1717=CARTESIAN_POINT('',(3.795E0,2.E-1,-4.2E0));
#1718=LINE('',#1717,#1716);
#1719=DIRECTION('',(0.E0,0.E0,-1.E0));
#1720=VECTOR('',#1719,2.E-1);
#1721=CARTESIAN_POINT('',(3.795E0,2.E-1,-4.E0));
#1722=LINE('',#1721,#1720);
#1723=DIRECTION('',(1.E0,0.E0,0.E0));
#1724=VECTOR('',#1723,1.9E-1);
#1725=CARTESIAN_POINT('',(3.605E0,2.E-1,-4.E0));
#1726=LINE('',#1725,#1724);
#1727=DIRECTION('',(-4.629145687526E-13,-4.226182617425E-1,-9.063077870358E-1));
#1728=VECTOR('',#1727,3.156205483754E-1);
#1729=CARTESIAN_POINT('',(3.605E0,1.201378662820E0,-7.965815103010E-1));
#1730=LINE('',#1729,#1728);
#1731=DIRECTION('',(9.020806769469E-14,5.303311836798E-2,-9.985927540074E-1));
#1732=VECTOR('',#1731,1.619648372640E0);
#1733=CARTESIAN_POINT('',(3.605E0,1.067991655295E0,-1.082630871042E0));
#1734=LINE('',#1733,#1732);
#1735=CARTESIAN_POINT('',(3.605E0,1.420634580262E-1,-4.1E0));
#1736=DIRECTION('',(1.E0,0.E0,0.E0));
#1737=DIRECTION('',(0.E0,-4.296285549543E-12,1.E0));
#1738=AXIS2_PLACEMENT_3D('',#1735,#1736,#1737);
#1740=DIRECTION('',(1.211645077342E-14,-5.233595624304E-2,-9.986295347546E-1));
#1741=VECTOR('',#1740,8.063386547267E-1);
#1742=CARTESIAN_POINT('',(3.605E0,4.220050455069E-2,-4.094766404376E0));
#1743=LINE('',#1742,#1741);
#1744=DIRECTION('',(-2.128706884906E-14,5.233595624291E-2,9.986295347546E-1));
#1745=VECTOR('',#1744,5.006861729990E-1);
#1746=CARTESIAN_POINT('',(3.605E0,1.999999999999E-1,-4.9E0));
#1747=LINE('',#1746,#1745);
#1748=DIRECTION('',(1.E0,0.E0,0.E0));
#1749=VECTOR('',#1748,1.900000000003E-1);
#1750=CARTESIAN_POINT('',(3.605E0,1.067991655295E0,-1.082630871042E0));
#1751=LINE('',#1750,#1749);
#1752=DIRECTION('',(-7.649863491435E-14,5.303311836798E-2,-9.985927540074E-1));
#1753=VECTOR('',#1752,1.619648372640E0);
#1754=CARTESIAN_POINT('',(3.795E0,1.067991655295E0,-1.082630871042E0));
#1755=LINE('',#1754,#1753);
#1756=DIRECTION('',(3.939698457469E-13,-4.226182617425E-1,-9.063077870358E-1));
#1757=VECTOR('',#1756,3.156205483754E-1);
#1758=CARTESIAN_POINT('',(3.795E0,1.201378662820E0,-7.965815103010E-1));
#1759=LINE('',#1758,#1757);
#1760=DIRECTION('',(-6.727951529228E-13,1.110223024625E-13,1.E0));
#1761=VECTOR('',#1760,2.E-1);
#1762=CARTESIAN_POINT('',(3.795E0,1.262198954710E0,-4.4E0));
#1763=LINE('',#1762,#1761);
#1764=DIRECTION('',(1.028782992870E-14,1.E0,-2.486225566103E-14));
#1765=VECTOR('',#1764,1.035995065069E0);
#1766=CARTESIAN_POINT('',(3.795E0,2.262038896414E-1,-4.4E0));
#1767=LINE('',#1766,#1765);
#1768=DIRECTION('',(-2.040010764702E-14,5.233595624291E-2,9.986295347546E-1));
#1769=VECTOR('',#1768,5.006861729990E-1);
#1770=CARTESIAN_POINT('',(3.795E0,1.999999999999E-1,-4.9E0));
#1771=LINE('',#1770,#1769);
#1772=DIRECTION('',(0.E0,1.E0,7.105427357600E-14));
#1773=VECTOR('',#1772,2.E-1);
#1774=CARTESIAN_POINT('',(3.795E0,-1.634028560608E-13,-4.9E0));
#1775=LINE('',#1774,#1773);
#1776=DIRECTION('',(0.E0,-5.233595624304E-2,-9.986295347546E-1));
#1777=VECTOR('',#1776,8.063386547267E-1);
#1778=CARTESIAN_POINT('',(3.795E0,4.220050455069E-2,-4.094766404376E0));
#1779=LINE('',#1778,#1777);
#1780=CARTESIAN_POINT('',(3.795E0,1.420634580262E-1,-4.1E0));
#1781=DIRECTION('',(1.E0,0.E0,0.E0));
#1782=DIRECTION('',(0.E0,-4.296285549543E-12,1.E0));
#1783=AXIS2_PLACEMENT_3D('',#1780,#1781,#1782);
#1785=DIRECTION('',(-6.772360450213E-13,-1.121325254871E-13,-1.E0));
#1786=VECTOR('',#1785,2.E-1);
#1787=CARTESIAN_POINT('',(3.605E0,1.262198954710E0,-4.2E0));
#1788=LINE('',#1787,#1786);
#1789=DIRECTION('',(0.E0,1.E0,-2.486225566103E-14));
#1790=VECTOR('',#1789,1.035995065069E0);
#1791=CARTESIAN_POINT('',(3.605E0,2.262038896414E-1,-4.4E0));
#1792=LINE('',#1791,#1790);
#1793=DIRECTION('',(1.E0,0.E0,0.E0));
#1794=VECTOR('',#1793,1.900000000003E-1);
#1795=CARTESIAN_POINT('',(3.605E0,1.262198954710E0,-4.4E0));
#1796=LINE('',#1795,#1794);
#1797=DIRECTION('',(-1.E0,0.E0,0.E0));
#1798=VECTOR('',#1797,1.900000000003E-1);
#1799=CARTESIAN_POINT('',(3.795E0,2.262038896414E-1,-4.4E0));
#1800=LINE('',#1799,#1798);
#1801=DIRECTION('',(1.E0,0.E0,0.E0));
#1802=VECTOR('',#1801,1.900000000003E-1);
#1803=CARTESIAN_POINT('',(3.605E0,1.999999999999E-1,-4.9E0));
#1804=LINE('',#1803,#1802);
#1805=DIRECTION('',(0.E0,1.E0,7.105427357600E-14));
#1806=VECTOR('',#1805,2.E-1);
#1807=CARTESIAN_POINT('',(3.605E0,-1.634028560608E-13,-4.9E0));
#1808=LINE('',#1807,#1806);
#1809=DIRECTION('',(-1.E0,0.E0,0.E0));
#1810=VECTOR('',#1809,1.900000000003E-1);
#1811=CARTESIAN_POINT('',(3.795E0,-1.634028560608E-13,-4.9E0));
#1812=LINE('',#1811,#1810);
#1813=DIRECTION('',(-1.E0,0.E0,0.E0));
#1814=VECTOR('',#1813,1.900000000003E-1);
#1815=CARTESIAN_POINT('',(3.795E0,4.220050455069E-2,-4.094766404376E0));
#1816=LINE('',#1815,#1814);
#1817=DIRECTION('',(1.E0,0.E0,0.E0));
#1818=VECTOR('',#1817,1.900000000003E-1);
#1819=CARTESIAN_POINT('',(3.605E0,1.420634580261E-1,-4.E0));
#1820=LINE('',#1819,#1818);
#1821=DIRECTION('',(-2.483491404374E-12,1.E0,0.E0));
#1822=VECTOR('',#1821,5.793654197394E-2);
#1823=CARTESIAN_POINT('',(3.795E0,1.420634580261E-1,-4.E0));
#1824=LINE('',#1823,#1822);
#1825=DIRECTION('',(-2.314859271978E-12,-1.E0,0.E0));
#1826=VECTOR('',#1825,5.793654197394E-2);
#1827=CARTESIAN_POINT('',(3.605E0,2.E-1,-4.E0));
#1828=LINE('',#1827,#1826);
#1829=DIRECTION('',(-1.E0,0.E0,0.E0));
#1830=VECTOR('',#1829,2.1E-1);
#1831=CARTESIAN_POINT('',(3.805E0,2.E-1,-3.5E0));
#1832=LINE('',#1831,#1830);
#1833=DIRECTION('',(1.E0,0.E0,0.E0));
#1834=VECTOR('',#1833,2.1E-1);
#1835=CARTESIAN_POINT('',(3.595E0,0.E0,-3.5E0));
#1836=LINE('',#1835,#1834);
#1837=DIRECTION('',(0.E0,1.419499438628E-14,1.E0));
#1838=VECTOR('',#1837,7.E-1);
#1839=CARTESIAN_POINT('',(3.805E0,2.E-1,-4.2E0));
#1840=LINE('',#1839,#1838);
#1841=DIRECTION('',(0.E0,-1.E0,0.E0));
#1842=VECTOR('',#1841,2.E-1);
#1843=CARTESIAN_POINT('',(3.805E0,2.E-1,-3.5E0));
#1844=LINE('',#1843,#1842);
#1845=DIRECTION('',(0.E0,-1.418177744551E-14,-1.E0));
#1846=VECTOR('',#1845,7.E-1);
#1847=CARTESIAN_POINT('',(3.805E0,0.E0,-3.5E0));
#1848=LINE('',#1847,#1846);
#1849=DIRECTION('',(0.E0,1.E0,0.E0));
#1850=VECTOR('',#1849,2.E-1);
#1851=CARTESIAN_POINT('',(3.805E0,0.E0,-4.2E0));
#1852=LINE('',#1851,#1850);
#1853=DIRECTION('',(0.E0,1.415534356397E-14,1.E0));
#1854=VECTOR('',#1853,7.E-1);
#1855=CARTESIAN_POINT('',(4.095E0,2.E-1,-4.2E0));
#1856=LINE('',#1855,#1854);
#1857=DIRECTION('',(0.E0,1.E0,0.E0));
#1858=VECTOR('',#1857,2.E-1);
#1859=CARTESIAN_POINT('',(4.095E0,0.E0,-4.2E0));
#1860=LINE('',#1859,#1858);
#1861=DIRECTION('',(0.E0,-1.418177744551E-14,-1.E0));
#1862=VECTOR('',#1861,7.E-1);
#1863=CARTESIAN_POINT('',(4.095E0,0.E0,-3.5E0));
#1864=LINE('',#1863,#1862);
#1865=DIRECTION('',(0.E0,-1.E0,0.E0));
#1866=VECTOR('',#1865,2.E-1);
#1867=CARTESIAN_POINT('',(4.095E0,2.E-1,-3.5E0));
#1868=LINE('',#1867,#1866);
#1869=DIRECTION('',(0.E0,0.E0,-1.E0));
#1870=VECTOR('',#1869,2.E-1);
#1871=CARTESIAN_POINT('',(4.105E0,2.E-1,-4.E0));
#1872=LINE('',#1871,#1870);
#1873=DIRECTION('',(1.E0,0.E0,0.E0));
#1874=VECTOR('',#1873,1.E-2);
#1875=CARTESIAN_POINT('',(4.095E0,2.E-1,-4.2E0));
#1876=LINE('',#1875,#1874);
#1877=DIRECTION('',(1.E0,0.E0,0.E0));
#1878=VECTOR('',#1877,1.E-2);
#1879=CARTESIAN_POINT('',(4.295E0,2.E-1,-4.2E0));
#1880=LINE('',#1879,#1878);
#1881=DIRECTION('',(0.E0,0.E0,-1.E0));
#1882=VECTOR('',#1881,2.E-1);
#1883=CARTESIAN_POINT('',(4.295E0,2.E-1,-4.E0));
#1884=LINE('',#1883,#1882);
#1885=DIRECTION('',(1.E0,0.E0,0.E0));
#1886=VECTOR('',#1885,1.9E-1);
#1887=CARTESIAN_POINT('',(4.105E0,2.E-1,-4.E0));
#1888=LINE('',#1887,#1886);
#1889=DIRECTION('',(-4.615075335892E-13,-4.226182617425E-1,-9.063077870358E-1));
#1890=VECTOR('',#1889,3.156205483754E-1);
#1891=CARTESIAN_POINT('',(4.105E0,1.201378662820E0,-7.965815103010E-1));
#1892=LINE('',#1891,#1890);
#1893=DIRECTION('',(8.993387903909E-14,5.303311836798E-2,-9.985927540074E-1));
#1894=VECTOR('',#1893,1.619648372640E0);
#1895=CARTESIAN_POINT('',(4.105E0,1.067991655295E0,-1.082630871042E0));
#1896=LINE('',#1895,#1894);
#1897=CARTESIAN_POINT('',(4.105E0,1.420634580262E-1,-4.1E0));
#1898=DIRECTION('',(1.E0,0.E0,0.E0));
#1899=DIRECTION('',(0.E0,-4.296285549543E-12,1.E0));
#1900=AXIS2_PLACEMENT_3D('',#1897,#1898,#1899);
#1902=DIRECTION('',(1.101495524856E-14,-5.233595624304E-2,-9.986295347546E-1));
#1903=VECTOR('',#1902,8.063386547267E-1);
#1904=CARTESIAN_POINT('',(4.105E0,4.220050455069E-2,-4.094766404376E0));
#1905=LINE('',#1904,#1903);
#1906=DIRECTION('',(-1.773922404088E-14,5.233595624291E-2,9.986295347546E-1));
#1907=VECTOR('',#1906,5.006861729990E-1);
#1908=CARTESIAN_POINT('',(4.105E0,1.999999999999E-1,-4.9E0));
#1909=LINE('',#1908,#1907);
#1910=DIRECTION('',(1.E0,0.E0,0.E0));
#1911=VECTOR('',#1910,1.900000000003E-1);
#1912=CARTESIAN_POINT('',(4.105E0,1.067991655295E0,-1.082630871042E0));
#1913=LINE('',#1912,#1911);
#1914=DIRECTION('',(-7.677282356995E-14,5.303311836798E-2,-9.985927540074E-1));
#1915=VECTOR('',#1914,1.619648372640E0);
#1916=CARTESIAN_POINT('',(4.295E0,1.067991655295E0,-1.082630871042E0));
#1917=LINE('',#1916,#1915);
#1918=DIRECTION('',(3.939698457469E-13,-4.226182617425E-1,-9.063077870358E-1));
#1919=VECTOR('',#1918,3.156205483754E-1);
#1920=CARTESIAN_POINT('',(4.295E0,1.201378662820E0,-7.965815103010E-1));
#1921=LINE('',#1920,#1919);
#1922=DIRECTION('',(-6.750155989721E-13,1.110223024625E-13,1.E0));
#1923=VECTOR('',#1922,2.E-1);
#1924=CARTESIAN_POINT('',(4.295E0,1.262198954710E0,-4.4E0));
#1925=LINE('',#1924,#1923);
#1926=DIRECTION('',(1.028782992870E-14,1.E0,-2.486225566103E-14));
#1927=VECTOR('',#1926,1.035995065069E0);
#1928=CARTESIAN_POINT('',(4.295E0,2.262038896414E-1,-4.4E0));
#1929=LINE('',#1928,#1927);
#1930=DIRECTION('',(-2.128706884906E-14,5.233595624291E-2,9.986295347546E-1));
#1931=VECTOR('',#1930,5.006861729990E-1);
#1932=CARTESIAN_POINT('',(4.295E0,1.999999999999E-1,-4.9E0));
#1933=LINE('',#1932,#1931);
#1934=DIRECTION('',(0.E0,1.E0,7.105427357600E-14));
#1935=VECTOR('',#1934,2.E-1);
#1936=CARTESIAN_POINT('',(4.295E0,-1.634028560608E-13,-4.9E0));
#1937=LINE('',#1936,#1935);
#1938=DIRECTION('',(0.E0,-5.233595624304E-2,-9.986295347546E-1));
#1939=VECTOR('',#1938,8.063386547267E-1);
#1940=CARTESIAN_POINT('',(4.295E0,4.220050455069E-2,-4.094766404376E0));
#1941=LINE('',#1940,#1939);
#1942=CARTESIAN_POINT('',(4.295E0,1.420634580262E-1,-4.1E0));
#1943=DIRECTION('',(1.E0,0.E0,0.E0));
#1944=DIRECTION('',(0.E0,-4.296285549543E-12,1.E0));
#1945=AXIS2_PLACEMENT_3D('',#1942,#1943,#1944);
#1947=DIRECTION('',(-6.794564910706E-13,-1.121325254871E-13,-1.E0));
#1948=VECTOR('',#1947,2.E-1);
#1949=CARTESIAN_POINT('',(4.105E0,1.262198954710E0,-4.2E0));
#1950=LINE('',#1949,#1948);
#1951=DIRECTION('',(1.028782992870E-14,1.E0,-2.486225566103E-14));
#1952=VECTOR('',#1951,1.035995065069E0);
#1953=CARTESIAN_POINT('',(4.105E0,2.262038896414E-1,-4.4E0));
#1954=LINE('',#1953,#1952);
#1955=DIRECTION('',(1.E0,0.E0,0.E0));
#1956=VECTOR('',#1955,1.900000000003E-1);
#1957=CARTESIAN_POINT('',(4.105E0,1.262198954710E0,-4.4E0));
#1958=LINE('',#1957,#1956);
#1959=DIRECTION('',(-1.E0,0.E0,0.E0));
#1960=VECTOR('',#1959,1.900000000003E-1);
#1961=CARTESIAN_POINT('',(4.295E0,2.262038896414E-1,-4.4E0));
#1962=LINE('',#1961,#1960);
#1963=DIRECTION('',(1.E0,0.E0,0.E0));
#1964=VECTOR('',#1963,1.900000000003E-1);
#1965=CARTESIAN_POINT('',(4.105E0,1.999999999999E-1,-4.9E0));
#1966=LINE('',#1965,#1964);
#1967=DIRECTION('',(0.E0,1.E0,7.105427357600E-14));
#1968=VECTOR('',#1967,2.E-1);
#1969=CARTESIAN_POINT('',(4.105E0,-1.634028560608E-13,-4.9E0));
#1970=LINE('',#1969,#1968);
#1971=DIRECTION('',(-1.E0,0.E0,0.E0));
#1972=VECTOR('',#1971,1.900000000003E-1);
#1973=CARTESIAN_POINT('',(4.295E0,-1.634028560608E-13,-4.9E0));
#1974=LINE('',#1973,#1972);
#1975=DIRECTION('',(-1.E0,0.E0,0.E0));
#1976=VECTOR('',#1975,1.900000000003E-1);
#1977=CARTESIAN_POINT('',(4.295E0,4.220050455069E-2,-4.094766404376E0));
#1978=LINE('',#1977,#1976);
#1979=DIRECTION('',(1.E0,0.E0,0.E0));
#1980=VECTOR('',#1979,1.900000000003E-1);
#1981=CARTESIAN_POINT('',(4.105E0,1.420634580261E-1,-4.E0));
#1982=LINE('',#1981,#1980);
#1983=DIRECTION('',(-2.498821598228E-12,1.E0,0.E0));
#1984=VECTOR('',#1983,5.793654197394E-2);
#1985=CARTESIAN_POINT('',(4.295E0,1.420634580261E-1,-4.E0));
#1986=LINE('',#1985,#1984);
#1987=DIRECTION('',(-2.330189465832E-12,-1.E0,0.E0));
#1988=VECTOR('',#1987,5.793654197394E-2);
#1989=CARTESIAN_POINT('',(4.105E0,2.E-1,-4.E0));
#1990=LINE('',#1989,#1988);
#1991=DIRECTION('',(-1.E0,0.E0,0.E0));
#1992=VECTOR('',#1991,2.1E-1);
#1993=CARTESIAN_POINT('',(4.305E0,2.E-1,-3.5E0));
#1994=LINE('',#1993,#1992);
#1995=DIRECTION('',(1.E0,0.E0,0.E0));
#1996=VECTOR('',#1995,2.1E-1);
#1997=CARTESIAN_POINT('',(4.095E0,0.E0,-3.5E0));
#1998=LINE('',#1997,#1996);
#1999=DIRECTION('',(0.E0,1.419499438628E-14,1.E0));
#2000=VECTOR('',#1999,7.E-1);
#2001=CARTESIAN_POINT('',(4.305E0,2.E-1,-4.2E0));
#2002=LINE('',#2001,#2000);
#2003=DIRECTION('',(0.E0,-1.E0,0.E0));
#2004=VECTOR('',#2003,2.E-1);
#2005=CARTESIAN_POINT('',(4.305E0,2.E-1,-3.5E0));
#2006=LINE('',#2005,#2004);
#2007=DIRECTION('',(0.E0,-1.418177744551E-14,-1.E0));
#2008=VECTOR('',#2007,7.E-1);
#2009=CARTESIAN_POINT('',(4.305E0,0.E0,-3.5E0));
#2010=LINE('',#2009,#2008);
#2011=DIRECTION('',(0.E0,1.E0,0.E0));
#2012=VECTOR('',#2011,2.E-1);
#2013=CARTESIAN_POINT('',(4.305E0,0.E0,-4.2E0));
#2014=LINE('',#2013,#2012);
#2015=DIRECTION('',(0.E0,1.415534356397E-14,1.E0));
#2016=VECTOR('',#2015,7.E-1);
#2017=CARTESIAN_POINT('',(4.595E0,2.E-1,-4.2E0));
#2018=LINE('',#2017,#2016);
#2019=DIRECTION('',(0.E0,1.E0,0.E0));
#2020=VECTOR('',#2019,2.E-1);
#2021=CARTESIAN_POINT('',(4.595E0,0.E0,-4.2E0));
#2022=LINE('',#2021,#2020);
#2023=DIRECTION('',(0.E0,-1.418177744551E-14,-1.E0));
#2024=VECTOR('',#2023,7.E-1);
#2025=CARTESIAN_POINT('',(4.595E0,0.E0,-3.5E0));
#2026=LINE('',#2025,#2024);
#2027=DIRECTION('',(0.E0,-1.E0,0.E0));
#2028=VECTOR('',#2027,2.E-1);
#2029=CARTESIAN_POINT('',(4.595E0,2.E-1,-3.5E0));
#2030=LINE('',#2029,#2028);
#2031=DIRECTION('',(0.E0,0.E0,-1.E0));
#2032=VECTOR('',#2031,2.E-1);
#2033=CARTESIAN_POINT('',(4.605E0,2.E-1,-4.E0));
#2034=LINE('',#2033,#2032);
#2035=DIRECTION('',(1.E0,0.E0,0.E0));
#2036=VECTOR('',#2035,1.E-2);
#2037=CARTESIAN_POINT('',(4.595E0,2.E-1,-4.2E0));
#2038=LINE('',#2037,#2036);
#2039=DIRECTION('',(1.E0,0.E0,0.E0));
#2040=VECTOR('',#2039,1.E-2);
#2041=CARTESIAN_POINT('',(4.795E0,2.E-1,-4.2E0));
#2042=LINE('',#2041,#2040);
#2043=DIRECTION('',(0.E0,0.E0,-1.E0));
#2044=VECTOR('',#2043,2.E-1);
#2045=CARTESIAN_POINT('',(4.795E0,2.E-1,-4.E0));
#2046=LINE('',#2045,#2044);
#2047=DIRECTION('',(1.E0,0.E0,0.E0));
#2048=VECTOR('',#2047,1.9E-1);
#2049=CARTESIAN_POINT('',(4.605E0,2.E-1,-4.E0));
#2050=LINE('',#2049,#2048);
#2051=DIRECTION('',(-4.615075335892E-13,-4.226182617425E-1,-9.063077870358E-1));
#2052=VECTOR('',#2051,3.156205483754E-1);
#2053=CARTESIAN_POINT('',(4.605E0,1.201378662820E0,-7.965815103010E-1));
#2054=LINE('',#2053,#2052);
#2055=DIRECTION('',(8.993387903909E-14,5.303311836798E-2,-9.985927540074E-1));
#2056=VECTOR('',#2055,1.619648372640E0);
#2057=CARTESIAN_POINT('',(4.605E0,1.067991655295E0,-1.082630871042E0));
#2058=LINE('',#2057,#2056);
#2059=CARTESIAN_POINT('',(4.605E0,1.420634580262E-1,-4.1E0));
#2060=DIRECTION('',(1.E0,0.E0,0.E0));
#2061=DIRECTION('',(0.E0,-4.296285549543E-12,1.E0));
#2062=AXIS2_PLACEMENT_3D('',#2059,#2060,#2061);
#2064=DIRECTION('',(1.101495524856E-14,-5.233595624304E-2,-9.986295347546E-1));
#2065=VECTOR('',#2064,8.063386547267E-1);
#2066=CARTESIAN_POINT('',(4.605E0,4.220050455069E-2,-4.094766404376E0));
#2067=LINE('',#2066,#2065);
#2068=DIRECTION('',(-1.951314644497E-14,5.233595624291E-2,9.986295347546E-1));
#2069=VECTOR('',#2068,5.006861729990E-1);
#2070=CARTESIAN_POINT('',(4.605E0,1.999999999999E-1,-4.9E0));
#2071=LINE('',#2070,#2069);
#2072=DIRECTION('',(1.E0,0.E0,0.E0));
#2073=VECTOR('',#2072,1.900000000003E-1);
#2074=CARTESIAN_POINT('',(4.605E0,1.067991655295E0,-1.082630871042E0));
#2075=LINE('',#2074,#2073);
#2076=DIRECTION('',(-7.677282356995E-14,5.303311836798E-2,-9.985927540074E-1));
#2077=VECTOR('',#2076,1.619648372640E0);
#2078=CARTESIAN_POINT('',(4.795E0,1.067991655295E0,-1.082630871042E0));
#2079=LINE('',#2078,#2077);
#2080=DIRECTION('',(3.939698457469E-13,-4.226182617425E-1,-9.063077870358E-1));
#2081=VECTOR('',#2080,3.156205483754E-1);
#2082=CARTESIAN_POINT('',(4.795E0,1.201378662820E0,-7.965815103010E-1));
#2083=LINE('',#2082,#2081);
#2084=DIRECTION('',(-6.750155989721E-13,1.110223024625E-13,1.E0));
#2085=VECTOR('',#2084,2.E-1);
#2086=CARTESIAN_POINT('',(4.795E0,1.262198954710E0,-4.4E0));
#2087=LINE('',#2086,#2085);
#2088=DIRECTION('',(0.E0,1.E0,-2.486225566103E-14));
#2089=VECTOR('',#2088,1.035995065069E0);
#2090=CARTESIAN_POINT('',(4.795E0,2.262038896414E-1,-4.4E0));
#2091=LINE('',#2090,#2089);
#2092=DIRECTION('',(-2.128706884906E-14,5.233595624291E-2,9.986295347546E-1));
#2093=VECTOR('',#2092,5.006861729990E-1);
#2094=CARTESIAN_POINT('',(4.795E0,1.999999999999E-1,-4.9E0));
#2095=LINE('',#2094,#2093);
#2096=DIRECTION('',(0.E0,1.E0,7.105427357600E-14));
#2097=VECTOR('',#2096,2.E-1);
#2098=CARTESIAN_POINT('',(4.795E0,-1.634028560608E-13,-4.9E0));
#2099=LINE('',#2098,#2097);
#2100=DIRECTION('',(0.E0,-5.233595624304E-2,-9.986295347546E-1));
#2101=VECTOR('',#2100,8.063386547267E-1);
#2102=CARTESIAN_POINT('',(4.795E0,4.220050455069E-2,-4.094766404376E0));
#2103=LINE('',#2102,#2101);
#2104=CARTESIAN_POINT('',(4.795E0,1.420634580262E-1,-4.1E0));
#2105=DIRECTION('',(1.E0,0.E0,0.E0));
#2106=DIRECTION('',(0.E0,-4.296285549543E-12,1.E0));
#2107=AXIS2_PLACEMENT_3D('',#2104,#2105,#2106);
#2109=DIRECTION('',(-6.794564910706E-13,-1.121325254871E-13,-1.E0));
#2110=VECTOR('',#2109,2.E-1);
#2111=CARTESIAN_POINT('',(4.605E0,1.262198954710E0,-4.2E0));
#2112=LINE('',#2111,#2110);
#2113=DIRECTION('',(1.028782992870E-14,1.E0,-2.486225566103E-14));
#2114=VECTOR('',#2113,1.035995065069E0);
#2115=CARTESIAN_POINT('',(4.605E0,2.262038896414E-1,-4.4E0));
#2116=LINE('',#2115,#2114);
#2117=DIRECTION('',(1.E0,0.E0,0.E0));
#2118=VECTOR('',#2117,1.900000000003E-1);
#2119=CARTESIAN_POINT('',(4.605E0,1.262198954710E0,-4.4E0));
#2120=LINE('',#2119,#2118);
#2121=DIRECTION('',(-1.E0,0.E0,0.E0));
#2122=VECTOR('',#2121,1.900000000003E-1);
#2123=CARTESIAN_POINT('',(4.795E0,2.262038896414E-1,-4.4E0));
#2124=LINE('',#2123,#2122);
#2125=DIRECTION('',(1.E0,0.E0,0.E0));
#2126=VECTOR('',#2125,1.900000000003E-1);
#2127=CARTESIAN_POINT('',(4.605E0,1.999999999999E-1,-4.9E0));
#2128=LINE('',#2127,#2126);
#2129=DIRECTION('',(0.E0,1.E0,7.105427357600E-14));
#2130=VECTOR('',#2129,2.E-1);
#2131=CARTESIAN_POINT('',(4.605E0,-1.634028560608E-13,-4.9E0));
#2132=LINE('',#2131,#2130);
#2133=DIRECTION('',(-1.E0,0.E0,0.E0));
#2134=VECTOR('',#2133,1.900000000003E-1);
#2135=CARTESIAN_POINT('',(4.795E0,-1.634028560608E-13,-4.9E0));
#2136=LINE('',#2135,#2134);
#2137=DIRECTION('',(-1.E0,0.E0,0.E0));
#2138=VECTOR('',#2137,1.900000000003E-1);
#2139=CARTESIAN_POINT('',(4.795E0,4.220050455069E-2,-4.094766404376E0));
#2140=LINE('',#2139,#2138);
#2141=DIRECTION('',(1.E0,0.E0,0.E0));
#2142=VECTOR('',#2141,1.900000000003E-1);
#2143=CARTESIAN_POINT('',(4.605E0,1.420634580261E-1,-4.E0));
#2144=LINE('',#2143,#2142);
#2145=DIRECTION('',(-2.498821598228E-12,1.E0,0.E0));
#2146=VECTOR('',#2145,5.793654197394E-2);
#2147=CARTESIAN_POINT('',(4.795E0,1.420634580261E-1,-4.E0));
#2148=LINE('',#2147,#2146);
#2149=DIRECTION('',(-2.330189465832E-12,-1.E0,0.E0));
#2150=VECTOR('',#2149,5.793654197394E-2);
#2151=CARTESIAN_POINT('',(4.605E0,2.E-1,-4.E0));
#2152=LINE('',#2151,#2150);
#2153=DIRECTION('',(-1.E0,0.E0,0.E0));
#2154=VECTOR('',#2153,2.1E-1);
#2155=CARTESIAN_POINT('',(4.805E0,2.E-1,-3.5E0));
#2156=LINE('',#2155,#2154);
#2157=DIRECTION('',(1.E0,0.E0,0.E0));
#2158=VECTOR('',#2157,2.1E-1);
#2159=CARTESIAN_POINT('',(4.595E0,0.E0,-3.5E0));
#2160=LINE('',#2159,#2158);
#2161=DIRECTION('',(0.E0,1.419499438628E-14,1.E0));
#2162=VECTOR('',#2161,7.E-1);
#2163=CARTESIAN_POINT('',(4.805E0,2.E-1,-4.2E0));
#2164=LINE('',#2163,#2162);
#2165=DIRECTION('',(0.E0,-1.E0,0.E0));
#2166=VECTOR('',#2165,2.E-1);
#2167=CARTESIAN_POINT('',(4.805E0,2.E-1,-3.5E0));
#2168=LINE('',#2167,#2166);
#2169=DIRECTION('',(0.E0,-1.418177744551E-14,-1.E0));
#2170=VECTOR('',#2169,7.E-1);
#2171=CARTESIAN_POINT('',(4.805E0,0.E0,-3.5E0));
#2172=LINE('',#2171,#2170);
#2173=DIRECTION('',(0.E0,1.E0,0.E0));
#2174=VECTOR('',#2173,2.E-1);
#2175=CARTESIAN_POINT('',(4.805E0,0.E0,-4.2E0));
#2176=LINE('',#2175,#2174);
#2177=DIRECTION('',(0.E0,1.415534356397E-14,1.E0));
#2178=VECTOR('',#2177,7.E-1);
#2179=CARTESIAN_POINT('',(5.095E0,2.E-1,-4.2E0));
#2180=LINE('',#2179,#2178);
#2181=DIRECTION('',(0.E0,1.E0,0.E0));
#2182=VECTOR('',#2181,2.E-1);
#2183=CARTESIAN_POINT('',(5.095E0,0.E0,-4.2E0));
#2184=LINE('',#2183,#2182);
#2185=DIRECTION('',(0.E0,-1.418177744551E-14,-1.E0));
#2186=VECTOR('',#2185,7.E-1);
#2187=CARTESIAN_POINT('',(5.095E0,0.E0,-3.5E0));
#2188=LINE('',#2187,#2186);
#2189=DIRECTION('',(0.E0,-1.E0,0.E0));
#2190=VECTOR('',#2189,2.E-1);
#2191=CARTESIAN_POINT('',(5.095E0,2.E-1,-3.5E0));
#2192=LINE('',#2191,#2190);
#2193=DIRECTION('',(0.E0,0.E0,-1.E0));
#2194=VECTOR('',#2193,2.E-1);
#2195=CARTESIAN_POINT('',(5.105E0,2.E-1,-4.E0));
#2196=LINE('',#2195,#2194);
#2197=DIRECTION('',(1.E0,0.E0,0.E0));
#2198=VECTOR('',#2197,1.E-2);
#2199=CARTESIAN_POINT('',(5.095E0,2.E-1,-4.2E0));
#2200=LINE('',#2199,#2198);
#2201=DIRECTION('',(1.E0,0.E0,0.E0));
#2202=VECTOR('',#2201,1.E-2);
#2203=CARTESIAN_POINT('',(5.295E0,2.E-1,-4.2E0));
#2204=LINE('',#2203,#2202);
#2205=DIRECTION('',(0.E0,0.E0,-1.E0));
#2206=VECTOR('',#2205,2.E-1);
#2207=CARTESIAN_POINT('',(5.295E0,2.E-1,-4.E0));
#2208=LINE('',#2207,#2206);
#2209=DIRECTION('',(1.E0,0.E0,0.E0));
#2210=VECTOR('',#2209,1.9E-1);
#2211=CARTESIAN_POINT('',(5.105E0,2.E-1,-4.E0));
#2212=LINE('',#2211,#2210);
#2213=DIRECTION('',(-4.671356742428E-13,-4.226182617425E-1,-9.063077870358E-1));
#2214=VECTOR('',#2213,3.156205483754E-1);
#2215=CARTESIAN_POINT('',(5.105E0,1.201378662820E0,-7.965815103010E-1));
#2216=LINE('',#2215,#2214);
#2217=DIRECTION('',(9.103063366152E-14,5.303311836798E-2,-9.985927540074E-1));
#2218=VECTOR('',#2217,1.619648372640E0);
#2219=CARTESIAN_POINT('',(5.105E0,1.067991655295E0,-1.082630871042E0));
#2220=LINE('',#2219,#2218);
#2221=CARTESIAN_POINT('',(5.105E0,1.420634580262E-1,-4.1E0));
#2222=DIRECTION('',(1.E0,0.E0,0.E0));
#2223=DIRECTION('',(0.E0,-4.296285549543E-12,1.E0));
#2224=AXIS2_PLACEMENT_3D('',#2221,#2222,#2223);
#2226=DIRECTION('',(1.101495524856E-14,-5.233595624304E-2,-9.986295347546E-1));
#2227=VECTOR('',#2226,8.063386547267E-1);
#2228=CARTESIAN_POINT('',(5.105E0,4.220050455069E-2,-4.094766404376E0));
#2229=LINE('',#2228,#2227);
#2230=DIRECTION('',(-2.128706884906E-14,5.233595624291E-2,9.986295347546E-1));
#2231=VECTOR('',#2230,5.006861729990E-1);
#2232=CARTESIAN_POINT('',(5.105E0,1.999999999999E-1,-4.9E0));
#2233=LINE('',#2232,#2231);
#2234=DIRECTION('',(1.E0,0.E0,0.E0));
#2235=VECTOR('',#2234,1.900000000003E-1);
#2236=CARTESIAN_POINT('',(5.105E0,1.067991655295E0,-1.082630871042E0));
#2237=LINE('',#2236,#2235);
#2238=DIRECTION('',(-7.677282356995E-14,5.303311836798E-2,-9.985927540074E-1));
#2239=VECTOR('',#2238,1.619648372640E0);
#2240=CARTESIAN_POINT('',(5.295E0,1.067991655295E0,-1.082630871042E0));
#2241=LINE('',#2240,#2239);
#2242=DIRECTION('',(3.939698457469E-13,-4.226182617425E-1,-9.063077870358E-1));
#2243=VECTOR('',#2242,3.156205483754E-1);
#2244=CARTESIAN_POINT('',(5.295E0,1.201378662820E0,-7.965815103010E-1));
#2245=LINE('',#2244,#2243);
#2246=DIRECTION('',(-6.750155989721E-13,1.110223024625E-13,1.E0));
#2247=VECTOR('',#2246,2.E-1);
#2248=CARTESIAN_POINT('',(5.295E0,1.262198954710E0,-4.4E0));
#2249=LINE('',#2248,#2247);
#2250=DIRECTION('',(1.028782992870E-14,1.E0,-2.486225566103E-14));
#2251=VECTOR('',#2250,1.035995065069E0);
#2252=CARTESIAN_POINT('',(5.295E0,2.262038896414E-1,-4.4E0));
#2253=LINE('',#2252,#2251);
#2254=DIRECTION('',(-2.128706884906E-14,5.233595624291E-2,9.986295347546E-1));
#2255=VECTOR('',#2254,5.006861729990E-1);
#2256=CARTESIAN_POINT('',(5.295E0,1.999999999999E-1,-4.9E0));
#2257=LINE('',#2256,#2255);
#2258=DIRECTION('',(0.E0,1.E0,7.105427357600E-14));
#2259=VECTOR('',#2258,2.E-1);
#2260=CARTESIAN_POINT('',(5.295E0,-1.634028560608E-13,-4.9E0));
#2261=LINE('',#2260,#2259);
#2262=DIRECTION('',(0.E0,-5.233595624304E-2,-9.986295347546E-1));
#2263=VECTOR('',#2262,8.063386547267E-1);
#2264=CARTESIAN_POINT('',(5.295E0,4.220050455069E-2,-4.094766404376E0));
#2265=LINE('',#2264,#2263);
#2266=CARTESIAN_POINT('',(5.295E0,1.420634580262E-1,-4.1E0));
#2267=DIRECTION('',(1.E0,0.E0,0.E0));
#2268=DIRECTION('',(0.E0,-4.296285549543E-12,1.E0));
#2269=AXIS2_PLACEMENT_3D('',#2266,#2267,#2268);
#2271=DIRECTION('',(-6.838973831691E-13,-1.121325254871E-13,-1.E0));
#2272=VECTOR('',#2271,2.E-1);
#2273=CARTESIAN_POINT('',(5.105E0,1.262198954710E0,-4.2E0));
#2274=LINE('',#2273,#2272);
#2275=DIRECTION('',(0.E0,1.E0,-2.486225566103E-14));
#2276=VECTOR('',#2275,1.035995065069E0);
#2277=CARTESIAN_POINT('',(5.105E0,2.262038896414E-1,-4.4E0));
#2278=LINE('',#2277,#2276);
#2279=DIRECTION('',(1.E0,0.E0,0.E0));
#2280=VECTOR('',#2279,1.900000000003E-1);
#2281=CARTESIAN_POINT('',(5.105E0,1.262198954710E0,-4.4E0));
#2282=LINE('',#2281,#2280);
#2283=DIRECTION('',(-1.E0,0.E0,0.E0));
#2284=VECTOR('',#2283,1.900000000003E-1);
#2285=CARTESIAN_POINT('',(5.295E0,2.262038896414E-1,-4.4E0));
#2286=LINE('',#2285,#2284);
#2287=DIRECTION('',(1.E0,0.E0,0.E0));
#2288=VECTOR('',#2287,1.900000000003E-1);
#2289=CARTESIAN_POINT('',(5.105E0,1.999999999999E-1,-4.9E0));
#2290=LINE('',#2289,#2288);
#2291=DIRECTION('',(0.E0,1.E0,7.105427357600E-14));
#2292=VECTOR('',#2291,2.E-1);
#2293=CARTESIAN_POINT('',(5.105E0,-1.634028560608E-13,-4.9E0));
#2294=LINE('',#2293,#2292);
#2295=DIRECTION('',(-1.E0,0.E0,0.E0));
#2296=VECTOR('',#2295,1.900000000003E-1);
#2297=CARTESIAN_POINT('',(5.295E0,-1.634028560608E-13,-4.9E0));
#2298=LINE('',#2297,#2296);
#2299=DIRECTION('',(-1.E0,0.E0,0.E0));
#2300=VECTOR('',#2299,1.900000000003E-1);
#2301=CARTESIAN_POINT('',(5.295E0,4.220050455069E-2,-4.094766404376E0));
#2302=LINE('',#2301,#2300);
#2303=DIRECTION('',(1.E0,0.E0,0.E0));
#2304=VECTOR('',#2303,1.900000000003E-1);
#2305=CARTESIAN_POINT('',(5.105E0,1.420634580261E-1,-4.E0));
#2306=LINE('',#2305,#2304);
#2307=DIRECTION('',(-2.483491404374E-12,1.E0,0.E0));
#2308=VECTOR('',#2307,5.793654197394E-2);
#2309=CARTESIAN_POINT('',(5.295E0,1.420634580261E-1,-4.E0));
#2310=LINE('',#2309,#2308);
#2311=DIRECTION('',(-2.330189465832E-12,-1.E0,0.E0));
#2312=VECTOR('',#2311,5.793654197394E-2);
#2313=CARTESIAN_POINT('',(5.105E0,2.E-1,-4.E0));
#2314=LINE('',#2313,#2312);
#2315=DIRECTION('',(-1.E0,0.E0,0.E0));
#2316=VECTOR('',#2315,2.1E-1);
#2317=CARTESIAN_POINT('',(5.305E0,2.E-1,-3.5E0));
#2318=LINE('',#2317,#2316);
#2319=DIRECTION('',(1.E0,0.E0,0.E0));
#2320=VECTOR('',#2319,2.1E-1);
#2321=CARTESIAN_POINT('',(5.095E0,0.E0,-3.5E0));
#2322=LINE('',#2321,#2320);
#2323=DIRECTION('',(0.E0,1.419499438628E-14,1.E0));
#2324=VECTOR('',#2323,7.E-1);
#2325=CARTESIAN_POINT('',(5.305E0,2.E-1,-4.2E0));
#2326=LINE('',#2325,#2324);
#2327=DIRECTION('',(0.E0,-1.E0,0.E0));
#2328=VECTOR('',#2327,2.E-1);
#2329=CARTESIAN_POINT('',(5.305E0,2.E-1,-3.5E0));
#2330=LINE('',#2329,#2328);
#2331=DIRECTION('',(0.E0,-1.418177744551E-14,-1.E0));
#2332=VECTOR('',#2331,7.E-1);
#2333=CARTESIAN_POINT('',(5.305E0,0.E0,-3.5E0));
#2334=LINE('',#2333,#2332);
#2335=DIRECTION('',(0.E0,1.E0,0.E0));
#2336=VECTOR('',#2335,2.E-1);
#2337=CARTESIAN_POINT('',(5.305E0,0.E0,-4.2E0));
#2338=LINE('',#2337,#2336);
#2339=DIRECTION('',(0.E0,1.415534356397E-14,1.E0));
#2340=VECTOR('',#2339,7.E-1);
#2341=CARTESIAN_POINT('',(5.595E0,2.E-1,-4.2E0));
#2342=LINE('',#2341,#2340);
#2343=DIRECTION('',(0.E0,1.E0,0.E0));
#2344=VECTOR('',#2343,2.E-1);
#2345=CARTESIAN_POINT('',(5.595E0,0.E0,-4.2E0));
#2346=LINE('',#2345,#2344);
#2347=DIRECTION('',(0.E0,-1.418177744551E-14,-1.E0));
#2348=VECTOR('',#2347,7.E-1);
#2349=CARTESIAN_POINT('',(5.595E0,0.E0,-3.5E0));
#2350=LINE('',#2349,#2348);
#2351=DIRECTION('',(0.E0,-1.E0,0.E0));
#2352=VECTOR('',#2351,2.E-1);
#2353=CARTESIAN_POINT('',(5.595E0,2.E-1,-3.5E0));
#2354=LINE('',#2353,#2352);
#2355=DIRECTION('',(0.E0,0.E0,-1.E0));
#2356=VECTOR('',#2355,2.E-1);
#2357=CARTESIAN_POINT('',(5.605E0,2.E-1,-4.E0));
#2358=LINE('',#2357,#2356);
#2359=DIRECTION('',(1.E0,0.E0,0.E0));
#2360=VECTOR('',#2359,1.E-2);
#2361=CARTESIAN_POINT('',(5.595E0,2.E-1,-4.2E0));
#2362=LINE('',#2361,#2360);
#2363=DIRECTION('',(1.E0,0.E0,0.E0));
#2364=VECTOR('',#2363,1.E-2);
#2365=CARTESIAN_POINT('',(5.795E0,2.E-1,-4.2E0));
#2366=LINE('',#2365,#2364);
#2367=DIRECTION('',(0.E0,0.E0,-1.E0));
#2368=VECTOR('',#2367,2.E-1);
#2369=CARTESIAN_POINT('',(5.795E0,2.E-1,-4.E0));
#2370=LINE('',#2369,#2368);
#2371=DIRECTION('',(1.E0,0.E0,0.E0));
#2372=VECTOR('',#2371,1.9E-1);
#2373=CARTESIAN_POINT('',(5.605E0,2.E-1,-4.E0));
#2374=LINE('',#2373,#2372);
#2375=DIRECTION('',(-4.671356742428E-13,-4.226182617425E-1,-9.063077870358E-1));
#2376=VECTOR('',#2375,3.156205483754E-1);
#2377=CARTESIAN_POINT('',(5.605E0,1.201378662820E0,-7.965815103010E-1));
#2378=LINE('',#2377,#2376);
#2379=DIRECTION('',(9.103063366152E-14,5.303311836798E-2,-9.985927540074E-1));
#2380=VECTOR('',#2379,1.619648372640E0);
#2381=CARTESIAN_POINT('',(5.605E0,1.067991655295E0,-1.082630871042E0));
#2382=LINE('',#2381,#2380);
#2383=CARTESIAN_POINT('',(5.605E0,1.420634580262E-1,-4.1E0));
#2384=DIRECTION('',(1.E0,0.E0,0.E0));
#2385=DIRECTION('',(0.E0,-4.296285549543E-12,1.E0));
#2386=AXIS2_PLACEMENT_3D('',#2383,#2384,#2385);
#2388=DIRECTION('',(1.101495524856E-14,-5.233595624304E-2,-9.986295347546E-1));
#2389=VECTOR('',#2388,8.063386547267E-1);
#2390=CARTESIAN_POINT('',(5.605E0,4.220050455069E-2,-4.094766404376E0));
#2391=LINE('',#2390,#2389);
#2392=DIRECTION('',(-1.773922404088E-14,5.233595624291E-2,9.986295347546E-1));
#2393=VECTOR('',#2392,5.006861729990E-1);
#2394=CARTESIAN_POINT('',(5.605E0,1.999999999999E-1,-4.9E0));
#2395=LINE('',#2394,#2393);
#2396=DIRECTION('',(1.E0,0.E0,0.E0));
#2397=VECTOR('',#2396,1.900000000003E-1);
#2398=CARTESIAN_POINT('',(5.605E0,1.067991655295E0,-1.082630871042E0));
#2399=LINE('',#2398,#2397);
#2400=DIRECTION('',(-7.677282356995E-14,5.303311836798E-2,-9.985927540074E-1));
#2401=VECTOR('',#2400,1.619648372640E0);
#2402=CARTESIAN_POINT('',(5.795E0,1.067991655295E0,-1.082630871042E0));
#2403=LINE('',#2402,#2401);
#2404=DIRECTION('',(3.939698457469E-13,-4.226182617425E-1,-9.063077870358E-1));
#2405=VECTOR('',#2404,3.156205483754E-1);
#2406=CARTESIAN_POINT('',(5.795E0,1.201378662820E0,-7.965815103010E-1));
#2407=LINE('',#2406,#2405);
#2408=DIRECTION('',(-6.750155989721E-13,1.110223024625E-13,1.E0));
#2409=VECTOR('',#2408,2.E-1);
#2410=CARTESIAN_POINT('',(5.795E0,1.262198954710E0,-4.4E0));
#2411=LINE('',#2410,#2409);
#2412=DIRECTION('',(1.028782992870E-14,1.E0,-2.486225566103E-14));
#2413=VECTOR('',#2412,1.035995065069E0);
#2414=CARTESIAN_POINT('',(5.795E0,2.262038896414E-1,-4.4E0));
#2415=LINE('',#2414,#2413);
#2416=DIRECTION('',(-2.128706884906E-14,5.233595624291E-2,9.986295347546E-1));
#2417=VECTOR('',#2416,5.006861729990E-1);
#2418=CARTESIAN_POINT('',(5.795E0,1.999999999999E-1,-4.9E0));
#2419=LINE('',#2418,#2417);
#2420=DIRECTION('',(0.E0,1.E0,7.105427357600E-14));
#2421=VECTOR('',#2420,2.E-1);
#2422=CARTESIAN_POINT('',(5.795E0,-1.634028560608E-13,-4.9E0));
#2423=LINE('',#2422,#2421);
#2424=DIRECTION('',(0.E0,-5.233595624304E-2,-9.986295347546E-1));
#2425=VECTOR('',#2424,8.063386547267E-1);
#2426=CARTESIAN_POINT('',(5.795E0,4.220050455069E-2,-4.094766404376E0));
#2427=LINE('',#2426,#2425);
#2428=CARTESIAN_POINT('',(5.795E0,1.420634580262E-1,-4.1E0));
#2429=DIRECTION('',(1.E0,0.E0,0.E0));
#2430=DIRECTION('',(0.E0,-4.296285549543E-12,1.E0));
#2431=AXIS2_PLACEMENT_3D('',#2428,#2429,#2430);
#2433=DIRECTION('',(-6.838973831691E-13,-1.121325254871E-13,-1.E0));
#2434=VECTOR('',#2433,2.E-1);
#2435=CARTESIAN_POINT('',(5.605E0,1.262198954710E0,-4.2E0));
#2436=LINE('',#2435,#2434);
#2437=DIRECTION('',(0.E0,1.E0,-2.486225566103E-14));
#2438=VECTOR('',#2437,1.035995065069E0);
#2439=CARTESIAN_POINT('',(5.605E0,2.262038896414E-1,-4.4E0));
#2440=LINE('',#2439,#2438);
#2441=DIRECTION('',(1.E0,0.E0,0.E0));
#2442=VECTOR('',#2441,1.900000000003E-1);
#2443=CARTESIAN_POINT('',(5.605E0,1.262198954710E0,-4.4E0));
#2444=LINE('',#2443,#2442);
#2445=DIRECTION('',(-1.E0,0.E0,0.E0));
#2446=VECTOR('',#2445,1.900000000003E-1);
#2447=CARTESIAN_POINT('',(5.795E0,2.262038896414E-1,-4.4E0));
#2448=LINE('',#2447,#2446);
#2449=DIRECTION('',(1.E0,0.E0,0.E0));
#2450=VECTOR('',#2449,1.900000000003E-1);
#2451=CARTESIAN_POINT('',(5.605E0,1.999999999999E-1,-4.9E0));
#2452=LINE('',#2451,#2450);
#2453=DIRECTION('',(0.E0,1.E0,7.105427357600E-14));
#2454=VECTOR('',#2453,2.E-1);
#2455=CARTESIAN_POINT('',(5.605E0,-1.634028560608E-13,-4.9E0));
#2456=LINE('',#2455,#2454);
#2457=DIRECTION('',(-1.E0,0.E0,0.E0));
#2458=VECTOR('',#2457,1.900000000003E-1);
#2459=CARTESIAN_POINT('',(5.795E0,-1.634028560608E-13,-4.9E0));
#2460=LINE('',#2459,#2458);
#2461=DIRECTION('',(-1.E0,0.E0,0.E0));
#2462=VECTOR('',#2461,1.900000000003E-1);
#2463=CARTESIAN_POINT('',(5.795E0,4.220050455069E-2,-4.094766404376E0));
#2464=LINE('',#2463,#2462);
#2465=DIRECTION('',(1.E0,0.E0,0.E0));
#2466=VECTOR('',#2465,1.900000000003E-1);
#2467=CARTESIAN_POINT('',(5.605E0,1.420634580261E-1,-4.E0));
#2468=LINE('',#2467,#2466);
#2469=DIRECTION('',(-2.498821598228E-12,1.E0,0.E0));
#2470=VECTOR('',#2469,5.793654197394E-2);
#2471=CARTESIAN_POINT('',(5.795E0,1.420634580261E-1,-4.E0));
#2472=LINE('',#2471,#2470);
#2473=DIRECTION('',(-2.330189465832E-12,-1.E0,0.E0));
#2474=VECTOR('',#2473,5.793654197394E-2);
#2475=CARTESIAN_POINT('',(5.605E0,2.E-1,-4.E0));
#2476=LINE('',#2475,#2474);
#2477=DIRECTION('',(-1.E0,0.E0,0.E0));
#2478=VECTOR('',#2477,2.1E-1);
#2479=CARTESIAN_POINT('',(5.805E0,2.E-1,-3.5E0));
#2480=LINE('',#2479,#2478);
#2481=DIRECTION('',(1.E0,0.E0,0.E0));
#2482=VECTOR('',#2481,2.1E-1);
#2483=CARTESIAN_POINT('',(5.595E0,0.E0,-3.5E0));
#2484=LINE('',#2483,#2482);
#2485=DIRECTION('',(0.E0,1.419499438628E-14,1.E0));
#2486=VECTOR('',#2485,7.E-1);
#2487=CARTESIAN_POINT('',(5.805E0,2.E-1,-4.2E0));
#2488=LINE('',#2487,#2486);
#2489=DIRECTION('',(0.E0,-1.E0,0.E0));
#2490=VECTOR('',#2489,2.E-1);
#2491=CARTESIAN_POINT('',(5.805E0,2.E-1,-3.5E0));
#2492=LINE('',#2491,#2490);
#2493=DIRECTION('',(0.E0,-1.418177744551E-14,-1.E0));
#2494=VECTOR('',#2493,7.E-1);
#2495=CARTESIAN_POINT('',(5.805E0,0.E0,-3.5E0));
#2496=LINE('',#2495,#2494);
#2497=DIRECTION('',(0.E0,1.E0,0.E0));
#2498=VECTOR('',#2497,2.E-1);
#2499=CARTESIAN_POINT('',(5.805E0,0.E0,-4.2E0));
#2500=LINE('',#2499,#2498);
#2501=DIRECTION('',(0.E0,1.415534356397E-14,1.E0));
#2502=VECTOR('',#2501,7.E-1);
#2503=CARTESIAN_POINT('',(6.095E0,2.E-1,-4.2E0));
#2504=LINE('',#2503,#2502);
#2505=DIRECTION('',(0.E0,1.E0,0.E0));
#2506=VECTOR('',#2505,2.E-1);
#2507=CARTESIAN_POINT('',(6.095E0,0.E0,-4.2E0));
#2508=LINE('',#2507,#2506);
#2509=DIRECTION('',(0.E0,-1.418177744551E-14,-1.E0));
#2510=VECTOR('',#2509,7.E-1);
#2511=CARTESIAN_POINT('',(6.095E0,0.E0,-3.5E0));
#2512=LINE('',#2511,#2510);
#2513=DIRECTION('',(0.E0,-1.E0,0.E0));
#2514=VECTOR('',#2513,2.E-1);
#2515=CARTESIAN_POINT('',(6.095E0,2.E-1,-3.5E0));
#2516=LINE('',#2515,#2514);
#2517=DIRECTION('',(0.E0,0.E0,-1.E0));
#2518=VECTOR('',#2517,2.E-1);
#2519=CARTESIAN_POINT('',(6.105E0,2.E-1,-4.E0));
#2520=LINE('',#2519,#2518);
#2521=DIRECTION('',(1.E0,0.E0,0.E0));
#2522=VECTOR('',#2521,1.E-2);
#2523=CARTESIAN_POINT('',(6.095E0,2.E-1,-4.2E0));
#2524=LINE('',#2523,#2522);
#2525=DIRECTION('',(1.E0,0.E0,0.E0));
#2526=VECTOR('',#2525,1.E-2);
#2527=CARTESIAN_POINT('',(6.295E0,2.E-1,-4.2E0));
#2528=LINE('',#2527,#2526);
#2529=DIRECTION('',(0.E0,0.E0,-1.E0));
#2530=VECTOR('',#2529,2.E-1);
#2531=CARTESIAN_POINT('',(6.295E0,2.E-1,-4.E0));
#2532=LINE('',#2531,#2530);
#2533=DIRECTION('',(1.E0,0.E0,0.E0));
#2534=VECTOR('',#2533,1.9E-1);
#2535=CARTESIAN_POINT('',(6.105E0,2.E-1,-4.E0));
#2536=LINE('',#2535,#2534);
#2537=DIRECTION('',(-4.586934632625E-13,-4.226182617425E-1,-9.063077870358E-1));
#2538=VECTOR('',#2537,3.156205483754E-1);
#2539=CARTESIAN_POINT('',(6.105E0,1.201378662820E0,-7.965815103010E-1));
#2540=LINE('',#2539,#2538);
#2541=DIRECTION('',(8.993387903909E-14,5.303311836798E-2,-9.985927540074E-1));
#2542=VECTOR('',#2541,1.619648372640E0);
#2543=CARTESIAN_POINT('',(6.105E0,1.067991655295E0,-1.082630871042E0));
#2544=LINE('',#2543,#2542);
#2545=CARTESIAN_POINT('',(6.105E0,1.420634580262E-1,-4.1E0));
#2546=DIRECTION('',(1.E0,0.E0,0.E0));
#2547=DIRECTION('',(0.E0,-4.296285549543E-12,1.E0));
#2548=AXIS2_PLACEMENT_3D('',#2545,#2546,#2547);
#2550=DIRECTION('',(1.101495524856E-14,-5.233595624304E-2,-9.986295347546E-1));
#2551=VECTOR('',#2550,8.063386547267E-1);
#2552=CARTESIAN_POINT('',(6.105E0,4.220050455069E-2,-4.094766404376E0));
#2553=LINE('',#2552,#2551);
#2554=DIRECTION('',(-1.773922404088E-14,5.233595624291E-2,9.986295347546E-1));
#2555=VECTOR('',#2554,5.006861729990E-1);
#2556=CARTESIAN_POINT('',(6.105E0,1.999999999999E-1,-4.9E0));
#2557=LINE('',#2556,#2555);
#2558=DIRECTION('',(1.E0,0.E0,0.E0));
#2559=VECTOR('',#2558,1.900000000003E-1);
#2560=CARTESIAN_POINT('',(6.105E0,1.067991655295E0,-1.082630871042E0));
#2561=LINE('',#2560,#2559);
#2562=DIRECTION('',(-7.677282356995E-14,5.303311836798E-2,-9.985927540074E-1));
#2563=VECTOR('',#2562,1.619648372640E0);
#2564=CARTESIAN_POINT('',(6.295E0,1.067991655295E0,-1.082630871042E0));
#2565=LINE('',#2564,#2563);
#2566=DIRECTION('',(3.939698457469E-13,-4.226182617425E-1,-9.063077870358E-1));
#2567=VECTOR('',#2566,3.156205483754E-1);
#2568=CARTESIAN_POINT('',(6.295E0,1.201378662820E0,-7.965815103010E-1));
#2569=LINE('',#2568,#2567);
#2570=DIRECTION('',(-6.750155989721E-13,1.110223024625E-13,1.E0));
#2571=VECTOR('',#2570,2.E-1);
#2572=CARTESIAN_POINT('',(6.295E0,1.262198954710E0,-4.4E0));
#2573=LINE('',#2572,#2571);
#2574=DIRECTION('',(0.E0,1.E0,-2.486225566103E-14));
#2575=VECTOR('',#2574,1.035995065069E0);
#2576=CARTESIAN_POINT('',(6.295E0,2.262038896414E-1,-4.4E0));
#2577=LINE('',#2576,#2575);
#2578=DIRECTION('',(-2.128706884906E-14,5.233595624291E-2,9.986295347546E-1));
#2579=VECTOR('',#2578,5.006861729990E-1);
#2580=CARTESIAN_POINT('',(6.295E0,1.999999999999E-1,-4.9E0));
#2581=LINE('',#2580,#2579);
#2582=DIRECTION('',(0.E0,1.E0,7.105427357600E-14));
#2583=VECTOR('',#2582,2.E-1);
#2584=CARTESIAN_POINT('',(6.295E0,-1.634028560608E-13,-4.9E0));
#2585=LINE('',#2584,#2583);
#2586=DIRECTION('',(0.E0,-5.233595624304E-2,-9.986295347546E-1));
#2587=VECTOR('',#2586,8.063386547267E-1);
#2588=CARTESIAN_POINT('',(6.295E0,4.220050455069E-2,-4.094766404376E0));
#2589=LINE('',#2588,#2587);
#2590=CARTESIAN_POINT('',(6.295E0,1.420634580262E-1,-4.1E0));
#2591=DIRECTION('',(1.E0,0.E0,0.E0));
#2592=DIRECTION('',(0.E0,-4.296285549543E-12,1.E0));
#2593=AXIS2_PLACEMENT_3D('',#2590,#2591,#2592);
#2595=DIRECTION('',(-6.838973831691E-13,-1.121325254871E-13,-1.E0));
#2596=VECTOR('',#2595,2.E-1);
#2597=CARTESIAN_POINT('',(6.105E0,1.262198954710E0,-4.2E0));
#2598=LINE('',#2597,#2596);
#2599=DIRECTION('',(1.028782992870E-14,1.E0,-2.486225566103E-14));
#2600=VECTOR('',#2599,1.035995065069E0);
#2601=CARTESIAN_POINT('',(6.105E0,2.262038896414E-1,-4.4E0));
#2602=LINE('',#2601,#2600);
#2603=DIRECTION('',(1.E0,0.E0,0.E0));
#2604=VECTOR('',#2603,1.900000000003E-1);
#2605=CARTESIAN_POINT('',(6.105E0,1.262198954710E0,-4.4E0));
#2606=LINE('',#2605,#2604);
#2607=DIRECTION('',(-1.E0,0.E0,0.E0));
#2608=VECTOR('',#2607,1.900000000003E-1);
#2609=CARTESIAN_POINT('',(6.295E0,2.262038896414E-1,-4.4E0));
#2610=LINE('',#2609,#2608);
#2611=DIRECTION('',(1.E0,0.E0,0.E0));
#2612=VECTOR('',#2611,1.900000000003E-1);
#2613=CARTESIAN_POINT('',(6.105E0,1.999999999999E-1,-4.9E0));
#2614=LINE('',#2613,#2612);
#2615=DIRECTION('',(0.E0,1.E0,7.105427357600E-14));
#2616=VECTOR('',#2615,2.E-1);
#2617=CARTESIAN_POINT('',(6.105E0,-1.634028560608E-13,-4.9E0));
#2618=LINE('',#2617,#2616);
#2619=DIRECTION('',(-1.E0,0.E0,0.E0));
#2620=VECTOR('',#2619,1.900000000003E-1);
#2621=CARTESIAN_POINT('',(6.295E0,-1.634028560608E-13,-4.9E0));
#2622=LINE('',#2621,#2620);
#2623=DIRECTION('',(-1.E0,0.E0,0.E0));
#2624=VECTOR('',#2623,1.900000000003E-1);
#2625=CARTESIAN_POINT('',(6.295E0,4.220050455069E-2,-4.094766404376E0));
#2626=LINE('',#2625,#2624);
#2627=DIRECTION('',(1.E0,0.E0,0.E0));
#2628=VECTOR('',#2627,1.900000000003E-1);
#2629=CARTESIAN_POINT('',(6.105E0,1.420634580261E-1,-4.E0));
#2630=LINE('',#2629,#2628);
#2631=DIRECTION('',(-2.498821598228E-12,1.E0,0.E0));
#2632=VECTOR('',#2631,5.793654197394E-2);
#2633=CARTESIAN_POINT('',(6.295E0,1.420634580261E-1,-4.E0));
#2634=LINE('',#2633,#2632);
#2635=DIRECTION('',(-2.330189465832E-12,-1.E0,0.E0));
#2636=VECTOR('',#2635,5.793654197394E-2);
#2637=CARTESIAN_POINT('',(6.105E0,2.E-1,-4.E0));
#2638=LINE('',#2637,#2636);
#2639=DIRECTION('',(-1.E0,0.E0,0.E0));
#2640=VECTOR('',#2639,2.1E-1);
#2641=CARTESIAN_POINT('',(6.305E0,2.E-1,-3.5E0));
#2642=LINE('',#2641,#2640);
#2643=DIRECTION('',(1.E0,0.E0,0.E0));
#2644=VECTOR('',#2643,2.1E-1);
#2645=CARTESIAN_POINT('',(6.095E0,0.E0,-3.5E0));
#2646=LINE('',#2645,#2644);
#2647=DIRECTION('',(0.E0,1.419499438628E-14,1.E0));
#2648=VECTOR('',#2647,7.E-1);
#2649=CARTESIAN_POINT('',(6.305E0,2.E-1,-4.2E0));
#2650=LINE('',#2649,#2648);
#2651=DIRECTION('',(0.E0,-1.E0,0.E0));
#2652=VECTOR('',#2651,2.E-1);
#2653=CARTESIAN_POINT('',(6.305E0,2.E-1,-3.5E0));
#2654=LINE('',#2653,#2652);
#2655=DIRECTION('',(0.E0,-1.418177744551E-14,-1.E0));
#2656=VECTOR('',#2655,7.E-1);
#2657=CARTESIAN_POINT('',(6.305E0,0.E0,-3.5E0));
#2658=LINE('',#2657,#2656);
#2659=DIRECTION('',(0.E0,1.E0,0.E0));
#2660=VECTOR('',#2659,2.E-1);
#2661=CARTESIAN_POINT('',(6.305E0,0.E0,-4.2E0));
#2662=LINE('',#2661,#2660);
#2663=DIRECTION('',(0.E0,1.415534356397E-14,1.E0));
#2664=VECTOR('',#2663,7.E-1);
#2665=CARTESIAN_POINT('',(6.595E0,2.E-1,-4.2E0));
#2666=LINE('',#2665,#2664);
#2667=DIRECTION('',(0.E0,1.E0,0.E0));
#2668=VECTOR('',#2667,2.E-1);
#2669=CARTESIAN_POINT('',(6.595E0,0.E0,-4.2E0));
#2670=LINE('',#2669,#2668);
#2671=DIRECTION('',(0.E0,-1.418177744551E-14,-1.E0));
#2672=VECTOR('',#2671,7.E-1);
#2673=CARTESIAN_POINT('',(6.595E0,0.E0,-3.5E0));
#2674=LINE('',#2673,#2672);
#2675=DIRECTION('',(0.E0,-1.E0,0.E0));
#2676=VECTOR('',#2675,2.E-1);
#2677=CARTESIAN_POINT('',(6.595E0,2.E-1,-3.5E0));
#2678=LINE('',#2677,#2676);
#2679=DIRECTION('',(0.E0,0.E0,-1.E0));
#2680=VECTOR('',#2679,2.E-1);
#2681=CARTESIAN_POINT('',(6.605E0,2.E-1,-4.E0));
#2682=LINE('',#2681,#2680);
#2683=DIRECTION('',(1.E0,0.E0,0.E0));
#2684=VECTOR('',#2683,1.E-2);
#2685=CARTESIAN_POINT('',(6.595E0,2.E-1,-4.2E0));
#2686=LINE('',#2685,#2684);
#2687=DIRECTION('',(1.E0,0.E0,0.E0));
#2688=VECTOR('',#2687,1.E-2);
#2689=CARTESIAN_POINT('',(6.795E0,2.E-1,-4.2E0));
#2690=LINE('',#2689,#2688);
#2691=DIRECTION('',(0.E0,0.E0,-1.E0));
#2692=VECTOR('',#2691,2.E-1);
#2693=CARTESIAN_POINT('',(6.795E0,2.E-1,-4.E0));
#2694=LINE('',#2693,#2692);
#2695=DIRECTION('',(1.E0,0.E0,0.E0));
#2696=VECTOR('',#2695,1.9E-1);
#2697=CARTESIAN_POINT('',(6.605E0,2.E-1,-4.E0));
#2698=LINE('',#2697,#2696);
#2699=DIRECTION('',(-4.643216039160E-13,-4.226182617425E-1,-9.063077870358E-1));
#2700=VECTOR('',#2699,3.156205483754E-1);
#2701=CARTESIAN_POINT('',(6.605E0,1.201378662820E0,-7.965815103010E-1));
#2702=LINE('',#2701,#2700);
#2703=DIRECTION('',(9.157901097273E-14,5.303311836798E-2,-9.985927540074E-1));
#2704=VECTOR('',#2703,1.619648372640E0);
#2705=CARTESIAN_POINT('',(6.605E0,1.067991655295E0,-1.082630871042E0));
#2706=LINE('',#2705,#2704);
#2707=CARTESIAN_POINT('',(6.605E0,1.420634580262E-1,-4.1E0));
#2708=DIRECTION('',(1.E0,0.E0,0.E0));
#2709=DIRECTION('',(0.E0,-4.296285549543E-12,1.E0));
#2710=AXIS2_PLACEMENT_3D('',#2707,#2708,#2709);
#2712=DIRECTION('',(1.101495524856E-14,-5.233595624304E-2,-9.986295347546E-1));
#2713=VECTOR('',#2712,8.063386547267E-1);
#2714=CARTESIAN_POINT('',(6.605E0,4.220050455069E-2,-4.094766404376E0));
#2715=LINE('',#2714,#2713);
#2716=DIRECTION('',(-1.773922404088E-14,5.233595624291E-2,9.986295347546E-1));
#2717=VECTOR('',#2716,5.006861729990E-1);
#2718=CARTESIAN_POINT('',(6.605E0,1.999999999999E-1,-4.9E0));
#2719=LINE('',#2718,#2717);
#2720=DIRECTION('',(1.E0,0.E0,0.E0));
#2721=VECTOR('',#2720,1.900000000003E-1);
#2722=CARTESIAN_POINT('',(6.605E0,1.067991655295E0,-1.082630871042E0));
#2723=LINE('',#2722,#2721);
#2724=DIRECTION('',(-7.677282356995E-14,5.303311836798E-2,-9.985927540074E-1));
#2725=VECTOR('',#2724,1.619648372640E0);
#2726=CARTESIAN_POINT('',(6.795E0,1.067991655295E0,-1.082630871042E0));
#2727=LINE('',#2726,#2725);
#2728=DIRECTION('',(3.939698457469E-13,-4.226182617425E-1,-9.063077870358E-1));
#2729=VECTOR('',#2728,3.156205483754E-1);
#2730=CARTESIAN_POINT('',(6.795E0,1.201378662820E0,-7.965815103010E-1));
#2731=LINE('',#2730,#2729);
#2732=DIRECTION('',(-6.705747068736E-13,1.110223024625E-13,1.E0));
#2733=VECTOR('',#2732,2.E-1);
#2734=CARTESIAN_POINT('',(6.795E0,1.262198954710E0,-4.4E0));
#2735=LINE('',#2734,#2733);
#2736=DIRECTION('',(0.E0,1.E0,-2.486225566103E-14));
#2737=VECTOR('',#2736,1.035995065069E0);
#2738=CARTESIAN_POINT('',(6.795E0,2.262038896414E-1,-4.4E0));
#2739=LINE('',#2738,#2737);
#2740=DIRECTION('',(-2.128706884906E-14,5.233595624291E-2,9.986295347546E-1));
#2741=VECTOR('',#2740,5.006861729990E-1);
#2742=CARTESIAN_POINT('',(6.795E0,1.999999999999E-1,-4.9E0));
#2743=LINE('',#2742,#2741);
#2744=DIRECTION('',(0.E0,1.E0,7.105427357600E-14));
#2745=VECTOR('',#2744,2.E-1);
#2746=CARTESIAN_POINT('',(6.795E0,-1.634028560608E-13,-4.9E0));
#2747=LINE('',#2746,#2745);
#2748=DIRECTION('',(0.E0,-5.233595624304E-2,-9.986295347546E-1));
#2749=VECTOR('',#2748,8.063386547267E-1);
#2750=CARTESIAN_POINT('',(6.795E0,4.220050455069E-2,-4.094766404376E0));
#2751=LINE('',#2750,#2749);
#2752=CARTESIAN_POINT('',(6.795E0,1.420634580262E-1,-4.1E0));
#2753=DIRECTION('',(1.E0,0.E0,0.E0));
#2754=DIRECTION('',(0.E0,-4.296285549543E-12,1.E0));
#2755=AXIS2_PLACEMENT_3D('',#2752,#2753,#2754);
#2757=DIRECTION('',(-6.883382752676E-13,-1.121325254871E-13,-1.E0));
#2758=VECTOR('',#2757,2.E-1);
#2759=CARTESIAN_POINT('',(6.605E0,1.262198954710E0,-4.2E0));
#2760=LINE('',#2759,#2758);
#2761=DIRECTION('',(0.E0,1.E0,-2.486225566103E-14));
#2762=VECTOR('',#2761,1.035995065069E0);
#2763=CARTESIAN_POINT('',(6.605E0,2.262038896414E-1,-4.4E0));
#2764=LINE('',#2763,#2762);
#2765=DIRECTION('',(1.E0,0.E0,0.E0));
#2766=VECTOR('',#2765,1.900000000003E-1);
#2767=CARTESIAN_POINT('',(6.605E0,1.262198954710E0,-4.4E0));
#2768=LINE('',#2767,#2766);
#2769=DIRECTION('',(-1.E0,0.E0,0.E0));
#2770=VECTOR('',#2769,1.900000000003E-1);
#2771=CARTESIAN_POINT('',(6.795E0,2.262038896414E-1,-4.4E0));
#2772=LINE('',#2771,#2770);
#2773=DIRECTION('',(1.E0,0.E0,0.E0));
#2774=VECTOR('',#2773,1.900000000003E-1);
#2775=CARTESIAN_POINT('',(6.605E0,1.999999999999E-1,-4.9E0));
#2776=LINE('',#2775,#2774);
#2777=DIRECTION('',(0.E0,1.E0,7.105427357600E-14));
#2778=VECTOR('',#2777,2.E-1);
#2779=CARTESIAN_POINT('',(6.605E0,-1.634028560608E-13,-4.9E0));
#2780=LINE('',#2779,#2778);
#2781=DIRECTION('',(-1.E0,0.E0,0.E0));
#2782=VECTOR('',#2781,1.900000000003E-1);
#2783=CARTESIAN_POINT('',(6.795E0,-1.634028560608E-13,-4.9E0));
#2784=LINE('',#2783,#2782);
#2785=DIRECTION('',(-1.E0,0.E0,0.E0));
#2786=VECTOR('',#2785,1.900000000003E-1);
#2787=CARTESIAN_POINT('',(6.795E0,4.220050455069E-2,-4.094766404376E0));
#2788=LINE('',#2787,#2786);
#2789=DIRECTION('',(1.E0,0.E0,0.E0));
#2790=VECTOR('',#2789,1.900000000003E-1);
#2791=CARTESIAN_POINT('',(6.605E0,1.420634580261E-1,-4.E0));
#2792=LINE('',#2791,#2790);
#2793=DIRECTION('',(-2.483491404374E-12,1.E0,0.E0));
#2794=VECTOR('',#2793,5.793654197394E-2);
#2795=CARTESIAN_POINT('',(6.795E0,1.420634580261E-1,-4.E0));
#2796=LINE('',#2795,#2794);
#2797=DIRECTION('',(-2.345519659686E-12,-1.E0,0.E0));
#2798=VECTOR('',#2797,5.793654197394E-2);
#2799=CARTESIAN_POINT('',(6.605E0,2.E-1,-4.E0));
#2800=LINE('',#2799,#2798);
#2801=DIRECTION('',(-1.E0,0.E0,0.E0));
#2802=VECTOR('',#2801,2.1E-1);
#2803=CARTESIAN_POINT('',(6.805E0,2.E-1,-3.5E0));
#2804=LINE('',#2803,#2802);
#2805=DIRECTION('',(1.E0,0.E0,0.E0));
#2806=VECTOR('',#2805,2.1E-1);
#2807=CARTESIAN_POINT('',(6.595E0,0.E0,-3.5E0));
#2808=LINE('',#2807,#2806);
#2809=DIRECTION('',(0.E0,1.419499438628E-14,1.E0));
#2810=VECTOR('',#2809,7.E-1);
#2811=CARTESIAN_POINT('',(6.805E0,2.E-1,-4.2E0));
#2812=LINE('',#2811,#2810);
#2813=DIRECTION('',(0.E0,-1.E0,0.E0));
#2814=VECTOR('',#2813,2.E-1);
#2815=CARTESIAN_POINT('',(6.805E0,2.E-1,-3.5E0));
#2816=LINE('',#2815,#2814);
#2817=DIRECTION('',(0.E0,-1.418177744551E-14,-1.E0));
#2818=VECTOR('',#2817,7.E-1);
#2819=CARTESIAN_POINT('',(6.805E0,0.E0,-3.5E0));
#2820=LINE('',#2819,#2818);
#2821=DIRECTION('',(0.E0,1.E0,0.E0));
#2822=VECTOR('',#2821,2.E-1);
#2823=CARTESIAN_POINT('',(6.805E0,0.E0,-4.2E0));
#2824=LINE('',#2823,#2822);
#2825=DIRECTION('',(0.E0,1.415534356397E-14,1.E0));
#2826=VECTOR('',#2825,7.E-1);
#2827=CARTESIAN_POINT('',(7.095E0,2.E-1,-4.2E0));
#2828=LINE('',#2827,#2826);
#2829=DIRECTION('',(0.E0,1.E0,0.E0));
#2830=VECTOR('',#2829,2.E-1);
#2831=CARTESIAN_POINT('',(7.095E0,0.E0,-4.2E0));
#2832=LINE('',#2831,#2830);
#2833=DIRECTION('',(0.E0,-1.418177744551E-14,-1.E0));
#2834=VECTOR('',#2833,7.E-1);
#2835=CARTESIAN_POINT('',(7.095E0,0.E0,-3.5E0));
#2836=LINE('',#2835,#2834);
#2837=DIRECTION('',(0.E0,0.E0,-1.E0));
#2838=VECTOR('',#2837,2.E-1);
#2839=CARTESIAN_POINT('',(7.105E0,2.E-1,-4.E0));
#2840=LINE('',#2839,#2838);
#2841=DIRECTION('',(1.E0,0.E0,0.E0));
#2842=VECTOR('',#2841,1.E-2);
#2843=CARTESIAN_POINT('',(7.095E0,2.E-1,-4.2E0));
#2844=LINE('',#2843,#2842);
#2845=DIRECTION('',(1.E0,0.E0,0.E0));
#2846=VECTOR('',#2845,1.E-2);
#2847=CARTESIAN_POINT('',(7.295E0,2.E-1,-4.2E0));
#2848=LINE('',#2847,#2846);
#2849=DIRECTION('',(0.E0,0.E0,-1.E0));
#2850=VECTOR('',#2849,2.E-1);
#2851=CARTESIAN_POINT('',(7.295E0,2.E-1,-4.E0));
#2852=LINE('',#2851,#2850);
#2853=DIRECTION('',(1.E0,0.E0,0.E0));
#2854=VECTOR('',#2853,1.9E-1);
#2855=CARTESIAN_POINT('',(7.105E0,2.E-1,-4.E0));
#2856=LINE('',#2855,#2854);
#2857=DIRECTION('',(-4.643216039160E-13,-4.226182617425E-1,-9.063077870358E-1));
#2858=VECTOR('',#2857,3.156205483754E-1);
#2859=CARTESIAN_POINT('',(7.105E0,1.201378662820E0,-7.965815103010E-1));
#2860=LINE('',#2859,#2858);
#2861=DIRECTION('',(9.157901097273E-14,5.303311836798E-2,-9.985927540074E-1));
#2862=VECTOR('',#2861,1.619648372640E0);
#2863=CARTESIAN_POINT('',(7.105E0,1.067991655295E0,-1.082630871042E0));
#2864=LINE('',#2863,#2862);
#2865=CARTESIAN_POINT('',(7.105E0,1.420634580262E-1,-4.1E0));
#2866=DIRECTION('',(1.E0,0.E0,0.E0));
#2867=DIRECTION('',(0.E0,-4.296285549543E-12,1.E0));
#2868=AXIS2_PLACEMENT_3D('',#2865,#2866,#2867);
#2870=DIRECTION('',(1.101495524856E-14,-5.233595624304E-2,-9.986295347546E-1));
#2871=VECTOR('',#2870,8.063386547267E-1);
#2872=CARTESIAN_POINT('',(7.105E0,4.220050455069E-2,-4.094766404376E0));
#2873=LINE('',#2872,#2871);
#2874=DIRECTION('',(-1.773922404088E-14,5.233595624291E-2,9.986295347546E-1));
#2875=VECTOR('',#2874,5.006861729990E-1);
#2876=CARTESIAN_POINT('',(7.105E0,1.999999999999E-1,-4.9E0));
#2877=LINE('',#2876,#2875);
#2878=DIRECTION('',(1.E0,0.E0,0.E0));
#2879=VECTOR('',#2878,1.900000000003E-1);
#2880=CARTESIAN_POINT('',(7.105E0,1.067991655295E0,-1.082630871042E0));
#2881=LINE('',#2880,#2879);
#2882=DIRECTION('',(-7.677282356995E-14,5.303311836798E-2,-9.985927540074E-1));
#2883=VECTOR('',#2882,1.619648372640E0);
#2884=CARTESIAN_POINT('',(7.295E0,1.067991655295E0,-1.082630871042E0));
#2885=LINE('',#2884,#2883);
#2886=DIRECTION('',(3.939698457469E-13,-4.226182617425E-1,-9.063077870358E-1));
#2887=VECTOR('',#2886,3.156205483754E-1);
#2888=CARTESIAN_POINT('',(7.295E0,1.201378662820E0,-7.965815103010E-1));
#2889=LINE('',#2888,#2887);
#2890=DIRECTION('',(-6.750155989721E-13,1.110223024625E-13,1.E0));
#2891=VECTOR('',#2890,2.E-1);
#2892=CARTESIAN_POINT('',(7.295E0,1.262198954710E0,-4.4E0));
#2893=LINE('',#2892,#2891);
#2894=DIRECTION('',(1.028782992870E-14,1.E0,-2.486225566103E-14));
#2895=VECTOR('',#2894,1.035995065069E0);
#2896=CARTESIAN_POINT('',(7.295E0,2.262038896414E-1,-4.4E0));
#2897=LINE('',#2896,#2895);
#2898=DIRECTION('',(-2.128706884906E-14,5.233595624291E-2,9.986295347546E-1));
#2899=VECTOR('',#2898,5.006861729990E-1);
#2900=CARTESIAN_POINT('',(7.295E0,1.999999999999E-1,-4.9E0));
#2901=LINE('',#2900,#2899);
#2902=DIRECTION('',(0.E0,1.E0,7.105427357600E-14));
#2903=VECTOR('',#2902,2.E-1);
#2904=CARTESIAN_POINT('',(7.295E0,-1.634028560608E-13,-4.9E0));
#2905=LINE('',#2904,#2903);
#2906=DIRECTION('',(0.E0,-5.233595624304E-2,-9.986295347546E-1));
#2907=VECTOR('',#2906,8.063386547267E-1);
#2908=CARTESIAN_POINT('',(7.295E0,4.220050455069E-2,-4.094766404376E0));
#2909=LINE('',#2908,#2907);
#2910=CARTESIAN_POINT('',(7.295E0,1.420634580262E-1,-4.1E0));
#2911=DIRECTION('',(1.E0,0.E0,0.E0));
#2912=DIRECTION('',(0.E0,-4.296285549543E-12,1.E0));
#2913=AXIS2_PLACEMENT_3D('',#2910,#2911,#2912);
#2915=DIRECTION('',(-6.883382752676E-13,-1.121325254871E-13,-1.E0));
#2916=VECTOR('',#2915,2.E-1);
#2917=CARTESIAN_POINT('',(7.105E0,1.262198954710E0,-4.2E0));
#2918=LINE('',#2917,#2916);
#2919=DIRECTION('',(0.E0,1.E0,-2.486225566103E-14));
#2920=VECTOR('',#2919,1.035995065069E0);
#2921=CARTESIAN_POINT('',(7.105E0,2.262038896414E-1,-4.4E0));
#2922=LINE('',#2921,#2920);
#2923=DIRECTION('',(1.E0,0.E0,0.E0));
#2924=VECTOR('',#2923,1.900000000003E-1);
#2925=CARTESIAN_POINT('',(7.105E0,1.262198954710E0,-4.4E0));
#2926=LINE('',#2925,#2924);
#2927=DIRECTION('',(-1.E0,0.E0,0.E0));
#2928=VECTOR('',#2927,1.900000000003E-1);
#2929=CARTESIAN_POINT('',(7.295E0,2.262038896414E-1,-4.4E0));
#2930=LINE('',#2929,#2928);
#2931=DIRECTION('',(1.E0,0.E0,0.E0));
#2932=VECTOR('',#2931,1.900000000003E-1);
#2933=CARTESIAN_POINT('',(7.105E0,1.999999999999E-1,-4.9E0));
#2934=LINE('',#2933,#2932);
#2935=DIRECTION('',(0.E0,1.E0,7.105427357600E-14));
#2936=VECTOR('',#2935,2.E-1);
#2937=CARTESIAN_POINT('',(7.105E0,-1.634028560608E-13,-4.9E0));
#2938=LINE('',#2937,#2936);
#2939=DIRECTION('',(-1.E0,0.E0,0.E0));
#2940=VECTOR('',#2939,1.900000000003E-1);
#2941=CARTESIAN_POINT('',(7.295E0,-1.634028560608E-13,-4.9E0));
#2942=LINE('',#2941,#2940);
#2943=DIRECTION('',(-1.E0,0.E0,0.E0));
#2944=VECTOR('',#2943,1.900000000003E-1);
#2945=CARTESIAN_POINT('',(7.295E0,4.220050455069E-2,-4.094766404376E0));
#2946=LINE('',#2945,#2944);
#2947=DIRECTION('',(1.E0,0.E0,0.E0));
#2948=VECTOR('',#2947,1.900000000003E-1);
#2949=CARTESIAN_POINT('',(7.105E0,1.420634580261E-1,-4.E0));
#2950=LINE('',#2949,#2948);
#2951=DIRECTION('',(-2.498821598228E-12,1.E0,0.E0));
#2952=VECTOR('',#2951,5.793654197394E-2);
#2953=CARTESIAN_POINT('',(7.295E0,1.420634580261E-1,-4.E0));
#2954=LINE('',#2953,#2952);
#2955=DIRECTION('',(-2.345519659686E-12,-1.E0,0.E0));
#2956=VECTOR('',#2955,5.793654197394E-2);
#2957=CARTESIAN_POINT('',(7.105E0,2.E-1,-4.E0));
#2958=LINE('',#2957,#2956);
#2959=DIRECTION('',(-1.E0,0.E0,0.E0));
#2960=VECTOR('',#2959,2.1E-1);
#2961=CARTESIAN_POINT('',(7.305E0,2.E-1,-3.5E0));
#2962=LINE('',#2961,#2960);
#2963=DIRECTION('',(0.E0,-1.E0,0.E0));
#2964=VECTOR('',#2963,2.E-1);
#2965=CARTESIAN_POINT('',(7.095E0,2.E-1,-3.5E0));
#2966=LINE('',#2965,#2964);
#2967=DIRECTION('',(1.E0,0.E0,0.E0));
#2968=VECTOR('',#2967,2.1E-1);
#2969=CARTESIAN_POINT('',(7.095E0,0.E0,-3.5E0));
#2970=LINE('',#2969,#2968);
#2971=DIRECTION('',(0.E0,1.419499438628E-14,1.E0));
#2972=VECTOR('',#2971,7.E-1);
#2973=CARTESIAN_POINT('',(7.305E0,2.E-1,-4.2E0));
#2974=LINE('',#2973,#2972);
#2975=DIRECTION('',(0.E0,-1.E0,0.E0));
#2976=VECTOR('',#2975,2.E-1);
#2977=CARTESIAN_POINT('',(7.305E0,2.E-1,-3.5E0));
#2978=LINE('',#2977,#2976);
#2979=DIRECTION('',(0.E0,-1.418177744551E-14,-1.E0));
#2980=VECTOR('',#2979,7.E-1);
#2981=CARTESIAN_POINT('',(7.305E0,0.E0,-3.5E0));
#2982=LINE('',#2981,#2980);
#2983=DIRECTION('',(0.E0,1.E0,0.E0));
#2984=VECTOR('',#2983,2.E-1);
#2985=CARTESIAN_POINT('',(7.305E0,0.E0,-4.2E0));
#2986=LINE('',#2985,#2984);
#2987=DIRECTION('',(0.E0,1.415534356397E-14,1.E0));
#2988=VECTOR('',#2987,7.E-1);
#2989=CARTESIAN_POINT('',(7.595E0,2.E-1,-4.2E0));
#2990=LINE('',#2989,#2988);
#2991=DIRECTION('',(0.E0,1.E0,0.E0));
#2992=VECTOR('',#2991,2.E-1);
#2993=CARTESIAN_POINT('',(7.595E0,0.E0,-4.2E0));
#2994=LINE('',#2993,#2992);
#2995=DIRECTION('',(0.E0,-1.418177744551E-14,-1.E0));
#2996=VECTOR('',#2995,7.E-1);
#2997=CARTESIAN_POINT('',(7.595E0,0.E0,-3.5E0));
#2998=LINE('',#2997,#2996);
#2999=DIRECTION('',(0.E0,0.E0,-1.E0));
#3000=VECTOR('',#2999,2.E-1);
#3001=CARTESIAN_POINT('',(7.605E0,2.E-1,-4.E0));
#3002=LINE('',#3001,#3000);
#3003=DIRECTION('',(1.E0,0.E0,0.E0));
#3004=VECTOR('',#3003,1.E-2);
#3005=CARTESIAN_POINT('',(7.595E0,2.E-1,-4.2E0));
#3006=LINE('',#3005,#3004);
#3007=DIRECTION('',(1.E0,0.E0,0.E0));
#3008=VECTOR('',#3007,1.E-2);
#3009=CARTESIAN_POINT('',(7.795E0,2.E-1,-4.2E0));
#3010=LINE('',#3009,#3008);
#3011=DIRECTION('',(0.E0,0.E0,-1.E0));
#3012=VECTOR('',#3011,2.E-1);
#3013=CARTESIAN_POINT('',(7.795E0,2.E-1,-4.E0));
#3014=LINE('',#3013,#3012);
#3015=DIRECTION('',(1.E0,0.E0,0.E0));
#3016=VECTOR('',#3015,1.9E-1);
#3017=CARTESIAN_POINT('',(7.605E0,2.E-1,-4.E0));
#3018=LINE('',#3017,#3016);
#3019=DIRECTION('',(-4.615075335892E-13,-4.226182617425E-1,-9.063077870358E-1));
#3020=VECTOR('',#3019,3.156205483754E-1);
#3021=CARTESIAN_POINT('',(7.605E0,1.201378662820E0,-7.965815103010E-1));
#3022=LINE('',#3021,#3020);
#3023=DIRECTION('',(8.993387903909E-14,5.303311836798E-2,-9.985927540074E-1));
#3024=VECTOR('',#3023,1.619648372640E0);
#3025=CARTESIAN_POINT('',(7.605E0,1.067991655295E0,-1.082630871042E0));
#3026=LINE('',#3025,#3024);
#3027=CARTESIAN_POINT('',(7.605E0,1.420634580262E-1,-4.1E0));
#3028=DIRECTION('',(1.E0,0.E0,0.E0));
#3029=DIRECTION('',(0.E0,-4.296285549543E-12,1.E0));
#3030=AXIS2_PLACEMENT_3D('',#3027,#3028,#3029);
#3032=DIRECTION('',(0.E0,-5.233595624304E-2,-9.986295347546E-1));
#3033=VECTOR('',#3032,8.063386547267E-1);
#3034=CARTESIAN_POINT('',(7.605E0,4.220050455069E-2,-4.094766404376E0));
#3035=LINE('',#3034,#3033);
#3036=DIRECTION('',(-2.128706884906E-14,5.233595624291E-2,9.986295347546E-1));
#3037=VECTOR('',#3036,5.006861729990E-1);
#3038=CARTESIAN_POINT('',(7.605E0,1.999999999999E-1,-4.9E0));
#3039=LINE('',#3038,#3037);
#3040=DIRECTION('',(1.E0,0.E0,0.E0));
#3041=VECTOR('',#3040,1.900000000003E-1);
#3042=CARTESIAN_POINT('',(7.605E0,1.067991655295E0,-1.082630871042E0));
#3043=LINE('',#3042,#3041);
#3044=DIRECTION('',(-7.677282356995E-14,5.303311836798E-2,-9.985927540074E-1));
#3045=VECTOR('',#3044,1.619648372640E0);
#3046=CARTESIAN_POINT('',(7.795E0,1.067991655295E0,-1.082630871042E0));
#3047=LINE('',#3046,#3045);
#3048=DIRECTION('',(3.939698457469E-13,-4.226182617425E-1,-9.063077870358E-1));
#3049=VECTOR('',#3048,3.156205483754E-1);
#3050=CARTESIAN_POINT('',(7.795E0,1.201378662820E0,-7.965815103010E-1));
#3051=LINE('',#3050,#3049);
#3052=DIRECTION('',(-6.750155989721E-13,1.110223024625E-13,1.E0));
#3053=VECTOR('',#3052,2.E-1);
#3054=CARTESIAN_POINT('',(7.795E0,1.262198954710E0,-4.4E0));
#3055=LINE('',#3054,#3053);
#3056=DIRECTION('',(1.028782992870E-14,1.E0,-2.486225566103E-14));
#3057=VECTOR('',#3056,1.035995065069E0);
#3058=CARTESIAN_POINT('',(7.795E0,2.262038896414E-1,-4.4E0));
#3059=LINE('',#3058,#3057);
#3060=DIRECTION('',(-2.128706884906E-14,5.233595624291E-2,9.986295347546E-1));
#3061=VECTOR('',#3060,5.006861729990E-1);
#3062=CARTESIAN_POINT('',(7.795E0,1.999999999999E-1,-4.9E0));
#3063=LINE('',#3062,#3061);
#3064=DIRECTION('',(0.E0,1.E0,7.105427357600E-14));
#3065=VECTOR('',#3064,2.E-1);
#3066=CARTESIAN_POINT('',(7.795E0,-1.634028560608E-13,-4.9E0));
#3067=LINE('',#3066,#3065);
#3068=DIRECTION('',(0.E0,-5.233595624304E-2,-9.986295347546E-1));
#3069=VECTOR('',#3068,8.063386547267E-1);
#3070=CARTESIAN_POINT('',(7.795E0,4.220050455069E-2,-4.094766404376E0));
#3071=LINE('',#3070,#3069);
#3072=CARTESIAN_POINT('',(7.795E0,1.420634580262E-1,-4.1E0));
#3073=DIRECTION('',(1.E0,0.E0,0.E0));
#3074=DIRECTION('',(0.E0,-4.296285549543E-12,1.E0));
#3075=AXIS2_PLACEMENT_3D('',#3072,#3073,#3074);
#3077=DIRECTION('',(-6.883382752676E-13,-1.121325254871E-13,-1.E0));
#3078=VECTOR('',#3077,2.E-1);
#3079=CARTESIAN_POINT('',(7.605E0,1.262198954710E0,-4.2E0));
#3080=LINE('',#3079,#3078);
#3081=DIRECTION('',(0.E0,1.E0,-2.486225566103E-14));
#3082=VECTOR('',#3081,1.035995065069E0);
#3083=CARTESIAN_POINT('',(7.605E0,2.262038896414E-1,-4.4E0));
#3084=LINE('',#3083,#3082);
#3085=DIRECTION('',(1.E0,0.E0,0.E0));
#3086=VECTOR('',#3085,1.900000000003E-1);
#3087=CARTESIAN_POINT('',(7.605E0,1.262198954710E0,-4.4E0));
#3088=LINE('',#3087,#3086);
#3089=DIRECTION('',(-1.E0,0.E0,0.E0));
#3090=VECTOR('',#3089,1.900000000003E-1);
#3091=CARTESIAN_POINT('',(7.795E0,2.262038896414E-1,-4.4E0));
#3092=LINE('',#3091,#3090);
#3093=DIRECTION('',(1.E0,0.E0,0.E0));
#3094=VECTOR('',#3093,1.900000000003E-1);
#3095=CARTESIAN_POINT('',(7.605E0,1.999999999999E-1,-4.9E0));
#3096=LINE('',#3095,#3094);
#3097=DIRECTION('',(0.E0,1.E0,7.105427357600E-14));
#3098=VECTOR('',#3097,2.E-1);
#3099=CARTESIAN_POINT('',(7.605E0,-1.634028560608E-13,-4.9E0));
#3100=LINE('',#3099,#3098);
#3101=DIRECTION('',(-1.E0,0.E0,0.E0));
#3102=VECTOR('',#3101,1.900000000003E-1);
#3103=CARTESIAN_POINT('',(7.795E0,-1.634028560608E-13,-4.9E0));
#3104=LINE('',#3103,#3102);
#3105=DIRECTION('',(-1.E0,0.E0,0.E0));
#3106=VECTOR('',#3105,1.900000000003E-1);
#3107=CARTESIAN_POINT('',(7.795E0,4.220050455069E-2,-4.094766404376E0));
#3108=LINE('',#3107,#3106);
#3109=DIRECTION('',(1.E0,0.E0,0.E0));
#3110=VECTOR('',#3109,1.900000000003E-1);
#3111=CARTESIAN_POINT('',(7.605E0,1.420634580261E-1,-4.E0));
#3112=LINE('',#3111,#3110);
#3113=DIRECTION('',(-2.498821598228E-12,1.E0,0.E0));
#3114=VECTOR('',#3113,5.793654197394E-2);
#3115=CARTESIAN_POINT('',(7.795E0,1.420634580261E-1,-4.E0));
#3116=LINE('',#3115,#3114);
#3117=DIRECTION('',(-2.345519659686E-12,-1.E0,0.E0));
#3118=VECTOR('',#3117,5.793654197394E-2);
#3119=CARTESIAN_POINT('',(7.605E0,2.E-1,-4.E0));
#3120=LINE('',#3119,#3118);
#3121=DIRECTION('',(-1.E0,0.E0,0.E0));
#3122=VECTOR('',#3121,2.1E-1);
#3123=CARTESIAN_POINT('',(7.805E0,2.E-1,-3.5E0));
#3124=LINE('',#3123,#3122);
#3125=DIRECTION('',(0.E0,-1.E0,0.E0));
#3126=VECTOR('',#3125,2.E-1);
#3127=CARTESIAN_POINT('',(7.595E0,2.E-1,-3.5E0));
#3128=LINE('',#3127,#3126);
#3129=DIRECTION('',(1.E0,0.E0,0.E0));
#3130=VECTOR('',#3129,2.1E-1);
#3131=CARTESIAN_POINT('',(7.595E0,0.E0,-3.5E0));
#3132=LINE('',#3131,#3130);
#3133=DIRECTION('',(0.E0,1.419499438628E-14,1.E0));
#3134=VECTOR('',#3133,7.E-1);
#3135=CARTESIAN_POINT('',(7.805E0,2.E-1,-4.2E0));
#3136=LINE('',#3135,#3134);
#3137=DIRECTION('',(0.E0,-1.E0,0.E0));
#3138=VECTOR('',#3137,2.E-1);
#3139=CARTESIAN_POINT('',(7.805E0,2.E-1,-3.5E0));
#3140=LINE('',#3139,#3138);
#3141=DIRECTION('',(0.E0,-1.418177744551E-14,-1.E0));
#3142=VECTOR('',#3141,7.E-1);
#3143=CARTESIAN_POINT('',(7.805E0,0.E0,-3.5E0));
#3144=LINE('',#3143,#3142);
#3145=DIRECTION('',(0.E0,1.E0,0.E0));
#3146=VECTOR('',#3145,2.E-1);
#3147=CARTESIAN_POINT('',(7.805E0,0.E0,-4.2E0));
#3148=LINE('',#3147,#3146);
#3149=DIRECTION('',(0.E0,1.E0,0.E0));
#3150=VECTOR('',#3149,8.E-2);
#3151=CARTESIAN_POINT('',(1.83E0,1.69E0,-4.19E0));
#3152=LINE('',#3151,#3150);
#3153=DIRECTION('',(0.E0,1.E0,0.E0));
#3154=VECTOR('',#3153,1.299999999998E-1);
#3155=CARTESIAN_POINT('',(1.83E0,1.69E0,-4.2E0));
#3156=LINE('',#3155,#3154);
#3157=DIRECTION('',(0.E0,-4.740394123748E-14,1.E0));
#3158=VECTOR('',#3157,2.15E0);
#3159=CARTESIAN_POINT('',(1.83E0,1.82E0,-4.2E0));
#3160=LINE('',#3159,#3158);
#3161=DIRECTION('',(0.E0,1.E0,0.E0));
#3162=VECTOR('',#3161,8.E-2);
#3163=CARTESIAN_POINT('',(1.83E0,1.69E0,-2.283947729567E0));
#3164=LINE('',#3163,#3162);
#3165=DIRECTION('',(0.E0,0.E0,1.E0));
#3166=VECTOR('',#3165,1.906052270433E0);
#3167=CARTESIAN_POINT('',(1.83E0,1.77E0,-4.19E0));
#3168=LINE('',#3167,#3166);
#3169=DIRECTION('',(6.250555628640E-12,1.E0,-1.110223024625E-14));
#3170=VECTOR('',#3169,8.E-2);
#3171=CARTESIAN_POINT('',(1.685567382479E0,1.5E-1,-4.19E0));
#3172=LINE('',#3171,#3170);
#3173=DIRECTION('',(1.E0,1.018199894897E-14,0.E0));
#3174=VECTOR('',#3173,1.635567382480E0);
#3175=CARTESIAN_POINT('',(4.999999999980E-2,1.5E-1,-4.19E0));
#3176=LINE('',#3175,#3174);
#3177=DIRECTION('',(0.E0,0.E0,-1.E0));
#3178=VECTOR('',#3177,1.3E0);
#3179=CARTESIAN_POINT('',(1.83E0,1.5E-1,-2.29E0));
#3180=LINE('',#3179,#3178);
#3181=DIRECTION('',(0.E0,-1.E0,0.E0));
#3182=VECTOR('',#3181,8.E-2);
#3183=CARTESIAN_POINT('',(1.83E0,2.3E-1,-3.59E0));
#3184=LINE('',#3183,#3182);
#3185=DIRECTION('',(0.E0,0.E0,-1.E0));
#3186=VECTOR('',#3185,1.54E0);
#3187=CARTESIAN_POINT('',(1.83E0,2.3E-1,-2.05E0));
#3188=LINE('',#3187,#3186);
#3189=DIRECTION('',(0.E0,1.E0,0.E0));
#3190=VECTOR('',#3189,2.3E-1);
#3191=CARTESIAN_POINT('',(1.83E0,0.E0,-2.05E0));
#3192=LINE('',#3191,#3190);
#3193=DIRECTION('',(0.E0,0.E0,1.E0));
#3194=VECTOR('',#3193,2.4E-1);
#3195=CARTESIAN_POINT('',(1.83E0,0.E0,-2.29E0));
#3196=LINE('',#3195,#3194);
#3197=DIRECTION('',(0.E0,1.E0,0.E0));
#3198=VECTOR('',#3197,1.5E-1);
#3199=CARTESIAN_POINT('',(1.83E0,0.E0,-2.29E0));
#3200=LINE('',#3199,#3198);
#3201=DIRECTION('',(0.E0,1.E0,0.E0));
#3202=VECTOR('',#3201,2.3E-1);
#3203=CARTESIAN_POINT('',(1.83E0,0.E0,-4.19E0));
#3204=LINE('',#3203,#3202);
#3205=DIRECTION('',(4.440892098501E-14,0.E0,1.E0));
#3206=VECTOR('',#3205,9.999999999999E-3);
#3207=CARTESIAN_POINT('',(1.83E0,0.E0,-4.2E0));
#3208=LINE('',#3207,#3206);
#3209=DIRECTION('',(0.E0,-1.E0,0.E0));
#3210=VECTOR('',#3209,2.3E-1);
#3211=CARTESIAN_POINT('',(1.83E0,2.3E-1,-4.2E0));
#3212=LINE('',#3211,#3210);
#3213=DIRECTION('',(4.440892098501E-14,0.E0,-1.E0));
#3214=VECTOR('',#3213,9.999999999999E-3);
#3215=CARTESIAN_POINT('',(1.83E0,2.3E-1,-4.19E0));
#3216=LINE('',#3215,#3214);
#3217=DIRECTION('',(-1.739543771151E-2,0.E0,-9.998486879257E-1));
#3218=VECTOR('',#3217,3.200484271912E-1);
#3219=CARTESIAN_POINT('',(-6.444326175203E-1,1.5E-1,-3.18E0));
#3220=LINE('',#3219,#3218);
#3221=DIRECTION('',(0.E0,-1.E0,0.E0));
#3222=VECTOR('',#3221,2.E-1);
#3223=CARTESIAN_POINT('',(7.555673824797E-1,1.5E-1,-2.29E0));
#3224=LINE('',#3223,#3222);
#3225=DIRECTION('',(-1.E0,-3.097349672792E-14,0.E0));
#3226=VECTOR('',#3225,1.074432617520E0);
#3227=CARTESIAN_POINT('',(1.83E0,1.5E-1,-2.29E0));
#3228=LINE('',#3227,#3226);
#3229=DIRECTION('',(1.056044141023E-11,1.E0,1.350031197944E-12));
#3230=VECTOR('',#3229,5.E-2);
#3231=CARTESIAN_POINT('',(1.885567382479E0,-5.E-2,-4.19E0));
#3232=LINE('',#3231,#3230);
#3233=DIRECTION('',(-4.023448241240E-12,-1.E0,-2.664535259099E-14));
#3234=VECTOR('',#3233,5.000000000002E-2);
#3235=CARTESIAN_POINT('',(1.885567382480E0,0.E0,-2.29E0));
#3236=LINE('',#3235,#3234);
#3237=DIRECTION('',(-1.E0,-1.477431746265E-14,0.E0));
#3238=VECTOR('',#3237,1.13E0);
#3239=CARTESIAN_POINT('',(1.885567382480E0,-5.000000000002E-2,-2.29E0));
#3240=LINE('',#3239,#3238);
#3241=DIRECTION('',(1.720261360261E-13,0.E0,1.E0));
#3242=VECTOR('',#3241,1.9E0);
#3243=CARTESIAN_POINT('',(1.885567382479E0,-5.E-2,-4.19E0));
#3244=LINE('',#3243,#3242);
#3245=DIRECTION('',(1.E0,0.E0,-3.677422062601E-14));
#3246=VECTOR('',#3245,1.835567382480E0);
#3247=CARTESIAN_POINT('',(4.999999999980E-2,-5.000000000002E-2,-4.19E0));
#3248=LINE('',#3247,#3246);
#3249=DIRECTION('',(0.E0,3.272164674294E-14,-1.E0));
#3250=VECTOR('',#3249,5.1E-1);
#3251=CARTESIAN_POINT('',(4.999999999980E-2,-5.000000000003E-2,-3.68E0));
#3252=LINE('',#3251,#3250);
#3253=DIRECTION('',(1.E0,0.E0,1.814421628816E-13));
#3254=VECTOR('',#3253,7.E-1);
#3255=CARTESIAN_POINT('',(-6.500000000002E-1,-5.000000000003E-2,-3.68E0));
#3256=LINE('',#3255,#3254);
#3257=DIRECTION('',(0.E0,0.E0,-1.E0));
#3258=VECTOR('',#3257,1.800000000002E-1);
#3259=CARTESIAN_POINT('',(-6.500000000002E-1,-5.000000000003E-2,-3.5E0));
#3260=LINE('',#3259,#3258);
#3261=DIRECTION('',(-1.739543771151E-2,0.E0,-9.998486879257E-1));
#3262=VECTOR('',#3261,3.200484271912E-1);
#3263=CARTESIAN_POINT('',(-6.444326175203E-1,-5.000000000003E-2,-3.18E0));
#3264=LINE('',#3263,#3262);
#3265=DIRECTION('',(0.E0,0.E0,-1.E0));
#3266=VECTOR('',#3265,1.800000000002E-1);
#3267=CARTESIAN_POINT('',(-6.444326175203E-1,-5.000000000003E-2,-3.E0));
#3268=LINE('',#3267,#3266);
#3269=DIRECTION('',(-1.E0,0.E0,7.961885119455E-14));
#3270=VECTOR('',#3269,1.4E0);
#3271=CARTESIAN_POINT('',(7.555673824797E-1,-5.000000000003E-2,-3.E0));
#3272=LINE('',#3271,#3270);
#3273=DIRECTION('',(0.E0,0.E0,-1.E0));
#3274=VECTOR('',#3273,7.1E-1);
#3275=CARTESIAN_POINT('',(7.555673824797E-1,-5.000000000003E-2,-2.29E0));
#3276=LINE('',#3275,#3274);
#3277=DIRECTION('',(0.E0,3.254477297676E-14,-1.E0));
#3278=VECTOR('',#3277,5.1E-1);
#3279=CARTESIAN_POINT('',(4.999999999980E-2,1.5E-1,-3.68E0));
#3280=LINE('',#3279,#3278);
#3281=DIRECTION('',(0.E0,-1.E0,0.E0));
#3282=VECTOR('',#3281,2.E-1);
#3283=CARTESIAN_POINT('',(4.999999999980E-2,1.5E-1,-4.19E0));
#3284=LINE('',#3283,#3282);
#3285=DIRECTION('',(1.E0,0.E0,1.827109891955E-13));
#3286=VECTOR('',#3285,7.E-1);
#3287=CARTESIAN_POINT('',(-6.500000000002E-1,1.5E-1,-3.68E0));
#3288=LINE('',#3287,#3286);
#3289=DIRECTION('',(0.E0,-1.E0,0.E0));
#3290=VECTOR('',#3289,2.E-1);
#3291=CARTESIAN_POINT('',(4.999999999980E-2,1.5E-1,-3.68E0));
#3292=LINE('',#3291,#3290);
#3293=DIRECTION('',(0.E0,-1.E0,0.E0));
#3294=VECTOR('',#3293,2.E-1);
#3295=CARTESIAN_POINT('',(-6.500000000002E-1,1.5E-1,-3.68E0));
#3296=LINE('',#3295,#3294);
#3297=DIRECTION('',(0.E0,0.E0,-1.E0));
#3298=VECTOR('',#3297,1.800000000002E-1);
#3299=CARTESIAN_POINT('',(-6.500000000002E-1,1.5E-1,-3.5E0));
#3300=LINE('',#3299,#3298);
#3301=DIRECTION('',(0.E0,-1.E0,0.E0));
#3302=VECTOR('',#3301,2.E-1);
#3303=CARTESIAN_POINT('',(-6.500000000002E-1,1.5E-1,-3.5E0));
#3304=LINE('',#3303,#3302);
#3305=DIRECTION('',(0.E0,-1.E0,0.E0));
#3306=VECTOR('',#3305,2.E-1);
#3307=CARTESIAN_POINT('',(-6.444326175203E-1,1.5E-1,-3.18E0));
#3308=LINE('',#3307,#3306);
#3309=DIRECTION('',(0.E0,0.E0,-1.E0));
#3310=VECTOR('',#3309,1.800000000002E-1);
#3311=CARTESIAN_POINT('',(-6.444326175203E-1,1.5E-1,-3.E0));
#3312=LINE('',#3311,#3310);
#3313=DIRECTION('',(-1.E0,0.E0,7.961885119455E-14));
#3314=VECTOR('',#3313,1.4E0);
#3315=CARTESIAN_POINT('',(7.555673824797E-1,1.5E-1,-3.E0));
#3316=LINE('',#3315,#3314);
#3317=DIRECTION('',(0.E0,-1.E0,0.E0));
#3318=VECTOR('',#3317,2.E-1);
#3319=CARTESIAN_POINT('',(-6.444326175203E-1,1.5E-1,-3.E0));
#3320=LINE('',#3319,#3318);
#3321=DIRECTION('',(0.E0,0.E0,-1.E0));
#3322=VECTOR('',#3321,7.1E-1);
#3323=CARTESIAN_POINT('',(7.555673824797E-1,1.5E-1,-2.29E0));
#3324=LINE('',#3323,#3322);
#3325=DIRECTION('',(0.E0,-1.E0,0.E0));
#3326=VECTOR('',#3325,2.E-1);
#3327=CARTESIAN_POINT('',(7.555673824797E-1,1.5E-1,-3.E0));
#3328=LINE('',#3327,#3326);
#3329=DIRECTION('',(-2.749652357655E-13,0.E0,-1.E0));
#3330=VECTOR('',#3329,6.E-1);
#3331=CARTESIAN_POINT('',(1.685567382480E0,1.5E-1,-3.59E0));
#3332=LINE('',#3331,#3330);
#3333=DIRECTION('',(0.E0,0.E0,1.E0));
#3334=VECTOR('',#3333,6.E-1);
#3335=CARTESIAN_POINT('',(1.685567382480E0,2.3E-1,-4.19E0));
#3336=LINE('',#3335,#3334);
#3337=DIRECTION('',(-1.E0,0.E0,0.E0));
#3338=VECTOR('',#3337,1.444326175200E-1);
#3339=CARTESIAN_POINT('',(1.83E0,2.3E-1,-4.19E0));
#3340=LINE('',#3339,#3338);
#3341=DIRECTION('',(-1.E0,0.E0,0.E0));
#3342=VECTOR('',#3341,1.83E0);
#3343=CARTESIAN_POINT('',(1.83E0,2.3E-1,-4.2E0));
#3344=LINE('',#3343,#3342);
#3345=DIRECTION('',(0.E0,0.E0,1.E0));
#3346=VECTOR('',#3345,2.15E0);
#3347=CARTESIAN_POINT('',(0.E0,2.3E-1,-4.2E0));
#3348=LINE('',#3347,#3346);
#3349=DIRECTION('',(-1.E0,0.E0,0.E0));
#3350=VECTOR('',#3349,1.444326175200E-1);
#3351=CARTESIAN_POINT('',(1.83E0,2.3E-1,-3.59E0));
#3352=LINE('',#3351,#3350);
#3353=DIRECTION('',(0.E0,-7.704274928459E-14,-1.E0));
#3354=VECTOR('',#3353,1.32E0);
#3355=CARTESIAN_POINT('',(0.E0,1.82E0,-7.3E-1));
#3356=LINE('',#3355,#3354);
#3357=DIRECTION('',(0.E0,1.E0,0.E0));
#3358=VECTOR('',#3357,1.82E0);
#3359=CARTESIAN_POINT('',(0.E0,0.E0,-7.3E-1));
#3360=LINE('',#3359,#3358);
#3361=DIRECTION('',(0.E0,0.E0,1.E0));
#3362=VECTOR('',#3361,1.32E0);
#3363=CARTESIAN_POINT('',(0.E0,0.E0,-2.05E0));
#3364=LINE('',#3363,#3362);
#3365=DIRECTION('',(-1.E0,0.E0,0.E0));
#3366=VECTOR('',#3365,8.944326175202E-1);
#3367=CARTESIAN_POINT('',(1.83E0,1.69E0,-4.19E0));
#3368=LINE('',#3367,#3366);
#3369=DIRECTION('',(0.E0,0.E0,1.E0));
#3370=VECTOR('',#3369,1.9E0);
#3371=CARTESIAN_POINT('',(9.355673824798E-1,1.69E0,-4.19E0));
#3372=LINE('',#3371,#3370);
#3373=DIRECTION('',(1.E0,0.E0,0.E0));
#3374=VECTOR('',#3373,8.000000000009E-1);
#3375=CARTESIAN_POINT('',(9.355673824798E-1,1.69E0,-2.29E0));
#3376=LINE('',#3375,#3374);
#3377=DIRECTION('',(-9.979524846469E-1,0.E0,-6.395966218752E-2));
#3378=VECTOR('',#3377,9.462636645739E-2);
#3379=CARTESIAN_POINT('',(1.83E0,1.69E0,-2.283947729567E0));
#3380=LINE('',#3379,#3378);
#3381=DIRECTION('',(0.E0,-9.557644246987E-13,-1.E0));
#3382=VECTOR('',#3381,2.339477295674E-1);
#3383=CARTESIAN_POINT('',(1.83E0,1.69E0,-2.05E0));
#3384=LINE('',#3383,#3382);
#3385=DIRECTION('',(0.E0,5.205138645684E-14,1.E0));
#3386=VECTOR('',#3385,2.15E0);
#3387=CARTESIAN_POINT('',(0.E0,1.69E0,-4.2E0));
#3388=LINE('',#3387,#3386);
#3389=DIRECTION('',(-1.E0,-6.115326824165E-14,0.E0));
#3390=VECTOR('',#3389,1.83E0);
#3391=CARTESIAN_POINT('',(1.83E0,1.69E0,-4.2E0));
#3392=LINE('',#3391,#3390);
#3393=DIRECTION('',(4.440892098501E-14,1.119104808822E-11,-1.E0));
#3394=VECTOR('',#3393,9.999999999999E-3);
#3395=CARTESIAN_POINT('',(1.83E0,1.69E0,-4.19E0));
#3396=LINE('',#3395,#3394);
#3397=DIRECTION('',(1.572353358623E-12,-1.E0,8.437694987139E-13));
#3398=VECTOR('',#3397,8.000000000011E-2);
#3399=CARTESIAN_POINT('',(9.355673824797E-1,1.77E0,-4.19E0));
#3400=LINE('',#3399,#3398);
#3401=DIRECTION('',(-6.760673892059E-14,-5.866652193282E-14,-1.E0));
#3402=VECTOR('',#3401,1.9E0);
#3403=CARTESIAN_POINT('',(9.355673824798E-1,1.77E0,-2.29E0));
#3404=LINE('',#3403,#3402);
#3405=DIRECTION('',(3.330669073866E-14,1.E0,-2.220446049244E-14));
#3406=VECTOR('',#3405,8.000000000022E-2);
#3407=CARTESIAN_POINT('',(9.355673824798E-1,1.69E0,-2.29E0));
#3408=LINE('',#3407,#3406);
#3409=DIRECTION('',(9.979524846469E-1,-2.353580160330E-12,6.395966218720E-2));
#3410=VECTOR('',#3409,9.462636645808E-2);
#3411=CARTESIAN_POINT('',(1.735567382480E0,1.77E0,-2.29E0));
#3412=LINE('',#3411,#3410);
#3413=DIRECTION('',(1.E0,0.E0,-1.443289932012E-14));
#3414=VECTOR('',#3413,8.000000000003E-1);
#3415=CARTESIAN_POINT('',(9.355673824798E-1,1.77E0,-2.29E0));
#3416=LINE('',#3415,#3414);
#3417=DIRECTION('',(-1.E0,1.243742064951E-13,-7.447557275157E-14));
#3418=VECTOR('',#3417,8.944326175203E-1);
#3419=CARTESIAN_POINT('',(1.83E0,1.77E0,-4.19E0));
#3420=LINE('',#3419,#3418);
#3421=DIRECTION('',(8.537615059344E-12,-1.E0,1.665334536933E-13));
#3422=VECTOR('',#3421,8.000000000022E-2);
#3423=CARTESIAN_POINT('',(1.735567382480E0,1.77E0,-2.29E0));
#3424=LINE('',#3423,#3422);
#3425=DIRECTION('',(1.E0,6.115326824165E-14,0.E0));
#3426=VECTOR('',#3425,1.83E0);
#3427=CARTESIAN_POINT('',(0.E0,1.69E0,-2.05E0));
#3428=LINE('',#3427,#3426);
#3429=DIRECTION('',(0.E0,1.E0,0.E0));
#3430=VECTOR('',#3429,1.299999999996E-1);
#3431=CARTESIAN_POINT('',(1.83E0,1.69E0,-2.05E0));
#3432=LINE('',#3431,#3430);
#3433=DIRECTION('',(-1.E0,5.569315500579E-14,0.E0));
#3434=VECTOR('',#3433,1.83E0);
#3435=CARTESIAN_POINT('',(1.83E0,1.82E0,-2.05E0));
#3436=LINE('',#3435,#3434);
#3437=DIRECTION('',(0.E0,-1.E0,0.E0));
#3438=VECTOR('',#3437,1.299999999998E-1);
#3439=CARTESIAN_POINT('',(0.E0,1.82E0,-2.05E0));
#3440=LINE('',#3439,#3438);
#3441=DIRECTION('',(1.E0,0.E0,0.E0));
#3442=VECTOR('',#3441,1.83E0);
#3443=CARTESIAN_POINT('',(0.E0,2.3E-1,-2.05E0));
#3444=LINE('',#3443,#3442);
#3445=DIRECTION('',(0.E0,1.E0,0.E0));
#3446=VECTOR('',#3445,2.3E-1);
#3447=CARTESIAN_POINT('',(0.E0,0.E0,-2.05E0));
#3448=LINE('',#3447,#3446);
#3449=DIRECTION('',(-1.E0,0.E0,0.E0));
#3450=VECTOR('',#3449,1.83E0);
#3451=CARTESIAN_POINT('',(1.83E0,0.E0,-2.05E0));
#3452=LINE('',#3451,#3450);
#3453=DIRECTION('',(1.E0,0.E0,0.E0));
#3454=VECTOR('',#3453,1.444326175203E-1);
#3455=CARTESIAN_POINT('',(1.685567382480E0,1.5E-1,-3.59E0));
#3456=LINE('',#3455,#3454);
#3457=DIRECTION('',(-4.188316360398E-12,-1.E0,0.E0));
#3458=VECTOR('',#3457,8.E-2);
#3459=CARTESIAN_POINT('',(1.685567382480E0,2.3E-1,-3.59E0));
#3460=LINE('',#3459,#3458);
#3461=DIRECTION('',(-1.E0,0.E0,0.E0));
#3462=VECTOR('',#3461,6.5E0);
#3463=CARTESIAN_POINT('',(8.2E0,1.21E0,-4.000000000002E-1));
#3464=LINE('',#3463,#3462);
#3465=DIRECTION('',(0.E0,3.330669073874E-13,1.E0));
#3466=VECTOR('',#3465,4.000000000002E-1);
#3467=CARTESIAN_POINT('',(1.7E0,1.21E0,-4.000000000002E-1));
#3468=LINE('',#3467,#3466);
#3469=DIRECTION('',(0.E0,-3.325117958750E-13,-1.E0));
#3470=VECTOR('',#3469,4.000000000002E-1);
#3471=CARTESIAN_POINT('',(8.2E0,1.21E0,-1.003826651432E-14));
#3472=LINE('',#3471,#3470);
#3473=DIRECTION('',(0.E0,1.E0,1.639550668880E-14));
#3474=VECTOR('',#3473,6.099999999997E-1);
#3475=CARTESIAN_POINT('',(8.2E0,1.21E0,-1.003826651432E-14));
#3476=LINE('',#3475,#3474);
#3477=DIRECTION('',(1.E0,0.E0,0.E0));
#3478=VECTOR('',#3477,6.5E0);
#3479=CARTESIAN_POINT('',(1.7E0,1.21E0,-1.001976279724E-14));
#3480=LINE('',#3479,#3478);
#3481=DIRECTION('',(0.E0,-1.E0,-1.639550668880E-14));
#3482=VECTOR('',#3481,6.099999999997E-1);
#3483=CARTESIAN_POINT('',(1.7E0,1.82E0,0.E0));
#3484=LINE('',#3483,#3482);
#3485=DIRECTION('',(-1.E0,0.E0,0.E0));
#3486=VECTOR('',#3485,6.5E0);
#3487=CARTESIAN_POINT('',(8.2E0,1.82E0,0.E0));
#3488=LINE('',#3487,#3486);
#3489=DIRECTION('',(0.E0,1.E0,2.354736498937E-13));
#3490=VECTOR('',#3489,6.171739130432E-1);
#3491=CARTESIAN_POINT('',(8.2E0,1.202826086957E0,-7.300000000001E-1));
#3492=LINE('',#3491,#3490);
#3493=DIRECTION('',(0.E0,-2.173399540846E-2,-9.997637888239E-1));
#3494=VECTOR('',#3493,3.300779681049E-1);
#3495=CARTESIAN_POINT('',(8.2E0,1.21E0,-4.000000000002E-1));
#3496=LINE('',#3495,#3494);
#3497=DIRECTION('',(0.E0,-1.618188079728E-13,1.E0));
#3498=VECTOR('',#3497,7.3E-1);
#3499=CARTESIAN_POINT('',(8.2E0,1.82E0,-7.3E-1));
#3500=LINE('',#3499,#3498);
#3501=DIRECTION('',(1.062261389961E-11,-1.E0,3.552713678801E-14));
#3502=VECTOR('',#3501,5.E-2);
#3503=CARTESIAN_POINT('',(8.014432617520E0,0.E0,-4.19E0));
#3504=LINE('',#3503,#3502);
#3505=DIRECTION('',(1.E0,0.E0,0.E0));
#3506=VECTOR('',#3505,1.835567382480E0);
#3507=CARTESIAN_POINT('',(8.014432617521E0,-5.E-2,-4.19E0));
#3508=LINE('',#3507,#3506);
#3509=DIRECTION('',(-1.E0,0.E0,0.E0));
#3510=VECTOR('',#3509,1.635567382480E0);
#3511=CARTESIAN_POINT('',(9.85E0,1.5E-1,-4.19E0));
#3512=LINE('',#3511,#3510);
#3513=DIRECTION('',(-1.E0,-8.018536666253E-14,0.E0));
#3514=VECTOR('',#3513,8.944326175203E-1);
#3515=CARTESIAN_POINT('',(8.964432617520E0,1.77E0,-4.19E0));
#3516=LINE('',#3515,#3514);
#3517=DIRECTION('',(4.014566457045E-12,-1.E0,0.E0));
#3518=VECTOR('',#3517,4.999999999999E-2);
#3519=CARTESIAN_POINT('',(8.014432617520E0,0.E0,-2.29E0));
#3520=LINE('',#3519,#3518);
#3521=DIRECTION('',(1.738959853308E-13,0.E0,-1.E0));
#3522=VECTOR('',#3521,1.9E0);
#3523=CARTESIAN_POINT('',(8.014432617520E0,-4.999999999999E-2,-2.29E0));
#3524=LINE('',#3523,#3522);
#3525=DIRECTION('',(1.E0,0.E0,0.E0));
#3526=VECTOR('',#3525,1.13E0);
#3527=CARTESIAN_POINT('',(8.014432617520E0,-4.999999999999E-2,-2.29E0));
#3528=LINE('',#3527,#3526);
#3529=DIRECTION('',(1.739543771459E-2,0.E0,-9.998486879257E-1));
#3530=VECTOR('',#3529,3.200484271911E-1);
#3531=CARTESIAN_POINT('',(1.054443261752E1,-4.999999999999E-2,-3.18E0));
#3532=LINE('',#3531,#3530);
#3533=DIRECTION('',(0.E0,0.E0,-1.E0));
#3534=VECTOR('',#3533,7.1E-1);
#3535=CARTESIAN_POINT('',(9.144432617520E0,1.5E-1,-2.29E0));
#3536=LINE('',#3535,#3534);
#3537=DIRECTION('',(0.E0,-1.E0,0.E0));
#3538=VECTOR('',#3537,2.E-1);
#3539=CARTESIAN_POINT('',(9.144432617520E0,1.5E-1,-3.E0));
#3540=LINE('',#3539,#3538);
#3541=DIRECTION('',(0.E0,0.E0,1.E0));
#3542=VECTOR('',#3541,7.1E-1);
#3543=CARTESIAN_POINT('',(9.144432617520E0,-4.999999999998E-2,-3.E0));
#3544=LINE('',#3543,#3542);
#3545=DIRECTION('',(0.E0,1.E0,0.E0));
#3546=VECTOR('',#3545,2.E-1);
#3547=CARTESIAN_POINT('',(9.144432617520E0,-4.999999999998E-2,-2.29E0));
#3548=LINE('',#3547,#3546);
#3549=DIRECTION('',(1.E0,0.E0,5.075305255429E-14));
#3550=VECTOR('',#3549,1.4E0);
#3551=CARTESIAN_POINT('',(9.144432617520E0,1.5E-1,-3.E0));
#3552=LINE('',#3551,#3550);
#3553=DIRECTION('',(0.E0,-1.E0,0.E0));
#3554=VECTOR('',#3553,2.E-1);
#3555=CARTESIAN_POINT('',(1.054443261752E1,1.5E-1,-3.E0));
#3556=LINE('',#3555,#3554);
#3557=DIRECTION('',(-1.E0,0.E0,-5.075305255429E-14));
#3558=VECTOR('',#3557,1.4E0);
#3559=CARTESIAN_POINT('',(1.054443261752E1,-4.999999999998E-2,-3.E0));
#3560=LINE('',#3559,#3558);
#3561=DIRECTION('',(0.E0,-1.E0,0.E0));
#3562=VECTOR('',#3561,2.E-1);
#3563=CARTESIAN_POINT('',(1.054443261752E1,1.5E-1,-3.18E0));
#3564=LINE('',#3563,#3562);
#3565=DIRECTION('',(2.398081733188E-12,5.736152293891E-14,1.E0));
#3566=VECTOR('',#3565,1.800000000002E-1);
#3567=CARTESIAN_POINT('',(1.054443261752E1,-4.999999999999E-2,-3.18E0));
#3568=LINE('',#3567,#3566);
#3569=DIRECTION('',(-2.378344434972E-12,-5.751572058122E-14,-1.E0));
#3570=VECTOR('',#3569,1.800000000002E-1);
#3571=CARTESIAN_POINT('',(1.054443261752E1,1.5E-1,-3.E0));
#3572=LINE('',#3571,#3570);
#3573=DIRECTION('',(0.E0,1.E0,0.E0));
#3574=VECTOR('',#3573,2.E-1);
#3575=CARTESIAN_POINT('',(1.055E1,-4.999999999999E-2,-3.5E0));
#3576=LINE('',#3575,#3574);
#3577=DIRECTION('',(-2.378344434972E-12,5.720732529659E-14,-1.E0));
#3578=VECTOR('',#3577,1.800000000002E-1);
#3579=CARTESIAN_POINT('',(1.055E1,1.5E-1,-3.5E0));
#3580=LINE('',#3579,#3578);
#3581=DIRECTION('',(0.E0,-1.E0,0.E0));
#3582=VECTOR('',#3581,2.E-1);
#3583=CARTESIAN_POINT('',(1.055E1,1.5E-1,-3.68E0));
#3584=LINE('',#3583,#3582);
#3585=DIRECTION('',(2.378344434972E-12,-5.736152293890E-14,1.E0));
#3586=VECTOR('',#3585,1.800000000002E-1);
#3587=CARTESIAN_POINT('',(1.055E1,-4.999999999998E-2,-3.68E0));
#3588=LINE('',#3587,#3586);
#3589=DIRECTION('',(-1.E0,0.E0,8.628018934229E-14));
#3590=VECTOR('',#3589,7.E-1);
#3591=CARTESIAN_POINT('',(1.055E1,1.5E-1,-3.68E0));
#3592=LINE('',#3591,#3590);
#3593=DIRECTION('',(0.E0,-1.E0,0.E0));
#3594=VECTOR('',#3593,2.E-1);
#3595=CARTESIAN_POINT('',(9.85E0,1.5E-1,-3.68E0));
#3596=LINE('',#3595,#3594);
#3597=DIRECTION('',(1.E0,0.E0,-8.628018934229E-14));
#3598=VECTOR('',#3597,7.E-1);
#3599=CARTESIAN_POINT('',(9.85E0,-4.999999999998E-2,-3.68E0));
#3600=LINE('',#3599,#3598);
#3601=DIRECTION('',(2.647119995969E-13,-2.035408878479E-14,-1.E0));
#3602=VECTOR('',#3601,5.1E-1);
#3603=CARTESIAN_POINT('',(9.85E0,1.5E-1,-3.68E0));
#3604=LINE('',#3603,#3602);
#3605=DIRECTION('',(0.E0,-1.E0,0.E0));
#3606=VECTOR('',#3605,2.E-1);
#3607=CARTESIAN_POINT('',(9.85E0,1.5E-1,-4.19E0));
#3608=LINE('',#3607,#3606);
#3609=DIRECTION('',(-2.647119995969E-13,1.957856534848E-14,1.E0));
#3610=VECTOR('',#3609,5.1E-1);
#3611=CARTESIAN_POINT('',(9.85E0,-4.999999999999E-2,-4.19E0));
#3612=LINE('',#3611,#3610);
#3613=DIRECTION('',(-6.616929226766E-12,1.E0,-1.110223024625E-14));
#3614=VECTOR('',#3613,8.E-2);
#3615=CARTESIAN_POINT('',(8.214432617521E0,1.5E-1,-4.19E0));
#3616=LINE('',#3615,#3614);
#3617=DIRECTION('',(4.233650467237E-13,0.E0,-1.E0));
#3618=VECTOR('',#3617,6.E-1);
#3619=CARTESIAN_POINT('',(8.214432617520E0,1.5E-1,-3.59E0));
#3620=LINE('',#3619,#3618);
#3621=DIRECTION('',(3.419486915845E-12,-1.E0,0.E0));
#3622=VECTOR('',#3621,8.E-2);
#3623=CARTESIAN_POINT('',(8.214432617520E0,2.3E-1,-3.59E0));
#3624=LINE('',#3623,#3622);
#3625=DIRECTION('',(0.E0,1.E0,0.E0));
#3626=VECTOR('',#3625,8.000000000014E-2);
#3627=CARTESIAN_POINT('',(8.964432617520E0,1.69E0,-2.29E0));
#3628=LINE('',#3627,#3626);
#3629=DIRECTION('',(1.383688485428E-13,-3.774758283726E-14,-1.E0));
#3630=VECTOR('',#3629,1.9E0);
#3631=CARTESIAN_POINT('',(8.964432617520E0,1.77E0,-2.29E0));
#3632=LINE('',#3631,#3630);
#3633=DIRECTION('',(-3.286260152888E-12,-1.E0,-2.220446049248E-14));
#3634=VECTOR('',#3633,8.000000000007E-2);
#3635=CARTESIAN_POINT('',(8.964432617520E0,1.77E0,-4.19E0));
#3636=LINE('',#3635,#3634);
#3637=DIRECTION('',(-1.E0,-1.598742295068E-13,0.E0));
#3638=VECTOR('',#3637,8.944326175200E-1);
#3639=CARTESIAN_POINT('',(8.964432617520E0,1.77E0,-2.29E0));
#3640=LINE('',#3639,#3638);
#3641=CARTESIAN_POINT('',(8.214432617520E0,1.5E-1,-3.59E0));
#3642=CARTESIAN_POINT('',(8.214432617521E0,1.5E-1,-4.19E0));
#3643=VERTEX_POINT('',#3641);
#3644=VERTEX_POINT('',#3642);
#3645=CARTESIAN_POINT('',(9.85E0,1.5E-1,-4.19E0));
#3646=VERTEX_POINT('',#3645);
#3647=CARTESIAN_POINT('',(9.85E0,1.5E-1,-3.68E0));
#3648=VERTEX_POINT('',#3647);
#3649=CARTESIAN_POINT('',(1.055E1,1.5E-1,-3.68E0));
#3650=VERTEX_POINT('',#3649);
#3651=CARTESIAN_POINT('',(1.055E1,1.5E-1,-3.5E0));
#3652=VERTEX_POINT('',#3651);
#3653=CARTESIAN_POINT('',(1.054443261752E1,1.5E-1,-3.18E0));
#3654=VERTEX_POINT('',#3653);
#3655=CARTESIAN_POINT('',(1.054443261752E1,1.5E-1,-3.E0));
#3656=VERTEX_POINT('',#3655);
#3657=CARTESIAN_POINT('',(9.144432617520E0,1.5E-1,-3.E0));
#3658=VERTEX_POINT('',#3657);
#3659=CARTESIAN_POINT('',(9.144432617520E0,1.5E-1,-2.29E0));
#3660=VERTEX_POINT('',#3659);
#3661=CARTESIAN_POINT('',(8.014432617520E0,-4.999999999999E-2,-2.29E0));
#3662=CARTESIAN_POINT('',(9.144432617520E0,-4.999999999998E-2,-2.29E0));
#3663=VERTEX_POINT('',#3661);
#3664=VERTEX_POINT('',#3662);
#3665=CARTESIAN_POINT('',(8.014432617521E0,-5.E-2,-4.19E0));
#3666=VERTEX_POINT('',#3665);
#3667=CARTESIAN_POINT('',(9.85E0,-4.999999999999E-2,-4.19E0));
#3668=VERTEX_POINT('',#3667);
#3669=CARTESIAN_POINT('',(9.85E0,-4.999999999998E-2,-3.68E0));
#3670=VERTEX_POINT('',#3669);
#3671=CARTESIAN_POINT('',(1.055E1,-4.999999999998E-2,-3.68E0));
#3672=VERTEX_POINT('',#3671);
#3673=CARTESIAN_POINT('',(1.055E1,-4.999999999999E-2,-3.5E0));
#3674=VERTEX_POINT('',#3673);
#3675=CARTESIAN_POINT('',(1.054443261752E1,-4.999999999999E-2,-3.18E0));
#3676=VERTEX_POINT('',#3675);
#3677=CARTESIAN_POINT('',(1.054443261752E1,-4.999999999998E-2,-3.E0));
#3678=VERTEX_POINT('',#3677);
#3679=CARTESIAN_POINT('',(9.144432617520E0,-4.999999999998E-2,-3.E0));
#3680=VERTEX_POINT('',#3679);
#3681=CARTESIAN_POINT('',(8.964432617520E0,1.77E0,-2.29E0));
#3682=CARTESIAN_POINT('',(8.964432617520E0,1.77E0,-4.19E0));
#3683=VERTEX_POINT('',#3681);
#3684=VERTEX_POINT('',#3682);
#3685=CARTESIAN_POINT('',(1.685567382480E0,1.5E-1,-3.59E0));
#3686=CARTESIAN_POINT('',(1.685567382479E0,1.5E-1,-4.19E0));
#3687=VERTEX_POINT('',#3685);
#3688=VERTEX_POINT('',#3686);
#3689=CARTESIAN_POINT('',(4.999999999980E-2,1.5E-1,-4.19E0));
#3690=VERTEX_POINT('',#3689);
#3691=CARTESIAN_POINT('',(4.999999999980E-2,1.5E-1,-3.68E0));
#3692=VERTEX_POINT('',#3691);
#3693=CARTESIAN_POINT('',(-6.500000000002E-1,1.5E-1,-3.68E0));
#3694=VERTEX_POINT('',#3693);
#3695=CARTESIAN_POINT('',(-6.500000000002E-1,1.5E-1,-3.5E0));
#3696=VERTEX_POINT('',#3695);
#3697=CARTESIAN_POINT('',(-6.444326175203E-1,1.5E-1,-3.18E0));
#3698=VERTEX_POINT('',#3697);
#3699=CARTESIAN_POINT('',(-6.444326175203E-1,1.5E-1,-3.E0));
#3700=VERTEX_POINT('',#3699);
#3701=CARTESIAN_POINT('',(7.555673824797E-1,1.5E-1,-3.E0));
#3702=VERTEX_POINT('',#3701);
#3703=CARTESIAN_POINT('',(7.555673824797E-1,1.5E-1,-2.29E0));
#3704=VERTEX_POINT('',#3703);
#3705=CARTESIAN_POINT('',(4.999999999980E-2,-5.000000000002E-2,-4.19E0));
#3706=VERTEX_POINT('',#3705);
#3707=CARTESIAN_POINT('',(1.885567382479E0,-5.E-2,-4.19E0));
#3708=VERTEX_POINT('',#3707);
#3709=CARTESIAN_POINT('',(4.999999999980E-2,-5.000000000003E-2,-3.68E0));
#3710=VERTEX_POINT('',#3709);
#3711=CARTESIAN_POINT('',(-6.500000000002E-1,-5.000000000003E-2,-3.68E0));
#3712=VERTEX_POINT('',#3711);
#3713=CARTESIAN_POINT('',(-6.500000000002E-1,-5.000000000003E-2,-3.5E0));
#3714=VERTEX_POINT('',#3713);
#3715=CARTESIAN_POINT('',(-6.444326175203E-1,-5.000000000003E-2,-3.18E0));
#3716=VERTEX_POINT('',#3715);
#3717=CARTESIAN_POINT('',(-6.444326175203E-1,-5.000000000003E-2,-3.E0));
#3718=VERTEX_POINT('',#3717);
#3719=CARTESIAN_POINT('',(7.555673824797E-1,-5.000000000003E-2,-3.E0));
#3720=VERTEX_POINT('',#3719);
#3721=CARTESIAN_POINT('',(7.555673824797E-1,-5.000000000003E-2,-2.29E0));
#3722=VERTEX_POINT('',#3721);
#3723=CARTESIAN_POINT('',(1.885567382480E0,-5.000000000002E-2,-2.29E0));
#3724=VERTEX_POINT('',#3723);
#3725=CARTESIAN_POINT('',(9.355673824798E-1,1.77E0,-2.29E0));
#3726=CARTESIAN_POINT('',(1.735567382480E0,1.77E0,-2.29E0));
#3727=VERTEX_POINT('',#3725);
#3728=VERTEX_POINT('',#3726);
#3729=CARTESIAN_POINT('',(9.355673824797E-1,1.77E0,-4.19E0));
#3730=VERTEX_POINT('',#3729);
#3731=CARTESIAN_POINT('',(6.105E0,2.262038896414E-1,-4.4E0));
#3732=CARTESIAN_POINT('',(6.105E0,1.262198954710E0,-4.4E0));
#3733=VERTEX_POINT('',#3731);
#3734=VERTEX_POINT('',#3732);
#3735=CARTESIAN_POINT('',(6.105E0,1.999999999999E-1,-4.9E0));
#3736=VERTEX_POINT('',#3735);
#3737=CARTESIAN_POINT('',(6.105E0,-1.634028560608E-13,-4.9E0));
#3738=VERTEX_POINT('',#3737);
#3739=CARTESIAN_POINT('',(6.105E0,4.220050455069E-2,-4.094766404376E0));
#3740=VERTEX_POINT('',#3739);
#3741=CARTESIAN_POINT('',(6.105E0,1.420634580258E-1,-4.E0));
#3742=VERTEX_POINT('',#3741);
#3743=CARTESIAN_POINT('',(6.105E0,1.067991655295E0,-1.082630871042E0));
#3744=CARTESIAN_POINT('',(6.295E0,1.067991655295E0,-1.082630871042E0));
#3745=VERTEX_POINT('',#3743);
#3746=VERTEX_POINT('',#3744);
#3747=CARTESIAN_POINT('',(6.295E0,1.262198954710E0,-4.4E0));
#3748=VERTEX_POINT('',#3747);
#3749=CARTESIAN_POINT('',(6.295E0,2.262038896414E-1,-4.4E0));
#3750=VERTEX_POINT('',#3749);
#3751=CARTESIAN_POINT('',(6.295E0,1.999999999999E-1,-4.9E0));
#3752=VERTEX_POINT('',#3751);
#3753=CARTESIAN_POINT('',(6.295E0,-1.634028560608E-13,-4.9E0));
#3754=VERTEX_POINT('',#3753);
#3755=CARTESIAN_POINT('',(6.295E0,4.220050455069E-2,-4.094766404376E0));
#3756=VERTEX_POINT('',#3755);
#3757=CARTESIAN_POINT('',(6.295E0,1.420634580258E-1,-4.E0));
#3758=VERTEX_POINT('',#3757);
#3759=CARTESIAN_POINT('',(6.605E0,2.262038896414E-1,-4.4E0));
#3760=CARTESIAN_POINT('',(6.605E0,1.262198954710E0,-4.4E0));
#3761=VERTEX_POINT('',#3759);
#3762=VERTEX_POINT('',#3760);
#3763=CARTESIAN_POINT('',(6.605E0,1.999999999999E-1,-4.9E0));
#3764=VERTEX_POINT('',#3763);
#3765=CARTESIAN_POINT('',(6.605E0,-1.634028560608E-13,-4.9E0));
#3766=VERTEX_POINT('',#3765);
#3767=CARTESIAN_POINT('',(6.605E0,4.220050455069E-2,-4.094766404376E0));
#3768=VERTEX_POINT('',#3767);
#3769=CARTESIAN_POINT('',(6.605E0,1.420634580258E-1,-4.E0));
#3770=VERTEX_POINT('',#3769);
#3771=CARTESIAN_POINT('',(6.605E0,1.067991655295E0,-1.082630871042E0));
#3772=CARTESIAN_POINT('',(6.795E0,1.067991655295E0,-1.082630871042E0));
#3773=VERTEX_POINT('',#3771);
#3774=VERTEX_POINT('',#3772);
#3775=CARTESIAN_POINT('',(6.795E0,1.262198954710E0,-4.4E0));
#3776=VERTEX_POINT('',#3775);
#3777=CARTESIAN_POINT('',(6.795E0,2.262038896414E-1,-4.4E0));
#3778=VERTEX_POINT('',#3777);
#3779=CARTESIAN_POINT('',(6.795E0,1.999999999999E-1,-4.9E0));
#3780=VERTEX_POINT('',#3779);
#3781=CARTESIAN_POINT('',(6.795E0,-1.634028560608E-13,-4.9E0));
#3782=VERTEX_POINT('',#3781);
#3783=CARTESIAN_POINT('',(6.795E0,4.220050455069E-2,-4.094766404376E0));
#3784=VERTEX_POINT('',#3783);
#3785=CARTESIAN_POINT('',(6.795E0,1.420634580258E-1,-4.E0));
#3786=VERTEX_POINT('',#3785);
#3787=CARTESIAN_POINT('',(2.105E0,2.262038896414E-1,-4.4E0));
#3788=CARTESIAN_POINT('',(2.105E0,1.262198954710E0,-4.4E0));
#3789=VERTEX_POINT('',#3787);
#3790=VERTEX_POINT('',#3788);
#3791=CARTESIAN_POINT('',(2.105E0,1.999999999999E-1,-4.9E0));
#3792=VERTEX_POINT('',#3791);
#3793=CARTESIAN_POINT('',(2.105E0,-1.634028560608E-13,-4.9E0));
#3794=VERTEX_POINT('',#3793);
#3795=CARTESIAN_POINT('',(2.105E0,4.220050455069E-2,-4.094766404376E0));
#3796=VERTEX_POINT('',#3795);
#3797=CARTESIAN_POINT('',(2.105E0,1.420634580258E-1,-4.E0));
#3798=VERTEX_POINT('',#3797);
#3799=CARTESIAN_POINT('',(2.105E0,1.067991655295E0,-1.082630871042E0));
#3800=CARTESIAN_POINT('',(2.295E0,1.067991655295E0,-1.082630871042E0));
#3801=VERTEX_POINT('',#3799);
#3802=VERTEX_POINT('',#3800);
#3803=CARTESIAN_POINT('',(2.295E0,1.262198954710E0,-4.4E0));
#3804=VERTEX_POINT('',#3803);
#3805=CARTESIAN_POINT('',(2.295E0,2.262038896414E-1,-4.4E0));
#3806=VERTEX_POINT('',#3805);
#3807=CARTESIAN_POINT('',(2.295E0,1.999999999999E-1,-4.9E0));
#3808=VERTEX_POINT('',#3807);
#3809=CARTESIAN_POINT('',(2.295E0,-1.634028560608E-13,-4.9E0));
#3810=VERTEX_POINT('',#3809);
#3811=CARTESIAN_POINT('',(2.295E0,4.220050455069E-2,-4.094766404376E0));
#3812=VERTEX_POINT('',#3811);
#3813=CARTESIAN_POINT('',(2.295E0,1.420634580258E-1,-4.E0));
#3814=VERTEX_POINT('',#3813);
#3815=CARTESIAN_POINT('',(2.605E0,2.262038896414E-1,-4.4E0));
#3816=CARTESIAN_POINT('',(2.605E0,1.262198954710E0,-4.4E0));
#3817=VERTEX_POINT('',#3815);
#3818=VERTEX_POINT('',#3816);
#3819=CARTESIAN_POINT('',(2.605E0,1.999999999999E-1,-4.9E0));
#3820=VERTEX_POINT('',#3819);
#3821=CARTESIAN_POINT('',(2.605E0,-1.634028560608E-13,-4.9E0));
#3822=VERTEX_POINT('',#3821);
#3823=CARTESIAN_POINT('',(2.605E0,4.220050455069E-2,-4.094766404376E0));
#3824=VERTEX_POINT('',#3823);
#3825=CARTESIAN_POINT('',(2.605E0,1.420634580258E-1,-4.E0));
#3826=VERTEX_POINT('',#3825);
#3827=CARTESIAN_POINT('',(2.605E0,1.067991655295E0,-1.082630871042E0));
#3828=CARTESIAN_POINT('',(2.795E0,1.067991655295E0,-1.082630871042E0));
#3829=VERTEX_POINT('',#3827);
#3830=VERTEX_POINT('',#3828);
#3831=CARTESIAN_POINT('',(2.795E0,1.262198954710E0,-4.4E0));
#3832=VERTEX_POINT('',#3831);
#3833=CARTESIAN_POINT('',(2.795E0,2.262038896414E-1,-4.4E0));
#3834=VERTEX_POINT('',#3833);
#3835=CARTESIAN_POINT('',(2.795E0,1.999999999999E-1,-4.9E0));
#3836=VERTEX_POINT('',#3835);
#3837=CARTESIAN_POINT('',(2.795E0,-1.634028560608E-13,-4.9E0));
#3838=VERTEX_POINT('',#3837);
#3839=CARTESIAN_POINT('',(2.795E0,4.220050455069E-2,-4.094766404376E0));
#3840=VERTEX_POINT('',#3839);
#3841=CARTESIAN_POINT('',(2.795E0,1.420634580258E-1,-4.E0));
#3842=VERTEX_POINT('',#3841);
#3843=CARTESIAN_POINT('',(7.105E0,2.262038896414E-1,-4.4E0));
#3844=CARTESIAN_POINT('',(7.105E0,1.262198954710E0,-4.4E0));
#3845=VERTEX_POINT('',#3843);
#3846=VERTEX_POINT('',#3844);
#3847=CARTESIAN_POINT('',(7.105E0,1.999999999999E-1,-4.9E0));
#3848=VERTEX_POINT('',#3847);
#3849=CARTESIAN_POINT('',(7.105E0,-1.634028560608E-13,-4.9E0));
#3850=VERTEX_POINT('',#3849);
#3851=CARTESIAN_POINT('',(7.105E0,4.220050455069E-2,-4.094766404376E0));
#3852=VERTEX_POINT('',#3851);
#3853=CARTESIAN_POINT('',(7.105E0,1.420634580258E-1,-4.E0));
#3854=VERTEX_POINT('',#3853);
#3855=CARTESIAN_POINT('',(7.105E0,1.067991655295E0,-1.082630871042E0));
#3856=CARTESIAN_POINT('',(7.295E0,1.067991655295E0,-1.082630871042E0));
#3857=VERTEX_POINT('',#3855);
#3858=VERTEX_POINT('',#3856);
#3859=CARTESIAN_POINT('',(7.295E0,1.262198954710E0,-4.4E0));
#3860=VERTEX_POINT('',#3859);
#3861=CARTESIAN_POINT('',(7.295E0,2.262038896414E-1,-4.4E0));
#3862=VERTEX_POINT('',#3861);
#3863=CARTESIAN_POINT('',(7.295E0,1.999999999999E-1,-4.9E0));
#3864=VERTEX_POINT('',#3863);
#3865=CARTESIAN_POINT('',(7.295E0,-1.634028560608E-13,-4.9E0));
#3866=VERTEX_POINT('',#3865);
#3867=CARTESIAN_POINT('',(7.295E0,4.220050455069E-2,-4.094766404376E0));
#3868=VERTEX_POINT('',#3867);
#3869=CARTESIAN_POINT('',(7.295E0,1.420634580258E-1,-4.E0));
#3870=VERTEX_POINT('',#3869);
#3871=CARTESIAN_POINT('',(7.605E0,2.262038896414E-1,-4.4E0));
#3872=CARTESIAN_POINT('',(7.605E0,1.262198954710E0,-4.4E0));
#3873=VERTEX_POINT('',#3871);
#3874=VERTEX_POINT('',#3872);
#3875=CARTESIAN_POINT('',(7.605E0,1.999999999999E-1,-4.9E0));
#3876=VERTEX_POINT('',#3875);
#3877=CARTESIAN_POINT('',(7.605E0,-1.634028560608E-13,-4.9E0));
#3878=VERTEX_POINT('',#3877);
#3879=CARTESIAN_POINT('',(7.605E0,4.220050455069E-2,-4.094766404376E0));
#3880=VERTEX_POINT('',#3879);
#3881=CARTESIAN_POINT('',(7.605E0,1.420634580258E-1,-4.E0));
#3882=VERTEX_POINT('',#3881);
#3883=CARTESIAN_POINT('',(7.605E0,1.067991655295E0,-1.082630871042E0));
#3884=CARTESIAN_POINT('',(7.795E0,1.067991655295E0,-1.082630871042E0));
#3885=VERTEX_POINT('',#3883);
#3886=VERTEX_POINT('',#3884);
#3887=CARTESIAN_POINT('',(7.795E0,1.262198954710E0,-4.4E0));
#3888=VERTEX_POINT('',#3887);
#3889=CARTESIAN_POINT('',(7.795E0,2.262038896414E-1,-4.4E0));
#3890=VERTEX_POINT('',#3889);
#3891=CARTESIAN_POINT('',(7.795E0,1.999999999999E-1,-4.9E0));
#3892=VERTEX_POINT('',#3891);
#3893=CARTESIAN_POINT('',(7.795E0,-1.634028560608E-13,-4.9E0));
#3894=VERTEX_POINT('',#3893);
#3895=CARTESIAN_POINT('',(7.795E0,4.220050455069E-2,-4.094766404376E0));
#3896=VERTEX_POINT('',#3895);
#3897=CARTESIAN_POINT('',(7.795E0,1.420634580258E-1,-4.E0));
#3898=VERTEX_POINT('',#3897);
#3899=CARTESIAN_POINT('',(3.105E0,2.262038896414E-1,-4.4E0));
#3900=CARTESIAN_POINT('',(3.105E0,1.262198954710E0,-4.4E0));
#3901=VERTEX_POINT('',#3899);
#3902=VERTEX_POINT('',#3900);
#3903=CARTESIAN_POINT('',(3.105E0,1.999999999999E-1,-4.9E0));
#3904=VERTEX_POINT('',#3903);
#3905=CARTESIAN_POINT('',(3.105E0,-1.634028560608E-13,-4.9E0));
#3906=VERTEX_POINT('',#3905);
#3907=CARTESIAN_POINT('',(3.105E0,4.220050455069E-2,-4.094766404376E0));
#3908=VERTEX_POINT('',#3907);
#3909=CARTESIAN_POINT('',(3.105E0,1.420634580258E-1,-4.E0));
#3910=VERTEX_POINT('',#3909);
#3911=CARTESIAN_POINT('',(3.105E0,1.067991655295E0,-1.082630871042E0));
#3912=CARTESIAN_POINT('',(3.295E0,1.067991655295E0,-1.082630871042E0));
#3913=VERTEX_POINT('',#3911);
#3914=VERTEX_POINT('',#3912);
#3915=CARTESIAN_POINT('',(3.295E0,1.262198954710E0,-4.4E0));
#3916=VERTEX_POINT('',#3915);
#3917=CARTESIAN_POINT('',(3.295E0,2.262038896414E-1,-4.4E0));
#3918=VERTEX_POINT('',#3917);
#3919=CARTESIAN_POINT('',(3.295E0,1.999999999999E-1,-4.9E0));
#3920=VERTEX_POINT('',#3919);
#3921=CARTESIAN_POINT('',(3.295E0,-1.634028560608E-13,-4.9E0));
#3922=VERTEX_POINT('',#3921);
#3923=CARTESIAN_POINT('',(3.295E0,4.220050455069E-2,-4.094766404376E0));
#3924=VERTEX_POINT('',#3923);
#3925=CARTESIAN_POINT('',(3.295E0,1.420634580258E-1,-4.E0));
#3926=VERTEX_POINT('',#3925);
#3927=CARTESIAN_POINT('',(3.605E0,2.262038896414E-1,-4.4E0));
#3928=CARTESIAN_POINT('',(3.605E0,1.262198954710E0,-4.4E0));
#3929=VERTEX_POINT('',#3927);
#3930=VERTEX_POINT('',#3928);
#3931=CARTESIAN_POINT('',(3.605E0,1.999999999999E-1,-4.9E0));
#3932=VERTEX_POINT('',#3931);
#3933=CARTESIAN_POINT('',(3.605E0,-1.634028560608E-13,-4.9E0));
#3934=VERTEX_POINT('',#3933);
#3935=CARTESIAN_POINT('',(3.605E0,4.220050455069E-2,-4.094766404376E0));
#3936=VERTEX_POINT('',#3935);
#3937=CARTESIAN_POINT('',(3.605E0,1.420634580258E-1,-4.E0));
#3938=VERTEX_POINT('',#3937);
#3939=CARTESIAN_POINT('',(3.605E0,1.067991655295E0,-1.082630871042E0));
#3940=CARTESIAN_POINT('',(3.795E0,1.067991655295E0,-1.082630871042E0));
#3941=VERTEX_POINT('',#3939);
#3942=VERTEX_POINT('',#3940);
#3943=CARTESIAN_POINT('',(3.795E0,1.262198954710E0,-4.4E0));
#3944=VERTEX_POINT('',#3943);
#3945=CARTESIAN_POINT('',(3.795E0,2.262038896414E-1,-4.4E0));
#3946=VERTEX_POINT('',#3945);
#3947=CARTESIAN_POINT('',(3.795E0,1.999999999999E-1,-4.9E0));
#3948=VERTEX_POINT('',#3947);
#3949=CARTESIAN_POINT('',(3.795E0,-1.634028560608E-13,-4.9E0));
#3950=VERTEX_POINT('',#3949);
#3951=CARTESIAN_POINT('',(3.795E0,4.220050455069E-2,-4.094766404376E0));
#3952=VERTEX_POINT('',#3951);
#3953=CARTESIAN_POINT('',(3.795E0,1.420634580258E-1,-4.E0));
#3954=VERTEX_POINT('',#3953);
#3955=CARTESIAN_POINT('',(4.105E0,2.262038896414E-1,-4.4E0));
#3956=CARTESIAN_POINT('',(4.105E0,1.262198954710E0,-4.4E0));
#3957=VERTEX_POINT('',#3955);
#3958=VERTEX_POINT('',#3956);
#3959=CARTESIAN_POINT('',(4.105E0,1.999999999999E-1,-4.9E0));
#3960=VERTEX_POINT('',#3959);
#3961=CARTESIAN_POINT('',(4.105E0,-1.634028560608E-13,-4.9E0));
#3962=VERTEX_POINT('',#3961);
#3963=CARTESIAN_POINT('',(4.105E0,4.220050455069E-2,-4.094766404376E0));
#3964=VERTEX_POINT('',#3963);
#3965=CARTESIAN_POINT('',(4.105E0,1.420634580258E-1,-4.E0));
#3966=VERTEX_POINT('',#3965);
#3967=CARTESIAN_POINT('',(4.105E0,1.067991655295E0,-1.082630871042E0));
#3968=CARTESIAN_POINT('',(4.295E0,1.067991655295E0,-1.082630871042E0));
#3969=VERTEX_POINT('',#3967);
#3970=VERTEX_POINT('',#3968);
#3971=CARTESIAN_POINT('',(4.295E0,1.262198954710E0,-4.4E0));
#3972=VERTEX_POINT('',#3971);
#3973=CARTESIAN_POINT('',(4.295E0,2.262038896414E-1,-4.4E0));
#3974=VERTEX_POINT('',#3973);
#3975=CARTESIAN_POINT('',(4.295E0,1.999999999999E-1,-4.9E0));
#3976=VERTEX_POINT('',#3975);
#3977=CARTESIAN_POINT('',(4.295E0,-1.634028560608E-13,-4.9E0));
#3978=VERTEX_POINT('',#3977);
#3979=CARTESIAN_POINT('',(4.295E0,4.220050455069E-2,-4.094766404376E0));
#3980=VERTEX_POINT('',#3979);
#3981=CARTESIAN_POINT('',(4.295E0,1.420634580258E-1,-4.E0));
#3982=VERTEX_POINT('',#3981);
#3983=CARTESIAN_POINT('',(4.605E0,2.262038896414E-1,-4.4E0));
#3984=CARTESIAN_POINT('',(4.605E0,1.262198954710E0,-4.4E0));
#3985=VERTEX_POINT('',#3983);
#3986=VERTEX_POINT('',#3984);
#3987=CARTESIAN_POINT('',(4.605E0,1.999999999999E-1,-4.9E0));
#3988=VERTEX_POINT('',#3987);
#3989=CARTESIAN_POINT('',(4.605E0,-1.634028560608E-13,-4.9E0));
#3990=VERTEX_POINT('',#3989);
#3991=CARTESIAN_POINT('',(4.605E0,4.220050455069E-2,-4.094766404376E0));
#3992=VERTEX_POINT('',#3991);
#3993=CARTESIAN_POINT('',(4.605E0,1.420634580258E-1,-4.E0));
#3994=VERTEX_POINT('',#3993);
#3995=CARTESIAN_POINT('',(4.605E0,1.067991655295E0,-1.082630871042E0));
#3996=CARTESIAN_POINT('',(4.795E0,1.067991655295E0,-1.082630871042E0));
#3997=VERTEX_POINT('',#3995);
#3998=VERTEX_POINT('',#3996);
#3999=CARTESIAN_POINT('',(4.795E0,1.262198954710E0,-4.4E0));
#4000=VERTEX_POINT('',#3999);
#4001=CARTESIAN_POINT('',(4.795E0,2.262038896414E-1,-4.4E0));
#4002=VERTEX_POINT('',#4001);
#4003=CARTESIAN_POINT('',(4.795E0,1.999999999999E-1,-4.9E0));
#4004=VERTEX_POINT('',#4003);
#4005=CARTESIAN_POINT('',(4.795E0,-1.634028560608E-13,-4.9E0));
#4006=VERTEX_POINT('',#4005);
#4007=CARTESIAN_POINT('',(4.795E0,4.220050455069E-2,-4.094766404376E0));
#4008=VERTEX_POINT('',#4007);
#4009=CARTESIAN_POINT('',(4.795E0,1.420634580258E-1,-4.E0));
#4010=VERTEX_POINT('',#4009);
#4011=CARTESIAN_POINT('',(5.105E0,2.262038896414E-1,-4.4E0));
#4012=CARTESIAN_POINT('',(5.105E0,1.262198954710E0,-4.4E0));
#4013=VERTEX_POINT('',#4011);
#4014=VERTEX_POINT('',#4012);
#4015=CARTESIAN_POINT('',(5.105E0,1.999999999999E-1,-4.9E0));
#4016=VERTEX_POINT('',#4015);
#4017=CARTESIAN_POINT('',(5.105E0,-1.634028560608E-13,-4.9E0));
#4018=VERTEX_POINT('',#4017);
#4019=CARTESIAN_POINT('',(5.105E0,4.220050455069E-2,-4.094766404376E0));
#4020=VERTEX_POINT('',#4019);
#4021=CARTESIAN_POINT('',(5.105E0,1.420634580258E-1,-4.E0));
#4022=VERTEX_POINT('',#4021);
#4023=CARTESIAN_POINT('',(5.105E0,1.067991655295E0,-1.082630871042E0));
#4024=CARTESIAN_POINT('',(5.295E0,1.067991655295E0,-1.082630871042E0));
#4025=VERTEX_POINT('',#4023);
#4026=VERTEX_POINT('',#4024);
#4027=CARTESIAN_POINT('',(5.295E0,1.262198954710E0,-4.4E0));
#4028=VERTEX_POINT('',#4027);
#4029=CARTESIAN_POINT('',(5.295E0,2.262038896414E-1,-4.4E0));
#4030=VERTEX_POINT('',#4029);
#4031=CARTESIAN_POINT('',(5.295E0,1.999999999999E-1,-4.9E0));
#4032=VERTEX_POINT('',#4031);
#4033=CARTESIAN_POINT('',(5.295E0,-1.634028560608E-13,-4.9E0));
#4034=VERTEX_POINT('',#4033);
#4035=CARTESIAN_POINT('',(5.295E0,4.220050455069E-2,-4.094766404376E0));
#4036=VERTEX_POINT('',#4035);
#4037=CARTESIAN_POINT('',(5.295E0,1.420634580258E-1,-4.E0));
#4038=VERTEX_POINT('',#4037);
#4039=CARTESIAN_POINT('',(5.605E0,2.262038896414E-1,-4.4E0));
#4040=CARTESIAN_POINT('',(5.605E0,1.262198954710E0,-4.4E0));
#4041=VERTEX_POINT('',#4039);
#4042=VERTEX_POINT('',#4040);
#4043=CARTESIAN_POINT('',(5.605E0,1.999999999999E-1,-4.9E0));
#4044=VERTEX_POINT('',#4043);
#4045=CARTESIAN_POINT('',(5.605E0,-1.634028560608E-13,-4.9E0));
#4046=VERTEX_POINT('',#4045);
#4047=CARTESIAN_POINT('',(5.605E0,4.220050455069E-2,-4.094766404376E0));
#4048=VERTEX_POINT('',#4047);
#4049=CARTESIAN_POINT('',(5.605E0,1.420634580258E-1,-4.E0));
#4050=VERTEX_POINT('',#4049);
#4051=CARTESIAN_POINT('',(5.605E0,1.067991655295E0,-1.082630871042E0));
#4052=CARTESIAN_POINT('',(5.795E0,1.067991655295E0,-1.082630871042E0));
#4053=VERTEX_POINT('',#4051);
#4054=VERTEX_POINT('',#4052);
#4055=CARTESIAN_POINT('',(5.795E0,1.262198954710E0,-4.4E0));
#4056=VERTEX_POINT('',#4055);
#4057=CARTESIAN_POINT('',(5.795E0,2.262038896414E-1,-4.4E0));
#4058=VERTEX_POINT('',#4057);
#4059=CARTESIAN_POINT('',(5.795E0,1.999999999999E-1,-4.9E0));
#4060=VERTEX_POINT('',#4059);
#4061=CARTESIAN_POINT('',(5.795E0,-1.634028560608E-13,-4.9E0));
#4062=VERTEX_POINT('',#4061);
#4063=CARTESIAN_POINT('',(5.795E0,4.220050455069E-2,-4.094766404376E0));
#4064=VERTEX_POINT('',#4063);
#4065=CARTESIAN_POINT('',(5.795E0,1.420634580258E-1,-4.E0));
#4066=VERTEX_POINT('',#4065);
#4067=CARTESIAN_POINT('',(1.6E0,1.71E0,0.E0));
#4068=CARTESIAN_POINT('',(1.6E0,1.71E0,-7.E-1));
#4069=VERTEX_POINT('',#4067);
#4070=VERTEX_POINT('',#4068);
#4071=CARTESIAN_POINT('',(-3.E-1,1.71E0,-7.E-1));
#4072=VERTEX_POINT('',#4071);
#4073=CARTESIAN_POINT('',(-3.E-1,1.71E0,-1.4E0));
#4074=VERTEX_POINT('',#4073);
#4075=CARTESIAN_POINT('',(-8.E-1,1.71E0,-1.4E0));
#4076=VERTEX_POINT('',#4075);
#4077=CARTESIAN_POINT('',(-8.E-1,1.71E0,0.E0));
#4078=VERTEX_POINT('',#4077);
#4079=CARTESIAN_POINT('',(8.3E0,1.71E0,-7.E-1));
#4080=CARTESIAN_POINT('',(8.3E0,1.71E0,0.E0));
#4081=VERTEX_POINT('',#4079);
#4082=VERTEX_POINT('',#4080);
#4083=CARTESIAN_POINT('',(1.07E1,1.71E0,0.E0));
#4084=VERTEX_POINT('',#4083);
#4085=CARTESIAN_POINT('',(1.07E1,1.71E0,-1.4E0));
#4086=VERTEX_POINT('',#4085);
#4087=CARTESIAN_POINT('',(1.02E1,1.71E0,-1.4E0));
#4088=VERTEX_POINT('',#4087);
#4089=CARTESIAN_POINT('',(1.02E1,1.71E0,-7.E-1));
#4090=VERTEX_POINT('',#4089);
#4091=CARTESIAN_POINT('',(1.6E0,8.2E-1,0.E0));
#4092=VERTEX_POINT('',#4091);
#4093=CARTESIAN_POINT('',(1.6E0,8.2E-1,-7.E-1));
#4094=VERTEX_POINT('',#4093);
#4095=CARTESIAN_POINT('',(-3.E-1,1.1E-1,-7.E-1));
#4096=VERTEX_POINT('',#4095);
#4097=CARTESIAN_POINT('',(1.6E0,1.1E-1,-7.E-1));
#4098=VERTEX_POINT('',#4097);
#4099=CARTESIAN_POINT('',(1.6E0,5.3E-1,-7.E-1));
#4100=VERTEX_POINT('',#4099);
#4101=CARTESIAN_POINT('',(9.E-1,5.3E-1,-7.E-1));
#4102=VERTEX_POINT('',#4101);
#4103=CARTESIAN_POINT('',(9.E-1,1.32E0,-7.E-1));
#4104=VERTEX_POINT('',#4103);
#4105=CARTESIAN_POINT('',(1.48E0,1.32E0,-7.E-1));
#4106=VERTEX_POINT('',#4105);
#4107=CARTESIAN_POINT('',(1.48E0,8.2E-1,-7.E-1));
#4108=VERTEX_POINT('',#4107);
#4109=CARTESIAN_POINT('',(8.3E0,1.1E-1,-7.E-1));
#4110=CARTESIAN_POINT('',(1.02E1,1.1E-1,-7.E-1));
#4111=VERTEX_POINT('',#4109);
#4112=VERTEX_POINT('',#4110);
#4113=CARTESIAN_POINT('',(8.3E0,8.2E-1,-7.E-1));
#4114=VERTEX_POINT('',#4113);
#4115=CARTESIAN_POINT('',(8.42E0,8.2E-1,-7.E-1));
#4116=VERTEX_POINT('',#4115);
#4117=CARTESIAN_POINT('',(8.42E0,1.32E0,-7.E-1));
#4118=VERTEX_POINT('',#4117);
#4119=CARTESIAN_POINT('',(9.E0,1.32E0,-7.E-1));
#4120=VERTEX_POINT('',#4119);
#4121=CARTESIAN_POINT('',(9.E0,5.3E-1,-7.E-1));
#4122=VERTEX_POINT('',#4121);
#4123=CARTESIAN_POINT('',(8.3E0,5.3E-1,-7.E-1));
#4124=VERTEX_POINT('',#4123);
#4125=CARTESIAN_POINT('',(-3.E-1,1.1E-1,-1.4E0));
#4126=VERTEX_POINT('',#4125);
#4127=CARTESIAN_POINT('',(-8.E-1,1.1E-1,-1.4E0));
#4128=VERTEX_POINT('',#4127);
#4129=CARTESIAN_POINT('',(-8.E-1,1.1E-1,0.E0));
#4130=VERTEX_POINT('',#4129);
#4131=CARTESIAN_POINT('',(1.07E1,1.1E-1,0.E0));
#4132=VERTEX_POINT('',#4131);
#4133=CARTESIAN_POINT('',(8.3E0,8.2E-1,0.E0));
#4134=VERTEX_POINT('',#4133);
#4135=CARTESIAN_POINT('',(1.07E1,1.1E-1,-1.4E0));
#4136=VERTEX_POINT('',#4135);
#4137=CARTESIAN_POINT('',(1.02E1,1.1E-1,-1.4E0));
#4138=VERTEX_POINT('',#4137);
#4139=CARTESIAN_POINT('',(0.E0,0.E0,-7.3E-1));
#4140=CARTESIAN_POINT('',(1.7E0,0.E0,-7.3E-1));
#4141=VERTEX_POINT('',#4139);
#4142=VERTEX_POINT('',#4140);
#4143=CARTESIAN_POINT('',(0.E0,0.E0,-2.05E0));
#4144=VERTEX_POINT('',#4143);
#4145=CARTESIAN_POINT('',(1.83E0,0.E0,-2.05E0));
#4146=VERTEX_POINT('',#4145);
#4147=CARTESIAN_POINT('',(2.095E0,0.E0,-4.2E0));
#4148=CARTESIAN_POINT('',(1.83E0,0.E0,-4.2E0));
#4149=VERTEX_POINT('',#4147);
#4150=VERTEX_POINT('',#4148);
#4151=CARTESIAN_POINT('',(2.095E0,0.E0,-3.5E0));
#4152=VERTEX_POINT('',#4151);
#4153=CARTESIAN_POINT('',(2.305E0,0.E0,-3.5E0));
#4154=VERTEX_POINT('',#4153);
#4155=CARTESIAN_POINT('',(2.305E0,0.E0,-4.2E0));
#4156=VERTEX_POINT('',#4155);
#4157=CARTESIAN_POINT('',(2.595E0,0.E0,-4.2E0));
#4158=VERTEX_POINT('',#4157);
#4159=CARTESIAN_POINT('',(2.595E0,0.E0,-3.5E0));
#4160=VERTEX_POINT('',#4159);
#4161=CARTESIAN_POINT('',(2.805E0,0.E0,-3.5E0));
#4162=VERTEX_POINT('',#4161);
#4163=CARTESIAN_POINT('',(2.805E0,0.E0,-4.2E0));
#4164=VERTEX_POINT('',#4163);
#4165=CARTESIAN_POINT('',(3.095E0,0.E0,-4.2E0));
#4166=VERTEX_POINT('',#4165);
#4167=CARTESIAN_POINT('',(3.095E0,0.E0,-3.5E0));
#4168=VERTEX_POINT('',#4167);
#4169=CARTESIAN_POINT('',(3.305E0,0.E0,-3.5E0));
#4170=VERTEX_POINT('',#4169);
#4171=CARTESIAN_POINT('',(3.305E0,0.E0,-4.2E0));
#4172=VERTEX_POINT('',#4171);
#4173=CARTESIAN_POINT('',(3.595E0,0.E0,-4.2E0));
#4174=VERTEX_POINT('',#4173);
#4175=CARTESIAN_POINT('',(3.595E0,0.E0,-3.5E0));
#4176=VERTEX_POINT('',#4175);
#4177=CARTESIAN_POINT('',(3.805E0,0.E0,-3.5E0));
#4178=VERTEX_POINT('',#4177);
#4179=CARTESIAN_POINT('',(3.805E0,0.E0,-4.2E0));
#4180=VERTEX_POINT('',#4179);
#4181=CARTESIAN_POINT('',(4.095E0,0.E0,-4.2E0));
#4182=VERTEX_POINT('',#4181);
#4183=CARTESIAN_POINT('',(4.095E0,0.E0,-3.5E0));
#4184=VERTEX_POINT('',#4183);
#4185=CARTESIAN_POINT('',(4.305E0,0.E0,-3.5E0));
#4186=VERTEX_POINT('',#4185);
#4187=CARTESIAN_POINT('',(4.305E0,0.E0,-4.2E0));
#4188=VERTEX_POINT('',#4187);
#4189=CARTESIAN_POINT('',(4.595E0,0.E0,-4.2E0));
#4190=VERTEX_POINT('',#4189);
#4191=CARTESIAN_POINT('',(4.595E0,0.E0,-3.5E0));
#4192=VERTEX_POINT('',#4191);
#4193=CARTESIAN_POINT('',(4.805E0,0.E0,-3.5E0));
#4194=VERTEX_POINT('',#4193);
#4195=CARTESIAN_POINT('',(4.805E0,0.E0,-4.2E0));
#4196=VERTEX_POINT('',#4195);
#4197=CARTESIAN_POINT('',(5.095E0,0.E0,-4.2E0));
#4198=VERTEX_POINT('',#4197);
#4199=CARTESIAN_POINT('',(5.095E0,0.E0,-3.5E0));
#4200=VERTEX_POINT('',#4199);
#4201=CARTESIAN_POINT('',(5.305E0,0.E0,-3.5E0));
#4202=VERTEX_POINT('',#4201);
#4203=CARTESIAN_POINT('',(5.305E0,0.E0,-4.2E0));
#4204=VERTEX_POINT('',#4203);
#4205=CARTESIAN_POINT('',(5.595E0,0.E0,-4.2E0));
#4206=VERTEX_POINT('',#4205);
#4207=CARTESIAN_POINT('',(5.595E0,0.E0,-3.5E0));
#4208=VERTEX_POINT('',#4207);
#4209=CARTESIAN_POINT('',(5.805E0,0.E0,-3.5E0));
#4210=VERTEX_POINT('',#4209);
#4211=CARTESIAN_POINT('',(5.805E0,0.E0,-4.2E0));
#4212=VERTEX_POINT('',#4211);
#4213=CARTESIAN_POINT('',(6.095E0,0.E0,-4.2E0));
#4214=VERTEX_POINT('',#4213);
#4215=CARTESIAN_POINT('',(6.095E0,0.E0,-3.5E0));
#4216=VERTEX_POINT('',#4215);
#4217=CARTESIAN_POINT('',(6.305E0,0.E0,-3.5E0));
#4218=VERTEX_POINT('',#4217);
#4219=CARTESIAN_POINT('',(6.305E0,0.E0,-4.2E0));
#4220=VERTEX_POINT('',#4219);
#4221=CARTESIAN_POINT('',(6.595E0,0.E0,-4.2E0));
#4222=VERTEX_POINT('',#4221);
#4223=CARTESIAN_POINT('',(6.595E0,0.E0,-3.5E0));
#4224=VERTEX_POINT('',#4223);
#4225=CARTESIAN_POINT('',(6.805E0,0.E0,-3.5E0));
#4226=VERTEX_POINT('',#4225);
#4227=CARTESIAN_POINT('',(6.805E0,0.E0,-4.2E0));
#4228=VERTEX_POINT('',#4227);
#4229=CARTESIAN_POINT('',(7.095E0,0.E0,-4.2E0));
#4230=VERTEX_POINT('',#4229);
#4231=CARTESIAN_POINT('',(7.095E0,0.E0,-3.5E0));
#4232=VERTEX_POINT('',#4231);
#4233=CARTESIAN_POINT('',(7.305E0,0.E0,-3.5E0));
#4234=VERTEX_POINT('',#4233);
#4235=CARTESIAN_POINT('',(7.305E0,0.E0,-4.2E0));
#4236=VERTEX_POINT('',#4235);
#4237=CARTESIAN_POINT('',(7.595E0,0.E0,-4.2E0));
#4238=VERTEX_POINT('',#4237);
#4239=CARTESIAN_POINT('',(7.595E0,0.E0,-3.5E0));
#4240=VERTEX_POINT('',#4239);
#4241=CARTESIAN_POINT('',(7.805E0,0.E0,-3.5E0));
#4242=VERTEX_POINT('',#4241);
#4243=CARTESIAN_POINT('',(7.805E0,0.E0,-4.2E0));
#4244=VERTEX_POINT('',#4243);
#4245=CARTESIAN_POINT('',(8.07E0,0.E0,-4.2E0));
#4246=VERTEX_POINT('',#4245);
#4247=CARTESIAN_POINT('',(8.07E0,0.E0,-2.05E0));
#4248=CARTESIAN_POINT('',(9.9E0,0.E0,-2.05E0));
#4249=VERTEX_POINT('',#4247);
#4250=VERTEX_POINT('',#4248);
#4251=CARTESIAN_POINT('',(9.9E0,0.E0,-7.3E-1));
#4252=VERTEX_POINT('',#4251);
#4253=CARTESIAN_POINT('',(8.2E0,0.E0,-7.3E-1));
#4254=VERTEX_POINT('',#4253);
#4255=CARTESIAN_POINT('',(8.2E0,0.E0,-9.E-1));
#4256=VERTEX_POINT('',#4255);
#4257=CARTESIAN_POINT('',(1.7E0,0.E0,-9.E-1));
#4258=VERTEX_POINT('',#4257);
#4259=CARTESIAN_POINT('',(8.2E0,1.202826086957E0,-7.300000000001E-1));
#4260=CARTESIAN_POINT('',(8.2E0,1.82E0,-7.3E-1));
#4261=VERTEX_POINT('',#4259);
#4262=VERTEX_POINT('',#4260);
#4263=CARTESIAN_POINT('',(9.9E0,1.82E0,-7.3E-1));
#4264=VERTEX_POINT('',#4263);
#4265=CARTESIAN_POINT('',(0.E0,1.82E0,-7.3E-1));
#4266=CARTESIAN_POINT('',(1.7E0,1.82E0,-7.3E-1));
#4267=VERTEX_POINT('',#4265);
#4268=VERTEX_POINT('',#4266);
#4269=CARTESIAN_POINT('',(1.7E0,1.202826086957E0,-7.300000000002E-1));
#4270=VERTEX_POINT('',#4269);
#4271=CARTESIAN_POINT('',(8.2E0,1.199130434783E0,-9.E-1));
#4272=VERTEX_POINT('',#4271);
#4273=CARTESIAN_POINT('',(1.7E0,1.199130434783E0,-9.000000000001E-1));
#4274=VERTEX_POINT('',#4273);
#4275=CARTESIAN_POINT('',(8.2E0,1.21E0,-4.000000000002E-1));
#4276=VERTEX_POINT('',#4275);
#4277=CARTESIAN_POINT('',(1.7E0,1.21E0,-4.000000000002E-1));
#4278=VERTEX_POINT('',#4277);
#4279=CARTESIAN_POINT('',(1.65E0,1.199130434783E0,-9.E-1));
#4280=VERTEX_POINT('',#4279);
#4281=CARTESIAN_POINT('',(1.65E0,1.16E0,-2.7E0));
#4282=VERTEX_POINT('',#4281);
#4283=CARTESIAN_POINT('',(8.25E0,1.16E0,-2.7E0));
#4284=CARTESIAN_POINT('',(8.25E0,1.199130434783E0,-9.E-1));
#4285=VERTEX_POINT('',#4283);
#4286=VERTEX_POINT('',#4284);
#4287=CARTESIAN_POINT('',(8.25E0,6.7E-1,-2.7E0));
#4288=CARTESIAN_POINT('',(1.65E0,6.7E-1,-2.7E0));
#4289=VERTEX_POINT('',#4287);
#4290=VERTEX_POINT('',#4288);
#4291=CARTESIAN_POINT('',(1.7E0,1.82E0,0.E0));
#4292=VERTEX_POINT('',#4291);
#4293=CARTESIAN_POINT('',(1.7E0,1.21E0,-1.001976279724E-14));
#4294=VERTEX_POINT('',#4293);
#4295=CARTESIAN_POINT('',(0.E0,1.82E0,-2.05E0));
#4296=VERTEX_POINT('',#4295);
#4297=CARTESIAN_POINT('',(1.83E0,1.82E0,-2.05E0));
#4298=VERTEX_POINT('',#4297);
#4299=CARTESIAN_POINT('',(1.83E0,1.82E0,-4.2E0));
#4300=VERTEX_POINT('',#4299);
#4301=CARTESIAN_POINT('',(8.07E0,1.82E0,-4.2E0));
#4302=VERTEX_POINT('',#4301);
#4303=CARTESIAN_POINT('',(8.07E0,1.82E0,-2.05E0));
#4304=VERTEX_POINT('',#4303);
#4305=CARTESIAN_POINT('',(9.9E0,1.82E0,-2.05E0));
#4306=VERTEX_POINT('',#4305);
#4307=CARTESIAN_POINT('',(8.2E0,1.82E0,0.E0));
#4308=VERTEX_POINT('',#4307);
#4309=CARTESIAN_POINT('',(0.E0,2.3E-1,-4.2E0));
#4310=CARTESIAN_POINT('',(0.E0,1.69E0,-4.2E0));
#4311=VERTEX_POINT('',#4309);
#4312=VERTEX_POINT('',#4310);
#4313=CARTESIAN_POINT('',(0.E0,1.69E0,-2.05E0));
#4314=VERTEX_POINT('',#4313);
#4315=CARTESIAN_POINT('',(0.E0,2.3E-1,-2.05E0));
#4316=VERTEX_POINT('',#4315);
#4317=CARTESIAN_POINT('',(1.83E0,1.69E0,-4.2E0));
#4318=VERTEX_POINT('',#4317);
#4319=CARTESIAN_POINT('',(1.83E0,2.3E-1,-4.2E0));
#4320=VERTEX_POINT('',#4319);
#4321=CARTESIAN_POINT('',(2.095E0,2.E-1,-4.2E0));
#4322=VERTEX_POINT('',#4321);
#4323=CARTESIAN_POINT('',(2.305E0,2.E-1,-4.2E0));
#4324=VERTEX_POINT('',#4323);
#4325=CARTESIAN_POINT('',(2.595E0,2.E-1,-4.2E0));
#4326=VERTEX_POINT('',#4325);
#4327=CARTESIAN_POINT('',(2.805E0,2.E-1,-4.2E0));
#4328=VERTEX_POINT('',#4327);
#4329=CARTESIAN_POINT('',(3.095E0,2.E-1,-4.2E0));
#4330=VERTEX_POINT('',#4329);
#4331=CARTESIAN_POINT('',(3.305E0,2.E-1,-4.2E0));
#4332=VERTEX_POINT('',#4331);
#4333=CARTESIAN_POINT('',(3.595E0,2.E-1,-4.2E0));
#4334=VERTEX_POINT('',#4333);
#4335=CARTESIAN_POINT('',(3.805E0,2.E-1,-4.2E0));
#4336=VERTEX_POINT('',#4335);
#4337=CARTESIAN_POINT('',(4.095E0,2.E-1,-4.2E0));
#4338=VERTEX_POINT('',#4337);
#4339=CARTESIAN_POINT('',(4.305E0,2.E-1,-4.2E0));
#4340=VERTEX_POINT('',#4339);
#4341=CARTESIAN_POINT('',(4.595E0,2.E-1,-4.2E0));
#4342=VERTEX_POINT('',#4341);
#4343=CARTESIAN_POINT('',(4.805E0,2.E-1,-4.2E0));
#4344=VERTEX_POINT('',#4343);
#4345=CARTESIAN_POINT('',(5.095E0,2.E-1,-4.2E0));
#4346=VERTEX_POINT('',#4345);
#4347=CARTESIAN_POINT('',(5.305E0,2.E-1,-4.2E0));
#4348=VERTEX_POINT('',#4347);
#4349=CARTESIAN_POINT('',(5.595E0,2.E-1,-4.2E0));
#4350=VERTEX_POINT('',#4349);
#4351=CARTESIAN_POINT('',(5.805E0,2.E-1,-4.2E0));
#4352=VERTEX_POINT('',#4351);
#4353=CARTESIAN_POINT('',(6.095E0,2.E-1,-4.2E0));
#4354=VERTEX_POINT('',#4353);
#4355=CARTESIAN_POINT('',(6.305E0,2.E-1,-4.2E0));
#4356=VERTEX_POINT('',#4355);
#4357=CARTESIAN_POINT('',(6.595E0,2.E-1,-4.2E0));
#4358=VERTEX_POINT('',#4357);
#4359=CARTESIAN_POINT('',(6.805E0,2.E-1,-4.2E0));
#4360=VERTEX_POINT('',#4359);
#4361=CARTESIAN_POINT('',(7.095E0,2.E-1,-4.2E0));
#4362=VERTEX_POINT('',#4361);
#4363=CARTESIAN_POINT('',(7.305E0,2.E-1,-4.2E0));
#4364=VERTEX_POINT('',#4363);
#4365=CARTESIAN_POINT('',(7.595E0,2.E-1,-4.2E0));
#4366=VERTEX_POINT('',#4365);
#4367=CARTESIAN_POINT('',(7.805E0,2.E-1,-4.2E0));
#4368=VERTEX_POINT('',#4367);
#4369=CARTESIAN_POINT('',(8.07E0,2.3E-1,-4.2E0));
#4370=VERTEX_POINT('',#4369);
#4371=CARTESIAN_POINT('',(9.9E0,2.3E-1,-4.2E0));
#4372=VERTEX_POINT('',#4371);
#4373=CARTESIAN_POINT('',(9.9E0,1.69E0,-4.2E0));
#4374=VERTEX_POINT('',#4373);
#4375=CARTESIAN_POINT('',(8.07E0,1.69E0,-4.2E0));
#4376=VERTEX_POINT('',#4375);
#4377=CARTESIAN_POINT('',(1.83E0,1.69E0,-2.05E0));
#4378=VERTEX_POINT('',#4377);
#4379=CARTESIAN_POINT('',(9.9E0,1.69E0,-2.05E0));
#4380=VERTEX_POINT('',#4379);
#4381=CARTESIAN_POINT('',(8.07E0,1.69E0,-2.05E0));
#4382=VERTEX_POINT('',#4381);
#4383=CARTESIAN_POINT('',(9.9E0,2.3E-1,-2.05E0));
#4384=VERTEX_POINT('',#4383);
#4385=CARTESIAN_POINT('',(8.07E0,2.3E-1,-2.05E0));
#4386=VERTEX_POINT('',#4385);
#4387=CARTESIAN_POINT('',(1.83E0,2.3E-1,-2.05E0));
#4388=VERTEX_POINT('',#4387);
#4389=CARTESIAN_POINT('',(2.095E0,2.E-1,-3.5E0));
#4390=VERTEX_POINT('',#4389);
#4391=CARTESIAN_POINT('',(7.595E0,2.E-1,-3.5E0));
#4392=VERTEX_POINT('',#4391);
#4393=CARTESIAN_POINT('',(7.805E0,2.E-1,-3.5E0));
#4394=VERTEX_POINT('',#4393);
#4395=CARTESIAN_POINT('',(2.305E0,2.E-1,-3.5E0));
#4396=VERTEX_POINT('',#4395);
#4397=CARTESIAN_POINT('',(7.095E0,2.E-1,-3.5E0));
#4398=VERTEX_POINT('',#4397);
#4399=CARTESIAN_POINT('',(7.305E0,2.E-1,-3.5E0));
#4400=VERTEX_POINT('',#4399);
#4401=CARTESIAN_POINT('',(2.805E0,2.E-1,-3.5E0));
#4402=CARTESIAN_POINT('',(2.595E0,2.E-1,-3.5E0));
#4403=VERTEX_POINT('',#4401);
#4404=VERTEX_POINT('',#4402);
#4405=CARTESIAN_POINT('',(3.305E0,2.E-1,-3.5E0));
#4406=CARTESIAN_POINT('',(3.095E0,2.E-1,-3.5E0));
#4407=VERTEX_POINT('',#4405);
#4408=VERTEX_POINT('',#4406);
#4409=CARTESIAN_POINT('',(3.805E0,2.E-1,-3.5E0));
#4410=CARTESIAN_POINT('',(3.595E0,2.E-1,-3.5E0));
#4411=VERTEX_POINT('',#4409);
#4412=VERTEX_POINT('',#4410);
#4413=CARTESIAN_POINT('',(4.305E0,2.E-1,-3.5E0));
#4414=CARTESIAN_POINT('',(4.095E0,2.E-1,-3.5E0));
#4415=VERTEX_POINT('',#4413);
#4416=VERTEX_POINT('',#4414);
#4417=CARTESIAN_POINT('',(4.805E0,2.E-1,-3.5E0));
#4418=CARTESIAN_POINT('',(4.595E0,2.E-1,-3.5E0));
#4419=VERTEX_POINT('',#4417);
#4420=VERTEX_POINT('',#4418);
#4421=CARTESIAN_POINT('',(5.305E0,2.E-1,-3.5E0));
#4422=CARTESIAN_POINT('',(5.095E0,2.E-1,-3.5E0));
#4423=VERTEX_POINT('',#4421);
#4424=VERTEX_POINT('',#4422);
#4425=CARTESIAN_POINT('',(5.805E0,2.E-1,-3.5E0));
#4426=CARTESIAN_POINT('',(5.595E0,2.E-1,-3.5E0));
#4427=VERTEX_POINT('',#4425);
#4428=VERTEX_POINT('',#4426);
#4429=CARTESIAN_POINT('',(6.305E0,2.E-1,-3.5E0));
#4430=CARTESIAN_POINT('',(6.095E0,2.E-1,-3.5E0));
#4431=VERTEX_POINT('',#4429);
#4432=VERTEX_POINT('',#4430);
#4433=CARTESIAN_POINT('',(6.805E0,2.E-1,-3.5E0));
#4434=CARTESIAN_POINT('',(6.595E0,2.E-1,-3.5E0));
#4435=VERTEX_POINT('',#4433);
#4436=VERTEX_POINT('',#4434);
#4437=CARTESIAN_POINT('',(8.2E0,1.21E0,-1.003826651432E-14));
#4438=VERTEX_POINT('',#4437);
#4439=CARTESIAN_POINT('',(8.2E0,1.1E-1,-7.3E-1));
#4440=CARTESIAN_POINT('',(8.3E0,1.1E-1,-7.3E-1));
#4441=VERTEX_POINT('',#4439);
#4442=VERTEX_POINT('',#4440);
#4443=CARTESIAN_POINT('',(8.2E0,8.2E-1,-7.3E-1));
#4444=CARTESIAN_POINT('',(8.42E0,8.2E-1,-7.3E-1));
#4445=VERTEX_POINT('',#4443);
#4446=VERTEX_POINT('',#4444);
#4447=CARTESIAN_POINT('',(8.42E0,1.32E0,-7.3E-1));
#4448=VERTEX_POINT('',#4447);
#4449=CARTESIAN_POINT('',(9.E0,1.32E0,-7.3E-1));
#4450=CARTESIAN_POINT('',(9.E0,5.3E-1,-7.3E-1));
#4451=VERTEX_POINT('',#4449);
#4452=VERTEX_POINT('',#4450);
#4453=CARTESIAN_POINT('',(8.3E0,5.3E-1,-7.3E-1));
#4454=VERTEX_POINT('',#4453);
#4455=CARTESIAN_POINT('',(1.6E0,1.1E-1,-7.3E-1));
#4456=CARTESIAN_POINT('',(1.7E0,1.1E-1,-7.3E-1));
#4457=VERTEX_POINT('',#4455);
#4458=VERTEX_POINT('',#4456);
#4459=CARTESIAN_POINT('',(1.7E0,8.2E-1,-7.3E-1));
#4460=CARTESIAN_POINT('',(1.48E0,8.2E-1,-7.3E-1));
#4461=VERTEX_POINT('',#4459);
#4462=VERTEX_POINT('',#4460);
#4463=CARTESIAN_POINT('',(1.6E0,5.3E-1,-7.3E-1));
#4464=CARTESIAN_POINT('',(9.E-1,5.3E-1,-7.3E-1));
#4465=VERTEX_POINT('',#4463);
#4466=VERTEX_POINT('',#4464);
#4467=CARTESIAN_POINT('',(9.E-1,1.32E0,-7.3E-1));
#4468=VERTEX_POINT('',#4467);
#4469=CARTESIAN_POINT('',(1.48E0,1.32E0,-7.3E-1));
#4470=VERTEX_POINT('',#4469);
#4471=CARTESIAN_POINT('',(8.2E0,1.1E-1,-9.E-1));
#4472=VERTEX_POINT('',#4471);
#4473=CARTESIAN_POINT('',(8.2E0,8.2E-1,-9.E-1));
#4474=VERTEX_POINT('',#4473);
#4475=CARTESIAN_POINT('',(1.7E0,1.1E-1,-9.E-1));
#4476=VERTEX_POINT('',#4475);
#4477=CARTESIAN_POINT('',(1.7E0,8.2E-1,-9.E-1));
#4478=VERTEX_POINT('',#4477);
#4479=CARTESIAN_POINT('',(8.25E0,8.2E-1,-9.E-1));
#4480=VERTEX_POINT('',#4479);
#4481=CARTESIAN_POINT('',(1.65E0,6.7E-1,-2.35E0));
#4482=CARTESIAN_POINT('',(8.25E0,6.7E-1,-2.35E0));
#4483=VERTEX_POINT('',#4481);
#4484=VERTEX_POINT('',#4482);
#4485=CARTESIAN_POINT('',(1.65E0,8.2E-1,-9.E-1));
#4486=VERTEX_POINT('',#4485);
#4487=CARTESIAN_POINT('',(1.65E0,8.2E-1,-2.35E0));
#4488=VERTEX_POINT('',#4487);
#4489=CARTESIAN_POINT('',(8.25E0,8.2E-1,-2.35E0));
#4490=VERTEX_POINT('',#4489);
#4491=CARTESIAN_POINT('',(7.605E0,1.16E0,-2.7E0));
#4492=CARTESIAN_POINT('',(7.605E0,1.201378662820E0,-7.965815103010E-1));
#4493=VERTEX_POINT('',#4491);
#4494=VERTEX_POINT('',#4492);
#4495=CARTESIAN_POINT('',(7.795E0,1.16E0,-2.7E0));
#4496=CARTESIAN_POINT('',(7.795E0,1.201378662820E0,-7.965815103010E-1));
#4497=VERTEX_POINT('',#4495);
#4498=VERTEX_POINT('',#4496);
#4499=CARTESIAN_POINT('',(7.605E0,1.153886659156E0,-2.7E0));
#4500=VERTEX_POINT('',#4499);
#4501=CARTESIAN_POINT('',(7.795E0,1.153886659156E0,-2.7E0));
#4502=VERTEX_POINT('',#4501);
#4503=CARTESIAN_POINT('',(7.605E0,2.E-1,-4.2E0));
#4504=CARTESIAN_POINT('',(7.605E0,1.262198954710E0,-4.2E0));
#4505=VERTEX_POINT('',#4503);
#4506=VERTEX_POINT('',#4504);
#4507=CARTESIAN_POINT('',(7.795E0,2.E-1,-4.2E0));
#4508=CARTESIAN_POINT('',(7.795E0,1.262198954710E0,-4.2E0));
#4509=VERTEX_POINT('',#4507);
#4510=VERTEX_POINT('',#4508);
#4511=CARTESIAN_POINT('',(7.605E0,2.E-1,-4.E0));
#4512=VERTEX_POINT('',#4511);
#4513=CARTESIAN_POINT('',(7.795E0,2.E-1,-4.E0));
#4514=VERTEX_POINT('',#4513);
#4515=CARTESIAN_POINT('',(7.105E0,1.16E0,-2.7E0));
#4516=CARTESIAN_POINT('',(7.105E0,1.201378662820E0,-7.965815103010E-1));
#4517=VERTEX_POINT('',#4515);
#4518=VERTEX_POINT('',#4516);
#4519=CARTESIAN_POINT('',(7.295E0,1.16E0,-2.7E0));
#4520=CARTESIAN_POINT('',(7.295E0,1.201378662820E0,-7.965815103010E-1));
#4521=VERTEX_POINT('',#4519);
#4522=VERTEX_POINT('',#4520);
#4523=CARTESIAN_POINT('',(7.105E0,1.153886659156E0,-2.7E0));
#4524=VERTEX_POINT('',#4523);
#4525=CARTESIAN_POINT('',(7.295E0,1.153886659156E0,-2.7E0));
#4526=VERTEX_POINT('',#4525);
#4527=CARTESIAN_POINT('',(7.105E0,2.E-1,-4.2E0));
#4528=CARTESIAN_POINT('',(7.105E0,1.262198954710E0,-4.2E0));
#4529=VERTEX_POINT('',#4527);
#4530=VERTEX_POINT('',#4528);
#4531=CARTESIAN_POINT('',(7.295E0,2.E-1,-4.2E0));
#4532=CARTESIAN_POINT('',(7.295E0,1.262198954710E0,-4.2E0));
#4533=VERTEX_POINT('',#4531);
#4534=VERTEX_POINT('',#4532);
#4535=CARTESIAN_POINT('',(7.105E0,2.E-1,-4.E0));
#4536=VERTEX_POINT('',#4535);
#4537=CARTESIAN_POINT('',(7.295E0,2.E-1,-4.E0));
#4538=VERTEX_POINT('',#4537);
#4539=CARTESIAN_POINT('',(6.605E0,1.16E0,-2.7E0));
#4540=CARTESIAN_POINT('',(6.605E0,1.201378662820E0,-7.965815103010E-1));
#4541=VERTEX_POINT('',#4539);
#4542=VERTEX_POINT('',#4540);
#4543=CARTESIAN_POINT('',(6.795E0,1.16E0,-2.7E0));
#4544=CARTESIAN_POINT('',(6.795E0,1.201378662820E0,-7.965815103010E-1));
#4545=VERTEX_POINT('',#4543);
#4546=VERTEX_POINT('',#4544);
#4547=CARTESIAN_POINT('',(6.605E0,1.153886659156E0,-2.7E0));
#4548=VERTEX_POINT('',#4547);
#4549=CARTESIAN_POINT('',(6.795E0,1.153886659156E0,-2.7E0));
#4550=VERTEX_POINT('',#4549);
#4551=CARTESIAN_POINT('',(6.605E0,2.E-1,-4.2E0));
#4552=CARTESIAN_POINT('',(6.605E0,1.262198954710E0,-4.2E0));
#4553=VERTEX_POINT('',#4551);
#4554=VERTEX_POINT('',#4552);
#4555=CARTESIAN_POINT('',(6.795E0,2.E-1,-4.2E0));
#4556=CARTESIAN_POINT('',(6.795E0,1.262198954710E0,-4.2E0));
#4557=VERTEX_POINT('',#4555);
#4558=VERTEX_POINT('',#4556);
#4559=CARTESIAN_POINT('',(6.605E0,2.E-1,-4.E0));
#4560=VERTEX_POINT('',#4559);
#4561=CARTESIAN_POINT('',(6.795E0,2.E-1,-4.E0));
#4562=VERTEX_POINT('',#4561);
#4563=CARTESIAN_POINT('',(6.105E0,1.16E0,-2.7E0));
#4564=CARTESIAN_POINT('',(6.105E0,1.201378662820E0,-7.965815103010E-1));
#4565=VERTEX_POINT('',#4563);
#4566=VERTEX_POINT('',#4564);
#4567=CARTESIAN_POINT('',(6.295E0,1.16E0,-2.7E0));
#4568=CARTESIAN_POINT('',(6.295E0,1.201378662820E0,-7.965815103010E-1));
#4569=VERTEX_POINT('',#4567);
#4570=VERTEX_POINT('',#4568);
#4571=CARTESIAN_POINT('',(6.105E0,1.153886659156E0,-2.7E0));
#4572=VERTEX_POINT('',#4571);
#4573=CARTESIAN_POINT('',(6.295E0,1.153886659156E0,-2.7E0));
#4574=VERTEX_POINT('',#4573);
#4575=CARTESIAN_POINT('',(6.105E0,2.E-1,-4.2E0));
#4576=CARTESIAN_POINT('',(6.105E0,1.262198954710E0,-4.2E0));
#4577=VERTEX_POINT('',#4575);
#4578=VERTEX_POINT('',#4576);
#4579=CARTESIAN_POINT('',(6.295E0,2.E-1,-4.2E0));
#4580=CARTESIAN_POINT('',(6.295E0,1.262198954710E0,-4.2E0));
#4581=VERTEX_POINT('',#4579);
#4582=VERTEX_POINT('',#4580);
#4583=CARTESIAN_POINT('',(6.105E0,2.E-1,-4.E0));
#4584=VERTEX_POINT('',#4583);
#4585=CARTESIAN_POINT('',(6.295E0,2.E-1,-4.E0));
#4586=VERTEX_POINT('',#4585);
#4587=CARTESIAN_POINT('',(5.605E0,1.16E0,-2.7E0));
#4588=CARTESIAN_POINT('',(5.605E0,1.201378662820E0,-7.965815103010E-1));
#4589=VERTEX_POINT('',#4587);
#4590=VERTEX_POINT('',#4588);
#4591=CARTESIAN_POINT('',(5.795E0,1.16E0,-2.7E0));
#4592=CARTESIAN_POINT('',(5.795E0,1.201378662820E0,-7.965815103010E-1));
#4593=VERTEX_POINT('',#4591);
#4594=VERTEX_POINT('',#4592);
#4595=CARTESIAN_POINT('',(5.605E0,1.153886659156E0,-2.7E0));
#4596=VERTEX_POINT('',#4595);
#4597=CARTESIAN_POINT('',(5.795E0,1.153886659156E0,-2.7E0));
#4598=VERTEX_POINT('',#4597);
#4599=CARTESIAN_POINT('',(5.605E0,2.E-1,-4.2E0));
#4600=CARTESIAN_POINT('',(5.605E0,1.262198954710E0,-4.2E0));
#4601=VERTEX_POINT('',#4599);
#4602=VERTEX_POINT('',#4600);
#4603=CARTESIAN_POINT('',(5.795E0,2.E-1,-4.2E0));
#4604=CARTESIAN_POINT('',(5.795E0,1.262198954710E0,-4.2E0));
#4605=VERTEX_POINT('',#4603);
#4606=VERTEX_POINT('',#4604);
#4607=CARTESIAN_POINT('',(5.605E0,2.E-1,-4.E0));
#4608=VERTEX_POINT('',#4607);
#4609=CARTESIAN_POINT('',(5.795E0,2.E-1,-4.E0));
#4610=VERTEX_POINT('',#4609);
#4611=CARTESIAN_POINT('',(5.105E0,1.16E0,-2.7E0));
#4612=CARTESIAN_POINT('',(5.105E0,1.201378662820E0,-7.965815103010E-1));
#4613=VERTEX_POINT('',#4611);
#4614=VERTEX_POINT('',#4612);
#4615=CARTESIAN_POINT('',(5.295E0,1.16E0,-2.7E0));
#4616=CARTESIAN_POINT('',(5.295E0,1.201378662820E0,-7.965815103010E-1));
#4617=VERTEX_POINT('',#4615);
#4618=VERTEX_POINT('',#4616);
#4619=CARTESIAN_POINT('',(5.105E0,1.153886659156E0,-2.7E0));
#4620=VERTEX_POINT('',#4619);
#4621=CARTESIAN_POINT('',(5.295E0,1.153886659156E0,-2.7E0));
#4622=VERTEX_POINT('',#4621);
#4623=CARTESIAN_POINT('',(5.105E0,2.E-1,-4.2E0));
#4624=CARTESIAN_POINT('',(5.105E0,1.262198954710E0,-4.2E0));
#4625=VERTEX_POINT('',#4623);
#4626=VERTEX_POINT('',#4624);
#4627=CARTESIAN_POINT('',(5.295E0,2.E-1,-4.2E0));
#4628=CARTESIAN_POINT('',(5.295E0,1.262198954710E0,-4.2E0));
#4629=VERTEX_POINT('',#4627);
#4630=VERTEX_POINT('',#4628);
#4631=CARTESIAN_POINT('',(5.105E0,2.E-1,-4.E0));
#4632=VERTEX_POINT('',#4631);
#4633=CARTESIAN_POINT('',(5.295E0,2.E-1,-4.E0));
#4634=VERTEX_POINT('',#4633);
#4635=CARTESIAN_POINT('',(4.605E0,1.16E0,-2.7E0));
#4636=CARTESIAN_POINT('',(4.605E0,1.201378662820E0,-7.965815103010E-1));
#4637=VERTEX_POINT('',#4635);
#4638=VERTEX_POINT('',#4636);
#4639=CARTESIAN_POINT('',(4.795E0,1.16E0,-2.7E0));
#4640=CARTESIAN_POINT('',(4.795E0,1.201378662820E0,-7.965815103010E-1));
#4641=VERTEX_POINT('',#4639);
#4642=VERTEX_POINT('',#4640);
#4643=CARTESIAN_POINT('',(4.605E0,1.153886659156E0,-2.7E0));
#4644=VERTEX_POINT('',#4643);
#4645=CARTESIAN_POINT('',(4.795E0,1.153886659156E0,-2.7E0));
#4646=VERTEX_POINT('',#4645);
#4647=CARTESIAN_POINT('',(4.605E0,2.E-1,-4.2E0));
#4648=CARTESIAN_POINT('',(4.605E0,1.262198954710E0,-4.2E0));
#4649=VERTEX_POINT('',#4647);
#4650=VERTEX_POINT('',#4648);
#4651=CARTESIAN_POINT('',(4.795E0,2.E-1,-4.2E0));
#4652=CARTESIAN_POINT('',(4.795E0,1.262198954710E0,-4.2E0));
#4653=VERTEX_POINT('',#4651);
#4654=VERTEX_POINT('',#4652);
#4655=CARTESIAN_POINT('',(4.605E0,2.E-1,-4.E0));
#4656=VERTEX_POINT('',#4655);
#4657=CARTESIAN_POINT('',(4.795E0,2.E-1,-4.E0));
#4658=VERTEX_POINT('',#4657);
#4659=CARTESIAN_POINT('',(4.105E0,1.16E0,-2.7E0));
#4660=CARTESIAN_POINT('',(4.105E0,1.201378662820E0,-7.965815103010E-1));
#4661=VERTEX_POINT('',#4659);
#4662=VERTEX_POINT('',#4660);
#4663=CARTESIAN_POINT('',(4.295E0,1.16E0,-2.7E0));
#4664=CARTESIAN_POINT('',(4.295E0,1.201378662820E0,-7.965815103010E-1));
#4665=VERTEX_POINT('',#4663);
#4666=VERTEX_POINT('',#4664);
#4667=CARTESIAN_POINT('',(4.105E0,1.153886659156E0,-2.7E0));
#4668=VERTEX_POINT('',#4667);
#4669=CARTESIAN_POINT('',(4.295E0,1.153886659156E0,-2.7E0));
#4670=VERTEX_POINT('',#4669);
#4671=CARTESIAN_POINT('',(4.105E0,2.E-1,-4.2E0));
#4672=CARTESIAN_POINT('',(4.105E0,1.262198954710E0,-4.2E0));
#4673=VERTEX_POINT('',#4671);
#4674=VERTEX_POINT('',#4672);
#4675=CARTESIAN_POINT('',(4.295E0,2.E-1,-4.2E0));
#4676=CARTESIAN_POINT('',(4.295E0,1.262198954710E0,-4.2E0));
#4677=VERTEX_POINT('',#4675);
#4678=VERTEX_POINT('',#4676);
#4679=CARTESIAN_POINT('',(4.105E0,2.E-1,-4.E0));
#4680=VERTEX_POINT('',#4679);
#4681=CARTESIAN_POINT('',(4.295E0,2.E-1,-4.E0));
#4682=VERTEX_POINT('',#4681);
#4683=CARTESIAN_POINT('',(3.605E0,1.16E0,-2.7E0));
#4684=CARTESIAN_POINT('',(3.605E0,1.201378662820E0,-7.965815103010E-1));
#4685=VERTEX_POINT('',#4683);
#4686=VERTEX_POINT('',#4684);
#4687=CARTESIAN_POINT('',(3.795E0,1.16E0,-2.7E0));
#4688=CARTESIAN_POINT('',(3.795E0,1.201378662820E0,-7.965815103010E-1));
#4689=VERTEX_POINT('',#4687);
#4690=VERTEX_POINT('',#4688);
#4691=CARTESIAN_POINT('',(3.605E0,1.153886659156E0,-2.7E0));
#4692=VERTEX_POINT('',#4691);
#4693=CARTESIAN_POINT('',(3.795E0,1.153886659156E0,-2.7E0));
#4694=VERTEX_POINT('',#4693);
#4695=CARTESIAN_POINT('',(3.605E0,2.E-1,-4.2E0));
#4696=CARTESIAN_POINT('',(3.605E0,1.262198954710E0,-4.2E0));
#4697=VERTEX_POINT('',#4695);
#4698=VERTEX_POINT('',#4696);
#4699=CARTESIAN_POINT('',(3.795E0,2.E-1,-4.2E0));
#4700=CARTESIAN_POINT('',(3.795E0,1.262198954710E0,-4.2E0));
#4701=VERTEX_POINT('',#4699);
#4702=VERTEX_POINT('',#4700);
#4703=CARTESIAN_POINT('',(3.605E0,2.E-1,-4.E0));
#4704=VERTEX_POINT('',#4703);
#4705=CARTESIAN_POINT('',(3.795E0,2.E-1,-4.E0));
#4706=VERTEX_POINT('',#4705);
#4707=CARTESIAN_POINT('',(3.105E0,1.16E0,-2.7E0));
#4708=CARTESIAN_POINT('',(3.105E0,1.201378662820E0,-7.965815103010E-1));
#4709=VERTEX_POINT('',#4707);
#4710=VERTEX_POINT('',#4708);
#4711=CARTESIAN_POINT('',(3.295E0,1.16E0,-2.7E0));
#4712=CARTESIAN_POINT('',(3.295E0,1.201378662820E0,-7.965815103010E-1));
#4713=VERTEX_POINT('',#4711);
#4714=VERTEX_POINT('',#4712);
#4715=CARTESIAN_POINT('',(3.105E0,1.153886659156E0,-2.7E0));
#4716=VERTEX_POINT('',#4715);
#4717=CARTESIAN_POINT('',(3.295E0,1.153886659156E0,-2.7E0));
#4718=VERTEX_POINT('',#4717);
#4719=CARTESIAN_POINT('',(3.105E0,2.E-1,-4.2E0));
#4720=CARTESIAN_POINT('',(3.105E0,1.262198954710E0,-4.2E0));
#4721=VERTEX_POINT('',#4719);
#4722=VERTEX_POINT('',#4720);
#4723=CARTESIAN_POINT('',(3.295E0,2.E-1,-4.2E0));
#4724=CARTESIAN_POINT('',(3.295E0,1.262198954710E0,-4.2E0));
#4725=VERTEX_POINT('',#4723);
#4726=VERTEX_POINT('',#4724);
#4727=CARTESIAN_POINT('',(3.105E0,2.E-1,-4.E0));
#4728=VERTEX_POINT('',#4727);
#4729=CARTESIAN_POINT('',(3.295E0,2.E-1,-4.E0));
#4730=VERTEX_POINT('',#4729);
#4731=CARTESIAN_POINT('',(2.605E0,1.16E0,-2.7E0));
#4732=CARTESIAN_POINT('',(2.605E0,1.201378662820E0,-7.965815103010E-1));
#4733=VERTEX_POINT('',#4731);
#4734=VERTEX_POINT('',#4732);
#4735=CARTESIAN_POINT('',(2.795E0,1.16E0,-2.7E0));
#4736=CARTESIAN_POINT('',(2.795E0,1.201378662820E0,-7.965815103010E-1));
#4737=VERTEX_POINT('',#4735);
#4738=VERTEX_POINT('',#4736);
#4739=CARTESIAN_POINT('',(2.605E0,1.153886659156E0,-2.7E0));
#4740=VERTEX_POINT('',#4739);
#4741=CARTESIAN_POINT('',(2.795E0,1.153886659156E0,-2.7E0));
#4742=VERTEX_POINT('',#4741);
#4743=CARTESIAN_POINT('',(2.605E0,2.E-1,-4.2E0));
#4744=CARTESIAN_POINT('',(2.605E0,1.262198954710E0,-4.2E0));
#4745=VERTEX_POINT('',#4743);
#4746=VERTEX_POINT('',#4744);
#4747=CARTESIAN_POINT('',(2.795E0,2.E-1,-4.2E0));
#4748=CARTESIAN_POINT('',(2.795E0,1.262198954710E0,-4.2E0));
#4749=VERTEX_POINT('',#4747);
#4750=VERTEX_POINT('',#4748);
#4751=CARTESIAN_POINT('',(2.605E0,2.E-1,-4.E0));
#4752=VERTEX_POINT('',#4751);
#4753=CARTESIAN_POINT('',(2.795E0,2.E-1,-4.E0));
#4754=VERTEX_POINT('',#4753);
#4755=CARTESIAN_POINT('',(2.105E0,1.16E0,-2.7E0));
#4756=CARTESIAN_POINT('',(2.105E0,1.201378662820E0,-7.965815103010E-1));
#4757=VERTEX_POINT('',#4755);
#4758=VERTEX_POINT('',#4756);
#4759=CARTESIAN_POINT('',(2.295E0,1.16E0,-2.7E0));
#4760=CARTESIAN_POINT('',(2.295E0,1.201378662820E0,-7.965815103010E-1));
#4761=VERTEX_POINT('',#4759);
#4762=VERTEX_POINT('',#4760);
#4763=CARTESIAN_POINT('',(2.105E0,1.153886659156E0,-2.7E0));
#4764=VERTEX_POINT('',#4763);
#4765=CARTESIAN_POINT('',(2.295E0,1.153886659156E0,-2.7E0));
#4766=VERTEX_POINT('',#4765);
#4767=CARTESIAN_POINT('',(2.105E0,2.E-1,-4.2E0));
#4768=CARTESIAN_POINT('',(2.105E0,1.262198954710E0,-4.2E0));
#4769=VERTEX_POINT('',#4767);
#4770=VERTEX_POINT('',#4768);
#4771=CARTESIAN_POINT('',(2.295E0,2.E-1,-4.2E0));
#4772=CARTESIAN_POINT('',(2.295E0,1.262198954710E0,-4.2E0));
#4773=VERTEX_POINT('',#4771);
#4774=VERTEX_POINT('',#4772);
#4775=CARTESIAN_POINT('',(2.105E0,2.E-1,-4.E0));
#4776=VERTEX_POINT('',#4775);
#4777=CARTESIAN_POINT('',(2.295E0,2.E-1,-4.E0));
#4778=VERTEX_POINT('',#4777);
#4779=CARTESIAN_POINT('',(1.885567382480E0,0.E0,-4.19E0));
#4780=CARTESIAN_POINT('',(1.885567382480E0,0.E0,-2.29E0));
#4781=VERTEX_POINT('',#4779);
#4782=VERTEX_POINT('',#4780);
#4783=CARTESIAN_POINT('',(1.83E0,0.E0,-2.29E0));
#4784=VERTEX_POINT('',#4783);
#4785=CARTESIAN_POINT('',(1.83E0,0.E0,-4.19E0));
#4786=VERTEX_POINT('',#4785);
#4787=CARTESIAN_POINT('',(1.83E0,1.69E0,-4.19E0));
#4788=CARTESIAN_POINT('',(1.83E0,1.77E0,-4.19E0));
#4789=VERTEX_POINT('',#4787);
#4790=VERTEX_POINT('',#4788);
#4791=CARTESIAN_POINT('',(1.83E0,1.69E0,-2.283947729567E0));
#4792=CARTESIAN_POINT('',(1.83E0,1.77E0,-2.283947729567E0));
#4793=VERTEX_POINT('',#4791);
#4794=VERTEX_POINT('',#4792);
#4795=CARTESIAN_POINT('',(9.355673824798E-1,1.69E0,-4.19E0));
#4796=VERTEX_POINT('',#4795);
#4797=CARTESIAN_POINT('',(9.355673824798E-1,1.69E0,-2.29E0));
#4798=CARTESIAN_POINT('',(1.735567382481E0,1.69E0,-2.29E0));
#4799=VERTEX_POINT('',#4797);
#4800=VERTEX_POINT('',#4798);
#4801=CARTESIAN_POINT('',(1.685567382480E0,2.3E-1,-4.19E0));
#4802=CARTESIAN_POINT('',(1.685567382480E0,2.3E-1,-3.59E0));
#4803=VERTEX_POINT('',#4801);
#4804=VERTEX_POINT('',#4802);
#4805=CARTESIAN_POINT('',(1.83E0,2.3E-1,-3.59E0));
#4806=VERTEX_POINT('',#4805);
#4807=CARTESIAN_POINT('',(1.83E0,2.3E-1,-4.19E0));
#4808=VERTEX_POINT('',#4807);
#4809=CARTESIAN_POINT('',(1.83E0,1.5E-1,-2.29E0));
#4810=CARTESIAN_POINT('',(1.83E0,1.5E-1,-3.59E0));
#4811=VERTEX_POINT('',#4809);
#4812=VERTEX_POINT('',#4810);
#4813=CARTESIAN_POINT('',(8.014432617520E0,0.E0,-2.29E0));
#4814=CARTESIAN_POINT('',(8.07E0,0.E0,-2.29E0));
#4815=VERTEX_POINT('',#4813);
#4816=VERTEX_POINT('',#4814);
#4817=CARTESIAN_POINT('',(8.014432617520E0,0.E0,-4.19E0));
#4818=VERTEX_POINT('',#4817);
#4819=CARTESIAN_POINT('',(8.07E0,0.E0,-4.19E0));
#4820=VERTEX_POINT('',#4819);
#4821=CARTESIAN_POINT('',(8.07E0,1.69E0,-2.29E0));
#4822=CARTESIAN_POINT('',(8.964432617520E0,1.69E0,-2.29E0));
#4823=VERTEX_POINT('',#4821);
#4824=VERTEX_POINT('',#4822);
#4825=CARTESIAN_POINT('',(8.07E0,1.69E0,-4.19E0));
#4826=CARTESIAN_POINT('',(8.964432617520E0,1.69E0,-4.19E0));
#4827=VERTEX_POINT('',#4825);
#4828=VERTEX_POINT('',#4826);
#4829=CARTESIAN_POINT('',(8.07E0,1.77E0,-2.29E0));
#4830=VERTEX_POINT('',#4829);
#4831=CARTESIAN_POINT('',(8.07E0,1.77E0,-4.19E0));
#4832=VERTEX_POINT('',#4831);
#4833=CARTESIAN_POINT('',(8.07E0,2.3E-1,-3.59E0));
#4834=CARTESIAN_POINT('',(8.214432617520E0,2.3E-1,-3.59E0));
#4835=VERTEX_POINT('',#4833);
#4836=VERTEX_POINT('',#4834);
#4837=CARTESIAN_POINT('',(8.07E0,2.3E-1,-4.19E0));
#4838=CARTESIAN_POINT('',(8.214432617520E0,2.3E-1,-4.19E0));
#4839=VERTEX_POINT('',#4837);
#4840=VERTEX_POINT('',#4838);
#4841=CARTESIAN_POINT('',(8.07E0,1.5E-1,-3.59E0));
#4842=CARTESIAN_POINT('',(8.07E0,1.5E-1,-2.29E0));
#4843=VERTEX_POINT('',#4841);
#4844=VERTEX_POINT('',#4842);
#4845=CARTESIAN_POINT('',(4.95E0,0.E0,-2.465E0));
#4846=DIRECTION('',(0.E0,1.E0,0.E0));
#4847=DIRECTION('',(1.E0,0.E0,0.E0));
#4848=AXIS2_PLACEMENT_3D('',#4845,#4846,#4847);
#4849=PLANE('',#4848);
#4851=ORIENTED_EDGE('',*,*,#4850,.F.);
#4853=ORIENTED_EDGE('',*,*,#4852,.F.);
#4855=ORIENTED_EDGE('',*,*,#4854,.F.);
#4857=ORIENTED_EDGE('',*,*,#4856,.F.);
#4859=ORIENTED_EDGE('',*,*,#4858,.T.);
#4861=ORIENTED_EDGE('',*,*,#4860,.F.);
#4863=ORIENTED_EDGE('',*,*,#4862,.F.);
#4865=ORIENTED_EDGE('',*,*,#4864,.T.);
#4867=ORIENTED_EDGE('',*,*,#4866,.T.);
#4869=ORIENTED_EDGE('',*,*,#4868,.F.);
#4871=ORIENTED_EDGE('',*,*,#4870,.F.);
#4873=ORIENTED_EDGE('',*,*,#4872,.T.);
#4875=ORIENTED_EDGE('',*,*,#4874,.T.);
#4877=ORIENTED_EDGE('',*,*,#4876,.F.);
#4879=ORIENTED_EDGE('',*,*,#4878,.F.);
#4881=ORIENTED_EDGE('',*,*,#4880,.T.);
#4883=ORIENTED_EDGE('',*,*,#4882,.T.);
#4885=ORIENTED_EDGE('',*,*,#4884,.F.);
#4887=ORIENTED_EDGE('',*,*,#4886,.F.);
#4889=ORIENTED_EDGE('',*,*,#4888,.T.);
#4891=ORIENTED_EDGE('',*,*,#4890,.T.);
#4893=ORIENTED_EDGE('',*,*,#4892,.F.);
#4895=ORIENTED_EDGE('',*,*,#4894,.F.);
#4897=ORIENTED_EDGE('',*,*,#4896,.T.);
#4899=ORIENTED_EDGE('',*,*,#4898,.T.);
#4901=ORIENTED_EDGE('',*,*,#4900,.F.);
#4903=ORIENTED_EDGE('',*,*,#4902,.F.);
#4905=ORIENTED_EDGE('',*,*,#4904,.T.);
#4907=ORIENTED_EDGE('',*,*,#4906,.T.);
#4909=ORIENTED_EDGE('',*,*,#4908,.F.);
#4911=ORIENTED_EDGE('',*,*,#4910,.F.);
#4913=ORIENTED_EDGE('',*,*,#4912,.T.);
#4915=ORIENTED_EDGE('',*,*,#4914,.T.);
#4917=ORIENTED_EDGE('',*,*,#4916,.F.);
#4919=ORIENTED_EDGE('',*,*,#4918,.F.);
#4921=ORIENTED_EDGE('',*,*,#4920,.T.);
#4923=ORIENTED_EDGE('',*,*,#4922,.T.);
#4925=ORIENTED_EDGE('',*,*,#4924,.F.);
#4927=ORIENTED_EDGE('',*,*,#4926,.F.);
#4929=ORIENTED_EDGE('',*,*,#4928,.T.);
#4931=ORIENTED_EDGE('',*,*,#4930,.T.);
#4933=ORIENTED_EDGE('',*,*,#4932,.F.);
#4935=ORIENTED_EDGE('',*,*,#4934,.F.);
#4937=ORIENTED_EDGE('',*,*,#4936,.T.);
#4939=ORIENTED_EDGE('',*,*,#4938,.T.);
#4941=ORIENTED_EDGE('',*,*,#4940,.F.);
#4943=ORIENTED_EDGE('',*,*,#4942,.F.);
#4945=ORIENTED_EDGE('',*,*,#4944,.T.);
#4947=ORIENTED_EDGE('',*,*,#4946,.T.);
#4949=ORIENTED_EDGE('',*,*,#4948,.F.);
#4951=ORIENTED_EDGE('',*,*,#4950,.F.);
#4953=ORIENTED_EDGE('',*,*,#4952,.T.);
#4955=ORIENTED_EDGE('',*,*,#4954,.T.);
#4957=ORIENTED_EDGE('',*,*,#4956,.T.);
#4959=ORIENTED_EDGE('',*,*,#4958,.T.);
#4961=ORIENTED_EDGE('',*,*,#4960,.T.);
#4963=ORIENTED_EDGE('',*,*,#4962,.T.);
#4965=ORIENTED_EDGE('',*,*,#4964,.T.);
#4967=ORIENTED_EDGE('',*,*,#4966,.T.);
#4969=ORIENTED_EDGE('',*,*,#4968,.T.);
#4971=ORIENTED_EDGE('',*,*,#4970,.T.);
#4973=ORIENTED_EDGE('',*,*,#4972,.T.);
#4975=ORIENTED_EDGE('',*,*,#4974,.F.);
#4977=ORIENTED_EDGE('',*,*,#4976,.T.);
#4979=ORIENTED_EDGE('',*,*,#4978,.T.);
#4981=ORIENTED_EDGE('',*,*,#4980,.T.);
#4983=ORIENTED_EDGE('',*,*,#4982,.F.);
#4985=ORIENTED_EDGE('',*,*,#4984,.F.);
#4986=EDGE_LOOP('',(#4851,#4853,#4855,#4857,#4859,#4861,#4863,#4865,#4867,#4869,
#4871,#4873,#4875,#4877,#4879,#4881,#4883,#4885,#4887,#4889,#4891,#4893,#4895,
#4897,#4899,#4901,#4903,#4905,#4907,#4909,#4911,#4913,#4915,#4917,#4919,#4921,
#4923,#4925,#4927,#4929,#4931,#4933,#4935,#4937,#4939,#4941,#4943,#4945,#4947,
#4949,#4951,#4953,#4955,#4957,#4959,#4961,#4963,#4965,#4967,#4969,#4971,#4973,
#4975,#4977,#4979,#4981,#4983,#4985));
#4987=FACE_OUTER_BOUND('',#4986,.F.);
#4988=ADVANCED_FACE('',(#4987),#4849,.F.);
#4989=CARTESIAN_POINT('',(8.579432617520E0,5.000000000003E-2,-2.29E0));
#4990=DIRECTION('',(0.E0,0.E0,1.E0));
#4991=DIRECTION('',(1.E0,0.E0,0.E0));
#4992=AXIS2_PLACEMENT_3D('',#4989,#4990,#4991);
#4993=PLANE('',#4992);
#4994=ORIENTED_EDGE('',*,*,#4850,.T.);
#4996=ORIENTED_EDGE('',*,*,#4995,.T.);
#4998=ORIENTED_EDGE('',*,*,#4997,.T.);
#5000=ORIENTED_EDGE('',*,*,#4999,.F.);
#5002=ORIENTED_EDGE('',*,*,#5001,.F.);
#5004=ORIENTED_EDGE('',*,*,#5003,.F.);
#5005=EDGE_LOOP('',(#4994,#4996,#4998,#5000,#5002,#5004));
#5006=FACE_OUTER_BOUND('',#5005,.F.);
#5007=ADVANCED_FACE('',(#5006),#4993,.T.);
#5008=CARTESIAN_POINT('',(8.07E0,1.15E-1,-3.125E0));
#5009=DIRECTION('',(1.E0,0.E0,0.E0));
#5010=DIRECTION('',(0.E0,0.E0,-1.E0));
#5011=AXIS2_PLACEMENT_3D('',#5008,#5009,#5010);
#5012=PLANE('',#5011);
#5014=ORIENTED_EDGE('',*,*,#5013,.T.);
#5015=ORIENTED_EDGE('',*,*,#4995,.F.);
#5016=ORIENTED_EDGE('',*,*,#4984,.T.);
#5018=ORIENTED_EDGE('',*,*,#5017,.T.);
#5020=ORIENTED_EDGE('',*,*,#5019,.T.);
#5022=ORIENTED_EDGE('',*,*,#5021,.T.);
#5023=EDGE_LOOP('',(#5014,#5015,#5016,#5018,#5020,#5022));
#5024=FACE_OUTER_BOUND('',#5023,.F.);
#5025=ADVANCED_FACE('',(#5024),#5012,.T.);
#5026=CARTESIAN_POINT('',(8.07E0,1.15E-1,-3.125E0));
#5027=DIRECTION('',(1.E0,0.E0,0.E0));
#5028=DIRECTION('',(0.E0,0.E0,-1.E0));
#5029=AXIS2_PLACEMENT_3D('',#5026,#5027,#5028);
#5030=PLANE('',#5029);
#5032=ORIENTED_EDGE('',*,*,#5031,.T.);
#5034=ORIENTED_EDGE('',*,*,#5033,.T.);
#5036=ORIENTED_EDGE('',*,*,#5035,.T.);
#5037=ORIENTED_EDGE('',*,*,#4856,.T.);
#5038=EDGE_LOOP('',(#5032,#5034,#5036,#5037));
#5039=FACE_OUTER_BOUND('',#5038,.F.);
#5040=ADVANCED_FACE('',(#5039),#5030,.T.);
#5041=CARTESIAN_POINT('',(9.282216308761E0,1.5E-1,-3.24E0));
#5042=DIRECTION('',(0.E0,1.E0,0.E0));
#5043=DIRECTION('',(-1.E0,0.E0,0.E0));
#5044=AXIS2_PLACEMENT_3D('',#5041,#5042,#5043);
#5045=PLANE('',#5044);
#5046=ORIENTED_EDGE('',*,*,#5013,.F.);
#5048=ORIENTED_EDGE('',*,*,#5047,.F.);
#5050=ORIENTED_EDGE('',*,*,#5049,.T.);
#5052=ORIENTED_EDGE('',*,*,#5051,.F.);
#5054=ORIENTED_EDGE('',*,*,#5053,.F.);
#5056=ORIENTED_EDGE('',*,*,#5055,.F.);
#5058=ORIENTED_EDGE('',*,*,#5057,.F.);
#5060=ORIENTED_EDGE('',*,*,#5059,.F.);
#5062=ORIENTED_EDGE('',*,*,#5061,.F.);
#5064=ORIENTED_EDGE('',*,*,#5063,.F.);
#5066=ORIENTED_EDGE('',*,*,#5065,.F.);
#5067=ORIENTED_EDGE('',*,*,#4997,.F.);
#5068=EDGE_LOOP('',(#5046,#5048,#5050,#5052,#5054,#5056,#5058,#5060,#5062,#5064,
#5066,#5067));
#5069=FACE_OUTER_BOUND('',#5068,.F.);
#5070=ADVANCED_FACE('',(#5069),#5045,.T.);
#5071=CARTESIAN_POINT('',(8.114432617520E0,3.925E-1,-3.59E0));
#5072=DIRECTION('',(0.E0,0.E0,1.E0));
#5073=DIRECTION('',(1.E0,0.E0,0.E0));
#5074=AXIS2_PLACEMENT_3D('',#5071,#5072,#5073);
#5075=PLANE('',#5074);
#5077=ORIENTED_EDGE('',*,*,#5076,.T.);
#5079=ORIENTED_EDGE('',*,*,#5078,.T.);
#5080=ORIENTED_EDGE('',*,*,#5047,.T.);
#5081=ORIENTED_EDGE('',*,*,#5021,.F.);
#5082=EDGE_LOOP('',(#5077,#5079,#5080,#5081));
#5083=FACE_OUTER_BOUND('',#5082,.F.);
#5084=ADVANCED_FACE('',(#5083),#5075,.T.);
#5085=CARTESIAN_POINT('',(8.985E0,2.3E-1,-3.125E0));
#5086=DIRECTION('',(0.E0,1.E0,0.E0));
#5087=DIRECTION('',(-1.E0,0.E0,0.E0));
#5088=AXIS2_PLACEMENT_3D('',#5085,#5086,#5087);
#5089=PLANE('',#5088);
#5090=ORIENTED_EDGE('',*,*,#5076,.F.);
#5091=ORIENTED_EDGE('',*,*,#5019,.F.);
#5093=ORIENTED_EDGE('',*,*,#5092,.F.);
#5095=ORIENTED_EDGE('',*,*,#5094,.F.);
#5097=ORIENTED_EDGE('',*,*,#5096,.F.);
#5098=ORIENTED_EDGE('',*,*,#5033,.F.);
#5100=ORIENTED_EDGE('',*,*,#5099,.T.);
#5102=ORIENTED_EDGE('',*,*,#5101,.T.);
#5103=EDGE_LOOP('',(#5090,#5091,#5093,#5095,#5097,#5098,#5100,#5102));
#5104=FACE_OUTER_BOUND('',#5103,.F.);
#5105=ADVANCED_FACE('',(#5104),#5089,.F.);
#5106=CARTESIAN_POINT('',(8.985E0,1.15E-1,-2.05E0));
#5107=DIRECTION('',(0.E0,0.E0,1.E0));
#5108=DIRECTION('',(-1.E0,0.E0,0.E0));
#5109=AXIS2_PLACEMENT_3D('',#5106,#5107,#5108);
#5110=PLANE('',#5109);
#5111=ORIENTED_EDGE('',*,*,#4982,.T.);
#5113=ORIENTED_EDGE('',*,*,#5112,.T.);
#5114=ORIENTED_EDGE('',*,*,#5092,.T.);
#5115=ORIENTED_EDGE('',*,*,#5017,.F.);
#5116=EDGE_LOOP('',(#5111,#5113,#5114,#5115));
#5117=FACE_OUTER_BOUND('',#5116,.F.);
#5118=ADVANCED_FACE('',(#5117),#5110,.F.);
#5119=CARTESIAN_POINT('',(9.9E0,9.1E-1,-2.465E0));
#5120=DIRECTION('',(1.E0,0.E0,0.E0));
#5121=DIRECTION('',(0.E0,0.E0,-1.E0));
#5122=AXIS2_PLACEMENT_3D('',#5119,#5120,#5121);
#5123=PLANE('',#5122);
#5125=ORIENTED_EDGE('',*,*,#5124,.T.);
#5127=ORIENTED_EDGE('',*,*,#5126,.F.);
#5129=ORIENTED_EDGE('',*,*,#5128,.F.);
#5130=ORIENTED_EDGE('',*,*,#5094,.T.);
#5131=ORIENTED_EDGE('',*,*,#5112,.F.);
#5132=ORIENTED_EDGE('',*,*,#4980,.F.);
#5134=ORIENTED_EDGE('',*,*,#5133,.F.);
#5136=ORIENTED_EDGE('',*,*,#5135,.F.);
#5137=EDGE_LOOP('',(#5125,#5127,#5129,#5130,#5131,#5132,#5134,#5136));
#5138=FACE_OUTER_BOUND('',#5137,.F.);
#5139=ADVANCED_FACE('',(#5138),#5123,.T.);
#5140=CARTESIAN_POINT('',(8.985E0,1.755E0,-2.05E0));
#5141=DIRECTION('',(0.E0,0.E0,1.E0));
#5142=DIRECTION('',(-1.E0,0.E0,0.E0));
#5143=AXIS2_PLACEMENT_3D('',#5140,#5141,#5142);
#5144=PLANE('',#5143);
#5146=ORIENTED_EDGE('',*,*,#5145,.F.);
#5147=ORIENTED_EDGE('',*,*,#5124,.F.);
#5149=ORIENTED_EDGE('',*,*,#5148,.F.);
#5151=ORIENTED_EDGE('',*,*,#5150,.T.);
#5152=EDGE_LOOP('',(#5146,#5147,#5149,#5151));
#5153=FACE_OUTER_BOUND('',#5152,.F.);
#5154=ADVANCED_FACE('',(#5153),#5144,.F.);
#5155=CARTESIAN_POINT('',(8.985E0,1.69E0,-3.125E0));
#5156=DIRECTION('',(0.E0,1.E0,0.E0));
#5157=DIRECTION('',(0.E0,0.E0,-1.E0));
#5158=AXIS2_PLACEMENT_3D('',#5155,#5156,#5157);
#5159=PLANE('',#5158);
#5161=ORIENTED_EDGE('',*,*,#5160,.T.);
#5163=ORIENTED_EDGE('',*,*,#5162,.F.);
#5165=ORIENTED_EDGE('',*,*,#5164,.F.);
#5167=ORIENTED_EDGE('',*,*,#5166,.T.);
#5169=ORIENTED_EDGE('',*,*,#5168,.F.);
#5170=ORIENTED_EDGE('',*,*,#5126,.T.);
#5171=ORIENTED_EDGE('',*,*,#5145,.T.);
#5173=ORIENTED_EDGE('',*,*,#5172,.T.);
#5174=EDGE_LOOP('',(#5161,#5163,#5165,#5167,#5169,#5170,#5171,#5173));
#5175=FACE_OUTER_BOUND('',#5174,.F.);
#5176=ADVANCED_FACE('',(#5175),#5159,.T.);
#5177=CARTESIAN_POINT('',(8.489432617520E0,1.67E0,-2.29E0));
#5178=DIRECTION('',(0.E0,0.E0,1.E0));
#5179=DIRECTION('',(-1.E0,0.E0,0.E0));
#5180=AXIS2_PLACEMENT_3D('',#5177,#5178,#5179);
#5181=PLANE('',#5180);
#5182=ORIENTED_EDGE('',*,*,#5160,.F.);
#5184=ORIENTED_EDGE('',*,*,#5183,.T.);
#5186=ORIENTED_EDGE('',*,*,#5185,.F.);
#5188=ORIENTED_EDGE('',*,*,#5187,.F.);
#5189=EDGE_LOOP('',(#5182,#5184,#5186,#5188));
#5190=FACE_OUTER_BOUND('',#5189,.F.);
#5191=ADVANCED_FACE('',(#5190),#5181,.T.);
#5192=CARTESIAN_POINT('',(8.07E0,1.755E0,-3.125E0));
#5193=DIRECTION('',(1.E0,0.E0,0.E0));
#5194=DIRECTION('',(0.E0,0.E0,-1.E0));
#5195=AXIS2_PLACEMENT_3D('',#5192,#5193,#5194);
#5196=PLANE('',#5195);
#5197=ORIENTED_EDGE('',*,*,#5183,.F.);
#5198=ORIENTED_EDGE('',*,*,#5172,.F.);
#5199=ORIENTED_EDGE('',*,*,#5150,.F.);
#5201=ORIENTED_EDGE('',*,*,#5200,.F.);
#5203=ORIENTED_EDGE('',*,*,#5202,.F.);
#5204=ORIENTED_EDGE('',*,*,#5166,.F.);
#5206=ORIENTED_EDGE('',*,*,#5205,.T.);
#5208=ORIENTED_EDGE('',*,*,#5207,.T.);
#5209=EDGE_LOOP('',(#5197,#5198,#5199,#5201,#5203,#5204,#5206,#5208));
#5210=FACE_OUTER_BOUND('',#5209,.F.);
#5211=ADVANCED_FACE('',(#5210),#5196,.T.);
#5212=CARTESIAN_POINT('',(4.95E0,1.82E0,-2.1E0));
#5213=DIRECTION('',(0.E0,1.E0,0.E0));
#5214=DIRECTION('',(1.E0,0.E0,0.E0));
#5215=AXIS2_PLACEMENT_3D('',#5212,#5213,#5214);
#5216=PLANE('',#5215);
#5218=ORIENTED_EDGE('',*,*,#5217,.F.);
#5220=ORIENTED_EDGE('',*,*,#5219,.F.);
#5222=ORIENTED_EDGE('',*,*,#5221,.T.);
#5224=ORIENTED_EDGE('',*,*,#5223,.F.);
#5226=ORIENTED_EDGE('',*,*,#5225,.F.);
#5228=ORIENTED_EDGE('',*,*,#5227,.T.);
#5229=ORIENTED_EDGE('',*,*,#5200,.T.);
#5230=ORIENTED_EDGE('',*,*,#5148,.T.);
#5231=ORIENTED_EDGE('',*,*,#5135,.T.);
#5233=ORIENTED_EDGE('',*,*,#5232,.F.);
#5235=ORIENTED_EDGE('',*,*,#5234,.T.);
#5237=ORIENTED_EDGE('',*,*,#5236,.T.);
#5238=EDGE_LOOP('',(#5218,#5220,#5222,#5224,#5226,#5228,#5229,#5230,#5231,#5233,
#5235,#5237));
#5239=FACE_OUTER_BOUND('',#5238,.F.);
#5240=ADVANCED_FACE('',(#5239),#5216,.T.);
#5241=CARTESIAN_POINT('',(1.7E0,1.511413043478E0,-3.65E-1));
#5242=DIRECTION('',(1.E0,0.E0,0.E0));
#5243=DIRECTION('',(0.E0,0.E0,1.E0));
#5244=AXIS2_PLACEMENT_3D('',#5241,#5242,#5243);
#5245=PLANE('',#5244);
#5247=ORIENTED_EDGE('',*,*,#5246,.F.);
#5248=ORIENTED_EDGE('',*,*,#5217,.T.);
#5250=ORIENTED_EDGE('',*,*,#5249,.T.);
#5252=ORIENTED_EDGE('',*,*,#5251,.F.);
#5254=ORIENTED_EDGE('',*,*,#5253,.F.);
#5255=EDGE_LOOP('',(#5247,#5248,#5250,#5252,#5254));
#5256=FACE_OUTER_BOUND('',#5255,.F.);
#5257=ADVANCED_FACE('',(#5256),#5245,.F.);
#5258=CARTESIAN_POINT('',(8.5E-1,9.1E-1,-7.3E-1));
#5259=DIRECTION('',(0.E0,0.E0,1.E0));
#5260=DIRECTION('',(1.E0,0.E0,0.E0));
#5261=AXIS2_PLACEMENT_3D('',#5258,#5259,#5260);
#5262=PLANE('',#5261);
#5264=ORIENTED_EDGE('',*,*,#5263,.T.);
#5266=ORIENTED_EDGE('',*,*,#5265,.T.);
#5267=ORIENTED_EDGE('',*,*,#4970,.F.);
#5269=ORIENTED_EDGE('',*,*,#5268,.T.);
#5270=ORIENTED_EDGE('',*,*,#5219,.T.);
#5271=ORIENTED_EDGE('',*,*,#5246,.T.);
#5273=ORIENTED_EDGE('',*,*,#5272,.T.);
#5275=ORIENTED_EDGE('',*,*,#5274,.T.);
#5277=ORIENTED_EDGE('',*,*,#5276,.F.);
#5279=ORIENTED_EDGE('',*,*,#5278,.F.);
#5281=ORIENTED_EDGE('',*,*,#5280,.F.);
#5283=ORIENTED_EDGE('',*,*,#5282,.F.);
#5285=ORIENTED_EDGE('',*,*,#5284,.F.);
#5286=EDGE_LOOP('',(#5264,#5266,#5267,#5269,#5270,#5271,#5273,#5275,#5277,#5279,
#5281,#5283,#5285));
#5287=FACE_OUTER_BOUND('',#5286,.F.);
#5288=ADVANCED_FACE('',(#5287),#5262,.T.);
#5289=CARTESIAN_POINT('',(4.95E0,1.1E-1,-7.E-1));
#5290=DIRECTION('',(0.E0,1.E0,0.E0));
#5291=DIRECTION('',(-1.E0,0.E0,0.E0));
#5292=AXIS2_PLACEMENT_3D('',#5289,#5290,#5291);
#5293=PLANE('',#5292);
#5295=ORIENTED_EDGE('',*,*,#5294,.F.);
#5297=ORIENTED_EDGE('',*,*,#5296,.T.);
#5299=ORIENTED_EDGE('',*,*,#5298,.T.);
#5301=ORIENTED_EDGE('',*,*,#5300,.T.);
#5302=ORIENTED_EDGE('',*,*,#5263,.F.);
#5304=ORIENTED_EDGE('',*,*,#5303,.T.);
#5306=ORIENTED_EDGE('',*,*,#5305,.F.);
#5308=ORIENTED_EDGE('',*,*,#5307,.F.);
#5310=ORIENTED_EDGE('',*,*,#5309,.F.);
#5312=ORIENTED_EDGE('',*,*,#5311,.F.);
#5314=ORIENTED_EDGE('',*,*,#5313,.F.);
#5316=ORIENTED_EDGE('',*,*,#5315,.F.);
#5318=ORIENTED_EDGE('',*,*,#5317,.F.);
#5320=ORIENTED_EDGE('',*,*,#5319,.F.);
#5322=ORIENTED_EDGE('',*,*,#5321,.F.);
#5324=ORIENTED_EDGE('',*,*,#5323,.T.);
#5325=EDGE_LOOP('',(#5295,#5297,#5299,#5301,#5302,#5304,#5306,#5308,#5310,#5312,
#5314,#5316,#5318,#5320,#5322,#5324));
#5326=FACE_OUTER_BOUND('',#5325,.F.);
#5327=ADVANCED_FACE('',(#5326),#5293,.F.);
#5328=CARTESIAN_POINT('',(9.05E0,9.1E-1,-7.3E-1));
#5329=DIRECTION('',(0.E0,0.E0,1.E0));
#5330=DIRECTION('',(1.E0,0.E0,0.E0));
#5331=AXIS2_PLACEMENT_3D('',#5328,#5329,#5330);
#5332=PLANE('',#5331);
#5333=ORIENTED_EDGE('',*,*,#5294,.T.);
#5335=ORIENTED_EDGE('',*,*,#5334,.T.);
#5337=ORIENTED_EDGE('',*,*,#5336,.T.);
#5339=ORIENTED_EDGE('',*,*,#5338,.F.);
#5341=ORIENTED_EDGE('',*,*,#5340,.F.);
#5343=ORIENTED_EDGE('',*,*,#5342,.F.);
#5345=ORIENTED_EDGE('',*,*,#5344,.F.);
#5347=ORIENTED_EDGE('',*,*,#5346,.T.);
#5349=ORIENTED_EDGE('',*,*,#5348,.T.);
#5350=ORIENTED_EDGE('',*,*,#5232,.T.);
#5351=ORIENTED_EDGE('',*,*,#5133,.T.);
#5352=ORIENTED_EDGE('',*,*,#4978,.F.);
#5354=ORIENTED_EDGE('',*,*,#5353,.T.);
#5355=EDGE_LOOP('',(#5333,#5335,#5337,#5339,#5341,#5343,#5345,#5347,#5349,#5350,
#5351,#5352,#5354));
#5356=FACE_OUTER_BOUND('',#5355,.F.);
#5357=ADVANCED_FACE('',(#5356),#5332,.T.);
#5358=CARTESIAN_POINT('',(8.3E0,3.2E-1,-8.E-1));
#5359=DIRECTION('',(1.E0,0.E0,0.E0));
#5360=DIRECTION('',(0.E0,0.E0,-1.E0));
#5361=AXIS2_PLACEMENT_3D('',#5358,#5359,#5360);
#5362=PLANE('',#5361);
#5363=ORIENTED_EDGE('',*,*,#5334,.F.);
#5364=ORIENTED_EDGE('',*,*,#5323,.F.);
#5366=ORIENTED_EDGE('',*,*,#5365,.F.);
#5368=ORIENTED_EDGE('',*,*,#5367,.F.);
#5369=EDGE_LOOP('',(#5363,#5364,#5366,#5368));
#5370=FACE_OUTER_BOUND('',#5369,.F.);
#5371=ADVANCED_FACE('',(#5370),#5362,.T.);
#5372=CARTESIAN_POINT('',(9.25E0,9.1E-1,-7.E-1));
#5373=DIRECTION('',(0.E0,0.E0,1.E0));
#5374=DIRECTION('',(1.E0,0.E0,0.E0));
#5375=AXIS2_PLACEMENT_3D('',#5372,#5373,#5374);
#5376=PLANE('',#5375);
#5377=ORIENTED_EDGE('',*,*,#5321,.T.);
#5379=ORIENTED_EDGE('',*,*,#5378,.T.);
#5381=ORIENTED_EDGE('',*,*,#5380,.F.);
#5383=ORIENTED_EDGE('',*,*,#5382,.F.);
#5385=ORIENTED_EDGE('',*,*,#5384,.T.);
#5387=ORIENTED_EDGE('',*,*,#5386,.F.);
#5389=ORIENTED_EDGE('',*,*,#5388,.F.);
#5391=ORIENTED_EDGE('',*,*,#5390,.T.);
#5393=ORIENTED_EDGE('',*,*,#5392,.F.);
#5394=ORIENTED_EDGE('',*,*,#5365,.T.);
#5395=EDGE_LOOP('',(#5377,#5379,#5381,#5383,#5385,#5387,#5389,#5391,#5393,
#5394));
#5396=FACE_OUTER_BOUND('',#5395,.F.);
#5397=ADVANCED_FACE('',(#5396),#5376,.F.);
#5398=CARTESIAN_POINT('',(1.02E1,9.1E-1,-1.05E0));
#5399=DIRECTION('',(1.E0,0.E0,0.E0));
#5400=DIRECTION('',(0.E0,0.E0,-1.E0));
#5401=AXIS2_PLACEMENT_3D('',#5398,#5399,#5400);
#5402=PLANE('',#5401);
#5403=ORIENTED_EDGE('',*,*,#5378,.F.);
#5404=ORIENTED_EDGE('',*,*,#5319,.T.);
#5406=ORIENTED_EDGE('',*,*,#5405,.F.);
#5408=ORIENTED_EDGE('',*,*,#5407,.F.);
#5409=EDGE_LOOP('',(#5403,#5404,#5406,#5408));
#5410=FACE_OUTER_BOUND('',#5409,.F.);
#5411=ADVANCED_FACE('',(#5410),#5402,.F.);
#5412=CARTESIAN_POINT('',(1.045E1,9.1E-1,-1.4E0));
#5413=DIRECTION('',(0.E0,0.E0,1.E0));
#5414=DIRECTION('',(1.E0,0.E0,0.E0));
#5415=AXIS2_PLACEMENT_3D('',#5412,#5413,#5414);
#5416=PLANE('',#5415);
#5417=ORIENTED_EDGE('',*,*,#5405,.T.);
#5418=ORIENTED_EDGE('',*,*,#5317,.T.);
#5420=ORIENTED_EDGE('',*,*,#5419,.F.);
#5422=ORIENTED_EDGE('',*,*,#5421,.F.);
#5423=EDGE_LOOP('',(#5417,#5418,#5420,#5422));
#5424=FACE_OUTER_BOUND('',#5423,.F.);
#5425=ADVANCED_FACE('',(#5424),#5416,.F.);
#5426=CARTESIAN_POINT('',(1.07E1,9.1E-1,-7.E-1));
#5427=DIRECTION('',(1.E0,0.E0,0.E0));
#5428=DIRECTION('',(0.E0,0.E0,1.E0));
#5429=AXIS2_PLACEMENT_3D('',#5426,#5427,#5428);
#5430=PLANE('',#5429);
#5431=ORIENTED_EDGE('',*,*,#5419,.T.);
#5432=ORIENTED_EDGE('',*,*,#5315,.T.);
#5434=ORIENTED_EDGE('',*,*,#5433,.F.);
#5436=ORIENTED_EDGE('',*,*,#5435,.F.);
#5437=EDGE_LOOP('',(#5431,#5432,#5434,#5436));
#5438=FACE_OUTER_BOUND('',#5437,.F.);
#5439=ADVANCED_FACE('',(#5438),#5430,.T.);
#5440=CARTESIAN_POINT('',(4.95E0,9.1E-1,0.E0));
#5441=DIRECTION('',(0.E0,0.E0,1.E0));
#5442=DIRECTION('',(-1.E0,0.E0,0.E0));
#5443=AXIS2_PLACEMENT_3D('',#5440,#5441,#5442);
#5444=PLANE('',#5443);
#5445=ORIENTED_EDGE('',*,*,#5433,.T.);
#5446=ORIENTED_EDGE('',*,*,#5313,.T.);
#5448=ORIENTED_EDGE('',*,*,#5447,.F.);
#5450=ORIENTED_EDGE('',*,*,#5449,.F.);
#5452=ORIENTED_EDGE('',*,*,#5451,.F.);
#5454=ORIENTED_EDGE('',*,*,#5453,.T.);
#5456=ORIENTED_EDGE('',*,*,#5455,.F.);
#5458=ORIENTED_EDGE('',*,*,#5457,.F.);
#5459=EDGE_LOOP('',(#5445,#5446,#5448,#5450,#5452,#5454,#5456,#5458));
#5460=FACE_OUTER_BOUND('',#5459,.F.);
#5461=ADVANCED_FACE('',(#5460),#5444,.T.);
#5462=CARTESIAN_POINT('',(-8.E-1,9.1E-1,-7.E-1));
#5463=DIRECTION('',(1.E0,0.E0,0.E0));
#5464=DIRECTION('',(0.E0,0.E0,-1.E0));
#5465=AXIS2_PLACEMENT_3D('',#5462,#5463,#5464);
#5466=PLANE('',#5465);
#5467=ORIENTED_EDGE('',*,*,#5447,.T.);
#5468=ORIENTED_EDGE('',*,*,#5311,.T.);
#5470=ORIENTED_EDGE('',*,*,#5469,.F.);
#5472=ORIENTED_EDGE('',*,*,#5471,.F.);
#5473=EDGE_LOOP('',(#5467,#5468,#5470,#5472));
#5474=FACE_OUTER_BOUND('',#5473,.F.);
#5475=ADVANCED_FACE('',(#5474),#5466,.F.);
#5476=CARTESIAN_POINT('',(-5.5E-1,9.1E-1,-1.4E0));
#5477=DIRECTION('',(0.E0,0.E0,1.E0));
#5478=DIRECTION('',(1.E0,0.E0,0.E0));
#5479=AXIS2_PLACEMENT_3D('',#5476,#5477,#5478);
#5480=PLANE('',#5479);
#5481=ORIENTED_EDGE('',*,*,#5469,.T.);
#5482=ORIENTED_EDGE('',*,*,#5309,.T.);
#5484=ORIENTED_EDGE('',*,*,#5483,.F.);
#5486=ORIENTED_EDGE('',*,*,#5485,.F.);
#5487=EDGE_LOOP('',(#5481,#5482,#5484,#5486));
#5488=FACE_OUTER_BOUND('',#5487,.F.);
#5489=ADVANCED_FACE('',(#5488),#5480,.F.);
#5490=CARTESIAN_POINT('',(-3.E-1,9.1E-1,-1.05E0));
#5491=DIRECTION('',(1.E0,0.E0,0.E0));
#5492=DIRECTION('',(0.E0,0.E0,1.E0));
#5493=AXIS2_PLACEMENT_3D('',#5490,#5491,#5492);
#5494=PLANE('',#5493);
#5495=ORIENTED_EDGE('',*,*,#5483,.T.);
#5496=ORIENTED_EDGE('',*,*,#5307,.T.);
#5498=ORIENTED_EDGE('',*,*,#5497,.F.);
#5500=ORIENTED_EDGE('',*,*,#5499,.F.);
#5501=EDGE_LOOP('',(#5495,#5496,#5498,#5500));
#5502=FACE_OUTER_BOUND('',#5501,.F.);
#5503=ADVANCED_FACE('',(#5502),#5494,.T.);
#5504=CARTESIAN_POINT('',(6.5E-1,9.1E-1,-7.E-1));
#5505=DIRECTION('',(0.E0,0.E0,1.E0));
#5506=DIRECTION('',(1.E0,0.E0,0.E0));
#5507=AXIS2_PLACEMENT_3D('',#5504,#5505,#5506);
#5508=PLANE('',#5507);
#5509=ORIENTED_EDGE('',*,*,#5497,.T.);
#5510=ORIENTED_EDGE('',*,*,#5305,.T.);
#5512=ORIENTED_EDGE('',*,*,#5511,.T.);
#5514=ORIENTED_EDGE('',*,*,#5513,.F.);
#5516=ORIENTED_EDGE('',*,*,#5515,.T.);
#5518=ORIENTED_EDGE('',*,*,#5517,.F.);
#5520=ORIENTED_EDGE('',*,*,#5519,.F.);
#5522=ORIENTED_EDGE('',*,*,#5521,.T.);
#5524=ORIENTED_EDGE('',*,*,#5523,.F.);
#5526=ORIENTED_EDGE('',*,*,#5525,.F.);
#5527=EDGE_LOOP('',(#5509,#5510,#5512,#5514,#5516,#5518,#5520,#5522,#5524,
#5526));
#5528=FACE_OUTER_BOUND('',#5527,.F.);
#5529=ADVANCED_FACE('',(#5528),#5508,.F.);
#5530=CARTESIAN_POINT('',(1.6E0,3.2E-1,-8.E-1));
#5531=DIRECTION('',(1.E0,0.E0,0.E0));
#5532=DIRECTION('',(0.E0,0.E0,-1.E0));
#5533=AXIS2_PLACEMENT_3D('',#5530,#5531,#5532);
#5534=PLANE('',#5533);
#5535=ORIENTED_EDGE('',*,*,#5284,.T.);
#5537=ORIENTED_EDGE('',*,*,#5536,.F.);
#5538=ORIENTED_EDGE('',*,*,#5511,.F.);
#5539=ORIENTED_EDGE('',*,*,#5303,.F.);
#5540=EDGE_LOOP('',(#5535,#5537,#5538,#5539));
#5541=FACE_OUTER_BOUND('',#5540,.F.);
#5542=ADVANCED_FACE('',(#5541),#5534,.F.);
#5543=CARTESIAN_POINT('',(4.95E0,5.3E-1,-2.025E0));
#5544=DIRECTION('',(0.E0,1.E0,0.E0));
#5545=DIRECTION('',(0.E0,0.E0,-1.E0));
#5546=AXIS2_PLACEMENT_3D('',#5543,#5544,#5545);
#5547=PLANE('',#5546);
#5548=ORIENTED_EDGE('',*,*,#5336,.F.);
#5549=ORIENTED_EDGE('',*,*,#5367,.T.);
#5550=ORIENTED_EDGE('',*,*,#5392,.T.);
#5552=ORIENTED_EDGE('',*,*,#5551,.T.);
#5553=EDGE_LOOP('',(#5548,#5549,#5550,#5552));
#5554=FACE_OUTER_BOUND('',#5553,.F.);
#5555=ADVANCED_FACE('',(#5554),#5547,.F.);
#5556=CARTESIAN_POINT('',(4.95E0,5.3E-1,-2.025E0));
#5557=DIRECTION('',(0.E0,1.E0,0.E0));
#5558=DIRECTION('',(0.E0,0.E0,-1.E0));
#5559=AXIS2_PLACEMENT_3D('',#5556,#5557,#5558);
#5560=PLANE('',#5559);
#5561=ORIENTED_EDGE('',*,*,#5282,.T.);
#5563=ORIENTED_EDGE('',*,*,#5562,.T.);
#5564=ORIENTED_EDGE('',*,*,#5513,.T.);
#5565=ORIENTED_EDGE('',*,*,#5536,.T.);
#5566=EDGE_LOOP('',(#5561,#5563,#5564,#5565));
#5567=FACE_OUTER_BOUND('',#5566,.F.);
#5568=ADVANCED_FACE('',(#5567),#5560,.F.);
#5569=CARTESIAN_POINT('',(9.E0,9.25E-1,-2.025E0));
#5570=DIRECTION('',(1.E0,0.E0,0.E0));
#5571=DIRECTION('',(0.E0,0.E0,1.E0));
#5572=AXIS2_PLACEMENT_3D('',#5569,#5570,#5571);
#5573=PLANE('',#5572);
#5574=ORIENTED_EDGE('',*,*,#5338,.T.);
#5575=ORIENTED_EDGE('',*,*,#5551,.F.);
#5576=ORIENTED_EDGE('',*,*,#5390,.F.);
#5578=ORIENTED_EDGE('',*,*,#5577,.F.);
#5579=EDGE_LOOP('',(#5574,#5575,#5576,#5578));
#5580=FACE_OUTER_BOUND('',#5579,.F.);
#5581=ADVANCED_FACE('',(#5580),#5573,.T.);
#5582=CARTESIAN_POINT('',(8.71E0,1.32E0,-2.025E0));
#5583=DIRECTION('',(0.E0,1.E0,0.E0));
#5584=DIRECTION('',(0.E0,0.E0,1.E0));
#5585=AXIS2_PLACEMENT_3D('',#5582,#5583,#5584);
#5586=PLANE('',#5585);
#5587=ORIENTED_EDGE('',*,*,#5340,.T.);
#5588=ORIENTED_EDGE('',*,*,#5577,.T.);
#5589=ORIENTED_EDGE('',*,*,#5388,.T.);
#5591=ORIENTED_EDGE('',*,*,#5590,.T.);
#5592=EDGE_LOOP('',(#5587,#5588,#5589,#5591));
#5593=FACE_OUTER_BOUND('',#5592,.F.);
#5594=ADVANCED_FACE('',(#5593),#5586,.T.);
#5595=CARTESIAN_POINT('',(8.42E0,9.25E-1,-2.025E0));
#5596=DIRECTION('',(1.E0,0.E0,0.E0));
#5597=DIRECTION('',(0.E0,0.E0,-1.E0));
#5598=AXIS2_PLACEMENT_3D('',#5595,#5596,#5597);
#5599=PLANE('',#5598);
#5600=ORIENTED_EDGE('',*,*,#5342,.T.);
#5601=ORIENTED_EDGE('',*,*,#5590,.F.);
#5602=ORIENTED_EDGE('',*,*,#5386,.T.);
#5604=ORIENTED_EDGE('',*,*,#5603,.T.);
#5605=EDGE_LOOP('',(#5600,#5601,#5602,#5604));
#5606=FACE_OUTER_BOUND('',#5605,.F.);
#5607=ADVANCED_FACE('',(#5606),#5599,.F.);
#5608=CARTESIAN_POINT('',(4.95E0,8.2E-1,-1.175E0));
#5609=DIRECTION('',(0.E0,1.E0,0.E0));
#5610=DIRECTION('',(-1.E0,0.E0,0.E0));
#5611=AXIS2_PLACEMENT_3D('',#5608,#5609,#5610);
#5612=PLANE('',#5611);
#5613=ORIENTED_EDGE('',*,*,#5344,.T.);
#5614=ORIENTED_EDGE('',*,*,#5603,.F.);
#5615=ORIENTED_EDGE('',*,*,#5384,.F.);
#5617=ORIENTED_EDGE('',*,*,#5616,.F.);
#5618=ORIENTED_EDGE('',*,*,#5453,.F.);
#5620=ORIENTED_EDGE('',*,*,#5619,.F.);
#5621=ORIENTED_EDGE('',*,*,#5521,.F.);
#5623=ORIENTED_EDGE('',*,*,#5622,.F.);
#5624=ORIENTED_EDGE('',*,*,#5274,.F.);
#5626=ORIENTED_EDGE('',*,*,#5625,.F.);
#5628=ORIENTED_EDGE('',*,*,#5627,.F.);
#5630=ORIENTED_EDGE('',*,*,#5629,.T.);
#5632=ORIENTED_EDGE('',*,*,#5631,.F.);
#5634=ORIENTED_EDGE('',*,*,#5633,.F.);
#5636=ORIENTED_EDGE('',*,*,#5635,.F.);
#5638=ORIENTED_EDGE('',*,*,#5637,.F.);
#5639=EDGE_LOOP('',(#5613,#5614,#5615,#5617,#5618,#5620,#5621,#5623,#5624,#5626,
#5628,#5630,#5632,#5634,#5636,#5638));
#5640=FACE_OUTER_BOUND('',#5639,.F.);
#5641=ADVANCED_FACE('',(#5640),#5612,.T.);
#5642=CARTESIAN_POINT('',(8.3E0,1.265E0,-3.5E-1));
#5643=DIRECTION('',(1.E0,0.E0,0.E0));
#5644=DIRECTION('',(0.E0,0.E0,-1.E0));
#5645=AXIS2_PLACEMENT_3D('',#5642,#5643,#5644);
#5646=PLANE('',#5645);
#5648=ORIENTED_EDGE('',*,*,#5647,.T.);
#5649=ORIENTED_EDGE('',*,*,#5455,.T.);
#5650=ORIENTED_EDGE('',*,*,#5616,.T.);
#5651=ORIENTED_EDGE('',*,*,#5382,.T.);
#5652=EDGE_LOOP('',(#5648,#5649,#5650,#5651));
#5653=FACE_OUTER_BOUND('',#5652,.F.);
#5654=ADVANCED_FACE('',(#5653),#5646,.F.);
#5655=CARTESIAN_POINT('',(9.5E0,1.71E0,-7.E-1));
#5656=DIRECTION('',(0.E0,1.E0,0.E0));
#5657=DIRECTION('',(-1.E0,0.E0,0.E0));
#5658=AXIS2_PLACEMENT_3D('',#5655,#5656,#5657);
#5659=PLANE('',#5658);
#5660=ORIENTED_EDGE('',*,*,#5647,.F.);
#5661=ORIENTED_EDGE('',*,*,#5380,.T.);
#5662=ORIENTED_EDGE('',*,*,#5407,.T.);
#5663=ORIENTED_EDGE('',*,*,#5421,.T.);
#5664=ORIENTED_EDGE('',*,*,#5435,.T.);
#5665=ORIENTED_EDGE('',*,*,#5457,.T.);
#5666=EDGE_LOOP('',(#5660,#5661,#5662,#5663,#5664,#5665));
#5667=FACE_OUTER_BOUND('',#5666,.F.);
#5668=ADVANCED_FACE('',(#5667),#5659,.T.);
#5669=CARTESIAN_POINT('',(1.6E0,1.265E0,-3.5E-1));
#5670=DIRECTION('',(1.E0,0.E0,0.E0));
#5671=DIRECTION('',(0.E0,0.E0,1.E0));
#5672=AXIS2_PLACEMENT_3D('',#5669,#5670,#5671);
#5673=PLANE('',#5672);
#5675=ORIENTED_EDGE('',*,*,#5674,.T.);
#5676=ORIENTED_EDGE('',*,*,#5523,.T.);
#5677=ORIENTED_EDGE('',*,*,#5619,.T.);
#5678=ORIENTED_EDGE('',*,*,#5451,.T.);
#5679=EDGE_LOOP('',(#5675,#5676,#5677,#5678));
#5680=FACE_OUTER_BOUND('',#5679,.F.);
#5681=ADVANCED_FACE('',(#5680),#5673,.T.);
#5682=CARTESIAN_POINT('',(4.E-1,1.71E0,-7.E-1));
#5683=DIRECTION('',(0.E0,1.E0,0.E0));
#5684=DIRECTION('',(-1.E0,0.E0,0.E0));
#5685=AXIS2_PLACEMENT_3D('',#5682,#5683,#5684);
#5686=PLANE('',#5685);
#5687=ORIENTED_EDGE('',*,*,#5674,.F.);
#5688=ORIENTED_EDGE('',*,*,#5449,.T.);
#5689=ORIENTED_EDGE('',*,*,#5471,.T.);
#5690=ORIENTED_EDGE('',*,*,#5485,.T.);
#5691=ORIENTED_EDGE('',*,*,#5499,.T.);
#5692=ORIENTED_EDGE('',*,*,#5525,.T.);
#5693=EDGE_LOOP('',(#5687,#5688,#5689,#5690,#5691,#5692));
#5694=FACE_OUTER_BOUND('',#5693,.F.);
#5695=ADVANCED_FACE('',(#5694),#5686,.T.);
#5696=CARTESIAN_POINT('',(1.48E0,9.25E-1,-2.025E0));
#5697=DIRECTION('',(1.E0,0.E0,0.E0));
#5698=DIRECTION('',(0.E0,0.E0,1.E0));
#5699=AXIS2_PLACEMENT_3D('',#5696,#5697,#5698);
#5700=PLANE('',#5699);
#5701=ORIENTED_EDGE('',*,*,#5276,.T.);
#5702=ORIENTED_EDGE('',*,*,#5622,.T.);
#5703=ORIENTED_EDGE('',*,*,#5519,.T.);
#5705=ORIENTED_EDGE('',*,*,#5704,.F.);
#5706=EDGE_LOOP('',(#5701,#5702,#5703,#5705));
#5707=FACE_OUTER_BOUND('',#5706,.F.);
#5708=ADVANCED_FACE('',(#5707),#5700,.T.);
#5709=CARTESIAN_POINT('',(1.19E0,1.32E0,-2.025E0));
#5710=DIRECTION('',(0.E0,1.E0,0.E0));
#5711=DIRECTION('',(0.E0,0.E0,1.E0));
#5712=AXIS2_PLACEMENT_3D('',#5709,#5710,#5711);
#5713=PLANE('',#5712);
#5714=ORIENTED_EDGE('',*,*,#5278,.T.);
#5715=ORIENTED_EDGE('',*,*,#5704,.T.);
#5716=ORIENTED_EDGE('',*,*,#5517,.T.);
#5718=ORIENTED_EDGE('',*,*,#5717,.T.);
#5719=EDGE_LOOP('',(#5714,#5715,#5716,#5718));
#5720=FACE_OUTER_BOUND('',#5719,.F.);
#5721=ADVANCED_FACE('',(#5720),#5713,.T.);
#5722=CARTESIAN_POINT('',(9.E-1,9.25E-1,-2.025E0));
#5723=DIRECTION('',(1.E0,0.E0,0.E0));
#5724=DIRECTION('',(0.E0,0.E0,-1.E0));
#5725=AXIS2_PLACEMENT_3D('',#5722,#5723,#5724);
#5726=PLANE('',#5725);
#5727=ORIENTED_EDGE('',*,*,#5280,.T.);
#5728=ORIENTED_EDGE('',*,*,#5717,.F.);
#5729=ORIENTED_EDGE('',*,*,#5515,.F.);
#5730=ORIENTED_EDGE('',*,*,#5562,.F.);
#5731=EDGE_LOOP('',(#5727,#5728,#5729,#5730));
#5732=FACE_OUTER_BOUND('',#5731,.F.);
#5733=ADVANCED_FACE('',(#5732),#5726,.F.);
#5734=CARTESIAN_POINT('',(1.7E0,6.014130434785E-1,-8.15E-1));
#5735=DIRECTION('',(1.E0,0.E0,0.E0));
#5736=DIRECTION('',(0.E0,0.E0,1.E0));
#5737=AXIS2_PLACEMENT_3D('',#5734,#5735,#5736);
#5738=PLANE('',#5737);
#5739=ORIENTED_EDGE('',*,*,#5300,.F.);
#5741=ORIENTED_EDGE('',*,*,#5740,.F.);
#5742=ORIENTED_EDGE('',*,*,#4972,.F.);
#5743=ORIENTED_EDGE('',*,*,#5265,.F.);
#5744=EDGE_LOOP('',(#5739,#5741,#5742,#5743));
#5745=FACE_OUTER_BOUND('',#5744,.F.);
#5746=ADVANCED_FACE('',(#5745),#5738,.T.);
#5747=CARTESIAN_POINT('',(1.7E0,6.014130434785E-1,-8.15E-1));
#5748=DIRECTION('',(1.E0,0.E0,0.E0));
#5749=DIRECTION('',(0.E0,0.E0,1.E0));
#5750=AXIS2_PLACEMENT_3D('',#5747,#5748,#5749);
#5751=PLANE('',#5750);
#5752=ORIENTED_EDGE('',*,*,#5625,.T.);
#5753=ORIENTED_EDGE('',*,*,#5272,.F.);
#5755=ORIENTED_EDGE('',*,*,#5754,.F.);
#5757=ORIENTED_EDGE('',*,*,#5756,.T.);
#5758=EDGE_LOOP('',(#5752,#5753,#5755,#5757));
#5759=FACE_OUTER_BOUND('',#5758,.F.);
#5760=ADVANCED_FACE('',(#5759),#5751,.T.);
#5761=CARTESIAN_POINT('',(4.95E0,3.35E-1,-9.E-1));
#5762=DIRECTION('',(0.E0,0.E0,1.E0));
#5763=DIRECTION('',(0.E0,1.E0,0.E0));
#5764=AXIS2_PLACEMENT_3D('',#5761,#5762,#5763);
#5765=PLANE('',#5764);
#5766=ORIENTED_EDGE('',*,*,#5298,.F.);
#5768=ORIENTED_EDGE('',*,*,#5767,.T.);
#5769=ORIENTED_EDGE('',*,*,#4974,.T.);
#5770=ORIENTED_EDGE('',*,*,#5740,.T.);
#5771=EDGE_LOOP('',(#5766,#5768,#5769,#5770));
#5772=FACE_OUTER_BOUND('',#5771,.F.);
#5773=ADVANCED_FACE('',(#5772),#5765,.T.);
#5774=CARTESIAN_POINT('',(8.2E0,6.014130434785E-1,-8.15E-1));
#5775=DIRECTION('',(1.E0,0.E0,0.E0));
#5776=DIRECTION('',(0.E0,0.E0,-1.E0));
#5777=AXIS2_PLACEMENT_3D('',#5774,#5775,#5776);
#5778=PLANE('',#5777);
#5779=ORIENTED_EDGE('',*,*,#5296,.F.);
#5780=ORIENTED_EDGE('',*,*,#5353,.F.);
#5781=ORIENTED_EDGE('',*,*,#4976,.F.);
#5782=ORIENTED_EDGE('',*,*,#5767,.F.);
#5783=EDGE_LOOP('',(#5779,#5780,#5781,#5782));
#5784=FACE_OUTER_BOUND('',#5783,.F.);
#5785=ADVANCED_FACE('',(#5784),#5778,.F.);
#5786=CARTESIAN_POINT('',(8.2E0,6.014130434785E-1,-8.15E-1));
#5787=DIRECTION('',(1.E0,0.E0,0.E0));
#5788=DIRECTION('',(0.E0,0.E0,-1.E0));
#5789=AXIS2_PLACEMENT_3D('',#5786,#5787,#5788);
#5790=PLANE('',#5789);
#5791=ORIENTED_EDGE('',*,*,#5637,.T.);
#5793=ORIENTED_EDGE('',*,*,#5792,.T.);
#5795=ORIENTED_EDGE('',*,*,#5794,.F.);
#5796=ORIENTED_EDGE('',*,*,#5346,.F.);
#5797=EDGE_LOOP('',(#5791,#5793,#5795,#5796));
#5798=FACE_OUTER_BOUND('',#5797,.F.);
#5799=ADVANCED_FACE('',(#5798),#5790,.F.);
#5800=CARTESIAN_POINT('',(8.225E0,9.345652173915E-1,-9.E-1));
#5801=DIRECTION('',(0.E0,0.E0,1.E0));
#5802=DIRECTION('',(1.E0,0.E0,0.E0));
#5803=AXIS2_PLACEMENT_3D('',#5800,#5801,#5802);
#5804=PLANE('',#5803);
#5805=ORIENTED_EDGE('',*,*,#5635,.T.);
#5807=ORIENTED_EDGE('',*,*,#5806,.F.);
#5809=ORIENTED_EDGE('',*,*,#5808,.F.);
#5810=ORIENTED_EDGE('',*,*,#5792,.F.);
#5811=EDGE_LOOP('',(#5805,#5807,#5809,#5810));
#5812=FACE_OUTER_BOUND('',#5811,.F.);
#5813=ADVANCED_FACE('',(#5812),#5804,.F.);
#5814=CARTESIAN_POINT('',(8.25E0,9.345652173915E-1,-1.8E0));
#5815=DIRECTION('',(1.E0,0.E0,0.E0));
#5816=DIRECTION('',(0.E0,0.E0,-1.E0));
#5817=AXIS2_PLACEMENT_3D('',#5814,#5815,#5816);
#5818=PLANE('',#5817);
#5819=ORIENTED_EDGE('',*,*,#5633,.T.);
#5821=ORIENTED_EDGE('',*,*,#5820,.F.);
#5823=ORIENTED_EDGE('',*,*,#5822,.T.);
#5825=ORIENTED_EDGE('',*,*,#5824,.T.);
#5827=ORIENTED_EDGE('',*,*,#5826,.T.);
#5828=ORIENTED_EDGE('',*,*,#5806,.T.);
#5829=EDGE_LOOP('',(#5819,#5821,#5823,#5825,#5827,#5828));
#5830=FACE_OUTER_BOUND('',#5829,.F.);
#5831=ADVANCED_FACE('',(#5830),#5818,.F.);
#5832=CARTESIAN_POINT('',(4.95E0,6.75E-1,-2.35E0));
#5833=DIRECTION('',(0.E0,0.E0,1.E0));
#5834=DIRECTION('',(0.E0,1.E0,0.E0));
#5835=AXIS2_PLACEMENT_3D('',#5832,#5833,#5834);
#5836=PLANE('',#5835);
#5838=ORIENTED_EDGE('',*,*,#5837,.T.);
#5839=ORIENTED_EDGE('',*,*,#5820,.T.);
#5840=ORIENTED_EDGE('',*,*,#5631,.T.);
#5842=ORIENTED_EDGE('',*,*,#5841,.F.);
#5843=EDGE_LOOP('',(#5838,#5839,#5840,#5842));
#5844=FACE_OUTER_BOUND('',#5843,.F.);
#5845=ADVANCED_FACE('',(#5844),#5836,.F.);
#5846=CARTESIAN_POINT('',(4.95E0,6.7E-1,-1.8E0));
#5847=DIRECTION('',(0.E0,1.E0,0.E0));
#5848=DIRECTION('',(0.E0,0.E0,1.E0));
#5849=AXIS2_PLACEMENT_3D('',#5846,#5847,#5848);
#5850=PLANE('',#5849);
#5851=ORIENTED_EDGE('',*,*,#5837,.F.);
#5853=ORIENTED_EDGE('',*,*,#5852,.F.);
#5855=ORIENTED_EDGE('',*,*,#5854,.F.);
#5856=ORIENTED_EDGE('',*,*,#5822,.F.);
#5857=EDGE_LOOP('',(#5851,#5853,#5855,#5856));
#5858=FACE_OUTER_BOUND('',#5857,.F.);
#5859=ADVANCED_FACE('',(#5858),#5850,.T.);
#5860=CARTESIAN_POINT('',(1.65E0,9.345652173915E-1,-1.8E0));
#5861=DIRECTION('',(1.E0,0.E0,0.E0));
#5862=DIRECTION('',(0.E0,0.E0,1.E0));
#5863=AXIS2_PLACEMENT_3D('',#5860,#5861,#5862);
#5864=PLANE('',#5863);
#5865=ORIENTED_EDGE('',*,*,#5629,.F.);
#5867=ORIENTED_EDGE('',*,*,#5866,.T.);
#5869=ORIENTED_EDGE('',*,*,#5868,.T.);
#5871=ORIENTED_EDGE('',*,*,#5870,.F.);
#5872=ORIENTED_EDGE('',*,*,#5852,.T.);
#5873=ORIENTED_EDGE('',*,*,#5841,.T.);
#5874=EDGE_LOOP('',(#5865,#5867,#5869,#5871,#5872,#5873));
#5875=FACE_OUTER_BOUND('',#5874,.F.);
#5876=ADVANCED_FACE('',(#5875),#5864,.T.);
#5877=CARTESIAN_POINT('',(1.675E0,9.345652173915E-1,-9.E-1));
#5878=DIRECTION('',(0.E0,0.E0,1.E0));
#5879=DIRECTION('',(1.E0,0.E0,0.E0));
#5880=AXIS2_PLACEMENT_3D('',#5877,#5878,#5879);
#5881=PLANE('',#5880);
#5882=ORIENTED_EDGE('',*,*,#5627,.T.);
#5883=ORIENTED_EDGE('',*,*,#5756,.F.);
#5885=ORIENTED_EDGE('',*,*,#5884,.F.);
#5886=ORIENTED_EDGE('',*,*,#5866,.F.);
#5887=EDGE_LOOP('',(#5882,#5883,#5885,#5886));
#5888=FACE_OUTER_BOUND('',#5887,.F.);
#5889=ADVANCED_FACE('',(#5888),#5881,.F.);
#5890=CARTESIAN_POINT('',(4.95E0,1.185E0,-1.55E0));
#5891=DIRECTION('',(0.E0,9.997637888239E-1,-2.173399540922E-2));
#5892=DIRECTION('',(0.E0,2.173399540922E-2,9.997637888239E-1));
#5893=AXIS2_PLACEMENT_3D('',#5890,#5891,#5892);
#5894=PLANE('',#5893);
#5896=ORIENTED_EDGE('',*,*,#5895,.F.);
#5898=ORIENTED_EDGE('',*,*,#5897,.F.);
#5899=ORIENTED_EDGE('',*,*,#5868,.F.);
#5900=ORIENTED_EDGE('',*,*,#5884,.T.);
#5901=ORIENTED_EDGE('',*,*,#5754,.T.);
#5902=ORIENTED_EDGE('',*,*,#5253,.T.);
#5904=ORIENTED_EDGE('',*,*,#5903,.F.);
#5906=ORIENTED_EDGE('',*,*,#5905,.T.);
#5907=ORIENTED_EDGE('',*,*,#5794,.T.);
#5908=ORIENTED_EDGE('',*,*,#5808,.T.);
#5909=ORIENTED_EDGE('',*,*,#5826,.F.);
#5911=ORIENTED_EDGE('',*,*,#5910,.F.);
#5913=ORIENTED_EDGE('',*,*,#5912,.T.);
#5915=ORIENTED_EDGE('',*,*,#5914,.T.);
#5917=ORIENTED_EDGE('',*,*,#5916,.F.);
#5919=ORIENTED_EDGE('',*,*,#5918,.F.);
#5921=ORIENTED_EDGE('',*,*,#5920,.T.);
#5923=ORIENTED_EDGE('',*,*,#5922,.T.);
#5925=ORIENTED_EDGE('',*,*,#5924,.F.);
#5927=ORIENTED_EDGE('',*,*,#5926,.F.);
#5929=ORIENTED_EDGE('',*,*,#5928,.T.);
#5931=ORIENTED_EDGE('',*,*,#5930,.T.);
#5933=ORIENTED_EDGE('',*,*,#5932,.F.);
#5935=ORIENTED_EDGE('',*,*,#5934,.F.);
#5937=ORIENTED_EDGE('',*,*,#5936,.T.);
#5939=ORIENTED_EDGE('',*,*,#5938,.T.);
#5941=ORIENTED_EDGE('',*,*,#5940,.F.);
#5943=ORIENTED_EDGE('',*,*,#5942,.F.);
#5945=ORIENTED_EDGE('',*,*,#5944,.T.);
#5947=ORIENTED_EDGE('',*,*,#5946,.T.);
#5949=ORIENTED_EDGE('',*,*,#5948,.F.);
#5951=ORIENTED_EDGE('',*,*,#5950,.F.);
#5953=ORIENTED_EDGE('',*,*,#5952,.T.);
#5955=ORIENTED_EDGE('',*,*,#5954,.T.);
#5957=ORIENTED_EDGE('',*,*,#5956,.F.);
#5959=ORIENTED_EDGE('',*,*,#5958,.F.);
#5961=ORIENTED_EDGE('',*,*,#5960,.T.);
#5963=ORIENTED_EDGE('',*,*,#5962,.T.);
#5965=ORIENTED_EDGE('',*,*,#5964,.F.);
#5967=ORIENTED_EDGE('',*,*,#5966,.F.);
#5969=ORIENTED_EDGE('',*,*,#5968,.T.);
#5971=ORIENTED_EDGE('',*,*,#5970,.T.);
#5973=ORIENTED_EDGE('',*,*,#5972,.F.);
#5975=ORIENTED_EDGE('',*,*,#5974,.F.);
#5977=ORIENTED_EDGE('',*,*,#5976,.T.);
#5979=ORIENTED_EDGE('',*,*,#5978,.T.);
#5981=ORIENTED_EDGE('',*,*,#5980,.F.);
#5983=ORIENTED_EDGE('',*,*,#5982,.F.);
#5985=ORIENTED_EDGE('',*,*,#5984,.T.);
#5987=ORIENTED_EDGE('',*,*,#5986,.T.);
#5989=ORIENTED_EDGE('',*,*,#5988,.F.);
#5991=ORIENTED_EDGE('',*,*,#5990,.F.);
#5993=ORIENTED_EDGE('',*,*,#5992,.T.);
#5995=ORIENTED_EDGE('',*,*,#5994,.T.);
#5997=ORIENTED_EDGE('',*,*,#5996,.F.);
#5999=ORIENTED_EDGE('',*,*,#5998,.F.);
#6001=ORIENTED_EDGE('',*,*,#6000,.T.);
#6003=ORIENTED_EDGE('',*,*,#6002,.T.);
#6004=EDGE_LOOP('',(#5896,#5898,#5899,#5900,#5901,#5902,#5904,#5906,#5907,#5908,
#5909,#5911,#5913,#5915,#5917,#5919,#5921,#5923,#5925,#5927,#5929,#5931,#5933,
#5935,#5937,#5939,#5941,#5943,#5945,#5947,#5949,#5951,#5953,#5955,#5957,#5959,
#5961,#5963,#5965,#5967,#5969,#5971,#5973,#5975,#5977,#5979,#5981,#5983,#5985,
#5987,#5989,#5991,#5993,#5995,#5997,#5999,#6001,#6003));
#6005=FACE_OUTER_BOUND('',#6004,.F.);
#6006=ADVANCED_FACE('',(#6005),#5894,.F.);
#6007=CARTESIAN_POINT('',(2.105E0,7.561074182865E-1,-2.8E0));
#6008=DIRECTION('',(1.E0,0.E0,0.E0));
#6009=DIRECTION('',(0.E0,1.E0,0.E0));
#6010=AXIS2_PLACEMENT_3D('',#6007,#6008,#6009);
#6011=PLANE('',#6010);
#6012=ORIENTED_EDGE('',*,*,#5895,.T.);
#6014=ORIENTED_EDGE('',*,*,#6013,.T.);
#6016=ORIENTED_EDGE('',*,*,#6015,.T.);
#6018=ORIENTED_EDGE('',*,*,#6017,.T.);
#6019=EDGE_LOOP('',(#6012,#6014,#6016,#6018));
#6020=FACE_OUTER_BOUND('',#6019,.F.);
#6021=ADVANCED_FACE('',(#6020),#6011,.F.);
#6022=CARTESIAN_POINT('',(2.105E0,7.561074182865E-1,-2.8E0));
#6023=DIRECTION('',(1.E0,0.E0,0.E0));
#6024=DIRECTION('',(0.E0,1.E0,0.E0));
#6025=AXIS2_PLACEMENT_3D('',#6022,#6023,#6024);
#6026=PLANE('',#6025);
#6028=ORIENTED_EDGE('',*,*,#6027,.F.);
#6030=ORIENTED_EDGE('',*,*,#6029,.F.);
#6032=ORIENTED_EDGE('',*,*,#6031,.T.);
#6034=ORIENTED_EDGE('',*,*,#6033,.T.);
#6036=ORIENTED_EDGE('',*,*,#6035,.T.);
#6038=ORIENTED_EDGE('',*,*,#6037,.T.);
#6040=ORIENTED_EDGE('',*,*,#6039,.T.);
#6042=ORIENTED_EDGE('',*,*,#6041,.T.);
#6044=ORIENTED_EDGE('',*,*,#6043,.F.);
#6045=EDGE_LOOP('',(#6028,#6030,#6032,#6034,#6036,#6038,#6040,#6042,#6044));
#6046=FACE_OUTER_BOUND('',#6045,.F.);
#6047=ADVANCED_FACE('',(#6046),#6026,.F.);
#6048=CARTESIAN_POINT('',(2.2E0,1.135809608451E0,-9.371948011662E-1));
#6049=DIRECTION('',(0.E0,9.063077870360E-1,-4.226182617420E-1));
#6050=DIRECTION('',(0.E0,-4.226182617420E-1,-9.063077870360E-1));
#6051=AXIS2_PLACEMENT_3D('',#6048,#6049,#6050);
#6052=PLANE('',#6051);
#6053=ORIENTED_EDGE('',*,*,#6002,.F.);
#6055=ORIENTED_EDGE('',*,*,#6054,.T.);
#6057=ORIENTED_EDGE('',*,*,#6056,.F.);
#6058=ORIENTED_EDGE('',*,*,#6013,.F.);
#6059=EDGE_LOOP('',(#6053,#6055,#6057,#6058));
#6060=FACE_OUTER_BOUND('',#6059,.F.);
#6061=ADVANCED_FACE('',(#6060),#6052,.F.);
#6062=CARTESIAN_POINT('',(2.295E0,7.561074182865E-1,-2.8E0));
#6063=DIRECTION('',(1.E0,0.E0,0.E0));
#6064=DIRECTION('',(0.E0,1.E0,0.E0));
#6065=AXIS2_PLACEMENT_3D('',#6062,#6063,#6064);
#6066=PLANE('',#6065);
#6067=ORIENTED_EDGE('',*,*,#6000,.F.);
#6069=ORIENTED_EDGE('',*,*,#6068,.F.);
#6071=ORIENTED_EDGE('',*,*,#6070,.F.);
#6072=ORIENTED_EDGE('',*,*,#6054,.F.);
#6073=EDGE_LOOP('',(#6067,#6069,#6071,#6072));
#6074=FACE_OUTER_BOUND('',#6073,.F.);
#6075=ADVANCED_FACE('',(#6074),#6066,.T.);
#6076=CARTESIAN_POINT('',(2.295E0,7.561074182865E-1,-2.8E0));
#6077=DIRECTION('',(1.E0,0.E0,0.E0));
#6078=DIRECTION('',(0.E0,1.E0,0.E0));
#6079=AXIS2_PLACEMENT_3D('',#6076,#6077,#6078);
#6080=PLANE('',#6079);
#6082=ORIENTED_EDGE('',*,*,#6081,.T.);
#6084=ORIENTED_EDGE('',*,*,#6083,.F.);
#6086=ORIENTED_EDGE('',*,*,#6085,.F.);
#6088=ORIENTED_EDGE('',*,*,#6087,.F.);
#6090=ORIENTED_EDGE('',*,*,#6089,.F.);
#6092=ORIENTED_EDGE('',*,*,#6091,.F.);
#6094=ORIENTED_EDGE('',*,*,#6093,.F.);
#6096=ORIENTED_EDGE('',*,*,#6095,.T.);
#6098=ORIENTED_EDGE('',*,*,#6097,.T.);
#6099=EDGE_LOOP('',(#6082,#6084,#6086,#6088,#6090,#6092,#6094,#6096,#6098));
#6100=FACE_OUTER_BOUND('',#6099,.F.);
#6101=ADVANCED_FACE('',(#6100),#6080,.T.);
#6102=CARTESIAN_POINT('',(4.95E0,9.149999999998E-1,-2.7E0));
#6103=DIRECTION('',(0.E0,0.E0,1.E0));
#6104=DIRECTION('',(0.E0,1.E0,0.E0));
#6105=AXIS2_PLACEMENT_3D('',#6102,#6103,#6104);
#6106=PLANE('',#6105);
#6107=ORIENTED_EDGE('',*,*,#6017,.F.);
#6109=ORIENTED_EDGE('',*,*,#6108,.F.);
#6110=ORIENTED_EDGE('',*,*,#6068,.T.);
#6111=ORIENTED_EDGE('',*,*,#5998,.T.);
#6113=ORIENTED_EDGE('',*,*,#6112,.F.);
#6115=ORIENTED_EDGE('',*,*,#6114,.F.);
#6117=ORIENTED_EDGE('',*,*,#6116,.T.);
#6118=ORIENTED_EDGE('',*,*,#5990,.T.);
#6120=ORIENTED_EDGE('',*,*,#6119,.F.);
#6122=ORIENTED_EDGE('',*,*,#6121,.F.);
#6124=ORIENTED_EDGE('',*,*,#6123,.T.);
#6125=ORIENTED_EDGE('',*,*,#5982,.T.);
#6127=ORIENTED_EDGE('',*,*,#6126,.F.);
#6129=ORIENTED_EDGE('',*,*,#6128,.F.);
#6131=ORIENTED_EDGE('',*,*,#6130,.T.);
#6132=ORIENTED_EDGE('',*,*,#5974,.T.);
#6134=ORIENTED_EDGE('',*,*,#6133,.F.);
#6136=ORIENTED_EDGE('',*,*,#6135,.F.);
#6138=ORIENTED_EDGE('',*,*,#6137,.T.);
#6139=ORIENTED_EDGE('',*,*,#5966,.T.);
#6141=ORIENTED_EDGE('',*,*,#6140,.F.);
#6143=ORIENTED_EDGE('',*,*,#6142,.F.);
#6145=ORIENTED_EDGE('',*,*,#6144,.T.);
#6146=ORIENTED_EDGE('',*,*,#5958,.T.);
#6148=ORIENTED_EDGE('',*,*,#6147,.F.);
#6150=ORIENTED_EDGE('',*,*,#6149,.F.);
#6152=ORIENTED_EDGE('',*,*,#6151,.T.);
#6153=ORIENTED_EDGE('',*,*,#5950,.T.);
#6155=ORIENTED_EDGE('',*,*,#6154,.F.);
#6157=ORIENTED_EDGE('',*,*,#6156,.F.);
#6159=ORIENTED_EDGE('',*,*,#6158,.T.);
#6160=ORIENTED_EDGE('',*,*,#5942,.T.);
#6162=ORIENTED_EDGE('',*,*,#6161,.F.);
#6164=ORIENTED_EDGE('',*,*,#6163,.F.);
#6166=ORIENTED_EDGE('',*,*,#6165,.T.);
#6167=ORIENTED_EDGE('',*,*,#5934,.T.);
#6169=ORIENTED_EDGE('',*,*,#6168,.F.);
#6171=ORIENTED_EDGE('',*,*,#6170,.F.);
#6173=ORIENTED_EDGE('',*,*,#6172,.T.);
#6174=ORIENTED_EDGE('',*,*,#5926,.T.);
#6176=ORIENTED_EDGE('',*,*,#6175,.F.);
#6178=ORIENTED_EDGE('',*,*,#6177,.F.);
#6180=ORIENTED_EDGE('',*,*,#6179,.T.);
#6181=ORIENTED_EDGE('',*,*,#5918,.T.);
#6183=ORIENTED_EDGE('',*,*,#6182,.F.);
#6185=ORIENTED_EDGE('',*,*,#6184,.F.);
#6187=ORIENTED_EDGE('',*,*,#6186,.T.);
#6188=ORIENTED_EDGE('',*,*,#5910,.T.);
#6189=ORIENTED_EDGE('',*,*,#5824,.F.);
#6190=ORIENTED_EDGE('',*,*,#5854,.T.);
#6191=ORIENTED_EDGE('',*,*,#5870,.T.);
#6192=ORIENTED_EDGE('',*,*,#5897,.T.);
#6193=EDGE_LOOP('',(#6107,#6109,#6110,#6111,#6113,#6115,#6117,#6118,#6120,#6122,
#6124,#6125,#6127,#6129,#6131,#6132,#6134,#6136,#6138,#6139,#6141,#6143,#6145,
#6146,#6148,#6150,#6152,#6153,#6155,#6157,#6159,#6160,#6162,#6164,#6166,#6167,
#6169,#6171,#6173,#6174,#6176,#6178,#6180,#6181,#6183,#6185,#6187,#6188,#6189,
#6190,#6191,#6192));
#6194=FACE_OUTER_BOUND('',#6193,.F.);
#6195=ADVANCED_FACE('',(#6194),#6106,.T.);
#6196=CARTESIAN_POINT('',(2.2E0,1.128400759486E0,-2.220110536160E0));
#6197=DIRECTION('',(0.E0,9.985927540074E-1,5.303311836815E-2));
#6198=DIRECTION('',(0.E0,5.303311836815E-2,-9.985927540074E-1));
#6199=AXIS2_PLACEMENT_3D('',#6196,#6197,#6198);
#6200=PLANE('',#6199);
#6201=ORIENTED_EDGE('',*,*,#6108,.T.);
#6202=ORIENTED_EDGE('',*,*,#6015,.F.);
#6203=ORIENTED_EDGE('',*,*,#6056,.T.);
#6204=ORIENTED_EDGE('',*,*,#6070,.T.);
#6205=EDGE_LOOP('',(#6201,#6202,#6203,#6204));
#6206=FACE_OUTER_BOUND('',#6205,.F.);
#6207=ADVANCED_FACE('',(#6206),#6200,.F.);
#6208=CARTESIAN_POINT('',(2.605E0,7.561074182865E-1,-2.8E0));
#6209=DIRECTION('',(1.E0,0.E0,0.E0));
#6210=DIRECTION('',(0.E0,1.E0,0.E0));
#6211=AXIS2_PLACEMENT_3D('',#6208,#6209,#6210);
#6212=PLANE('',#6211);
#6213=ORIENTED_EDGE('',*,*,#5996,.T.);
#6215=ORIENTED_EDGE('',*,*,#6214,.T.);
#6217=ORIENTED_EDGE('',*,*,#6216,.T.);
#6218=ORIENTED_EDGE('',*,*,#6112,.T.);
#6219=EDGE_LOOP('',(#6213,#6215,#6217,#6218));
#6220=FACE_OUTER_BOUND('',#6219,.F.);
#6221=ADVANCED_FACE('',(#6220),#6212,.F.);
#6222=CARTESIAN_POINT('',(2.605E0,7.561074182865E-1,-2.8E0));
#6223=DIRECTION('',(1.E0,0.E0,0.E0));
#6224=DIRECTION('',(0.E0,1.E0,0.E0));
#6225=AXIS2_PLACEMENT_3D('',#6222,#6223,#6224);
#6226=PLANE('',#6225);
#6228=ORIENTED_EDGE('',*,*,#6227,.F.);
#6230=ORIENTED_EDGE('',*,*,#6229,.F.);
#6232=ORIENTED_EDGE('',*,*,#6231,.T.);
#6234=ORIENTED_EDGE('',*,*,#6233,.T.);
#6236=ORIENTED_EDGE('',*,*,#6235,.T.);
#6238=ORIENTED_EDGE('',*,*,#6237,.T.);
#6240=ORIENTED_EDGE('',*,*,#6239,.T.);
#6242=ORIENTED_EDGE('',*,*,#6241,.T.);
#6244=ORIENTED_EDGE('',*,*,#6243,.F.);
#6245=EDGE_LOOP('',(#6228,#6230,#6232,#6234,#6236,#6238,#6240,#6242,#6244));
#6246=FACE_OUTER_BOUND('',#6245,.F.);
#6247=ADVANCED_FACE('',(#6246),#6226,.F.);
#6248=CARTESIAN_POINT('',(2.7E0,1.135809608451E0,-9.371948011662E-1));
#6249=DIRECTION('',(0.E0,9.063077870360E-1,-4.226182617420E-1));
#6250=DIRECTION('',(0.E0,-4.226182617420E-1,-9.063077870360E-1));
#6251=AXIS2_PLACEMENT_3D('',#6248,#6249,#6250);
#6252=PLANE('',#6251);
#6253=ORIENTED_EDGE('',*,*,#5994,.F.);
#6255=ORIENTED_EDGE('',*,*,#6254,.T.);
#6257=ORIENTED_EDGE('',*,*,#6256,.F.);
#6258=ORIENTED_EDGE('',*,*,#6214,.F.);
#6259=EDGE_LOOP('',(#6253,#6255,#6257,#6258));
#6260=FACE_OUTER_BOUND('',#6259,.F.);
#6261=ADVANCED_FACE('',(#6260),#6252,.F.);
#6262=CARTESIAN_POINT('',(2.795E0,7.561074182865E-1,-2.8E0));
#6263=DIRECTION('',(1.E0,0.E0,0.E0));
#6264=DIRECTION('',(0.E0,1.E0,0.E0));
#6265=AXIS2_PLACEMENT_3D('',#6262,#6263,#6264);
#6266=PLANE('',#6265);
#6267=ORIENTED_EDGE('',*,*,#5992,.F.);
#6268=ORIENTED_EDGE('',*,*,#6116,.F.);
#6270=ORIENTED_EDGE('',*,*,#6269,.F.);
#6271=ORIENTED_EDGE('',*,*,#6254,.F.);
#6272=EDGE_LOOP('',(#6267,#6268,#6270,#6271));
#6273=FACE_OUTER_BOUND('',#6272,.F.);
#6274=ADVANCED_FACE('',(#6273),#6266,.T.);
#6275=CARTESIAN_POINT('',(2.795E0,7.561074182865E-1,-2.8E0));
#6276=DIRECTION('',(1.E0,0.E0,0.E0));
#6277=DIRECTION('',(0.E0,1.E0,0.E0));
#6278=AXIS2_PLACEMENT_3D('',#6275,#6276,#6277);
#6279=PLANE('',#6278);
#6281=ORIENTED_EDGE('',*,*,#6280,.T.);
#6283=ORIENTED_EDGE('',*,*,#6282,.F.);
#6285=ORIENTED_EDGE('',*,*,#6284,.F.);
#6287=ORIENTED_EDGE('',*,*,#6286,.F.);
#6289=ORIENTED_EDGE('',*,*,#6288,.F.);
#6291=ORIENTED_EDGE('',*,*,#6290,.F.);
#6293=ORIENTED_EDGE('',*,*,#6292,.F.);
#6295=ORIENTED_EDGE('',*,*,#6294,.T.);
#6297=ORIENTED_EDGE('',*,*,#6296,.T.);
#6298=EDGE_LOOP('',(#6281,#6283,#6285,#6287,#6289,#6291,#6293,#6295,#6297));
#6299=FACE_OUTER_BOUND('',#6298,.F.);
#6300=ADVANCED_FACE('',(#6299),#6279,.T.);
#6301=CARTESIAN_POINT('',(2.7E0,1.128400759486E0,-2.220110536160E0));
#6302=DIRECTION('',(0.E0,9.985927540074E-1,5.303311836815E-2));
#6303=DIRECTION('',(0.E0,5.303311836815E-2,-9.985927540074E-1));
#6304=AXIS2_PLACEMENT_3D('',#6301,#6302,#6303);
#6305=PLANE('',#6304);
#6306=ORIENTED_EDGE('',*,*,#6114,.T.);
#6307=ORIENTED_EDGE('',*,*,#6216,.F.);
#6308=ORIENTED_EDGE('',*,*,#6256,.T.);
#6309=ORIENTED_EDGE('',*,*,#6269,.T.);
#6310=EDGE_LOOP('',(#6306,#6307,#6308,#6309));
#6311=FACE_OUTER_BOUND('',#6310,.F.);
#6312=ADVANCED_FACE('',(#6311),#6305,.F.);
#6313=CARTESIAN_POINT('',(4.95E0,9.1E-1,-4.2E0));
#6314=DIRECTION('',(0.E0,0.E0,1.E0));
#6315=DIRECTION('',(-1.E0,0.E0,0.E0));
#6316=AXIS2_PLACEMENT_3D('',#6313,#6314,#6315);
#6317=PLANE('',#6316);
#6318=ORIENTED_EDGE('',*,*,#6027,.T.);
#6320=ORIENTED_EDGE('',*,*,#6319,.F.);
#6321=ORIENTED_EDGE('',*,*,#6081,.F.);
#6323=ORIENTED_EDGE('',*,*,#6322,.T.);
#6325=ORIENTED_EDGE('',*,*,#6324,.F.);
#6326=ORIENTED_EDGE('',*,*,#4946,.F.);
#6328=ORIENTED_EDGE('',*,*,#6327,.T.);
#6330=ORIENTED_EDGE('',*,*,#6329,.T.);
#6331=ORIENTED_EDGE('',*,*,#6227,.T.);
#6333=ORIENTED_EDGE('',*,*,#6332,.F.);
#6334=ORIENTED_EDGE('',*,*,#6280,.F.);
#6336=ORIENTED_EDGE('',*,*,#6335,.T.);
#6338=ORIENTED_EDGE('',*,*,#6337,.F.);
#6339=ORIENTED_EDGE('',*,*,#4938,.F.);
#6341=ORIENTED_EDGE('',*,*,#6340,.T.);
#6343=ORIENTED_EDGE('',*,*,#6342,.T.);
#6345=ORIENTED_EDGE('',*,*,#6344,.T.);
#6347=ORIENTED_EDGE('',*,*,#6346,.F.);
#6349=ORIENTED_EDGE('',*,*,#6348,.F.);
#6351=ORIENTED_EDGE('',*,*,#6350,.T.);
#6353=ORIENTED_EDGE('',*,*,#6352,.F.);
#6354=ORIENTED_EDGE('',*,*,#4930,.F.);
#6356=ORIENTED_EDGE('',*,*,#6355,.T.);
#6358=ORIENTED_EDGE('',*,*,#6357,.T.);
#6360=ORIENTED_EDGE('',*,*,#6359,.T.);
#6362=ORIENTED_EDGE('',*,*,#6361,.F.);
#6364=ORIENTED_EDGE('',*,*,#6363,.F.);
#6366=ORIENTED_EDGE('',*,*,#6365,.T.);
#6368=ORIENTED_EDGE('',*,*,#6367,.F.);
#6369=ORIENTED_EDGE('',*,*,#4922,.F.);
#6371=ORIENTED_EDGE('',*,*,#6370,.T.);
#6373=ORIENTED_EDGE('',*,*,#6372,.T.);
#6375=ORIENTED_EDGE('',*,*,#6374,.T.);
#6377=ORIENTED_EDGE('',*,*,#6376,.F.);
#6379=ORIENTED_EDGE('',*,*,#6378,.F.);
#6381=ORIENTED_EDGE('',*,*,#6380,.T.);
#6383=ORIENTED_EDGE('',*,*,#6382,.F.);
#6384=ORIENTED_EDGE('',*,*,#4914,.F.);
#6386=ORIENTED_EDGE('',*,*,#6385,.T.);
#6388=ORIENTED_EDGE('',*,*,#6387,.T.);
#6390=ORIENTED_EDGE('',*,*,#6389,.T.);
#6392=ORIENTED_EDGE('',*,*,#6391,.F.);
#6394=ORIENTED_EDGE('',*,*,#6393,.F.);
#6396=ORIENTED_EDGE('',*,*,#6395,.T.);
#6398=ORIENTED_EDGE('',*,*,#6397,.F.);
#6399=ORIENTED_EDGE('',*,*,#4906,.F.);
#6401=ORIENTED_EDGE('',*,*,#6400,.T.);
#6403=ORIENTED_EDGE('',*,*,#6402,.T.);
#6405=ORIENTED_EDGE('',*,*,#6404,.T.);
#6407=ORIENTED_EDGE('',*,*,#6406,.F.);
#6409=ORIENTED_EDGE('',*,*,#6408,.F.);
#6411=ORIENTED_EDGE('',*,*,#6410,.T.);
#6413=ORIENTED_EDGE('',*,*,#6412,.F.);
#6414=ORIENTED_EDGE('',*,*,#4898,.F.);
#6416=ORIENTED_EDGE('',*,*,#6415,.T.);
#6418=ORIENTED_EDGE('',*,*,#6417,.T.);
#6420=ORIENTED_EDGE('',*,*,#6419,.T.);
#6422=ORIENTED_EDGE('',*,*,#6421,.F.);
#6424=ORIENTED_EDGE('',*,*,#6423,.F.);
#6426=ORIENTED_EDGE('',*,*,#6425,.T.);
#6428=ORIENTED_EDGE('',*,*,#6427,.F.);
#6429=ORIENTED_EDGE('',*,*,#4890,.F.);
#6431=ORIENTED_EDGE('',*,*,#6430,.T.);
#6433=ORIENTED_EDGE('',*,*,#6432,.T.);
#6435=ORIENTED_EDGE('',*,*,#6434,.T.);
#6437=ORIENTED_EDGE('',*,*,#6436,.F.);
#6439=ORIENTED_EDGE('',*,*,#6438,.F.);
#6441=ORIENTED_EDGE('',*,*,#6440,.T.);
#6443=ORIENTED_EDGE('',*,*,#6442,.F.);
#6444=ORIENTED_EDGE('',*,*,#4882,.F.);
#6446=ORIENTED_EDGE('',*,*,#6445,.T.);
#6448=ORIENTED_EDGE('',*,*,#6447,.T.);
#6450=ORIENTED_EDGE('',*,*,#6449,.T.);
#6452=ORIENTED_EDGE('',*,*,#6451,.F.);
#6454=ORIENTED_EDGE('',*,*,#6453,.F.);
#6456=ORIENTED_EDGE('',*,*,#6455,.T.);
#6458=ORIENTED_EDGE('',*,*,#6457,.F.);
#6459=ORIENTED_EDGE('',*,*,#4874,.F.);
#6461=ORIENTED_EDGE('',*,*,#6460,.T.);
#6463=ORIENTED_EDGE('',*,*,#6462,.T.);
#6465=ORIENTED_EDGE('',*,*,#6464,.T.);
#6467=ORIENTED_EDGE('',*,*,#6466,.F.);
#6469=ORIENTED_EDGE('',*,*,#6468,.F.);
#6471=ORIENTED_EDGE('',*,*,#6470,.T.);
#6473=ORIENTED_EDGE('',*,*,#6472,.F.);
#6474=ORIENTED_EDGE('',*,*,#4866,.F.);
#6476=ORIENTED_EDGE('',*,*,#6475,.T.);
#6478=ORIENTED_EDGE('',*,*,#6477,.T.);
#6480=ORIENTED_EDGE('',*,*,#6479,.T.);
#6482=ORIENTED_EDGE('',*,*,#6481,.F.);
#6484=ORIENTED_EDGE('',*,*,#6483,.F.);
#6486=ORIENTED_EDGE('',*,*,#6485,.T.);
#6488=ORIENTED_EDGE('',*,*,#6487,.F.);
#6489=ORIENTED_EDGE('',*,*,#4858,.F.);
#6490=ORIENTED_EDGE('',*,*,#5035,.F.);
#6491=ORIENTED_EDGE('',*,*,#5096,.T.);
#6492=ORIENTED_EDGE('',*,*,#5128,.T.);
#6493=ORIENTED_EDGE('',*,*,#5168,.T.);
#6494=ORIENTED_EDGE('',*,*,#5202,.T.);
#6495=ORIENTED_EDGE('',*,*,#5227,.F.);
#6497=ORIENTED_EDGE('',*,*,#6496,.F.);
#6499=ORIENTED_EDGE('',*,*,#6498,.T.);
#6501=ORIENTED_EDGE('',*,*,#6500,.F.);
#6503=ORIENTED_EDGE('',*,*,#6502,.F.);
#6505=ORIENTED_EDGE('',*,*,#6504,.T.);
#6506=ORIENTED_EDGE('',*,*,#4954,.F.);
#6508=ORIENTED_EDGE('',*,*,#6507,.T.);
#6510=ORIENTED_EDGE('',*,*,#6509,.T.);
#6511=EDGE_LOOP('',(#6318,#6320,#6321,#6323,#6325,#6326,#6328,#6330,#6331,#6333,
#6334,#6336,#6338,#6339,#6341,#6343,#6345,#6347,#6349,#6351,#6353,#6354,#6356,
#6358,#6360,#6362,#6364,#6366,#6368,#6369,#6371,#6373,#6375,#6377,#6379,#6381,
#6383,#6384,#6386,#6388,#6390,#6392,#6394,#6396,#6398,#6399,#6401,#6403,#6405,
#6407,#6409,#6411,#6413,#6414,#6416,#6418,#6420,#6422,#6424,#6426,#6428,#6429,
#6431,#6433,#6435,#6437,#6439,#6441,#6443,#6444,#6446,#6448,#6450,#6452,#6454,
#6456,#6458,#6459,#6461,#6463,#6465,#6467,#6469,#6471,#6473,#6474,#6476,#6478,
#6480,#6482,#6484,#6486,#6488,#6489,#6490,#6491,#6492,#6493,#6494,#6495,#6497,
#6499,#6501,#6503,#6505,#6506,#6508,#6510));
#6512=FACE_OUTER_BOUND('',#6511,.F.);
#6513=ADVANCED_FACE('',(#6512),#6317,.F.);
#6514=CARTESIAN_POINT('',(2.2E0,1.262198954710E0,-4.22E0));
#6515=DIRECTION('',(0.E0,1.E0,0.E0));
#6516=DIRECTION('',(0.E0,0.E0,-1.E0));
#6517=AXIS2_PLACEMENT_3D('',#6514,#6515,#6516);
#6518=PLANE('',#6517);
#6519=ORIENTED_EDGE('',*,*,#6319,.T.);
#6520=ORIENTED_EDGE('',*,*,#6043,.T.);
#6522=ORIENTED_EDGE('',*,*,#6521,.T.);
#6523=ORIENTED_EDGE('',*,*,#6083,.T.);
#6524=EDGE_LOOP('',(#6519,#6520,#6522,#6523));
#6525=FACE_OUTER_BOUND('',#6524,.F.);
#6526=ADVANCED_FACE('',(#6525),#6518,.T.);
#6527=CARTESIAN_POINT('',(2.2E0,7.442014221757E-1,-4.4E0));
#6528=DIRECTION('',(0.E0,0.E0,1.E0));
#6529=DIRECTION('',(0.E0,1.E0,0.E0));
#6530=AXIS2_PLACEMENT_3D('',#6527,#6528,#6529);
#6531=PLANE('',#6530);
#6532=ORIENTED_EDGE('',*,*,#6041,.F.);
#6534=ORIENTED_EDGE('',*,*,#6533,.F.);
#6535=ORIENTED_EDGE('',*,*,#6085,.T.);
#6536=ORIENTED_EDGE('',*,*,#6521,.F.);
#6537=EDGE_LOOP('',(#6532,#6534,#6535,#6536));
#6538=FACE_OUTER_BOUND('',#6537,.F.);
#6539=ADVANCED_FACE('',(#6538),#6531,.F.);
#6540=CARTESIAN_POINT('',(2.2E0,2.131019448208E-1,-4.65E0));
#6541=DIRECTION('',(0.E0,9.986295347546E-1,-5.233595624298E-2));
#6542=DIRECTION('',(0.E0,5.233595624298E-2,9.986295347546E-1));
#6543=AXIS2_PLACEMENT_3D('',#6540,#6541,#6542);
#6544=PLANE('',#6543);
#6545=ORIENTED_EDGE('',*,*,#6039,.F.);
#6547=ORIENTED_EDGE('',*,*,#6546,.T.);
#6548=ORIENTED_EDGE('',*,*,#6087,.T.);
#6549=ORIENTED_EDGE('',*,*,#6533,.T.);
#6550=EDGE_LOOP('',(#6545,#6547,#6548,#6549));
#6551=FACE_OUTER_BOUND('',#6550,.F.);
#6552=ADVANCED_FACE('',(#6551),#6544,.T.);
#6553=CARTESIAN_POINT('',(2.2E0,1.E-1,-4.9E0));
#6554=DIRECTION('',(0.E0,0.E0,1.E0));
#6555=DIRECTION('',(0.E0,1.E0,0.E0));
#6556=AXIS2_PLACEMENT_3D('',#6553,#6554,#6555);
#6557=PLANE('',#6556);
#6559=ORIENTED_EDGE('',*,*,#6558,.F.);
#6560=ORIENTED_EDGE('',*,*,#6089,.T.);
#6561=ORIENTED_EDGE('',*,*,#6546,.F.);
#6562=ORIENTED_EDGE('',*,*,#6037,.F.);
#6563=EDGE_LOOP('',(#6559,#6560,#6561,#6562));
#6564=FACE_OUTER_BOUND('',#6563,.F.);
#6565=ADVANCED_FACE('',(#6564),#6557,.F.);
#6566=CARTESIAN_POINT('',(2.2E0,2.110025227537E-2,-4.497383202188E0));
#6567=DIRECTION('',(0.E0,9.986295347546E-1,-5.233595624296E-2));
#6568=DIRECTION('',(0.E0,-5.233595624296E-2,-9.986295347546E-1));
#6569=AXIS2_PLACEMENT_3D('',#6566,#6567,#6568);
#6570=PLANE('',#6569);
#6572=ORIENTED_EDGE('',*,*,#6571,.F.);
#6573=ORIENTED_EDGE('',*,*,#6091,.T.);
#6574=ORIENTED_EDGE('',*,*,#6558,.T.);
#6575=ORIENTED_EDGE('',*,*,#6035,.F.);
#6576=EDGE_LOOP('',(#6572,#6573,#6574,#6575));
#6577=FACE_OUTER_BOUND('',#6576,.F.);
#6578=ADVANCED_FACE('',(#6577),#6570,.F.);
#6579=CARTESIAN_POINT('',(2.099219565696E0,1.420634580262E-1,-4.1E0));
#6580=DIRECTION('',(1.E0,0.E0,0.E0));
#6581=DIRECTION('',(0.E0,0.E0,1.E0));
#6582=AXIS2_PLACEMENT_3D('',#6579,#6580,#6581);
#6583=CYLINDRICAL_SURFACE('',#6582,1.E-1);
#6584=ORIENTED_EDGE('',*,*,#6093,.T.);
#6585=ORIENTED_EDGE('',*,*,#6571,.T.);
#6586=ORIENTED_EDGE('',*,*,#6033,.F.);
#6588=ORIENTED_EDGE('',*,*,#6587,.T.);
#6589=EDGE_LOOP('',(#6584,#6585,#6586,#6588));
#6590=FACE_OUTER_BOUND('',#6589,.F.);
#6591=ADVANCED_FACE('',(#6590),#6583,.T.);
#6592=CARTESIAN_POINT('',(2.2E0,1.960317290131E-1,-4.E0));
#6593=DIRECTION('',(0.E0,0.E0,1.E0));
#6594=DIRECTION('',(0.E0,-1.E0,0.E0));
#6595=AXIS2_PLACEMENT_3D('',#6592,#6593,#6594);
#6596=PLANE('',#6595);
#6598=ORIENTED_EDGE('',*,*,#6597,.T.);
#6599=ORIENTED_EDGE('',*,*,#6095,.F.);
#6600=ORIENTED_EDGE('',*,*,#6587,.F.);
#6601=ORIENTED_EDGE('',*,*,#6031,.F.);
#6602=EDGE_LOOP('',(#6598,#6599,#6600,#6601));
#6603=FACE_OUTER_BOUND('',#6602,.F.);
#6604=ADVANCED_FACE('',(#6603),#6596,.T.);
#6605=CARTESIAN_POINT('',(2.2E0,2.E-1,-3.85E0));
#6606=DIRECTION('',(0.E0,1.E0,0.E0));
#6607=DIRECTION('',(0.E0,0.E0,-1.E0));
#6608=AXIS2_PLACEMENT_3D('',#6605,#6606,#6607);
#6609=PLANE('',#6608);
#6610=ORIENTED_EDGE('',*,*,#6029,.T.);
#6611=ORIENTED_EDGE('',*,*,#6509,.F.);
#6613=ORIENTED_EDGE('',*,*,#6612,.F.);
#6615=ORIENTED_EDGE('',*,*,#6614,.F.);
#6617=ORIENTED_EDGE('',*,*,#6616,.F.);
#6618=ORIENTED_EDGE('',*,*,#6322,.F.);
#6619=ORIENTED_EDGE('',*,*,#6097,.F.);
#6620=ORIENTED_EDGE('',*,*,#6597,.F.);
#6621=EDGE_LOOP('',(#6610,#6611,#6613,#6615,#6617,#6618,#6619,#6620));
#6622=FACE_OUTER_BOUND('',#6621,.F.);
#6623=ADVANCED_FACE('',(#6622),#6609,.F.);
#6624=CARTESIAN_POINT('',(2.095E0,1.E-1,-3.85E0));
#6625=DIRECTION('',(1.E0,0.E0,0.E0));
#6626=DIRECTION('',(0.E0,0.E0,-1.E0));
#6627=AXIS2_PLACEMENT_3D('',#6624,#6625,#6626);
#6628=PLANE('',#6627);
#6629=ORIENTED_EDGE('',*,*,#6612,.T.);
#6630=ORIENTED_EDGE('',*,*,#6507,.F.);
#6631=ORIENTED_EDGE('',*,*,#4952,.F.);
#6633=ORIENTED_EDGE('',*,*,#6632,.F.);
#6634=EDGE_LOOP('',(#6629,#6630,#6631,#6633));
#6635=FACE_OUTER_BOUND('',#6634,.F.);
#6636=ADVANCED_FACE('',(#6635),#6628,.T.);
#6637=CARTESIAN_POINT('',(2.2E0,1.E-1,-3.5E0));
#6638=DIRECTION('',(0.E0,0.E0,1.E0));
#6639=DIRECTION('',(0.E0,-1.E0,0.E0));
#6640=AXIS2_PLACEMENT_3D('',#6637,#6638,#6639);
#6641=PLANE('',#6640);
#6642=ORIENTED_EDGE('',*,*,#6614,.T.);
#6643=ORIENTED_EDGE('',*,*,#6632,.T.);
#6644=ORIENTED_EDGE('',*,*,#4950,.T.);
#6646=ORIENTED_EDGE('',*,*,#6645,.F.);
#6647=EDGE_LOOP('',(#6642,#6643,#6644,#6646));
#6648=FACE_OUTER_BOUND('',#6647,.F.);
#6649=ADVANCED_FACE('',(#6648),#6641,.F.);
#6650=CARTESIAN_POINT('',(2.305E0,1.E-1,-3.85E0));
#6651=DIRECTION('',(1.E0,0.E0,0.E0));
#6652=DIRECTION('',(0.E0,0.E0,-1.E0));
#6653=AXIS2_PLACEMENT_3D('',#6650,#6651,#6652);
#6654=PLANE('',#6653);
#6655=ORIENTED_EDGE('',*,*,#6616,.T.);
#6656=ORIENTED_EDGE('',*,*,#6645,.T.);
#6657=ORIENTED_EDGE('',*,*,#4948,.T.);
#6658=ORIENTED_EDGE('',*,*,#6324,.T.);
#6659=EDGE_LOOP('',(#6655,#6656,#6657,#6658));
#6660=FACE_OUTER_BOUND('',#6659,.F.);
#6661=ADVANCED_FACE('',(#6660),#6654,.F.);
#6662=CARTESIAN_POINT('',(2.595E0,1.E-1,-3.85E0));
#6663=DIRECTION('',(1.E0,0.E0,0.E0));
#6664=DIRECTION('',(0.E0,0.E0,-1.E0));
#6665=AXIS2_PLACEMENT_3D('',#6662,#6663,#6664);
#6666=PLANE('',#6665);
#6668=ORIENTED_EDGE('',*,*,#6667,.F.);
#6669=ORIENTED_EDGE('',*,*,#6327,.F.);
#6670=ORIENTED_EDGE('',*,*,#4944,.F.);
#6672=ORIENTED_EDGE('',*,*,#6671,.F.);
#6673=EDGE_LOOP('',(#6668,#6669,#6670,#6672));
#6674=FACE_OUTER_BOUND('',#6673,.F.);
#6675=ADVANCED_FACE('',(#6674),#6666,.T.);
#6676=CARTESIAN_POINT('',(2.7E0,2.E-1,-3.85E0));
#6677=DIRECTION('',(0.E0,1.E0,0.E0));
#6678=DIRECTION('',(0.E0,0.E0,-1.E0));
#6679=AXIS2_PLACEMENT_3D('',#6676,#6677,#6678);
#6680=PLANE('',#6679);
#6681=ORIENTED_EDGE('',*,*,#6229,.T.);
#6682=ORIENTED_EDGE('',*,*,#6329,.F.);
#6683=ORIENTED_EDGE('',*,*,#6667,.T.);
#6685=ORIENTED_EDGE('',*,*,#6684,.F.);
#6687=ORIENTED_EDGE('',*,*,#6686,.F.);
#6688=ORIENTED_EDGE('',*,*,#6335,.F.);
#6689=ORIENTED_EDGE('',*,*,#6296,.F.);
#6691=ORIENTED_EDGE('',*,*,#6690,.F.);
#6692=EDGE_LOOP('',(#6681,#6682,#6683,#6685,#6687,#6688,#6689,#6691));
#6693=FACE_OUTER_BOUND('',#6692,.F.);
#6694=ADVANCED_FACE('',(#6693),#6680,.F.);
#6695=CARTESIAN_POINT('',(2.7E0,1.E-1,-3.5E0));
#6696=DIRECTION('',(0.E0,0.E0,1.E0));
#6697=DIRECTION('',(0.E0,-1.E0,0.E0));
#6698=AXIS2_PLACEMENT_3D('',#6695,#6696,#6697);
#6699=PLANE('',#6698);
#6700=ORIENTED_EDGE('',*,*,#6684,.T.);
#6701=ORIENTED_EDGE('',*,*,#6671,.T.);
#6702=ORIENTED_EDGE('',*,*,#4942,.T.);
#6704=ORIENTED_EDGE('',*,*,#6703,.F.);
#6705=EDGE_LOOP('',(#6700,#6701,#6702,#6704));
#6706=FACE_OUTER_BOUND('',#6705,.F.);
#6707=ADVANCED_FACE('',(#6706),#6699,.F.);
#6708=CARTESIAN_POINT('',(2.805E0,1.E-1,-3.85E0));
#6709=DIRECTION('',(1.E0,0.E0,0.E0));
#6710=DIRECTION('',(0.E0,0.E0,-1.E0));
#6711=AXIS2_PLACEMENT_3D('',#6708,#6709,#6710);
#6712=PLANE('',#6711);
#6713=ORIENTED_EDGE('',*,*,#6686,.T.);
#6714=ORIENTED_EDGE('',*,*,#6703,.T.);
#6715=ORIENTED_EDGE('',*,*,#4940,.T.);
#6716=ORIENTED_EDGE('',*,*,#6337,.T.);
#6717=EDGE_LOOP('',(#6713,#6714,#6715,#6716));
#6718=FACE_OUTER_BOUND('',#6717,.F.);
#6719=ADVANCED_FACE('',(#6718),#6712,.F.);
#6720=CARTESIAN_POINT('',(2.7E0,1.960317290131E-1,-4.E0));
#6721=DIRECTION('',(0.E0,0.E0,1.E0));
#6722=DIRECTION('',(0.E0,-1.E0,0.E0));
#6723=AXIS2_PLACEMENT_3D('',#6720,#6721,#6722);
#6724=PLANE('',#6723);
#6725=ORIENTED_EDGE('',*,*,#6690,.T.);
#6726=ORIENTED_EDGE('',*,*,#6294,.F.);
#6728=ORIENTED_EDGE('',*,*,#6727,.F.);
#6729=ORIENTED_EDGE('',*,*,#6231,.F.);
#6730=EDGE_LOOP('',(#6725,#6726,#6728,#6729));
#6731=FACE_OUTER_BOUND('',#6730,.F.);
#6732=ADVANCED_FACE('',(#6731),#6724,.T.);
#6733=CARTESIAN_POINT('',(2.599219565696E0,1.420634580262E-1,-4.1E0));
#6734=DIRECTION('',(1.E0,0.E0,0.E0));
#6735=DIRECTION('',(0.E0,0.E0,1.E0));
#6736=AXIS2_PLACEMENT_3D('',#6733,#6734,#6735);
#6737=CYLINDRICAL_SURFACE('',#6736,1.E-1);
#6738=ORIENTED_EDGE('',*,*,#6292,.T.);
#6740=ORIENTED_EDGE('',*,*,#6739,.T.);
#6741=ORIENTED_EDGE('',*,*,#6233,.F.);
#6742=ORIENTED_EDGE('',*,*,#6727,.T.);
#6743=EDGE_LOOP('',(#6738,#6740,#6741,#6742));
#6744=FACE_OUTER_BOUND('',#6743,.F.);
#6745=ADVANCED_FACE('',(#6744),#6737,.T.);
#6746=CARTESIAN_POINT('',(2.7E0,2.110025227537E-2,-4.497383202188E0));
#6747=DIRECTION('',(0.E0,9.986295347546E-1,-5.233595624296E-2));
#6748=DIRECTION('',(0.E0,-5.233595624296E-2,-9.986295347546E-1));
#6749=AXIS2_PLACEMENT_3D('',#6746,#6747,#6748);
#6750=PLANE('',#6749);
#6751=ORIENTED_EDGE('',*,*,#6739,.F.);
#6752=ORIENTED_EDGE('',*,*,#6290,.T.);
#6754=ORIENTED_EDGE('',*,*,#6753,.T.);
#6755=ORIENTED_EDGE('',*,*,#6235,.F.);
#6756=EDGE_LOOP('',(#6751,#6752,#6754,#6755));
#6757=FACE_OUTER_BOUND('',#6756,.F.);
#6758=ADVANCED_FACE('',(#6757),#6750,.F.);
#6759=CARTESIAN_POINT('',(2.7E0,1.E-1,-4.9E0));
#6760=DIRECTION('',(0.E0,0.E0,1.E0));
#6761=DIRECTION('',(0.E0,1.E0,0.E0));
#6762=AXIS2_PLACEMENT_3D('',#6759,#6760,#6761);
#6763=PLANE('',#6762);
#6764=ORIENTED_EDGE('',*,*,#6753,.F.);
#6765=ORIENTED_EDGE('',*,*,#6288,.T.);
#6767=ORIENTED_EDGE('',*,*,#6766,.F.);
#6768=ORIENTED_EDGE('',*,*,#6237,.F.);
#6769=EDGE_LOOP('',(#6764,#6765,#6767,#6768));
#6770=FACE_OUTER_BOUND('',#6769,.F.);
#6771=ADVANCED_FACE('',(#6770),#6763,.F.);
#6772=CARTESIAN_POINT('',(2.7E0,2.131019448208E-1,-4.65E0));
#6773=DIRECTION('',(0.E0,9.986295347546E-1,-5.233595624298E-2));
#6774=DIRECTION('',(0.E0,5.233595624298E-2,9.986295347546E-1));
#6775=AXIS2_PLACEMENT_3D('',#6772,#6773,#6774);
#6776=PLANE('',#6775);
#6777=ORIENTED_EDGE('',*,*,#6239,.F.);
#6778=ORIENTED_EDGE('',*,*,#6766,.T.);
#6779=ORIENTED_EDGE('',*,*,#6286,.T.);
#6781=ORIENTED_EDGE('',*,*,#6780,.T.);
#6782=EDGE_LOOP('',(#6777,#6778,#6779,#6781));
#6783=FACE_OUTER_BOUND('',#6782,.F.);
#6784=ADVANCED_FACE('',(#6783),#6776,.T.);
#6785=CARTESIAN_POINT('',(2.7E0,7.442014221757E-1,-4.4E0));
#6786=DIRECTION('',(0.E0,0.E0,1.E0));
#6787=DIRECTION('',(0.E0,1.E0,0.E0));
#6788=AXIS2_PLACEMENT_3D('',#6785,#6786,#6787);
#6789=PLANE('',#6788);
#6790=ORIENTED_EDGE('',*,*,#6241,.F.);
#6791=ORIENTED_EDGE('',*,*,#6780,.F.);
#6792=ORIENTED_EDGE('',*,*,#6284,.T.);
#6794=ORIENTED_EDGE('',*,*,#6793,.F.);
#6795=EDGE_LOOP('',(#6790,#6791,#6792,#6794));
#6796=FACE_OUTER_BOUND('',#6795,.F.);
#6797=ADVANCED_FACE('',(#6796),#6789,.F.);
#6798=CARTESIAN_POINT('',(2.7E0,1.262198954710E0,-4.22E0));
#6799=DIRECTION('',(0.E0,1.E0,0.E0));
#6800=DIRECTION('',(0.E0,0.E0,-1.E0));
#6801=AXIS2_PLACEMENT_3D('',#6798,#6799,#6800);
#6802=PLANE('',#6801);
#6803=ORIENTED_EDGE('',*,*,#6332,.T.);
#6804=ORIENTED_EDGE('',*,*,#6243,.T.);
#6805=ORIENTED_EDGE('',*,*,#6793,.T.);
#6806=ORIENTED_EDGE('',*,*,#6282,.T.);
#6807=EDGE_LOOP('',(#6803,#6804,#6805,#6806));
#6808=FACE_OUTER_BOUND('',#6807,.F.);
#6809=ADVANCED_FACE('',(#6808),#6802,.T.);
#6810=CARTESIAN_POINT('',(3.095E0,1.E-1,-3.85E0));
#6811=DIRECTION('',(1.E0,0.E0,0.E0));
#6812=DIRECTION('',(0.E0,0.E0,-1.E0));
#6813=AXIS2_PLACEMENT_3D('',#6810,#6811,#6812);
#6814=PLANE('',#6813);
#6816=ORIENTED_EDGE('',*,*,#6815,.F.);
#6817=ORIENTED_EDGE('',*,*,#6340,.F.);
#6818=ORIENTED_EDGE('',*,*,#4936,.F.);
#6820=ORIENTED_EDGE('',*,*,#6819,.F.);
#6821=EDGE_LOOP('',(#6816,#6817,#6818,#6820));
#6822=FACE_OUTER_BOUND('',#6821,.F.);
#6823=ADVANCED_FACE('',(#6822),#6814,.T.);
#6824=CARTESIAN_POINT('',(3.2E0,2.E-1,-3.85E0));
#6825=DIRECTION('',(0.E0,1.E0,0.E0));
#6826=DIRECTION('',(0.E0,0.E0,-1.E0));
#6827=AXIS2_PLACEMENT_3D('',#6824,#6825,#6826);
#6828=PLANE('',#6827);
#6830=ORIENTED_EDGE('',*,*,#6829,.T.);
#6831=ORIENTED_EDGE('',*,*,#6342,.F.);
#6832=ORIENTED_EDGE('',*,*,#6815,.T.);
#6834=ORIENTED_EDGE('',*,*,#6833,.F.);
#6836=ORIENTED_EDGE('',*,*,#6835,.F.);
#6837=ORIENTED_EDGE('',*,*,#6350,.F.);
#6839=ORIENTED_EDGE('',*,*,#6838,.F.);
#6841=ORIENTED_EDGE('',*,*,#6840,.F.);
#6842=EDGE_LOOP('',(#6830,#6831,#6832,#6834,#6836,#6837,#6839,#6841));
#6843=FACE_OUTER_BOUND('',#6842,.F.);
#6844=ADVANCED_FACE('',(#6843),#6828,.F.);
#6845=CARTESIAN_POINT('',(3.105E0,7.561074182865E-1,-2.8E0));
#6846=DIRECTION('',(1.E0,0.E0,0.E0));
#6847=DIRECTION('',(0.E0,1.E0,0.E0));
#6848=AXIS2_PLACEMENT_3D('',#6845,#6846,#6847);
#6849=PLANE('',#6848);
#6850=ORIENTED_EDGE('',*,*,#5988,.T.);
#6852=ORIENTED_EDGE('',*,*,#6851,.T.);
#6854=ORIENTED_EDGE('',*,*,#6853,.T.);
#6855=ORIENTED_EDGE('',*,*,#6119,.T.);
#6856=EDGE_LOOP('',(#6850,#6852,#6854,#6855));
#6857=FACE_OUTER_BOUND('',#6856,.F.);
#6858=ADVANCED_FACE('',(#6857),#6849,.F.);
#6859=CARTESIAN_POINT('',(3.105E0,7.561074182865E-1,-2.8E0));
#6860=DIRECTION('',(1.E0,0.E0,0.E0));
#6861=DIRECTION('',(0.E0,1.E0,0.E0));
#6862=AXIS2_PLACEMENT_3D('',#6859,#6860,#6861);
#6863=PLANE('',#6862);
#6864=ORIENTED_EDGE('',*,*,#6344,.F.);
#6865=ORIENTED_EDGE('',*,*,#6829,.F.);
#6867=ORIENTED_EDGE('',*,*,#6866,.T.);
#6869=ORIENTED_EDGE('',*,*,#6868,.T.);
#6871=ORIENTED_EDGE('',*,*,#6870,.T.);
#6873=ORIENTED_EDGE('',*,*,#6872,.T.);
#6875=ORIENTED_EDGE('',*,*,#6874,.T.);
#6877=ORIENTED_EDGE('',*,*,#6876,.T.);
#6879=ORIENTED_EDGE('',*,*,#6878,.F.);
#6880=EDGE_LOOP('',(#6864,#6865,#6867,#6869,#6871,#6873,#6875,#6877,#6879));
#6881=FACE_OUTER_BOUND('',#6880,.F.);
#6882=ADVANCED_FACE('',(#6881),#6863,.F.);
#6883=CARTESIAN_POINT('',(3.2E0,1.135809608451E0,-9.371948011662E-1));
#6884=DIRECTION('',(0.E0,9.063077870360E-1,-4.226182617420E-1));
#6885=DIRECTION('',(0.E0,-4.226182617420E-1,-9.063077870360E-1));
#6886=AXIS2_PLACEMENT_3D('',#6883,#6884,#6885);
#6887=PLANE('',#6886);
#6888=ORIENTED_EDGE('',*,*,#5986,.F.);
#6890=ORIENTED_EDGE('',*,*,#6889,.T.);
#6892=ORIENTED_EDGE('',*,*,#6891,.F.);
#6893=ORIENTED_EDGE('',*,*,#6851,.F.);
#6894=EDGE_LOOP('',(#6888,#6890,#6892,#6893));
#6895=FACE_OUTER_BOUND('',#6894,.F.);
#6896=ADVANCED_FACE('',(#6895),#6887,.F.);
#6897=CARTESIAN_POINT('',(3.295E0,7.561074182865E-1,-2.8E0));
#6898=DIRECTION('',(1.E0,0.E0,0.E0));
#6899=DIRECTION('',(0.E0,1.E0,0.E0));
#6900=AXIS2_PLACEMENT_3D('',#6897,#6898,#6899);
#6901=PLANE('',#6900);
#6902=ORIENTED_EDGE('',*,*,#5984,.F.);
#6903=ORIENTED_EDGE('',*,*,#6123,.F.);
#6905=ORIENTED_EDGE('',*,*,#6904,.F.);
#6906=ORIENTED_EDGE('',*,*,#6889,.F.);
#6907=EDGE_LOOP('',(#6902,#6903,#6905,#6906));
#6908=FACE_OUTER_BOUND('',#6907,.F.);
#6909=ADVANCED_FACE('',(#6908),#6901,.T.);
#6910=CARTESIAN_POINT('',(3.295E0,7.561074182865E-1,-2.8E0));
#6911=DIRECTION('',(1.E0,0.E0,0.E0));
#6912=DIRECTION('',(0.E0,1.E0,0.E0));
#6913=AXIS2_PLACEMENT_3D('',#6910,#6911,#6912);
#6914=PLANE('',#6913);
#6915=ORIENTED_EDGE('',*,*,#6348,.T.);
#6917=ORIENTED_EDGE('',*,*,#6916,.F.);
#6919=ORIENTED_EDGE('',*,*,#6918,.F.);
#6921=ORIENTED_EDGE('',*,*,#6920,.F.);
#6923=ORIENTED_EDGE('',*,*,#6922,.F.);
#6925=ORIENTED_EDGE('',*,*,#6924,.F.);
#6927=ORIENTED_EDGE('',*,*,#6926,.F.);
#6929=ORIENTED_EDGE('',*,*,#6928,.T.);
#6930=ORIENTED_EDGE('',*,*,#6838,.T.);
#6931=EDGE_LOOP('',(#6915,#6917,#6919,#6921,#6923,#6925,#6927,#6929,#6930));
#6932=FACE_OUTER_BOUND('',#6931,.F.);
#6933=ADVANCED_FACE('',(#6932),#6914,.T.);
#6934=CARTESIAN_POINT('',(3.2E0,1.128400759486E0,-2.220110536160E0));
#6935=DIRECTION('',(0.E0,9.985927540074E-1,5.303311836815E-2));
#6936=DIRECTION('',(0.E0,5.303311836815E-2,-9.985927540074E-1));
#6937=AXIS2_PLACEMENT_3D('',#6934,#6935,#6936);
#6938=PLANE('',#6937);
#6939=ORIENTED_EDGE('',*,*,#6121,.T.);
#6940=ORIENTED_EDGE('',*,*,#6853,.F.);
#6941=ORIENTED_EDGE('',*,*,#6891,.T.);
#6942=ORIENTED_EDGE('',*,*,#6904,.T.);
#6943=EDGE_LOOP('',(#6939,#6940,#6941,#6942));
#6944=FACE_OUTER_BOUND('',#6943,.F.);
#6945=ADVANCED_FACE('',(#6944),#6938,.F.);
#6946=CARTESIAN_POINT('',(3.2E0,1.262198954710E0,-4.22E0));
#6947=DIRECTION('',(0.E0,1.E0,0.E0));
#6948=DIRECTION('',(0.E0,0.E0,-1.E0));
#6949=AXIS2_PLACEMENT_3D('',#6946,#6947,#6948);
#6950=PLANE('',#6949);
#6951=ORIENTED_EDGE('',*,*,#6346,.T.);
#6952=ORIENTED_EDGE('',*,*,#6878,.T.);
#6954=ORIENTED_EDGE('',*,*,#6953,.T.);
#6955=ORIENTED_EDGE('',*,*,#6916,.T.);
#6956=EDGE_LOOP('',(#6951,#6952,#6954,#6955));
#6957=FACE_OUTER_BOUND('',#6956,.F.);
#6958=ADVANCED_FACE('',(#6957),#6950,.T.);
#6959=CARTESIAN_POINT('',(3.2E0,7.442014221757E-1,-4.4E0));
#6960=DIRECTION('',(0.E0,0.E0,1.E0));
#6961=DIRECTION('',(0.E0,1.E0,0.E0));
#6962=AXIS2_PLACEMENT_3D('',#6959,#6960,#6961);
#6963=PLANE('',#6962);
#6964=ORIENTED_EDGE('',*,*,#6876,.F.);
#6966=ORIENTED_EDGE('',*,*,#6965,.F.);
#6967=ORIENTED_EDGE('',*,*,#6918,.T.);
#6968=ORIENTED_EDGE('',*,*,#6953,.F.);
#6969=EDGE_LOOP('',(#6964,#6966,#6967,#6968));
#6970=FACE_OUTER_BOUND('',#6969,.F.);
#6971=ADVANCED_FACE('',(#6970),#6963,.F.);
#6972=CARTESIAN_POINT('',(3.2E0,2.131019448208E-1,-4.65E0));
#6973=DIRECTION('',(0.E0,9.986295347546E-1,-5.233595624298E-2));
#6974=DIRECTION('',(0.E0,5.233595624298E-2,9.986295347546E-1));
#6975=AXIS2_PLACEMENT_3D('',#6972,#6973,#6974);
#6976=PLANE('',#6975);
#6977=ORIENTED_EDGE('',*,*,#6874,.F.);
#6979=ORIENTED_EDGE('',*,*,#6978,.T.);
#6980=ORIENTED_EDGE('',*,*,#6920,.T.);
#6981=ORIENTED_EDGE('',*,*,#6965,.T.);
#6982=EDGE_LOOP('',(#6977,#6979,#6980,#6981));
#6983=FACE_OUTER_BOUND('',#6982,.F.);
#6984=ADVANCED_FACE('',(#6983),#6976,.T.);
#6985=CARTESIAN_POINT('',(3.2E0,1.E-1,-4.9E0));
#6986=DIRECTION('',(0.E0,0.E0,1.E0));
#6987=DIRECTION('',(0.E0,1.E0,0.E0));
#6988=AXIS2_PLACEMENT_3D('',#6985,#6986,#6987);
#6989=PLANE('',#6988);
#6991=ORIENTED_EDGE('',*,*,#6990,.F.);
#6992=ORIENTED_EDGE('',*,*,#6922,.T.);
#6993=ORIENTED_EDGE('',*,*,#6978,.F.);
#6994=ORIENTED_EDGE('',*,*,#6872,.F.);
#6995=EDGE_LOOP('',(#6991,#6992,#6993,#6994));
#6996=FACE_OUTER_BOUND('',#6995,.F.);
#6997=ADVANCED_FACE('',(#6996),#6989,.F.);
#6998=CARTESIAN_POINT('',(3.2E0,2.110025227537E-2,-4.497383202188E0));
#6999=DIRECTION('',(0.E0,9.986295347546E-1,-5.233595624296E-2));
#7000=DIRECTION('',(0.E0,-5.233595624296E-2,-9.986295347546E-1));
#7001=AXIS2_PLACEMENT_3D('',#6998,#6999,#7000);
#7002=PLANE('',#7001);
#7004=ORIENTED_EDGE('',*,*,#7003,.F.);
#7005=ORIENTED_EDGE('',*,*,#6924,.T.);
#7006=ORIENTED_EDGE('',*,*,#6990,.T.);
#7007=ORIENTED_EDGE('',*,*,#6870,.F.);
#7008=EDGE_LOOP('',(#7004,#7005,#7006,#7007));
#7009=FACE_OUTER_BOUND('',#7008,.F.);
#7010=ADVANCED_FACE('',(#7009),#7002,.F.);
#7011=CARTESIAN_POINT('',(3.099219565696E0,1.420634580262E-1,-4.1E0));
#7012=DIRECTION('',(1.E0,0.E0,0.E0));
#7013=DIRECTION('',(0.E0,0.E0,1.E0));
#7014=AXIS2_PLACEMENT_3D('',#7011,#7012,#7013);
#7015=CYLINDRICAL_SURFACE('',#7014,1.E-1);
#7016=ORIENTED_EDGE('',*,*,#6926,.T.);
#7017=ORIENTED_EDGE('',*,*,#7003,.T.);
#7018=ORIENTED_EDGE('',*,*,#6868,.F.);
#7020=ORIENTED_EDGE('',*,*,#7019,.T.);
#7021=EDGE_LOOP('',(#7016,#7017,#7018,#7020));
#7022=FACE_OUTER_BOUND('',#7021,.F.);
#7023=ADVANCED_FACE('',(#7022),#7015,.T.);
#7024=CARTESIAN_POINT('',(3.2E0,1.960317290131E-1,-4.E0));
#7025=DIRECTION('',(0.E0,0.E0,1.E0));
#7026=DIRECTION('',(0.E0,-1.E0,0.E0));
#7027=AXIS2_PLACEMENT_3D('',#7024,#7025,#7026);
#7028=PLANE('',#7027);
#7029=ORIENTED_EDGE('',*,*,#6840,.T.);
#7030=ORIENTED_EDGE('',*,*,#6928,.F.);
#7031=ORIENTED_EDGE('',*,*,#7019,.F.);
#7032=ORIENTED_EDGE('',*,*,#6866,.F.);
#7033=EDGE_LOOP('',(#7029,#7030,#7031,#7032));
#7034=FACE_OUTER_BOUND('',#7033,.F.);
#7035=ADVANCED_FACE('',(#7034),#7028,.T.);
#7036=CARTESIAN_POINT('',(3.2E0,1.E-1,-3.5E0));
#7037=DIRECTION('',(0.E0,0.E0,1.E0));
#7038=DIRECTION('',(0.E0,-1.E0,0.E0));
#7039=AXIS2_PLACEMENT_3D('',#7036,#7037,#7038);
#7040=PLANE('',#7039);
#7041=ORIENTED_EDGE('',*,*,#6833,.T.);
#7042=ORIENTED_EDGE('',*,*,#6819,.T.);
#7043=ORIENTED_EDGE('',*,*,#4934,.T.);
#7045=ORIENTED_EDGE('',*,*,#7044,.F.);
#7046=EDGE_LOOP('',(#7041,#7042,#7043,#7045));
#7047=FACE_OUTER_BOUND('',#7046,.F.);
#7048=ADVANCED_FACE('',(#7047),#7040,.F.);
#7049=CARTESIAN_POINT('',(3.305E0,1.E-1,-3.85E0));
#7050=DIRECTION('',(1.E0,0.E0,0.E0));
#7051=DIRECTION('',(0.E0,0.E0,-1.E0));
#7052=AXIS2_PLACEMENT_3D('',#7049,#7050,#7051);
#7053=PLANE('',#7052);
#7054=ORIENTED_EDGE('',*,*,#6835,.T.);
#7055=ORIENTED_EDGE('',*,*,#7044,.T.);
#7056=ORIENTED_EDGE('',*,*,#4932,.T.);
#7057=ORIENTED_EDGE('',*,*,#6352,.T.);
#7058=EDGE_LOOP('',(#7054,#7055,#7056,#7057));
#7059=FACE_OUTER_BOUND('',#7058,.F.);
#7060=ADVANCED_FACE('',(#7059),#7053,.F.);
#7061=CARTESIAN_POINT('',(3.595E0,1.E-1,-3.85E0));
#7062=DIRECTION('',(1.E0,0.E0,0.E0));
#7063=DIRECTION('',(0.E0,0.E0,-1.E0));
#7064=AXIS2_PLACEMENT_3D('',#7061,#7062,#7063);
#7065=PLANE('',#7064);
#7067=ORIENTED_EDGE('',*,*,#7066,.F.);
#7068=ORIENTED_EDGE('',*,*,#6355,.F.);
#7069=ORIENTED_EDGE('',*,*,#4928,.F.);
#7071=ORIENTED_EDGE('',*,*,#7070,.F.);
#7072=EDGE_LOOP('',(#7067,#7068,#7069,#7071));
#7073=FACE_OUTER_BOUND('',#7072,.F.);
#7074=ADVANCED_FACE('',(#7073),#7065,.T.);
#7075=CARTESIAN_POINT('',(3.7E0,2.E-1,-3.85E0));
#7076=DIRECTION('',(0.E0,1.E0,0.E0));
#7077=DIRECTION('',(0.E0,0.E0,-1.E0));
#7078=AXIS2_PLACEMENT_3D('',#7075,#7076,#7077);
#7079=PLANE('',#7078);
#7081=ORIENTED_EDGE('',*,*,#7080,.T.);
#7082=ORIENTED_EDGE('',*,*,#6357,.F.);
#7083=ORIENTED_EDGE('',*,*,#7066,.T.);
#7085=ORIENTED_EDGE('',*,*,#7084,.F.);
#7087=ORIENTED_EDGE('',*,*,#7086,.F.);
#7088=ORIENTED_EDGE('',*,*,#6365,.F.);
#7090=ORIENTED_EDGE('',*,*,#7089,.F.);
#7092=ORIENTED_EDGE('',*,*,#7091,.F.);
#7093=EDGE_LOOP('',(#7081,#7082,#7083,#7085,#7087,#7088,#7090,#7092));
#7094=FACE_OUTER_BOUND('',#7093,.F.);
#7095=ADVANCED_FACE('',(#7094),#7079,.F.);
#7096=CARTESIAN_POINT('',(3.605E0,7.561074182865E-1,-2.8E0));
#7097=DIRECTION('',(1.E0,0.E0,0.E0));
#7098=DIRECTION('',(0.E0,1.E0,0.E0));
#7099=AXIS2_PLACEMENT_3D('',#7096,#7097,#7098);
#7100=PLANE('',#7099);
#7101=ORIENTED_EDGE('',*,*,#5980,.T.);
#7103=ORIENTED_EDGE('',*,*,#7102,.T.);
#7105=ORIENTED_EDGE('',*,*,#7104,.T.);
#7106=ORIENTED_EDGE('',*,*,#6126,.T.);
#7107=EDGE_LOOP('',(#7101,#7103,#7105,#7106));
#7108=FACE_OUTER_BOUND('',#7107,.F.);
#7109=ADVANCED_FACE('',(#7108),#7100,.F.);
#7110=CARTESIAN_POINT('',(3.605E0,7.561074182865E-1,-2.8E0));
#7111=DIRECTION('',(1.E0,0.E0,0.E0));
#7112=DIRECTION('',(0.E0,1.E0,0.E0));
#7113=AXIS2_PLACEMENT_3D('',#7110,#7111,#7112);
#7114=PLANE('',#7113);
#7115=ORIENTED_EDGE('',*,*,#6359,.F.);
#7116=ORIENTED_EDGE('',*,*,#7080,.F.);
#7118=ORIENTED_EDGE('',*,*,#7117,.T.);
#7120=ORIENTED_EDGE('',*,*,#7119,.T.);
#7122=ORIENTED_EDGE('',*,*,#7121,.T.);
#7124=ORIENTED_EDGE('',*,*,#7123,.T.);
#7126=ORIENTED_EDGE('',*,*,#7125,.T.);
#7128=ORIENTED_EDGE('',*,*,#7127,.T.);
#7130=ORIENTED_EDGE('',*,*,#7129,.F.);
#7131=EDGE_LOOP('',(#7115,#7116,#7118,#7120,#7122,#7124,#7126,#7128,#7130));
#7132=FACE_OUTER_BOUND('',#7131,.F.);
#7133=ADVANCED_FACE('',(#7132),#7114,.F.);
#7134=CARTESIAN_POINT('',(3.7E0,1.135809608451E0,-9.371948011662E-1));
#7135=DIRECTION('',(0.E0,9.063077870360E-1,-4.226182617420E-1));
#7136=DIRECTION('',(0.E0,-4.226182617420E-1,-9.063077870360E-1));
#7137=AXIS2_PLACEMENT_3D('',#7134,#7135,#7136);
#7138=PLANE('',#7137);
#7139=ORIENTED_EDGE('',*,*,#5978,.F.);
#7141=ORIENTED_EDGE('',*,*,#7140,.T.);
#7143=ORIENTED_EDGE('',*,*,#7142,.F.);
#7144=ORIENTED_EDGE('',*,*,#7102,.F.);
#7145=EDGE_LOOP('',(#7139,#7141,#7143,#7144));
#7146=FACE_OUTER_BOUND('',#7145,.F.);
#7147=ADVANCED_FACE('',(#7146),#7138,.F.);
#7148=CARTESIAN_POINT('',(3.795E0,7.561074182865E-1,-2.8E0));
#7149=DIRECTION('',(1.E0,0.E0,0.E0));
#7150=DIRECTION('',(0.E0,1.E0,0.E0));
#7151=AXIS2_PLACEMENT_3D('',#7148,#7149,#7150);
#7152=PLANE('',#7151);
#7153=ORIENTED_EDGE('',*,*,#5976,.F.);
#7154=ORIENTED_EDGE('',*,*,#6130,.F.);
#7156=ORIENTED_EDGE('',*,*,#7155,.F.);
#7157=ORIENTED_EDGE('',*,*,#7140,.F.);
#7158=EDGE_LOOP('',(#7153,#7154,#7156,#7157));
#7159=FACE_OUTER_BOUND('',#7158,.F.);
#7160=ADVANCED_FACE('',(#7159),#7152,.T.);
#7161=CARTESIAN_POINT('',(3.795E0,7.561074182865E-1,-2.8E0));
#7162=DIRECTION('',(1.E0,0.E0,0.E0));
#7163=DIRECTION('',(0.E0,1.E0,0.E0));
#7164=AXIS2_PLACEMENT_3D('',#7161,#7162,#7163);
#7165=PLANE('',#7164);
#7166=ORIENTED_EDGE('',*,*,#6363,.T.);
#7168=ORIENTED_EDGE('',*,*,#7167,.F.);
#7170=ORIENTED_EDGE('',*,*,#7169,.F.);
#7172=ORIENTED_EDGE('',*,*,#7171,.F.);
#7174=ORIENTED_EDGE('',*,*,#7173,.F.);
#7176=ORIENTED_EDGE('',*,*,#7175,.F.);
#7178=ORIENTED_EDGE('',*,*,#7177,.F.);
#7180=ORIENTED_EDGE('',*,*,#7179,.T.);
#7181=ORIENTED_EDGE('',*,*,#7089,.T.);
#7182=EDGE_LOOP('',(#7166,#7168,#7170,#7172,#7174,#7176,#7178,#7180,#7181));
#7183=FACE_OUTER_BOUND('',#7182,.F.);
#7184=ADVANCED_FACE('',(#7183),#7165,.T.);
#7185=CARTESIAN_POINT('',(3.7E0,1.128400759486E0,-2.220110536160E0));
#7186=DIRECTION('',(0.E0,9.985927540074E-1,5.303311836815E-2));
#7187=DIRECTION('',(0.E0,5.303311836815E-2,-9.985927540074E-1));
#7188=AXIS2_PLACEMENT_3D('',#7185,#7186,#7187);
#7189=PLANE('',#7188);
#7190=ORIENTED_EDGE('',*,*,#6128,.T.);
#7191=ORIENTED_EDGE('',*,*,#7104,.F.);
#7192=ORIENTED_EDGE('',*,*,#7142,.T.);
#7193=ORIENTED_EDGE('',*,*,#7155,.T.);
#7194=EDGE_LOOP('',(#7190,#7191,#7192,#7193));
#7195=FACE_OUTER_BOUND('',#7194,.F.);
#7196=ADVANCED_FACE('',(#7195),#7189,.F.);
#7197=CARTESIAN_POINT('',(3.7E0,1.262198954710E0,-4.22E0));
#7198=DIRECTION('',(0.E0,1.E0,0.E0));
#7199=DIRECTION('',(0.E0,0.E0,-1.E0));
#7200=AXIS2_PLACEMENT_3D('',#7197,#7198,#7199);
#7201=PLANE('',#7200);
#7202=ORIENTED_EDGE('',*,*,#6361,.T.);
#7203=ORIENTED_EDGE('',*,*,#7129,.T.);
#7205=ORIENTED_EDGE('',*,*,#7204,.T.);
#7206=ORIENTED_EDGE('',*,*,#7167,.T.);
#7207=EDGE_LOOP('',(#7202,#7203,#7205,#7206));
#7208=FACE_OUTER_BOUND('',#7207,.F.);
#7209=ADVANCED_FACE('',(#7208),#7201,.T.);
#7210=CARTESIAN_POINT('',(3.7E0,7.442014221757E-1,-4.4E0));
#7211=DIRECTION('',(0.E0,0.E0,1.E0));
#7212=DIRECTION('',(0.E0,1.E0,0.E0));
#7213=AXIS2_PLACEMENT_3D('',#7210,#7211,#7212);
#7214=PLANE('',#7213);
#7215=ORIENTED_EDGE('',*,*,#7127,.F.);
#7217=ORIENTED_EDGE('',*,*,#7216,.F.);
#7218=ORIENTED_EDGE('',*,*,#7169,.T.);
#7219=ORIENTED_EDGE('',*,*,#7204,.F.);
#7220=EDGE_LOOP('',(#7215,#7217,#7218,#7219));
#7221=FACE_OUTER_BOUND('',#7220,.F.);
#7222=ADVANCED_FACE('',(#7221),#7214,.F.);
#7223=CARTESIAN_POINT('',(3.7E0,2.131019448208E-1,-4.65E0));
#7224=DIRECTION('',(0.E0,9.986295347546E-1,-5.233595624298E-2));
#7225=DIRECTION('',(0.E0,5.233595624298E-2,9.986295347546E-1));
#7226=AXIS2_PLACEMENT_3D('',#7223,#7224,#7225);
#7227=PLANE('',#7226);
#7228=ORIENTED_EDGE('',*,*,#7125,.F.);
#7230=ORIENTED_EDGE('',*,*,#7229,.T.);
#7231=ORIENTED_EDGE('',*,*,#7171,.T.);
#7232=ORIENTED_EDGE('',*,*,#7216,.T.);
#7233=EDGE_LOOP('',(#7228,#7230,#7231,#7232));
#7234=FACE_OUTER_BOUND('',#7233,.F.);
#7235=ADVANCED_FACE('',(#7234),#7227,.T.);
#7236=CARTESIAN_POINT('',(3.7E0,1.E-1,-4.9E0));
#7237=DIRECTION('',(0.E0,0.E0,1.E0));
#7238=DIRECTION('',(0.E0,1.E0,0.E0));
#7239=AXIS2_PLACEMENT_3D('',#7236,#7237,#7238);
#7240=PLANE('',#7239);
#7242=ORIENTED_EDGE('',*,*,#7241,.F.);
#7243=ORIENTED_EDGE('',*,*,#7173,.T.);
#7244=ORIENTED_EDGE('',*,*,#7229,.F.);
#7245=ORIENTED_EDGE('',*,*,#7123,.F.);
#7246=EDGE_LOOP('',(#7242,#7243,#7244,#7245));
#7247=FACE_OUTER_BOUND('',#7246,.F.);
#7248=ADVANCED_FACE('',(#7247),#7240,.F.);
#7249=CARTESIAN_POINT('',(3.7E0,2.110025227537E-2,-4.497383202188E0));
#7250=DIRECTION('',(0.E0,9.986295347546E-1,-5.233595624296E-2));
#7251=DIRECTION('',(0.E0,-5.233595624296E-2,-9.986295347546E-1));
#7252=AXIS2_PLACEMENT_3D('',#7249,#7250,#7251);
#7253=PLANE('',#7252);
#7255=ORIENTED_EDGE('',*,*,#7254,.F.);
#7256=ORIENTED_EDGE('',*,*,#7175,.T.);
#7257=ORIENTED_EDGE('',*,*,#7241,.T.);
#7258=ORIENTED_EDGE('',*,*,#7121,.F.);
#7259=EDGE_LOOP('',(#7255,#7256,#7257,#7258));
#7260=FACE_OUTER_BOUND('',#7259,.F.);
#7261=ADVANCED_FACE('',(#7260),#7253,.F.);
#7262=CARTESIAN_POINT('',(3.599219565696E0,1.420634580262E-1,-4.1E0));
#7263=DIRECTION('',(1.E0,0.E0,0.E0));
#7264=DIRECTION('',(0.E0,0.E0,1.E0));
#7265=AXIS2_PLACEMENT_3D('',#7262,#7263,#7264);
#7266=CYLINDRICAL_SURFACE('',#7265,1.E-1);
#7267=ORIENTED_EDGE('',*,*,#7177,.T.);
#7268=ORIENTED_EDGE('',*,*,#7254,.T.);
#7269=ORIENTED_EDGE('',*,*,#7119,.F.);
#7271=ORIENTED_EDGE('',*,*,#7270,.T.);
#7272=EDGE_LOOP('',(#7267,#7268,#7269,#7271));
#7273=FACE_OUTER_BOUND('',#7272,.F.);
#7274=ADVANCED_FACE('',(#7273),#7266,.T.);
#7275=CARTESIAN_POINT('',(3.7E0,1.960317290131E-1,-4.E0));
#7276=DIRECTION('',(0.E0,0.E0,1.E0));
#7277=DIRECTION('',(0.E0,-1.E0,0.E0));
#7278=AXIS2_PLACEMENT_3D('',#7275,#7276,#7277);
#7279=PLANE('',#7278);
#7280=ORIENTED_EDGE('',*,*,#7091,.T.);
#7281=ORIENTED_EDGE('',*,*,#7179,.F.);
#7282=ORIENTED_EDGE('',*,*,#7270,.F.);
#7283=ORIENTED_EDGE('',*,*,#7117,.F.);
#7284=EDGE_LOOP('',(#7280,#7281,#7282,#7283));
#7285=FACE_OUTER_BOUND('',#7284,.F.);
#7286=ADVANCED_FACE('',(#7285),#7279,.T.);
#7287=CARTESIAN_POINT('',(3.7E0,1.E-1,-3.5E0));
#7288=DIRECTION('',(0.E0,0.E0,1.E0));
#7289=DIRECTION('',(0.E0,-1.E0,0.E0));
#7290=AXIS2_PLACEMENT_3D('',#7287,#7288,#7289);
#7291=PLANE('',#7290);
#7292=ORIENTED_EDGE('',*,*,#7084,.T.);
#7293=ORIENTED_EDGE('',*,*,#7070,.T.);
#7294=ORIENTED_EDGE('',*,*,#4926,.T.);
#7296=ORIENTED_EDGE('',*,*,#7295,.F.);
#7297=EDGE_LOOP('',(#7292,#7293,#7294,#7296));
#7298=FACE_OUTER_BOUND('',#7297,.F.);
#7299=ADVANCED_FACE('',(#7298),#7291,.F.);
#7300=CARTESIAN_POINT('',(3.805E0,1.E-1,-3.85E0));
#7301=DIRECTION('',(1.E0,0.E0,0.E0));
#7302=DIRECTION('',(0.E0,0.E0,-1.E0));
#7303=AXIS2_PLACEMENT_3D('',#7300,#7301,#7302);
#7304=PLANE('',#7303);
#7305=ORIENTED_EDGE('',*,*,#7086,.T.);
#7306=ORIENTED_EDGE('',*,*,#7295,.T.);
#7307=ORIENTED_EDGE('',*,*,#4924,.T.);
#7308=ORIENTED_EDGE('',*,*,#6367,.T.);
#7309=EDGE_LOOP('',(#7305,#7306,#7307,#7308));
#7310=FACE_OUTER_BOUND('',#7309,.F.);
#7311=ADVANCED_FACE('',(#7310),#7304,.F.);
#7312=CARTESIAN_POINT('',(4.095E0,1.E-1,-3.85E0));
#7313=DIRECTION('',(1.E0,0.E0,0.E0));
#7314=DIRECTION('',(0.E0,0.E0,-1.E0));
#7315=AXIS2_PLACEMENT_3D('',#7312,#7313,#7314);
#7316=PLANE('',#7315);
#7318=ORIENTED_EDGE('',*,*,#7317,.F.);
#7319=ORIENTED_EDGE('',*,*,#6370,.F.);
#7320=ORIENTED_EDGE('',*,*,#4920,.F.);
#7322=ORIENTED_EDGE('',*,*,#7321,.F.);
#7323=EDGE_LOOP('',(#7318,#7319,#7320,#7322));
#7324=FACE_OUTER_BOUND('',#7323,.F.);
#7325=ADVANCED_FACE('',(#7324),#7316,.T.);
#7326=CARTESIAN_POINT('',(4.2E0,2.E-1,-3.85E0));
#7327=DIRECTION('',(0.E0,1.E0,0.E0));
#7328=DIRECTION('',(0.E0,0.E0,-1.E0));
#7329=AXIS2_PLACEMENT_3D('',#7326,#7327,#7328);
#7330=PLANE('',#7329);
#7332=ORIENTED_EDGE('',*,*,#7331,.T.);
#7333=ORIENTED_EDGE('',*,*,#6372,.F.);
#7334=ORIENTED_EDGE('',*,*,#7317,.T.);
#7336=ORIENTED_EDGE('',*,*,#7335,.F.);
#7338=ORIENTED_EDGE('',*,*,#7337,.F.);
#7339=ORIENTED_EDGE('',*,*,#6380,.F.);
#7341=ORIENTED_EDGE('',*,*,#7340,.F.);
#7343=ORIENTED_EDGE('',*,*,#7342,.F.);
#7344=EDGE_LOOP('',(#7332,#7333,#7334,#7336,#7338,#7339,#7341,#7343));
#7345=FACE_OUTER_BOUND('',#7344,.F.);
#7346=ADVANCED_FACE('',(#7345),#7330,.F.);
#7347=CARTESIAN_POINT('',(4.105E0,7.561074182865E-1,-2.8E0));
#7348=DIRECTION('',(1.E0,0.E0,0.E0));
#7349=DIRECTION('',(0.E0,1.E0,0.E0));
#7350=AXIS2_PLACEMENT_3D('',#7347,#7348,#7349);
#7351=PLANE('',#7350);
#7352=ORIENTED_EDGE('',*,*,#5972,.T.);
#7354=ORIENTED_EDGE('',*,*,#7353,.T.);
#7356=ORIENTED_EDGE('',*,*,#7355,.T.);
#7357=ORIENTED_EDGE('',*,*,#6133,.T.);
#7358=EDGE_LOOP('',(#7352,#7354,#7356,#7357));
#7359=FACE_OUTER_BOUND('',#7358,.F.);
#7360=ADVANCED_FACE('',(#7359),#7351,.F.);
#7361=CARTESIAN_POINT('',(4.105E0,7.561074182865E-1,-2.8E0));
#7362=DIRECTION('',(1.E0,0.E0,0.E0));
#7363=DIRECTION('',(0.E0,1.E0,0.E0));
#7364=AXIS2_PLACEMENT_3D('',#7361,#7362,#7363);
#7365=PLANE('',#7364);
#7366=ORIENTED_EDGE('',*,*,#6374,.F.);
#7367=ORIENTED_EDGE('',*,*,#7331,.F.);
#7369=ORIENTED_EDGE('',*,*,#7368,.T.);
#7371=ORIENTED_EDGE('',*,*,#7370,.T.);
#7373=ORIENTED_EDGE('',*,*,#7372,.T.);
#7375=ORIENTED_EDGE('',*,*,#7374,.T.);
#7377=ORIENTED_EDGE('',*,*,#7376,.T.);
#7379=ORIENTED_EDGE('',*,*,#7378,.T.);
#7381=ORIENTED_EDGE('',*,*,#7380,.F.);
#7382=EDGE_LOOP('',(#7366,#7367,#7369,#7371,#7373,#7375,#7377,#7379,#7381));
#7383=FACE_OUTER_BOUND('',#7382,.F.);
#7384=ADVANCED_FACE('',(#7383),#7365,.F.);
#7385=CARTESIAN_POINT('',(4.2E0,1.135809608451E0,-9.371948011662E-1));
#7386=DIRECTION('',(0.E0,9.063077870360E-1,-4.226182617420E-1));
#7387=DIRECTION('',(0.E0,-4.226182617420E-1,-9.063077870360E-1));
#7388=AXIS2_PLACEMENT_3D('',#7385,#7386,#7387);
#7389=PLANE('',#7388);
#7390=ORIENTED_EDGE('',*,*,#5970,.F.);
#7392=ORIENTED_EDGE('',*,*,#7391,.T.);
#7394=ORIENTED_EDGE('',*,*,#7393,.F.);
#7395=ORIENTED_EDGE('',*,*,#7353,.F.);
#7396=EDGE_LOOP('',(#7390,#7392,#7394,#7395));
#7397=FACE_OUTER_BOUND('',#7396,.F.);
#7398=ADVANCED_FACE('',(#7397),#7389,.F.);
#7399=CARTESIAN_POINT('',(4.295E0,7.561074182865E-1,-2.8E0));
#7400=DIRECTION('',(1.E0,0.E0,0.E0));
#7401=DIRECTION('',(0.E0,1.E0,0.E0));
#7402=AXIS2_PLACEMENT_3D('',#7399,#7400,#7401);
#7403=PLANE('',#7402);
#7404=ORIENTED_EDGE('',*,*,#5968,.F.);
#7405=ORIENTED_EDGE('',*,*,#6137,.F.);
#7407=ORIENTED_EDGE('',*,*,#7406,.F.);
#7408=ORIENTED_EDGE('',*,*,#7391,.F.);
#7409=EDGE_LOOP('',(#7404,#7405,#7407,#7408));
#7410=FACE_OUTER_BOUND('',#7409,.F.);
#7411=ADVANCED_FACE('',(#7410),#7403,.T.);
#7412=CARTESIAN_POINT('',(4.295E0,7.561074182865E-1,-2.8E0));
#7413=DIRECTION('',(1.E0,0.E0,0.E0));
#7414=DIRECTION('',(0.E0,1.E0,0.E0));
#7415=AXIS2_PLACEMENT_3D('',#7412,#7413,#7414);
#7416=PLANE('',#7415);
#7417=ORIENTED_EDGE('',*,*,#6378,.T.);
#7419=ORIENTED_EDGE('',*,*,#7418,.F.);
#7421=ORIENTED_EDGE('',*,*,#7420,.F.);
#7423=ORIENTED_EDGE('',*,*,#7422,.F.);
#7425=ORIENTED_EDGE('',*,*,#7424,.F.);
#7427=ORIENTED_EDGE('',*,*,#7426,.F.);
#7429=ORIENTED_EDGE('',*,*,#7428,.F.);
#7431=ORIENTED_EDGE('',*,*,#7430,.T.);
#7432=ORIENTED_EDGE('',*,*,#7340,.T.);
#7433=EDGE_LOOP('',(#7417,#7419,#7421,#7423,#7425,#7427,#7429,#7431,#7432));
#7434=FACE_OUTER_BOUND('',#7433,.F.);
#7435=ADVANCED_FACE('',(#7434),#7416,.T.);
#7436=CARTESIAN_POINT('',(4.2E0,1.128400759486E0,-2.220110536160E0));
#7437=DIRECTION('',(0.E0,9.985927540074E-1,5.303311836815E-2));
#7438=DIRECTION('',(0.E0,5.303311836815E-2,-9.985927540074E-1));
#7439=AXIS2_PLACEMENT_3D('',#7436,#7437,#7438);
#7440=PLANE('',#7439);
#7441=ORIENTED_EDGE('',*,*,#6135,.T.);
#7442=ORIENTED_EDGE('',*,*,#7355,.F.);
#7443=ORIENTED_EDGE('',*,*,#7393,.T.);
#7444=ORIENTED_EDGE('',*,*,#7406,.T.);
#7445=EDGE_LOOP('',(#7441,#7442,#7443,#7444));
#7446=FACE_OUTER_BOUND('',#7445,.F.);
#7447=ADVANCED_FACE('',(#7446),#7440,.F.);
#7448=CARTESIAN_POINT('',(4.2E0,1.262198954710E0,-4.22E0));
#7449=DIRECTION('',(0.E0,1.E0,0.E0));
#7450=DIRECTION('',(0.E0,0.E0,-1.E0));
#7451=AXIS2_PLACEMENT_3D('',#7448,#7449,#7450);
#7452=PLANE('',#7451);
#7453=ORIENTED_EDGE('',*,*,#6376,.T.);
#7454=ORIENTED_EDGE('',*,*,#7380,.T.);
#7456=ORIENTED_EDGE('',*,*,#7455,.T.);
#7457=ORIENTED_EDGE('',*,*,#7418,.T.);
#7458=EDGE_LOOP('',(#7453,#7454,#7456,#7457));
#7459=FACE_OUTER_BOUND('',#7458,.F.);
#7460=ADVANCED_FACE('',(#7459),#7452,.T.);
#7461=CARTESIAN_POINT('',(4.2E0,7.442014221757E-1,-4.4E0));
#7462=DIRECTION('',(0.E0,0.E0,1.E0));
#7463=DIRECTION('',(0.E0,1.E0,0.E0));
#7464=AXIS2_PLACEMENT_3D('',#7461,#7462,#7463);
#7465=PLANE('',#7464);
#7466=ORIENTED_EDGE('',*,*,#7378,.F.);
#7468=ORIENTED_EDGE('',*,*,#7467,.F.);
#7469=ORIENTED_EDGE('',*,*,#7420,.T.);
#7470=ORIENTED_EDGE('',*,*,#7455,.F.);
#7471=EDGE_LOOP('',(#7466,#7468,#7469,#7470));
#7472=FACE_OUTER_BOUND('',#7471,.F.);
#7473=ADVANCED_FACE('',(#7472),#7465,.F.);
#7474=CARTESIAN_POINT('',(4.2E0,2.131019448208E-1,-4.65E0));
#7475=DIRECTION('',(0.E0,9.986295347546E-1,-5.233595624298E-2));
#7476=DIRECTION('',(0.E0,5.233595624298E-2,9.986295347546E-1));
#7477=AXIS2_PLACEMENT_3D('',#7474,#7475,#7476);
#7478=PLANE('',#7477);
#7479=ORIENTED_EDGE('',*,*,#7376,.F.);
#7481=ORIENTED_EDGE('',*,*,#7480,.T.);
#7482=ORIENTED_EDGE('',*,*,#7422,.T.);
#7483=ORIENTED_EDGE('',*,*,#7467,.T.);
#7484=EDGE_LOOP('',(#7479,#7481,#7482,#7483));
#7485=FACE_OUTER_BOUND('',#7484,.F.);
#7486=ADVANCED_FACE('',(#7485),#7478,.T.);
#7487=CARTESIAN_POINT('',(4.2E0,1.E-1,-4.9E0));
#7488=DIRECTION('',(0.E0,0.E0,1.E0));
#7489=DIRECTION('',(0.E0,1.E0,0.E0));
#7490=AXIS2_PLACEMENT_3D('',#7487,#7488,#7489);
#7491=PLANE('',#7490);
#7493=ORIENTED_EDGE('',*,*,#7492,.F.);
#7494=ORIENTED_EDGE('',*,*,#7424,.T.);
#7495=ORIENTED_EDGE('',*,*,#7480,.F.);
#7496=ORIENTED_EDGE('',*,*,#7374,.F.);
#7497=EDGE_LOOP('',(#7493,#7494,#7495,#7496));
#7498=FACE_OUTER_BOUND('',#7497,.F.);
#7499=ADVANCED_FACE('',(#7498),#7491,.F.);
#7500=CARTESIAN_POINT('',(4.2E0,2.110025227537E-2,-4.497383202188E0));
#7501=DIRECTION('',(0.E0,9.986295347546E-1,-5.233595624296E-2));
#7502=DIRECTION('',(0.E0,-5.233595624296E-2,-9.986295347546E-1));
#7503=AXIS2_PLACEMENT_3D('',#7500,#7501,#7502);
#7504=PLANE('',#7503);
#7506=ORIENTED_EDGE('',*,*,#7505,.F.);
#7507=ORIENTED_EDGE('',*,*,#7426,.T.);
#7508=ORIENTED_EDGE('',*,*,#7492,.T.);
#7509=ORIENTED_EDGE('',*,*,#7372,.F.);
#7510=EDGE_LOOP('',(#7506,#7507,#7508,#7509));
#7511=FACE_OUTER_BOUND('',#7510,.F.);
#7512=ADVANCED_FACE('',(#7511),#7504,.F.);
#7513=CARTESIAN_POINT('',(4.099219565696E0,1.420634580262E-1,-4.1E0));
#7514=DIRECTION('',(1.E0,0.E0,0.E0));
#7515=DIRECTION('',(0.E0,0.E0,1.E0));
#7516=AXIS2_PLACEMENT_3D('',#7513,#7514,#7515);
#7517=CYLINDRICAL_SURFACE('',#7516,1.E-1);
#7518=ORIENTED_EDGE('',*,*,#7428,.T.);
#7519=ORIENTED_EDGE('',*,*,#7505,.T.);
#7520=ORIENTED_EDGE('',*,*,#7370,.F.);
#7522=ORIENTED_EDGE('',*,*,#7521,.T.);
#7523=EDGE_LOOP('',(#7518,#7519,#7520,#7522));
#7524=FACE_OUTER_BOUND('',#7523,.F.);
#7525=ADVANCED_FACE('',(#7524),#7517,.T.);
#7526=CARTESIAN_POINT('',(4.2E0,1.960317290131E-1,-4.E0));
#7527=DIRECTION('',(0.E0,0.E0,1.E0));
#7528=DIRECTION('',(0.E0,-1.E0,0.E0));
#7529=AXIS2_PLACEMENT_3D('',#7526,#7527,#7528);
#7530=PLANE('',#7529);
#7531=ORIENTED_EDGE('',*,*,#7342,.T.);
#7532=ORIENTED_EDGE('',*,*,#7430,.F.);
#7533=ORIENTED_EDGE('',*,*,#7521,.F.);
#7534=ORIENTED_EDGE('',*,*,#7368,.F.);
#7535=EDGE_LOOP('',(#7531,#7532,#7533,#7534));
#7536=FACE_OUTER_BOUND('',#7535,.F.);
#7537=ADVANCED_FACE('',(#7536),#7530,.T.);
#7538=CARTESIAN_POINT('',(4.2E0,1.E-1,-3.5E0));
#7539=DIRECTION('',(0.E0,0.E0,1.E0));
#7540=DIRECTION('',(0.E0,-1.E0,0.E0));
#7541=AXIS2_PLACEMENT_3D('',#7538,#7539,#7540);
#7542=PLANE('',#7541);
#7543=ORIENTED_EDGE('',*,*,#7335,.T.);
#7544=ORIENTED_EDGE('',*,*,#7321,.T.);
#7545=ORIENTED_EDGE('',*,*,#4918,.T.);
#7547=ORIENTED_EDGE('',*,*,#7546,.F.);
#7548=EDGE_LOOP('',(#7543,#7544,#7545,#7547));
#7549=FACE_OUTER_BOUND('',#7548,.F.);
#7550=ADVANCED_FACE('',(#7549),#7542,.F.);
#7551=CARTESIAN_POINT('',(4.305E0,1.E-1,-3.85E0));
#7552=DIRECTION('',(1.E0,0.E0,0.E0));
#7553=DIRECTION('',(0.E0,0.E0,-1.E0));
#7554=AXIS2_PLACEMENT_3D('',#7551,#7552,#7553);
#7555=PLANE('',#7554);
#7556=ORIENTED_EDGE('',*,*,#7337,.T.);
#7557=ORIENTED_EDGE('',*,*,#7546,.T.);
#7558=ORIENTED_EDGE('',*,*,#4916,.T.);
#7559=ORIENTED_EDGE('',*,*,#6382,.T.);
#7560=EDGE_LOOP('',(#7556,#7557,#7558,#7559));
#7561=FACE_OUTER_BOUND('',#7560,.F.);
#7562=ADVANCED_FACE('',(#7561),#7555,.F.);
#7563=CARTESIAN_POINT('',(4.595E0,1.E-1,-3.85E0));
#7564=DIRECTION('',(1.E0,0.E0,0.E0));
#7565=DIRECTION('',(0.E0,0.E0,-1.E0));
#7566=AXIS2_PLACEMENT_3D('',#7563,#7564,#7565);
#7567=PLANE('',#7566);
#7569=ORIENTED_EDGE('',*,*,#7568,.F.);
#7570=ORIENTED_EDGE('',*,*,#6385,.F.);
#7571=ORIENTED_EDGE('',*,*,#4912,.F.);
#7573=ORIENTED_EDGE('',*,*,#7572,.F.);
#7574=EDGE_LOOP('',(#7569,#7570,#7571,#7573));
#7575=FACE_OUTER_BOUND('',#7574,.F.);
#7576=ADVANCED_FACE('',(#7575),#7567,.T.);
#7577=CARTESIAN_POINT('',(4.7E0,2.E-1,-3.85E0));
#7578=DIRECTION('',(0.E0,1.E0,0.E0));
#7579=DIRECTION('',(0.E0,0.E0,-1.E0));
#7580=AXIS2_PLACEMENT_3D('',#7577,#7578,#7579);
#7581=PLANE('',#7580);
#7583=ORIENTED_EDGE('',*,*,#7582,.T.);
#7584=ORIENTED_EDGE('',*,*,#6387,.F.);
#7585=ORIENTED_EDGE('',*,*,#7568,.T.);
#7587=ORIENTED_EDGE('',*,*,#7586,.F.);
#7589=ORIENTED_EDGE('',*,*,#7588,.F.);
#7590=ORIENTED_EDGE('',*,*,#6395,.F.);
#7592=ORIENTED_EDGE('',*,*,#7591,.F.);
#7594=ORIENTED_EDGE('',*,*,#7593,.F.);
#7595=EDGE_LOOP('',(#7583,#7584,#7585,#7587,#7589,#7590,#7592,#7594));
#7596=FACE_OUTER_BOUND('',#7595,.F.);
#7597=ADVANCED_FACE('',(#7596),#7581,.F.);
#7598=CARTESIAN_POINT('',(4.605E0,7.561074182865E-1,-2.8E0));
#7599=DIRECTION('',(1.E0,0.E0,0.E0));
#7600=DIRECTION('',(0.E0,1.E0,0.E0));
#7601=AXIS2_PLACEMENT_3D('',#7598,#7599,#7600);
#7602=PLANE('',#7601);
#7603=ORIENTED_EDGE('',*,*,#5964,.T.);
#7605=ORIENTED_EDGE('',*,*,#7604,.T.);
#7607=ORIENTED_EDGE('',*,*,#7606,.T.);
#7608=ORIENTED_EDGE('',*,*,#6140,.T.);
#7609=EDGE_LOOP('',(#7603,#7605,#7607,#7608));
#7610=FACE_OUTER_BOUND('',#7609,.F.);
#7611=ADVANCED_FACE('',(#7610),#7602,.F.);
#7612=CARTESIAN_POINT('',(4.605E0,7.561074182865E-1,-2.8E0));
#7613=DIRECTION('',(1.E0,0.E0,0.E0));
#7614=DIRECTION('',(0.E0,1.E0,0.E0));
#7615=AXIS2_PLACEMENT_3D('',#7612,#7613,#7614);
#7616=PLANE('',#7615);
#7617=ORIENTED_EDGE('',*,*,#6389,.F.);
#7618=ORIENTED_EDGE('',*,*,#7582,.F.);
#7620=ORIENTED_EDGE('',*,*,#7619,.T.);
#7622=ORIENTED_EDGE('',*,*,#7621,.T.);
#7624=ORIENTED_EDGE('',*,*,#7623,.T.);
#7626=ORIENTED_EDGE('',*,*,#7625,.T.);
#7628=ORIENTED_EDGE('',*,*,#7627,.T.);
#7630=ORIENTED_EDGE('',*,*,#7629,.T.);
#7632=ORIENTED_EDGE('',*,*,#7631,.F.);
#7633=EDGE_LOOP('',(#7617,#7618,#7620,#7622,#7624,#7626,#7628,#7630,#7632));
#7634=FACE_OUTER_BOUND('',#7633,.F.);
#7635=ADVANCED_FACE('',(#7634),#7616,.F.);
#7636=CARTESIAN_POINT('',(4.7E0,1.135809608451E0,-9.371948011662E-1));
#7637=DIRECTION('',(0.E0,9.063077870360E-1,-4.226182617420E-1));
#7638=DIRECTION('',(0.E0,-4.226182617420E-1,-9.063077870360E-1));
#7639=AXIS2_PLACEMENT_3D('',#7636,#7637,#7638);
#7640=PLANE('',#7639);
#7641=ORIENTED_EDGE('',*,*,#5962,.F.);
#7643=ORIENTED_EDGE('',*,*,#7642,.T.);
#7645=ORIENTED_EDGE('',*,*,#7644,.F.);
#7646=ORIENTED_EDGE('',*,*,#7604,.F.);
#7647=EDGE_LOOP('',(#7641,#7643,#7645,#7646));
#7648=FACE_OUTER_BOUND('',#7647,.F.);
#7649=ADVANCED_FACE('',(#7648),#7640,.F.);
#7650=CARTESIAN_POINT('',(4.795E0,7.561074182865E-1,-2.8E0));
#7651=DIRECTION('',(1.E0,0.E0,0.E0));
#7652=DIRECTION('',(0.E0,1.E0,0.E0));
#7653=AXIS2_PLACEMENT_3D('',#7650,#7651,#7652);
#7654=PLANE('',#7653);
#7655=ORIENTED_EDGE('',*,*,#5960,.F.);
#7656=ORIENTED_EDGE('',*,*,#6144,.F.);
#7658=ORIENTED_EDGE('',*,*,#7657,.F.);
#7659=ORIENTED_EDGE('',*,*,#7642,.F.);
#7660=EDGE_LOOP('',(#7655,#7656,#7658,#7659));
#7661=FACE_OUTER_BOUND('',#7660,.F.);
#7662=ADVANCED_FACE('',(#7661),#7654,.T.);
#7663=CARTESIAN_POINT('',(4.795E0,7.561074182865E-1,-2.8E0));
#7664=DIRECTION('',(1.E0,0.E0,0.E0));
#7665=DIRECTION('',(0.E0,1.E0,0.E0));
#7666=AXIS2_PLACEMENT_3D('',#7663,#7664,#7665);
#7667=PLANE('',#7666);
#7668=ORIENTED_EDGE('',*,*,#6393,.T.);
#7670=ORIENTED_EDGE('',*,*,#7669,.F.);
#7672=ORIENTED_EDGE('',*,*,#7671,.F.);
#7674=ORIENTED_EDGE('',*,*,#7673,.F.);
#7676=ORIENTED_EDGE('',*,*,#7675,.F.);
#7678=ORIENTED_EDGE('',*,*,#7677,.F.);
#7680=ORIENTED_EDGE('',*,*,#7679,.F.);
#7682=ORIENTED_EDGE('',*,*,#7681,.T.);
#7683=ORIENTED_EDGE('',*,*,#7591,.T.);
#7684=EDGE_LOOP('',(#7668,#7670,#7672,#7674,#7676,#7678,#7680,#7682,#7683));
#7685=FACE_OUTER_BOUND('',#7684,.F.);
#7686=ADVANCED_FACE('',(#7685),#7667,.T.);
#7687=CARTESIAN_POINT('',(4.7E0,1.128400759486E0,-2.220110536160E0));
#7688=DIRECTION('',(0.E0,9.985927540074E-1,5.303311836815E-2));
#7689=DIRECTION('',(0.E0,5.303311836815E-2,-9.985927540074E-1));
#7690=AXIS2_PLACEMENT_3D('',#7687,#7688,#7689);
#7691=PLANE('',#7690);
#7692=ORIENTED_EDGE('',*,*,#6142,.T.);
#7693=ORIENTED_EDGE('',*,*,#7606,.F.);
#7694=ORIENTED_EDGE('',*,*,#7644,.T.);
#7695=ORIENTED_EDGE('',*,*,#7657,.T.);
#7696=EDGE_LOOP('',(#7692,#7693,#7694,#7695));
#7697=FACE_OUTER_BOUND('',#7696,.F.);
#7698=ADVANCED_FACE('',(#7697),#7691,.F.);
#7699=CARTESIAN_POINT('',(4.7E0,1.262198954710E0,-4.22E0));
#7700=DIRECTION('',(0.E0,1.E0,0.E0));
#7701=DIRECTION('',(0.E0,0.E0,-1.E0));
#7702=AXIS2_PLACEMENT_3D('',#7699,#7700,#7701);
#7703=PLANE('',#7702);
#7704=ORIENTED_EDGE('',*,*,#6391,.T.);
#7705=ORIENTED_EDGE('',*,*,#7631,.T.);
#7707=ORIENTED_EDGE('',*,*,#7706,.T.);
#7708=ORIENTED_EDGE('',*,*,#7669,.T.);
#7709=EDGE_LOOP('',(#7704,#7705,#7707,#7708));
#7710=FACE_OUTER_BOUND('',#7709,.F.);
#7711=ADVANCED_FACE('',(#7710),#7703,.T.);
#7712=CARTESIAN_POINT('',(4.7E0,7.442014221757E-1,-4.4E0));
#7713=DIRECTION('',(0.E0,0.E0,1.E0));
#7714=DIRECTION('',(0.E0,1.E0,0.E0));
#7715=AXIS2_PLACEMENT_3D('',#7712,#7713,#7714);
#7716=PLANE('',#7715);
#7717=ORIENTED_EDGE('',*,*,#7629,.F.);
#7719=ORIENTED_EDGE('',*,*,#7718,.F.);
#7720=ORIENTED_EDGE('',*,*,#7671,.T.);
#7721=ORIENTED_EDGE('',*,*,#7706,.F.);
#7722=EDGE_LOOP('',(#7717,#7719,#7720,#7721));
#7723=FACE_OUTER_BOUND('',#7722,.F.);
#7724=ADVANCED_FACE('',(#7723),#7716,.F.);
#7725=CARTESIAN_POINT('',(4.7E0,2.131019448208E-1,-4.65E0));
#7726=DIRECTION('',(0.E0,9.986295347546E-1,-5.233595624298E-2));
#7727=DIRECTION('',(0.E0,5.233595624298E-2,9.986295347546E-1));
#7728=AXIS2_PLACEMENT_3D('',#7725,#7726,#7727);
#7729=PLANE('',#7728);
#7730=ORIENTED_EDGE('',*,*,#7627,.F.);
#7732=ORIENTED_EDGE('',*,*,#7731,.T.);
#7733=ORIENTED_EDGE('',*,*,#7673,.T.);
#7734=ORIENTED_EDGE('',*,*,#7718,.T.);
#7735=EDGE_LOOP('',(#7730,#7732,#7733,#7734));
#7736=FACE_OUTER_BOUND('',#7735,.F.);
#7737=ADVANCED_FACE('',(#7736),#7729,.T.);
#7738=CARTESIAN_POINT('',(4.7E0,1.E-1,-4.9E0));
#7739=DIRECTION('',(0.E0,0.E0,1.E0));
#7740=DIRECTION('',(0.E0,1.E0,0.E0));
#7741=AXIS2_PLACEMENT_3D('',#7738,#7739,#7740);
#7742=PLANE('',#7741);
#7744=ORIENTED_EDGE('',*,*,#7743,.F.);
#7745=ORIENTED_EDGE('',*,*,#7675,.T.);
#7746=ORIENTED_EDGE('',*,*,#7731,.F.);
#7747=ORIENTED_EDGE('',*,*,#7625,.F.);
#7748=EDGE_LOOP('',(#7744,#7745,#7746,#7747));
#7749=FACE_OUTER_BOUND('',#7748,.F.);
#7750=ADVANCED_FACE('',(#7749),#7742,.F.);
#7751=CARTESIAN_POINT('',(4.7E0,2.110025227537E-2,-4.497383202188E0));
#7752=DIRECTION('',(0.E0,9.986295347546E-1,-5.233595624296E-2));
#7753=DIRECTION('',(0.E0,-5.233595624296E-2,-9.986295347546E-1));
#7754=AXIS2_PLACEMENT_3D('',#7751,#7752,#7753);
#7755=PLANE('',#7754);
#7757=ORIENTED_EDGE('',*,*,#7756,.F.);
#7758=ORIENTED_EDGE('',*,*,#7677,.T.);
#7759=ORIENTED_EDGE('',*,*,#7743,.T.);
#7760=ORIENTED_EDGE('',*,*,#7623,.F.);
#7761=EDGE_LOOP('',(#7757,#7758,#7759,#7760));
#7762=FACE_OUTER_BOUND('',#7761,.F.);
#7763=ADVANCED_FACE('',(#7762),#7755,.F.);
#7764=CARTESIAN_POINT('',(4.599219565696E0,1.420634580262E-1,-4.1E0));
#7765=DIRECTION('',(1.E0,0.E0,0.E0));
#7766=DIRECTION('',(0.E0,0.E0,1.E0));
#7767=AXIS2_PLACEMENT_3D('',#7764,#7765,#7766);
#7768=CYLINDRICAL_SURFACE('',#7767,1.E-1);
#7769=ORIENTED_EDGE('',*,*,#7679,.T.);
#7770=ORIENTED_EDGE('',*,*,#7756,.T.);
#7771=ORIENTED_EDGE('',*,*,#7621,.F.);
#7773=ORIENTED_EDGE('',*,*,#7772,.T.);
#7774=EDGE_LOOP('',(#7769,#7770,#7771,#7773));
#7775=FACE_OUTER_BOUND('',#7774,.F.);
#7776=ADVANCED_FACE('',(#7775),#7768,.T.);
#7777=CARTESIAN_POINT('',(4.7E0,1.960317290131E-1,-4.E0));
#7778=DIRECTION('',(0.E0,0.E0,1.E0));
#7779=DIRECTION('',(0.E0,-1.E0,0.E0));
#7780=AXIS2_PLACEMENT_3D('',#7777,#7778,#7779);
#7781=PLANE('',#7780);
#7782=ORIENTED_EDGE('',*,*,#7593,.T.);
#7783=ORIENTED_EDGE('',*,*,#7681,.F.);
#7784=ORIENTED_EDGE('',*,*,#7772,.F.);
#7785=ORIENTED_EDGE('',*,*,#7619,.F.);
#7786=EDGE_LOOP('',(#7782,#7783,#7784,#7785));
#7787=FACE_OUTER_BOUND('',#7786,.F.);
#7788=ADVANCED_FACE('',(#7787),#7781,.T.);
#7789=CARTESIAN_POINT('',(4.7E0,1.E-1,-3.5E0));
#7790=DIRECTION('',(0.E0,0.E0,1.E0));
#7791=DIRECTION('',(0.E0,-1.E0,0.E0));
#7792=AXIS2_PLACEMENT_3D('',#7789,#7790,#7791);
#7793=PLANE('',#7792);
#7794=ORIENTED_EDGE('',*,*,#7586,.T.);
#7795=ORIENTED_EDGE('',*,*,#7572,.T.);
#7796=ORIENTED_EDGE('',*,*,#4910,.T.);
#7798=ORIENTED_EDGE('',*,*,#7797,.F.);
#7799=EDGE_LOOP('',(#7794,#7795,#7796,#7798));
#7800=FACE_OUTER_BOUND('',#7799,.F.);
#7801=ADVANCED_FACE('',(#7800),#7793,.F.);
#7802=CARTESIAN_POINT('',(4.805E0,1.E-1,-3.85E0));
#7803=DIRECTION('',(1.E0,0.E0,0.E0));
#7804=DIRECTION('',(0.E0,0.E0,-1.E0));
#7805=AXIS2_PLACEMENT_3D('',#7802,#7803,#7804);
#7806=PLANE('',#7805);
#7807=ORIENTED_EDGE('',*,*,#7588,.T.);
#7808=ORIENTED_EDGE('',*,*,#7797,.T.);
#7809=ORIENTED_EDGE('',*,*,#4908,.T.);
#7810=ORIENTED_EDGE('',*,*,#6397,.T.);
#7811=EDGE_LOOP('',(#7807,#7808,#7809,#7810));
#7812=FACE_OUTER_BOUND('',#7811,.F.);
#7813=ADVANCED_FACE('',(#7812),#7806,.F.);
#7814=CARTESIAN_POINT('',(5.095E0,1.E-1,-3.85E0));
#7815=DIRECTION('',(1.E0,0.E0,0.E0));
#7816=DIRECTION('',(0.E0,0.E0,-1.E0));
#7817=AXIS2_PLACEMENT_3D('',#7814,#7815,#7816);
#7818=PLANE('',#7817);
#7820=ORIENTED_EDGE('',*,*,#7819,.F.);
#7821=ORIENTED_EDGE('',*,*,#6400,.F.);
#7822=ORIENTED_EDGE('',*,*,#4904,.F.);
#7824=ORIENTED_EDGE('',*,*,#7823,.F.);
#7825=EDGE_LOOP('',(#7820,#7821,#7822,#7824));
#7826=FACE_OUTER_BOUND('',#7825,.F.);
#7827=ADVANCED_FACE('',(#7826),#7818,.T.);
#7828=CARTESIAN_POINT('',(5.2E0,2.E-1,-3.85E0));
#7829=DIRECTION('',(0.E0,1.E0,0.E0));
#7830=DIRECTION('',(0.E0,0.E0,-1.E0));
#7831=AXIS2_PLACEMENT_3D('',#7828,#7829,#7830);
#7832=PLANE('',#7831);
#7834=ORIENTED_EDGE('',*,*,#7833,.T.);
#7835=ORIENTED_EDGE('',*,*,#6402,.F.);
#7836=ORIENTED_EDGE('',*,*,#7819,.T.);
#7838=ORIENTED_EDGE('',*,*,#7837,.F.);
#7840=ORIENTED_EDGE('',*,*,#7839,.F.);
#7841=ORIENTED_EDGE('',*,*,#6410,.F.);
#7843=ORIENTED_EDGE('',*,*,#7842,.F.);
#7845=ORIENTED_EDGE('',*,*,#7844,.F.);
#7846=EDGE_LOOP('',(#7834,#7835,#7836,#7838,#7840,#7841,#7843,#7845));
#7847=FACE_OUTER_BOUND('',#7846,.F.);
#7848=ADVANCED_FACE('',(#7847),#7832,.F.);
#7849=CARTESIAN_POINT('',(5.105E0,7.561074182865E-1,-2.8E0));
#7850=DIRECTION('',(1.E0,0.E0,0.E0));
#7851=DIRECTION('',(0.E0,1.E0,0.E0));
#7852=AXIS2_PLACEMENT_3D('',#7849,#7850,#7851);
#7853=PLANE('',#7852);
#7854=ORIENTED_EDGE('',*,*,#5956,.T.);
#7856=ORIENTED_EDGE('',*,*,#7855,.T.);
#7858=ORIENTED_EDGE('',*,*,#7857,.T.);
#7859=ORIENTED_EDGE('',*,*,#6147,.T.);
#7860=EDGE_LOOP('',(#7854,#7856,#7858,#7859));
#7861=FACE_OUTER_BOUND('',#7860,.F.);
#7862=ADVANCED_FACE('',(#7861),#7853,.F.);
#7863=CARTESIAN_POINT('',(5.105E0,7.561074182865E-1,-2.8E0));
#7864=DIRECTION('',(1.E0,0.E0,0.E0));
#7865=DIRECTION('',(0.E0,1.E0,0.E0));
#7866=AXIS2_PLACEMENT_3D('',#7863,#7864,#7865);
#7867=PLANE('',#7866);
#7868=ORIENTED_EDGE('',*,*,#6404,.F.);
#7869=ORIENTED_EDGE('',*,*,#7833,.F.);
#7871=ORIENTED_EDGE('',*,*,#7870,.T.);
#7873=ORIENTED_EDGE('',*,*,#7872,.T.);
#7875=ORIENTED_EDGE('',*,*,#7874,.T.);
#7877=ORIENTED_EDGE('',*,*,#7876,.T.);
#7879=ORIENTED_EDGE('',*,*,#7878,.T.);
#7881=ORIENTED_EDGE('',*,*,#7880,.T.);
#7883=ORIENTED_EDGE('',*,*,#7882,.F.);
#7884=EDGE_LOOP('',(#7868,#7869,#7871,#7873,#7875,#7877,#7879,#7881,#7883));
#7885=FACE_OUTER_BOUND('',#7884,.F.);
#7886=ADVANCED_FACE('',(#7885),#7867,.F.);
#7887=CARTESIAN_POINT('',(5.2E0,1.135809608451E0,-9.371948011662E-1));
#7888=DIRECTION('',(0.E0,9.063077870360E-1,-4.226182617420E-1));
#7889=DIRECTION('',(0.E0,-4.226182617420E-1,-9.063077870360E-1));
#7890=AXIS2_PLACEMENT_3D('',#7887,#7888,#7889);
#7891=PLANE('',#7890);
#7892=ORIENTED_EDGE('',*,*,#5954,.F.);
#7894=ORIENTED_EDGE('',*,*,#7893,.T.);
#7896=ORIENTED_EDGE('',*,*,#7895,.F.);
#7897=ORIENTED_EDGE('',*,*,#7855,.F.);
#7898=EDGE_LOOP('',(#7892,#7894,#7896,#7897));
#7899=FACE_OUTER_BOUND('',#7898,.F.);
#7900=ADVANCED_FACE('',(#7899),#7891,.F.);
#7901=CARTESIAN_POINT('',(5.295E0,7.561074182865E-1,-2.8E0));
#7902=DIRECTION('',(1.E0,0.E0,0.E0));
#7903=DIRECTION('',(0.E0,1.E0,0.E0));
#7904=AXIS2_PLACEMENT_3D('',#7901,#7902,#7903);
#7905=PLANE('',#7904);
#7906=ORIENTED_EDGE('',*,*,#5952,.F.);
#7907=ORIENTED_EDGE('',*,*,#6151,.F.);
#7909=ORIENTED_EDGE('',*,*,#7908,.F.);
#7910=ORIENTED_EDGE('',*,*,#7893,.F.);
#7911=EDGE_LOOP('',(#7906,#7907,#7909,#7910));
#7912=FACE_OUTER_BOUND('',#7911,.F.);
#7913=ADVANCED_FACE('',(#7912),#7905,.T.);
#7914=CARTESIAN_POINT('',(5.295E0,7.561074182865E-1,-2.8E0));
#7915=DIRECTION('',(1.E0,0.E0,0.E0));
#7916=DIRECTION('',(0.E0,1.E0,0.E0));
#7917=AXIS2_PLACEMENT_3D('',#7914,#7915,#7916);
#7918=PLANE('',#7917);
#7919=ORIENTED_EDGE('',*,*,#6408,.T.);
#7921=ORIENTED_EDGE('',*,*,#7920,.F.);
#7923=ORIENTED_EDGE('',*,*,#7922,.F.);
#7925=ORIENTED_EDGE('',*,*,#7924,.F.);
#7927=ORIENTED_EDGE('',*,*,#7926,.F.);
#7929=ORIENTED_EDGE('',*,*,#7928,.F.);
#7931=ORIENTED_EDGE('',*,*,#7930,.F.);
#7933=ORIENTED_EDGE('',*,*,#7932,.T.);
#7934=ORIENTED_EDGE('',*,*,#7842,.T.);
#7935=EDGE_LOOP('',(#7919,#7921,#7923,#7925,#7927,#7929,#7931,#7933,#7934));
#7936=FACE_OUTER_BOUND('',#7935,.F.);
#7937=ADVANCED_FACE('',(#7936),#7918,.T.);
#7938=CARTESIAN_POINT('',(5.2E0,1.128400759486E0,-2.220110536160E0));
#7939=DIRECTION('',(0.E0,9.985927540074E-1,5.303311836815E-2));
#7940=DIRECTION('',(0.E0,5.303311836815E-2,-9.985927540074E-1));
#7941=AXIS2_PLACEMENT_3D('',#7938,#7939,#7940);
#7942=PLANE('',#7941);
#7943=ORIENTED_EDGE('',*,*,#6149,.T.);
#7944=ORIENTED_EDGE('',*,*,#7857,.F.);
#7945=ORIENTED_EDGE('',*,*,#7895,.T.);
#7946=ORIENTED_EDGE('',*,*,#7908,.T.);
#7947=EDGE_LOOP('',(#7943,#7944,#7945,#7946));
#7948=FACE_OUTER_BOUND('',#7947,.F.);
#7949=ADVANCED_FACE('',(#7948),#7942,.F.);
#7950=CARTESIAN_POINT('',(5.2E0,1.262198954710E0,-4.22E0));
#7951=DIRECTION('',(0.E0,1.E0,0.E0));
#7952=DIRECTION('',(0.E0,0.E0,-1.E0));
#7953=AXIS2_PLACEMENT_3D('',#7950,#7951,#7952);
#7954=PLANE('',#7953);
#7955=ORIENTED_EDGE('',*,*,#6406,.T.);
#7956=ORIENTED_EDGE('',*,*,#7882,.T.);
#7958=ORIENTED_EDGE('',*,*,#7957,.T.);
#7959=ORIENTED_EDGE('',*,*,#7920,.T.);
#7960=EDGE_LOOP('',(#7955,#7956,#7958,#7959));
#7961=FACE_OUTER_BOUND('',#7960,.F.);
#7962=ADVANCED_FACE('',(#7961),#7954,.T.);
#7963=CARTESIAN_POINT('',(5.2E0,7.442014221757E-1,-4.4E0));
#7964=DIRECTION('',(0.E0,0.E0,1.E0));
#7965=DIRECTION('',(0.E0,1.E0,0.E0));
#7966=AXIS2_PLACEMENT_3D('',#7963,#7964,#7965);
#7967=PLANE('',#7966);
#7968=ORIENTED_EDGE('',*,*,#7880,.F.);
#7970=ORIENTED_EDGE('',*,*,#7969,.F.);
#7971=ORIENTED_EDGE('',*,*,#7922,.T.);
#7972=ORIENTED_EDGE('',*,*,#7957,.F.);
#7973=EDGE_LOOP('',(#7968,#7970,#7971,#7972));
#7974=FACE_OUTER_BOUND('',#7973,.F.);
#7975=ADVANCED_FACE('',(#7974),#7967,.F.);
#7976=CARTESIAN_POINT('',(5.2E0,2.131019448208E-1,-4.65E0));
#7977=DIRECTION('',(0.E0,9.986295347546E-1,-5.233595624298E-2));
#7978=DIRECTION('',(0.E0,5.233595624298E-2,9.986295347546E-1));
#7979=AXIS2_PLACEMENT_3D('',#7976,#7977,#7978);
#7980=PLANE('',#7979);
#7981=ORIENTED_EDGE('',*,*,#7878,.F.);
#7983=ORIENTED_EDGE('',*,*,#7982,.T.);
#7984=ORIENTED_EDGE('',*,*,#7924,.T.);
#7985=ORIENTED_EDGE('',*,*,#7969,.T.);
#7986=EDGE_LOOP('',(#7981,#7983,#7984,#7985));
#7987=FACE_OUTER_BOUND('',#7986,.F.);
#7988=ADVANCED_FACE('',(#7987),#7980,.T.);
#7989=CARTESIAN_POINT('',(5.2E0,1.E-1,-4.9E0));
#7990=DIRECTION('',(0.E0,0.E0,1.E0));
#7991=DIRECTION('',(0.E0,1.E0,0.E0));
#7992=AXIS2_PLACEMENT_3D('',#7989,#7990,#7991);
#7993=PLANE('',#7992);
#7995=ORIENTED_EDGE('',*,*,#7994,.F.);
#7996=ORIENTED_EDGE('',*,*,#7926,.T.);
#7997=ORIENTED_EDGE('',*,*,#7982,.F.);
#7998=ORIENTED_EDGE('',*,*,#7876,.F.);
#7999=EDGE_LOOP('',(#7995,#7996,#7997,#7998));
#8000=FACE_OUTER_BOUND('',#7999,.F.);
#8001=ADVANCED_FACE('',(#8000),#7993,.F.);
#8002=CARTESIAN_POINT('',(5.2E0,2.110025227537E-2,-4.497383202188E0));
#8003=DIRECTION('',(0.E0,9.986295347546E-1,-5.233595624296E-2));
#8004=DIRECTION('',(0.E0,-5.233595624296E-2,-9.986295347546E-1));
#8005=AXIS2_PLACEMENT_3D('',#8002,#8003,#8004);
#8006=PLANE('',#8005);
#8008=ORIENTED_EDGE('',*,*,#8007,.F.);
#8009=ORIENTED_EDGE('',*,*,#7928,.T.);
#8010=ORIENTED_EDGE('',*,*,#7994,.T.);
#8011=ORIENTED_EDGE('',*,*,#7874,.F.);
#8012=EDGE_LOOP('',(#8008,#8009,#8010,#8011));
#8013=FACE_OUTER_BOUND('',#8012,.F.);
#8014=ADVANCED_FACE('',(#8013),#8006,.F.);
#8015=CARTESIAN_POINT('',(5.099219565696E0,1.420634580262E-1,-4.1E0));
#8016=DIRECTION('',(1.E0,0.E0,0.E0));
#8017=DIRECTION('',(0.E0,0.E0,1.E0));
#8018=AXIS2_PLACEMENT_3D('',#8015,#8016,#8017);
#8019=CYLINDRICAL_SURFACE('',#8018,1.E-1);
#8020=ORIENTED_EDGE('',*,*,#7930,.T.);
#8021=ORIENTED_EDGE('',*,*,#8007,.T.);
#8022=ORIENTED_EDGE('',*,*,#7872,.F.);
#8024=ORIENTED_EDGE('',*,*,#8023,.T.);
#8025=EDGE_LOOP('',(#8020,#8021,#8022,#8024));
#8026=FACE_OUTER_BOUND('',#8025,.F.);
#8027=ADVANCED_FACE('',(#8026),#8019,.T.);
#8028=CARTESIAN_POINT('',(5.2E0,1.960317290131E-1,-4.E0));
#8029=DIRECTION('',(0.E0,0.E0,1.E0));
#8030=DIRECTION('',(0.E0,-1.E0,0.E0));
#8031=AXIS2_PLACEMENT_3D('',#8028,#8029,#8030);
#8032=PLANE('',#8031);
#8033=ORIENTED_EDGE('',*,*,#7844,.T.);
#8034=ORIENTED_EDGE('',*,*,#7932,.F.);
#8035=ORIENTED_EDGE('',*,*,#8023,.F.);
#8036=ORIENTED_EDGE('',*,*,#7870,.F.);
#8037=EDGE_LOOP('',(#8033,#8034,#8035,#8036));
#8038=FACE_OUTER_BOUND('',#8037,.F.);
#8039=ADVANCED_FACE('',(#8038),#8032,.T.);
#8040=CARTESIAN_POINT('',(5.2E0,1.E-1,-3.5E0));
#8041=DIRECTION('',(0.E0,0.E0,1.E0));
#8042=DIRECTION('',(0.E0,-1.E0,0.E0));
#8043=AXIS2_PLACEMENT_3D('',#8040,#8041,#8042);
#8044=PLANE('',#8043);
#8045=ORIENTED_EDGE('',*,*,#7837,.T.);
#8046=ORIENTED_EDGE('',*,*,#7823,.T.);
#8047=ORIENTED_EDGE('',*,*,#4902,.T.);
#8049=ORIENTED_EDGE('',*,*,#8048,.F.);
#8050=EDGE_LOOP('',(#8045,#8046,#8047,#8049));
#8051=FACE_OUTER_BOUND('',#8050,.F.);
#8052=ADVANCED_FACE('',(#8051),#8044,.F.);
#8053=CARTESIAN_POINT('',(5.305E0,1.E-1,-3.85E0));
#8054=DIRECTION('',(1.E0,0.E0,0.E0));
#8055=DIRECTION('',(0.E0,0.E0,-1.E0));
#8056=AXIS2_PLACEMENT_3D('',#8053,#8054,#8055);
#8057=PLANE('',#8056);
#8058=ORIENTED_EDGE('',*,*,#7839,.T.);
#8059=ORIENTED_EDGE('',*,*,#8048,.T.);
#8060=ORIENTED_EDGE('',*,*,#4900,.T.);
#8061=ORIENTED_EDGE('',*,*,#6412,.T.);
#8062=EDGE_LOOP('',(#8058,#8059,#8060,#8061));
#8063=FACE_OUTER_BOUND('',#8062,.F.);
#8064=ADVANCED_FACE('',(#8063),#8057,.F.);
#8065=CARTESIAN_POINT('',(5.595E0,1.E-1,-3.85E0));
#8066=DIRECTION('',(1.E0,0.E0,0.E0));
#8067=DIRECTION('',(0.E0,0.E0,-1.E0));
#8068=AXIS2_PLACEMENT_3D('',#8065,#8066,#8067);
#8069=PLANE('',#8068);
#8071=ORIENTED_EDGE('',*,*,#8070,.F.);
#8072=ORIENTED_EDGE('',*,*,#6415,.F.);
#8073=ORIENTED_EDGE('',*,*,#4896,.F.);
#8075=ORIENTED_EDGE('',*,*,#8074,.F.);
#8076=EDGE_LOOP('',(#8071,#8072,#8073,#8075));
#8077=FACE_OUTER_BOUND('',#8076,.F.);
#8078=ADVANCED_FACE('',(#8077),#8069,.T.);
#8079=CARTESIAN_POINT('',(5.7E0,2.E-1,-3.85E0));
#8080=DIRECTION('',(0.E0,1.E0,0.E0));
#8081=DIRECTION('',(0.E0,0.E0,-1.E0));
#8082=AXIS2_PLACEMENT_3D('',#8079,#8080,#8081);
#8083=PLANE('',#8082);
#8085=ORIENTED_EDGE('',*,*,#8084,.T.);
#8086=ORIENTED_EDGE('',*,*,#6417,.F.);
#8087=ORIENTED_EDGE('',*,*,#8070,.T.);
#8089=ORIENTED_EDGE('',*,*,#8088,.F.);
#8091=ORIENTED_EDGE('',*,*,#8090,.F.);
#8092=ORIENTED_EDGE('',*,*,#6425,.F.);
#8094=ORIENTED_EDGE('',*,*,#8093,.F.);
#8096=ORIENTED_EDGE('',*,*,#8095,.F.);
#8097=EDGE_LOOP('',(#8085,#8086,#8087,#8089,#8091,#8092,#8094,#8096));
#8098=FACE_OUTER_BOUND('',#8097,.F.);
#8099=ADVANCED_FACE('',(#8098),#8083,.F.);
#8100=CARTESIAN_POINT('',(5.605E0,7.561074182865E-1,-2.8E0));
#8101=DIRECTION('',(1.E0,0.E0,0.E0));
#8102=DIRECTION('',(0.E0,1.E0,0.E0));
#8103=AXIS2_PLACEMENT_3D('',#8100,#8101,#8102);
#8104=PLANE('',#8103);
#8105=ORIENTED_EDGE('',*,*,#5948,.T.);
#8107=ORIENTED_EDGE('',*,*,#8106,.T.);
#8109=ORIENTED_EDGE('',*,*,#8108,.T.);
#8110=ORIENTED_EDGE('',*,*,#6154,.T.);
#8111=EDGE_LOOP('',(#8105,#8107,#8109,#8110));
#8112=FACE_OUTER_BOUND('',#8111,.F.);
#8113=ADVANCED_FACE('',(#8112),#8104,.F.);
#8114=CARTESIAN_POINT('',(5.605E0,7.561074182865E-1,-2.8E0));
#8115=DIRECTION('',(1.E0,0.E0,0.E0));
#8116=DIRECTION('',(0.E0,1.E0,0.E0));
#8117=AXIS2_PLACEMENT_3D('',#8114,#8115,#8116);
#8118=PLANE('',#8117);
#8119=ORIENTED_EDGE('',*,*,#6419,.F.);
#8120=ORIENTED_EDGE('',*,*,#8084,.F.);
#8122=ORIENTED_EDGE('',*,*,#8121,.T.);
#8124=ORIENTED_EDGE('',*,*,#8123,.T.);
#8126=ORIENTED_EDGE('',*,*,#8125,.T.);
#8128=ORIENTED_EDGE('',*,*,#8127,.T.);
#8130=ORIENTED_EDGE('',*,*,#8129,.T.);
#8132=ORIENTED_EDGE('',*,*,#8131,.T.);
#8134=ORIENTED_EDGE('',*,*,#8133,.F.);
#8135=EDGE_LOOP('',(#8119,#8120,#8122,#8124,#8126,#8128,#8130,#8132,#8134));
#8136=FACE_OUTER_BOUND('',#8135,.F.);
#8137=ADVANCED_FACE('',(#8136),#8118,.F.);
#8138=CARTESIAN_POINT('',(5.7E0,1.135809608451E0,-9.371948011662E-1));
#8139=DIRECTION('',(0.E0,9.063077870360E-1,-4.226182617420E-1));
#8140=DIRECTION('',(0.E0,-4.226182617420E-1,-9.063077870360E-1));
#8141=AXIS2_PLACEMENT_3D('',#8138,#8139,#8140);
#8142=PLANE('',#8141);
#8143=ORIENTED_EDGE('',*,*,#5946,.F.);
#8145=ORIENTED_EDGE('',*,*,#8144,.T.);
#8147=ORIENTED_EDGE('',*,*,#8146,.F.);
#8148=ORIENTED_EDGE('',*,*,#8106,.F.);
#8149=EDGE_LOOP('',(#8143,#8145,#8147,#8148));
#8150=FACE_OUTER_BOUND('',#8149,.F.);
#8151=ADVANCED_FACE('',(#8150),#8142,.F.);
#8152=CARTESIAN_POINT('',(5.795E0,7.561074182865E-1,-2.8E0));
#8153=DIRECTION('',(1.E0,0.E0,0.E0));
#8154=DIRECTION('',(0.E0,1.E0,0.E0));
#8155=AXIS2_PLACEMENT_3D('',#8152,#8153,#8154);
#8156=PLANE('',#8155);
#8157=ORIENTED_EDGE('',*,*,#5944,.F.);
#8158=ORIENTED_EDGE('',*,*,#6158,.F.);
#8160=ORIENTED_EDGE('',*,*,#8159,.F.);
#8161=ORIENTED_EDGE('',*,*,#8144,.F.);
#8162=EDGE_LOOP('',(#8157,#8158,#8160,#8161));
#8163=FACE_OUTER_BOUND('',#8162,.F.);
#8164=ADVANCED_FACE('',(#8163),#8156,.T.);
#8165=CARTESIAN_POINT('',(5.795E0,7.561074182865E-1,-2.8E0));
#8166=DIRECTION('',(1.E0,0.E0,0.E0));
#8167=DIRECTION('',(0.E0,1.E0,0.E0));
#8168=AXIS2_PLACEMENT_3D('',#8165,#8166,#8167);
#8169=PLANE('',#8168);
#8170=ORIENTED_EDGE('',*,*,#6423,.T.);
#8172=ORIENTED_EDGE('',*,*,#8171,.F.);
#8174=ORIENTED_EDGE('',*,*,#8173,.F.);
#8176=ORIENTED_EDGE('',*,*,#8175,.F.);
#8178=ORIENTED_EDGE('',*,*,#8177,.F.);
#8180=ORIENTED_EDGE('',*,*,#8179,.F.);
#8182=ORIENTED_EDGE('',*,*,#8181,.F.);
#8184=ORIENTED_EDGE('',*,*,#8183,.T.);
#8185=ORIENTED_EDGE('',*,*,#8093,.T.);
#8186=EDGE_LOOP('',(#8170,#8172,#8174,#8176,#8178,#8180,#8182,#8184,#8185));
#8187=FACE_OUTER_BOUND('',#8186,.F.);
#8188=ADVANCED_FACE('',(#8187),#8169,.T.);
#8189=CARTESIAN_POINT('',(5.7E0,1.128400759486E0,-2.220110536160E0));
#8190=DIRECTION('',(0.E0,9.985927540074E-1,5.303311836815E-2));
#8191=DIRECTION('',(0.E0,5.303311836815E-2,-9.985927540074E-1));
#8192=AXIS2_PLACEMENT_3D('',#8189,#8190,#8191);
#8193=PLANE('',#8192);
#8194=ORIENTED_EDGE('',*,*,#6156,.T.);
#8195=ORIENTED_EDGE('',*,*,#8108,.F.);
#8196=ORIENTED_EDGE('',*,*,#8146,.T.);
#8197=ORIENTED_EDGE('',*,*,#8159,.T.);
#8198=EDGE_LOOP('',(#8194,#8195,#8196,#8197));
#8199=FACE_OUTER_BOUND('',#8198,.F.);
#8200=ADVANCED_FACE('',(#8199),#8193,.F.);
#8201=CARTESIAN_POINT('',(5.7E0,1.262198954710E0,-4.22E0));
#8202=DIRECTION('',(0.E0,1.E0,0.E0));
#8203=DIRECTION('',(0.E0,0.E0,-1.E0));
#8204=AXIS2_PLACEMENT_3D('',#8201,#8202,#8203);
#8205=PLANE('',#8204);
#8206=ORIENTED_EDGE('',*,*,#6421,.T.);
#8207=ORIENTED_EDGE('',*,*,#8133,.T.);
#8209=ORIENTED_EDGE('',*,*,#8208,.T.);
#8210=ORIENTED_EDGE('',*,*,#8171,.T.);
#8211=EDGE_LOOP('',(#8206,#8207,#8209,#8210));
#8212=FACE_OUTER_BOUND('',#8211,.F.);
#8213=ADVANCED_FACE('',(#8212),#8205,.T.);
#8214=CARTESIAN_POINT('',(5.7E0,7.442014221757E-1,-4.4E0));
#8215=DIRECTION('',(0.E0,0.E0,1.E0));
#8216=DIRECTION('',(0.E0,1.E0,0.E0));
#8217=AXIS2_PLACEMENT_3D('',#8214,#8215,#8216);
#8218=PLANE('',#8217);
#8219=ORIENTED_EDGE('',*,*,#8131,.F.);
#8221=ORIENTED_EDGE('',*,*,#8220,.F.);
#8222=ORIENTED_EDGE('',*,*,#8173,.T.);
#8223=ORIENTED_EDGE('',*,*,#8208,.F.);
#8224=EDGE_LOOP('',(#8219,#8221,#8222,#8223));
#8225=FACE_OUTER_BOUND('',#8224,.F.);
#8226=ADVANCED_FACE('',(#8225),#8218,.F.);
#8227=CARTESIAN_POINT('',(5.7E0,2.131019448208E-1,-4.65E0));
#8228=DIRECTION('',(0.E0,9.986295347546E-1,-5.233595624298E-2));
#8229=DIRECTION('',(0.E0,5.233595624298E-2,9.986295347546E-1));
#8230=AXIS2_PLACEMENT_3D('',#8227,#8228,#8229);
#8231=PLANE('',#8230);
#8232=ORIENTED_EDGE('',*,*,#8129,.F.);
#8234=ORIENTED_EDGE('',*,*,#8233,.T.);
#8235=ORIENTED_EDGE('',*,*,#8175,.T.);
#8236=ORIENTED_EDGE('',*,*,#8220,.T.);
#8237=EDGE_LOOP('',(#8232,#8234,#8235,#8236));
#8238=FACE_OUTER_BOUND('',#8237,.F.);
#8239=ADVANCED_FACE('',(#8238),#8231,.T.);
#8240=CARTESIAN_POINT('',(5.7E0,1.E-1,-4.9E0));
#8241=DIRECTION('',(0.E0,0.E0,1.E0));
#8242=DIRECTION('',(0.E0,1.E0,0.E0));
#8243=AXIS2_PLACEMENT_3D('',#8240,#8241,#8242);
#8244=PLANE('',#8243);
#8246=ORIENTED_EDGE('',*,*,#8245,.F.);
#8247=ORIENTED_EDGE('',*,*,#8177,.T.);
#8248=ORIENTED_EDGE('',*,*,#8233,.F.);
#8249=ORIENTED_EDGE('',*,*,#8127,.F.);
#8250=EDGE_LOOP('',(#8246,#8247,#8248,#8249));
#8251=FACE_OUTER_BOUND('',#8250,.F.);
#8252=ADVANCED_FACE('',(#8251),#8244,.F.);
#8253=CARTESIAN_POINT('',(5.7E0,2.110025227537E-2,-4.497383202188E0));
#8254=DIRECTION('',(0.E0,9.986295347546E-1,-5.233595624296E-2));
#8255=DIRECTION('',(0.E0,-5.233595624296E-2,-9.986295347546E-1));
#8256=AXIS2_PLACEMENT_3D('',#8253,#8254,#8255);
#8257=PLANE('',#8256);
#8259=ORIENTED_EDGE('',*,*,#8258,.F.);
#8260=ORIENTED_EDGE('',*,*,#8179,.T.);
#8261=ORIENTED_EDGE('',*,*,#8245,.T.);
#8262=ORIENTED_EDGE('',*,*,#8125,.F.);
#8263=EDGE_LOOP('',(#8259,#8260,#8261,#8262));
#8264=FACE_OUTER_BOUND('',#8263,.F.);
#8265=ADVANCED_FACE('',(#8264),#8257,.F.);
#8266=CARTESIAN_POINT('',(5.599219565696E0,1.420634580262E-1,-4.1E0));
#8267=DIRECTION('',(1.E0,0.E0,0.E0));
#8268=DIRECTION('',(0.E0,0.E0,1.E0));
#8269=AXIS2_PLACEMENT_3D('',#8266,#8267,#8268);
#8270=CYLINDRICAL_SURFACE('',#8269,1.E-1);
#8271=ORIENTED_EDGE('',*,*,#8181,.T.);
#8272=ORIENTED_EDGE('',*,*,#8258,.T.);
#8273=ORIENTED_EDGE('',*,*,#8123,.F.);
#8275=ORIENTED_EDGE('',*,*,#8274,.T.);
#8276=EDGE_LOOP('',(#8271,#8272,#8273,#8275));
#8277=FACE_OUTER_BOUND('',#8276,.F.);
#8278=ADVANCED_FACE('',(#8277),#8270,.T.);
#8279=CARTESIAN_POINT('',(5.7E0,1.960317290131E-1,-4.E0));
#8280=DIRECTION('',(0.E0,0.E0,1.E0));
#8281=DIRECTION('',(0.E0,-1.E0,0.E0));
#8282=AXIS2_PLACEMENT_3D('',#8279,#8280,#8281);
#8283=PLANE('',#8282);
#8284=ORIENTED_EDGE('',*,*,#8095,.T.);
#8285=ORIENTED_EDGE('',*,*,#8183,.F.);
#8286=ORIENTED_EDGE('',*,*,#8274,.F.);
#8287=ORIENTED_EDGE('',*,*,#8121,.F.);
#8288=EDGE_LOOP('',(#8284,#8285,#8286,#8287));
#8289=FACE_OUTER_BOUND('',#8288,.F.);
#8290=ADVANCED_FACE('',(#8289),#8283,.T.);
#8291=CARTESIAN_POINT('',(5.7E0,1.E-1,-3.5E0));
#8292=DIRECTION('',(0.E0,0.E0,1.E0));
#8293=DIRECTION('',(0.E0,-1.E0,0.E0));
#8294=AXIS2_PLACEMENT_3D('',#8291,#8292,#8293);
#8295=PLANE('',#8294);
#8296=ORIENTED_EDGE('',*,*,#8088,.T.);
#8297=ORIENTED_EDGE('',*,*,#8074,.T.);
#8298=ORIENTED_EDGE('',*,*,#4894,.T.);
#8300=ORIENTED_EDGE('',*,*,#8299,.F.);
#8301=EDGE_LOOP('',(#8296,#8297,#8298,#8300));
#8302=FACE_OUTER_BOUND('',#8301,.F.);
#8303=ADVANCED_FACE('',(#8302),#8295,.F.);
#8304=CARTESIAN_POINT('',(5.805E0,1.E-1,-3.85E0));
#8305=DIRECTION('',(1.E0,0.E0,0.E0));
#8306=DIRECTION('',(0.E0,0.E0,-1.E0));
#8307=AXIS2_PLACEMENT_3D('',#8304,#8305,#8306);
#8308=PLANE('',#8307);
#8309=ORIENTED_EDGE('',*,*,#8090,.T.);
#8310=ORIENTED_EDGE('',*,*,#8299,.T.);
#8311=ORIENTED_EDGE('',*,*,#4892,.T.);
#8312=ORIENTED_EDGE('',*,*,#6427,.T.);
#8313=EDGE_LOOP('',(#8309,#8310,#8311,#8312));
#8314=FACE_OUTER_BOUND('',#8313,.F.);
#8315=ADVANCED_FACE('',(#8314),#8308,.F.);
#8316=CARTESIAN_POINT('',(6.095E0,1.E-1,-3.85E0));
#8317=DIRECTION('',(1.E0,0.E0,0.E0));
#8318=DIRECTION('',(0.E0,0.E0,-1.E0));
#8319=AXIS2_PLACEMENT_3D('',#8316,#8317,#8318);
#8320=PLANE('',#8319);
#8322=ORIENTED_EDGE('',*,*,#8321,.F.);
#8323=ORIENTED_EDGE('',*,*,#6430,.F.);
#8324=ORIENTED_EDGE('',*,*,#4888,.F.);
#8326=ORIENTED_EDGE('',*,*,#8325,.F.);
#8327=EDGE_LOOP('',(#8322,#8323,#8324,#8326));
#8328=FACE_OUTER_BOUND('',#8327,.F.);
#8329=ADVANCED_FACE('',(#8328),#8320,.T.);
#8330=CARTESIAN_POINT('',(6.2E0,2.E-1,-3.85E0));
#8331=DIRECTION('',(0.E0,1.E0,0.E0));
#8332=DIRECTION('',(0.E0,0.E0,-1.E0));
#8333=AXIS2_PLACEMENT_3D('',#8330,#8331,#8332);
#8334=PLANE('',#8333);
#8336=ORIENTED_EDGE('',*,*,#8335,.T.);
#8337=ORIENTED_EDGE('',*,*,#6432,.F.);
#8338=ORIENTED_EDGE('',*,*,#8321,.T.);
#8340=ORIENTED_EDGE('',*,*,#8339,.F.);
#8342=ORIENTED_EDGE('',*,*,#8341,.F.);
#8343=ORIENTED_EDGE('',*,*,#6440,.F.);
#8345=ORIENTED_EDGE('',*,*,#8344,.F.);
#8347=ORIENTED_EDGE('',*,*,#8346,.F.);
#8348=EDGE_LOOP('',(#8336,#8337,#8338,#8340,#8342,#8343,#8345,#8347));
#8349=FACE_OUTER_BOUND('',#8348,.F.);
#8350=ADVANCED_FACE('',(#8349),#8334,.F.);
#8351=CARTESIAN_POINT('',(6.105E0,7.561074182865E-1,-2.8E0));
#8352=DIRECTION('',(1.E0,0.E0,0.E0));
#8353=DIRECTION('',(0.E0,1.E0,0.E0));
#8354=AXIS2_PLACEMENT_3D('',#8351,#8352,#8353);
#8355=PLANE('',#8354);
#8356=ORIENTED_EDGE('',*,*,#5940,.T.);
#8358=ORIENTED_EDGE('',*,*,#8357,.T.);
#8360=ORIENTED_EDGE('',*,*,#8359,.T.);
#8361=ORIENTED_EDGE('',*,*,#6161,.T.);
#8362=EDGE_LOOP('',(#8356,#8358,#8360,#8361));
#8363=FACE_OUTER_BOUND('',#8362,.F.);
#8364=ADVANCED_FACE('',(#8363),#8355,.F.);
#8365=CARTESIAN_POINT('',(6.105E0,7.561074182865E-1,-2.8E0));
#8366=DIRECTION('',(1.E0,0.E0,0.E0));
#8367=DIRECTION('',(0.E0,1.E0,0.E0));
#8368=AXIS2_PLACEMENT_3D('',#8365,#8366,#8367);
#8369=PLANE('',#8368);
#8370=ORIENTED_EDGE('',*,*,#6434,.F.);
#8371=ORIENTED_EDGE('',*,*,#8335,.F.);
#8373=ORIENTED_EDGE('',*,*,#8372,.T.);
#8375=ORIENTED_EDGE('',*,*,#8374,.T.);
#8377=ORIENTED_EDGE('',*,*,#8376,.T.);
#8379=ORIENTED_EDGE('',*,*,#8378,.T.);
#8381=ORIENTED_EDGE('',*,*,#8380,.T.);
#8383=ORIENTED_EDGE('',*,*,#8382,.T.);
#8385=ORIENTED_EDGE('',*,*,#8384,.F.);
#8386=EDGE_LOOP('',(#8370,#8371,#8373,#8375,#8377,#8379,#8381,#8383,#8385));
#8387=FACE_OUTER_BOUND('',#8386,.F.);
#8388=ADVANCED_FACE('',(#8387),#8369,.F.);
#8389=CARTESIAN_POINT('',(6.2E0,1.135809608451E0,-9.371948011662E-1));
#8390=DIRECTION('',(0.E0,9.063077870360E-1,-4.226182617420E-1));
#8391=DIRECTION('',(0.E0,-4.226182617420E-1,-9.063077870360E-1));
#8392=AXIS2_PLACEMENT_3D('',#8389,#8390,#8391);
#8393=PLANE('',#8392);
#8394=ORIENTED_EDGE('',*,*,#5938,.F.);
#8396=ORIENTED_EDGE('',*,*,#8395,.T.);
#8398=ORIENTED_EDGE('',*,*,#8397,.F.);
#8399=ORIENTED_EDGE('',*,*,#8357,.F.);
#8400=EDGE_LOOP('',(#8394,#8396,#8398,#8399));
#8401=FACE_OUTER_BOUND('',#8400,.F.);
#8402=ADVANCED_FACE('',(#8401),#8393,.F.);
#8403=CARTESIAN_POINT('',(6.295E0,7.561074182865E-1,-2.8E0));
#8404=DIRECTION('',(1.E0,0.E0,0.E0));
#8405=DIRECTION('',(0.E0,1.E0,0.E0));
#8406=AXIS2_PLACEMENT_3D('',#8403,#8404,#8405);
#8407=PLANE('',#8406);
#8408=ORIENTED_EDGE('',*,*,#5936,.F.);
#8409=ORIENTED_EDGE('',*,*,#6165,.F.);
#8411=ORIENTED_EDGE('',*,*,#8410,.F.);
#8412=ORIENTED_EDGE('',*,*,#8395,.F.);
#8413=EDGE_LOOP('',(#8408,#8409,#8411,#8412));
#8414=FACE_OUTER_BOUND('',#8413,.F.);
#8415=ADVANCED_FACE('',(#8414),#8407,.T.);
#8416=CARTESIAN_POINT('',(6.295E0,7.561074182865E-1,-2.8E0));
#8417=DIRECTION('',(1.E0,0.E0,0.E0));
#8418=DIRECTION('',(0.E0,1.E0,0.E0));
#8419=AXIS2_PLACEMENT_3D('',#8416,#8417,#8418);
#8420=PLANE('',#8419);
#8421=ORIENTED_EDGE('',*,*,#6438,.T.);
#8423=ORIENTED_EDGE('',*,*,#8422,.F.);
#8425=ORIENTED_EDGE('',*,*,#8424,.F.);
#8427=ORIENTED_EDGE('',*,*,#8426,.F.);
#8429=ORIENTED_EDGE('',*,*,#8428,.F.);
#8431=ORIENTED_EDGE('',*,*,#8430,.F.);
#8433=ORIENTED_EDGE('',*,*,#8432,.F.);
#8435=ORIENTED_EDGE('',*,*,#8434,.T.);
#8436=ORIENTED_EDGE('',*,*,#8344,.T.);
#8437=EDGE_LOOP('',(#8421,#8423,#8425,#8427,#8429,#8431,#8433,#8435,#8436));
#8438=FACE_OUTER_BOUND('',#8437,.F.);
#8439=ADVANCED_FACE('',(#8438),#8420,.T.);
#8440=CARTESIAN_POINT('',(6.2E0,1.128400759486E0,-2.220110536160E0));
#8441=DIRECTION('',(0.E0,9.985927540074E-1,5.303311836815E-2));
#8442=DIRECTION('',(0.E0,5.303311836815E-2,-9.985927540074E-1));
#8443=AXIS2_PLACEMENT_3D('',#8440,#8441,#8442);
#8444=PLANE('',#8443);
#8445=ORIENTED_EDGE('',*,*,#6163,.T.);
#8446=ORIENTED_EDGE('',*,*,#8359,.F.);
#8447=ORIENTED_EDGE('',*,*,#8397,.T.);
#8448=ORIENTED_EDGE('',*,*,#8410,.T.);
#8449=EDGE_LOOP('',(#8445,#8446,#8447,#8448));
#8450=FACE_OUTER_BOUND('',#8449,.F.);
#8451=ADVANCED_FACE('',(#8450),#8444,.F.);
#8452=CARTESIAN_POINT('',(6.2E0,1.262198954710E0,-4.22E0));
#8453=DIRECTION('',(0.E0,1.E0,0.E0));
#8454=DIRECTION('',(0.E0,0.E0,-1.E0));
#8455=AXIS2_PLACEMENT_3D('',#8452,#8453,#8454);
#8456=PLANE('',#8455);
#8457=ORIENTED_EDGE('',*,*,#6436,.T.);
#8458=ORIENTED_EDGE('',*,*,#8384,.T.);
#8460=ORIENTED_EDGE('',*,*,#8459,.T.);
#8461=ORIENTED_EDGE('',*,*,#8422,.T.);
#8462=EDGE_LOOP('',(#8457,#8458,#8460,#8461));
#8463=FACE_OUTER_BOUND('',#8462,.F.);
#8464=ADVANCED_FACE('',(#8463),#8456,.T.);
#8465=CARTESIAN_POINT('',(6.2E0,7.442014221757E-1,-4.4E0));
#8466=DIRECTION('',(0.E0,0.E0,1.E0));
#8467=DIRECTION('',(0.E0,1.E0,0.E0));
#8468=AXIS2_PLACEMENT_3D('',#8465,#8466,#8467);
#8469=PLANE('',#8468);
#8470=ORIENTED_EDGE('',*,*,#8382,.F.);
#8472=ORIENTED_EDGE('',*,*,#8471,.F.);
#8473=ORIENTED_EDGE('',*,*,#8424,.T.);
#8474=ORIENTED_EDGE('',*,*,#8459,.F.);
#8475=EDGE_LOOP('',(#8470,#8472,#8473,#8474));
#8476=FACE_OUTER_BOUND('',#8475,.F.);
#8477=ADVANCED_FACE('',(#8476),#8469,.F.);
#8478=CARTESIAN_POINT('',(6.2E0,2.131019448208E-1,-4.65E0));
#8479=DIRECTION('',(0.E0,9.986295347546E-1,-5.233595624298E-2));
#8480=DIRECTION('',(0.E0,5.233595624298E-2,9.986295347546E-1));
#8481=AXIS2_PLACEMENT_3D('',#8478,#8479,#8480);
#8482=PLANE('',#8481);
#8483=ORIENTED_EDGE('',*,*,#8380,.F.);
#8485=ORIENTED_EDGE('',*,*,#8484,.T.);
#8486=ORIENTED_EDGE('',*,*,#8426,.T.);
#8487=ORIENTED_EDGE('',*,*,#8471,.T.);
#8488=EDGE_LOOP('',(#8483,#8485,#8486,#8487));
#8489=FACE_OUTER_BOUND('',#8488,.F.);
#8490=ADVANCED_FACE('',(#8489),#8482,.T.);
#8491=CARTESIAN_POINT('',(6.2E0,1.E-1,-4.9E0));
#8492=DIRECTION('',(0.E0,0.E0,1.E0));
#8493=DIRECTION('',(0.E0,1.E0,0.E0));
#8494=AXIS2_PLACEMENT_3D('',#8491,#8492,#8493);
#8495=PLANE('',#8494);
#8497=ORIENTED_EDGE('',*,*,#8496,.F.);
#8498=ORIENTED_EDGE('',*,*,#8428,.T.);
#8499=ORIENTED_EDGE('',*,*,#8484,.F.);
#8500=ORIENTED_EDGE('',*,*,#8378,.F.);
#8501=EDGE_LOOP('',(#8497,#8498,#8499,#8500));
#8502=FACE_OUTER_BOUND('',#8501,.F.);
#8503=ADVANCED_FACE('',(#8502),#8495,.F.);
#8504=CARTESIAN_POINT('',(6.2E0,2.110025227537E-2,-4.497383202188E0));
#8505=DIRECTION('',(0.E0,9.986295347546E-1,-5.233595624296E-2));
#8506=DIRECTION('',(0.E0,-5.233595624296E-2,-9.986295347546E-1));
#8507=AXIS2_PLACEMENT_3D('',#8504,#8505,#8506);
#8508=PLANE('',#8507);
#8510=ORIENTED_EDGE('',*,*,#8509,.F.);
#8511=ORIENTED_EDGE('',*,*,#8430,.T.);
#8512=ORIENTED_EDGE('',*,*,#8496,.T.);
#8513=ORIENTED_EDGE('',*,*,#8376,.F.);
#8514=EDGE_LOOP('',(#8510,#8511,#8512,#8513));
#8515=FACE_OUTER_BOUND('',#8514,.F.);
#8516=ADVANCED_FACE('',(#8515),#8508,.F.);
#8517=CARTESIAN_POINT('',(6.099219565696E0,1.420634580262E-1,-4.1E0));
#8518=DIRECTION('',(1.E0,0.E0,0.E0));
#8519=DIRECTION('',(0.E0,0.E0,1.E0));
#8520=AXIS2_PLACEMENT_3D('',#8517,#8518,#8519);
#8521=CYLINDRICAL_SURFACE('',#8520,1.E-1);
#8522=ORIENTED_EDGE('',*,*,#8432,.T.);
#8523=ORIENTED_EDGE('',*,*,#8509,.T.);
#8524=ORIENTED_EDGE('',*,*,#8374,.F.);
#8526=ORIENTED_EDGE('',*,*,#8525,.T.);
#8527=EDGE_LOOP('',(#8522,#8523,#8524,#8526));
#8528=FACE_OUTER_BOUND('',#8527,.F.);
#8529=ADVANCED_FACE('',(#8528),#8521,.T.);
#8530=CARTESIAN_POINT('',(6.2E0,1.960317290131E-1,-4.E0));
#8531=DIRECTION('',(0.E0,0.E0,1.E0));
#8532=DIRECTION('',(0.E0,-1.E0,0.E0));
#8533=AXIS2_PLACEMENT_3D('',#8530,#8531,#8532);
#8534=PLANE('',#8533);
#8535=ORIENTED_EDGE('',*,*,#8346,.T.);
#8536=ORIENTED_EDGE('',*,*,#8434,.F.);
#8537=ORIENTED_EDGE('',*,*,#8525,.F.);
#8538=ORIENTED_EDGE('',*,*,#8372,.F.);
#8539=EDGE_LOOP('',(#8535,#8536,#8537,#8538));
#8540=FACE_OUTER_BOUND('',#8539,.F.);
#8541=ADVANCED_FACE('',(#8540),#8534,.T.);
#8542=CARTESIAN_POINT('',(6.2E0,1.E-1,-3.5E0));
#8543=DIRECTION('',(0.E0,0.E0,1.E0));
#8544=DIRECTION('',(0.E0,-1.E0,0.E0));
#8545=AXIS2_PLACEMENT_3D('',#8542,#8543,#8544);
#8546=PLANE('',#8545);
#8547=ORIENTED_EDGE('',*,*,#8339,.T.);
#8548=ORIENTED_EDGE('',*,*,#8325,.T.);
#8549=ORIENTED_EDGE('',*,*,#4886,.T.);
#8551=ORIENTED_EDGE('',*,*,#8550,.F.);
#8552=EDGE_LOOP('',(#8547,#8548,#8549,#8551));
#8553=FACE_OUTER_BOUND('',#8552,.F.);
#8554=ADVANCED_FACE('',(#8553),#8546,.F.);
#8555=CARTESIAN_POINT('',(6.305E0,1.E-1,-3.85E0));
#8556=DIRECTION('',(1.E0,0.E0,0.E0));
#8557=DIRECTION('',(0.E0,0.E0,-1.E0));
#8558=AXIS2_PLACEMENT_3D('',#8555,#8556,#8557);
#8559=PLANE('',#8558);
#8560=ORIENTED_EDGE('',*,*,#8341,.T.);
#8561=ORIENTED_EDGE('',*,*,#8550,.T.);
#8562=ORIENTED_EDGE('',*,*,#4884,.T.);
#8563=ORIENTED_EDGE('',*,*,#6442,.T.);
#8564=EDGE_LOOP('',(#8560,#8561,#8562,#8563));
#8565=FACE_OUTER_BOUND('',#8564,.F.);
#8566=ADVANCED_FACE('',(#8565),#8559,.F.);
#8567=CARTESIAN_POINT('',(6.595E0,1.E-1,-3.85E0));
#8568=DIRECTION('',(1.E0,0.E0,0.E0));
#8569=DIRECTION('',(0.E0,0.E0,-1.E0));
#8570=AXIS2_PLACEMENT_3D('',#8567,#8568,#8569);
#8571=PLANE('',#8570);
#8573=ORIENTED_EDGE('',*,*,#8572,.F.);
#8574=ORIENTED_EDGE('',*,*,#6445,.F.);
#8575=ORIENTED_EDGE('',*,*,#4880,.F.);
#8577=ORIENTED_EDGE('',*,*,#8576,.F.);
#8578=EDGE_LOOP('',(#8573,#8574,#8575,#8577));
#8579=FACE_OUTER_BOUND('',#8578,.F.);
#8580=ADVANCED_FACE('',(#8579),#8571,.T.);
#8581=CARTESIAN_POINT('',(6.7E0,2.E-1,-3.85E0));
#8582=DIRECTION('',(0.E0,1.E0,0.E0));
#8583=DIRECTION('',(0.E0,0.E0,-1.E0));
#8584=AXIS2_PLACEMENT_3D('',#8581,#8582,#8583);
#8585=PLANE('',#8584);
#8587=ORIENTED_EDGE('',*,*,#8586,.T.);
#8588=ORIENTED_EDGE('',*,*,#6447,.F.);
#8589=ORIENTED_EDGE('',*,*,#8572,.T.);
#8591=ORIENTED_EDGE('',*,*,#8590,.F.);
#8593=ORIENTED_EDGE('',*,*,#8592,.F.);
#8594=ORIENTED_EDGE('',*,*,#6455,.F.);
#8596=ORIENTED_EDGE('',*,*,#8595,.F.);
#8598=ORIENTED_EDGE('',*,*,#8597,.F.);
#8599=EDGE_LOOP('',(#8587,#8588,#8589,#8591,#8593,#8594,#8596,#8598));
#8600=FACE_OUTER_BOUND('',#8599,.F.);
#8601=ADVANCED_FACE('',(#8600),#8585,.F.);
#8602=CARTESIAN_POINT('',(6.605E0,7.561074182865E-1,-2.8E0));
#8603=DIRECTION('',(1.E0,0.E0,0.E0));
#8604=DIRECTION('',(0.E0,1.E0,0.E0));
#8605=AXIS2_PLACEMENT_3D('',#8602,#8603,#8604);
#8606=PLANE('',#8605);
#8607=ORIENTED_EDGE('',*,*,#5932,.T.);
#8609=ORIENTED_EDGE('',*,*,#8608,.T.);
#8611=ORIENTED_EDGE('',*,*,#8610,.T.);
#8612=ORIENTED_EDGE('',*,*,#6168,.T.);
#8613=EDGE_LOOP('',(#8607,#8609,#8611,#8612));
#8614=FACE_OUTER_BOUND('',#8613,.F.);
#8615=ADVANCED_FACE('',(#8614),#8606,.F.);
#8616=CARTESIAN_POINT('',(6.605E0,7.561074182865E-1,-2.8E0));
#8617=DIRECTION('',(1.E0,0.E0,0.E0));
#8618=DIRECTION('',(0.E0,1.E0,0.E0));
#8619=AXIS2_PLACEMENT_3D('',#8616,#8617,#8618);
#8620=PLANE('',#8619);
#8621=ORIENTED_EDGE('',*,*,#6449,.F.);
#8622=ORIENTED_EDGE('',*,*,#8586,.F.);
#8624=ORIENTED_EDGE('',*,*,#8623,.T.);
#8626=ORIENTED_EDGE('',*,*,#8625,.T.);
#8628=ORIENTED_EDGE('',*,*,#8627,.T.);
#8630=ORIENTED_EDGE('',*,*,#8629,.T.);
#8632=ORIENTED_EDGE('',*,*,#8631,.T.);
#8634=ORIENTED_EDGE('',*,*,#8633,.T.);
#8636=ORIENTED_EDGE('',*,*,#8635,.F.);
#8637=EDGE_LOOP('',(#8621,#8622,#8624,#8626,#8628,#8630,#8632,#8634,#8636));
#8638=FACE_OUTER_BOUND('',#8637,.F.);
#8639=ADVANCED_FACE('',(#8638),#8620,.F.);
#8640=CARTESIAN_POINT('',(6.7E0,1.135809608451E0,-9.371948011662E-1));
#8641=DIRECTION('',(0.E0,9.063077870360E-1,-4.226182617420E-1));
#8642=DIRECTION('',(0.E0,-4.226182617420E-1,-9.063077870360E-1));
#8643=AXIS2_PLACEMENT_3D('',#8640,#8641,#8642);
#8644=PLANE('',#8643);
#8645=ORIENTED_EDGE('',*,*,#5930,.F.);
#8647=ORIENTED_EDGE('',*,*,#8646,.T.);
#8649=ORIENTED_EDGE('',*,*,#8648,.F.);
#8650=ORIENTED_EDGE('',*,*,#8608,.F.);
#8651=EDGE_LOOP('',(#8645,#8647,#8649,#8650));
#8652=FACE_OUTER_BOUND('',#8651,.F.);
#8653=ADVANCED_FACE('',(#8652),#8644,.F.);
#8654=CARTESIAN_POINT('',(6.795E0,7.561074182865E-1,-2.8E0));
#8655=DIRECTION('',(1.E0,0.E0,0.E0));
#8656=DIRECTION('',(0.E0,1.E0,0.E0));
#8657=AXIS2_PLACEMENT_3D('',#8654,#8655,#8656);
#8658=PLANE('',#8657);
#8659=ORIENTED_EDGE('',*,*,#5928,.F.);
#8660=ORIENTED_EDGE('',*,*,#6172,.F.);
#8662=ORIENTED_EDGE('',*,*,#8661,.F.);
#8663=ORIENTED_EDGE('',*,*,#8646,.F.);
#8664=EDGE_LOOP('',(#8659,#8660,#8662,#8663));
#8665=FACE_OUTER_BOUND('',#8664,.F.);
#8666=ADVANCED_FACE('',(#8665),#8658,.T.);
#8667=CARTESIAN_POINT('',(6.795E0,7.561074182865E-1,-2.8E0));
#8668=DIRECTION('',(1.E0,0.E0,0.E0));
#8669=DIRECTION('',(0.E0,1.E0,0.E0));
#8670=AXIS2_PLACEMENT_3D('',#8667,#8668,#8669);
#8671=PLANE('',#8670);
#8672=ORIENTED_EDGE('',*,*,#6453,.T.);
#8674=ORIENTED_EDGE('',*,*,#8673,.F.);
#8676=ORIENTED_EDGE('',*,*,#8675,.F.);
#8678=ORIENTED_EDGE('',*,*,#8677,.F.);
#8680=ORIENTED_EDGE('',*,*,#8679,.F.);
#8682=ORIENTED_EDGE('',*,*,#8681,.F.);
#8684=ORIENTED_EDGE('',*,*,#8683,.F.);
#8686=ORIENTED_EDGE('',*,*,#8685,.T.);
#8687=ORIENTED_EDGE('',*,*,#8595,.T.);
#8688=EDGE_LOOP('',(#8672,#8674,#8676,#8678,#8680,#8682,#8684,#8686,#8687));
#8689=FACE_OUTER_BOUND('',#8688,.F.);
#8690=ADVANCED_FACE('',(#8689),#8671,.T.);
#8691=CARTESIAN_POINT('',(6.7E0,1.128400759486E0,-2.220110536160E0));
#8692=DIRECTION('',(0.E0,9.985927540074E-1,5.303311836815E-2));
#8693=DIRECTION('',(0.E0,5.303311836815E-2,-9.985927540074E-1));
#8694=AXIS2_PLACEMENT_3D('',#8691,#8692,#8693);
#8695=PLANE('',#8694);
#8696=ORIENTED_EDGE('',*,*,#6170,.T.);
#8697=ORIENTED_EDGE('',*,*,#8610,.F.);
#8698=ORIENTED_EDGE('',*,*,#8648,.T.);
#8699=ORIENTED_EDGE('',*,*,#8661,.T.);
#8700=EDGE_LOOP('',(#8696,#8697,#8698,#8699));
#8701=FACE_OUTER_BOUND('',#8700,.F.);
#8702=ADVANCED_FACE('',(#8701),#8695,.F.);
#8703=CARTESIAN_POINT('',(6.7E0,1.262198954710E0,-4.22E0));
#8704=DIRECTION('',(0.E0,1.E0,0.E0));
#8705=DIRECTION('',(0.E0,0.E0,-1.E0));
#8706=AXIS2_PLACEMENT_3D('',#8703,#8704,#8705);
#8707=PLANE('',#8706);
#8708=ORIENTED_EDGE('',*,*,#6451,.T.);
#8709=ORIENTED_EDGE('',*,*,#8635,.T.);
#8711=ORIENTED_EDGE('',*,*,#8710,.T.);
#8712=ORIENTED_EDGE('',*,*,#8673,.T.);
#8713=EDGE_LOOP('',(#8708,#8709,#8711,#8712));
#8714=FACE_OUTER_BOUND('',#8713,.F.);
#8715=ADVANCED_FACE('',(#8714),#8707,.T.);
#8716=CARTESIAN_POINT('',(6.7E0,7.442014221757E-1,-4.4E0));
#8717=DIRECTION('',(0.E0,0.E0,1.E0));
#8718=DIRECTION('',(0.E0,1.E0,0.E0));
#8719=AXIS2_PLACEMENT_3D('',#8716,#8717,#8718);
#8720=PLANE('',#8719);
#8721=ORIENTED_EDGE('',*,*,#8633,.F.);
#8723=ORIENTED_EDGE('',*,*,#8722,.F.);
#8724=ORIENTED_EDGE('',*,*,#8675,.T.);
#8725=ORIENTED_EDGE('',*,*,#8710,.F.);
#8726=EDGE_LOOP('',(#8721,#8723,#8724,#8725));
#8727=FACE_OUTER_BOUND('',#8726,.F.);
#8728=ADVANCED_FACE('',(#8727),#8720,.F.);
#8729=CARTESIAN_POINT('',(6.7E0,2.131019448208E-1,-4.65E0));
#8730=DIRECTION('',(0.E0,9.986295347546E-1,-5.233595624298E-2));
#8731=DIRECTION('',(0.E0,5.233595624298E-2,9.986295347546E-1));
#8732=AXIS2_PLACEMENT_3D('',#8729,#8730,#8731);
#8733=PLANE('',#8732);
#8734=ORIENTED_EDGE('',*,*,#8631,.F.);
#8736=ORIENTED_EDGE('',*,*,#8735,.T.);
#8737=ORIENTED_EDGE('',*,*,#8677,.T.);
#8738=ORIENTED_EDGE('',*,*,#8722,.T.);
#8739=EDGE_LOOP('',(#8734,#8736,#8737,#8738));
#8740=FACE_OUTER_BOUND('',#8739,.F.);
#8741=ADVANCED_FACE('',(#8740),#8733,.T.);
#8742=CARTESIAN_POINT('',(6.7E0,1.E-1,-4.9E0));
#8743=DIRECTION('',(0.E0,0.E0,1.E0));
#8744=DIRECTION('',(0.E0,1.E0,0.E0));
#8745=AXIS2_PLACEMENT_3D('',#8742,#8743,#8744);
#8746=PLANE('',#8745);
#8748=ORIENTED_EDGE('',*,*,#8747,.F.);
#8749=ORIENTED_EDGE('',*,*,#8679,.T.);
#8750=ORIENTED_EDGE('',*,*,#8735,.F.);
#8751=ORIENTED_EDGE('',*,*,#8629,.F.);
#8752=EDGE_LOOP('',(#8748,#8749,#8750,#8751));
#8753=FACE_OUTER_BOUND('',#8752,.F.);
#8754=ADVANCED_FACE('',(#8753),#8746,.F.);
#8755=CARTESIAN_POINT('',(6.7E0,2.110025227537E-2,-4.497383202188E0));
#8756=DIRECTION('',(0.E0,9.986295347546E-1,-5.233595624296E-2));
#8757=DIRECTION('',(0.E0,-5.233595624296E-2,-9.986295347546E-1));
#8758=AXIS2_PLACEMENT_3D('',#8755,#8756,#8757);
#8759=PLANE('',#8758);
#8761=ORIENTED_EDGE('',*,*,#8760,.F.);
#8762=ORIENTED_EDGE('',*,*,#8681,.T.);
#8763=ORIENTED_EDGE('',*,*,#8747,.T.);
#8764=ORIENTED_EDGE('',*,*,#8627,.F.);
#8765=EDGE_LOOP('',(#8761,#8762,#8763,#8764));
#8766=FACE_OUTER_BOUND('',#8765,.F.);
#8767=ADVANCED_FACE('',(#8766),#8759,.F.);
#8768=CARTESIAN_POINT('',(6.599219565696E0,1.420634580262E-1,-4.1E0));
#8769=DIRECTION('',(1.E0,0.E0,0.E0));
#8770=DIRECTION('',(0.E0,0.E0,1.E0));
#8771=AXIS2_PLACEMENT_3D('',#8768,#8769,#8770);
#8772=CYLINDRICAL_SURFACE('',#8771,1.E-1);
#8773=ORIENTED_EDGE('',*,*,#8683,.T.);
#8774=ORIENTED_EDGE('',*,*,#8760,.T.);
#8775=ORIENTED_EDGE('',*,*,#8625,.F.);
#8777=ORIENTED_EDGE('',*,*,#8776,.T.);
#8778=EDGE_LOOP('',(#8773,#8774,#8775,#8777));
#8779=FACE_OUTER_BOUND('',#8778,.F.);
#8780=ADVANCED_FACE('',(#8779),#8772,.T.);
#8781=CARTESIAN_POINT('',(6.7E0,1.960317290131E-1,-4.E0));
#8782=DIRECTION('',(0.E0,0.E0,1.E0));
#8783=DIRECTION('',(0.E0,-1.E0,0.E0));
#8784=AXIS2_PLACEMENT_3D('',#8781,#8782,#8783);
#8785=PLANE('',#8784);
#8786=ORIENTED_EDGE('',*,*,#8597,.T.);
#8787=ORIENTED_EDGE('',*,*,#8685,.F.);
#8788=ORIENTED_EDGE('',*,*,#8776,.F.);
#8789=ORIENTED_EDGE('',*,*,#8623,.F.);
#8790=EDGE_LOOP('',(#8786,#8787,#8788,#8789));
#8791=FACE_OUTER_BOUND('',#8790,.F.);
#8792=ADVANCED_FACE('',(#8791),#8785,.T.);
#8793=CARTESIAN_POINT('',(6.7E0,1.E-1,-3.5E0));
#8794=DIRECTION('',(0.E0,0.E0,1.E0));
#8795=DIRECTION('',(0.E0,-1.E0,0.E0));
#8796=AXIS2_PLACEMENT_3D('',#8793,#8794,#8795);
#8797=PLANE('',#8796);
#8798=ORIENTED_EDGE('',*,*,#8590,.T.);
#8799=ORIENTED_EDGE('',*,*,#8576,.T.);
#8800=ORIENTED_EDGE('',*,*,#4878,.T.);
#8802=ORIENTED_EDGE('',*,*,#8801,.F.);
#8803=EDGE_LOOP('',(#8798,#8799,#8800,#8802));
#8804=FACE_OUTER_BOUND('',#8803,.F.);
#8805=ADVANCED_FACE('',(#8804),#8797,.F.);
#8806=CARTESIAN_POINT('',(6.805E0,1.E-1,-3.85E0));
#8807=DIRECTION('',(1.E0,0.E0,0.E0));
#8808=DIRECTION('',(0.E0,0.E0,-1.E0));
#8809=AXIS2_PLACEMENT_3D('',#8806,#8807,#8808);
#8810=PLANE('',#8809);
#8811=ORIENTED_EDGE('',*,*,#8592,.T.);
#8812=ORIENTED_EDGE('',*,*,#8801,.T.);
#8813=ORIENTED_EDGE('',*,*,#4876,.T.);
#8814=ORIENTED_EDGE('',*,*,#6457,.T.);
#8815=EDGE_LOOP('',(#8811,#8812,#8813,#8814));
#8816=FACE_OUTER_BOUND('',#8815,.F.);
#8817=ADVANCED_FACE('',(#8816),#8810,.F.);
#8818=CARTESIAN_POINT('',(7.095E0,1.E-1,-3.85E0));
#8819=DIRECTION('',(1.E0,0.E0,0.E0));
#8820=DIRECTION('',(0.E0,0.E0,-1.E0));
#8821=AXIS2_PLACEMENT_3D('',#8818,#8819,#8820);
#8822=PLANE('',#8821);
#8824=ORIENTED_EDGE('',*,*,#8823,.F.);
#8825=ORIENTED_EDGE('',*,*,#6460,.F.);
#8826=ORIENTED_EDGE('',*,*,#4872,.F.);
#8828=ORIENTED_EDGE('',*,*,#8827,.F.);
#8829=EDGE_LOOP('',(#8824,#8825,#8826,#8828));
#8830=FACE_OUTER_BOUND('',#8829,.F.);
#8831=ADVANCED_FACE('',(#8830),#8822,.T.);
#8832=CARTESIAN_POINT('',(7.2E0,2.E-1,-3.85E0));
#8833=DIRECTION('',(0.E0,1.E0,0.E0));
#8834=DIRECTION('',(0.E0,0.E0,-1.E0));
#8835=AXIS2_PLACEMENT_3D('',#8832,#8833,#8834);
#8836=PLANE('',#8835);
#8838=ORIENTED_EDGE('',*,*,#8837,.T.);
#8839=ORIENTED_EDGE('',*,*,#6462,.F.);
#8840=ORIENTED_EDGE('',*,*,#8823,.T.);
#8842=ORIENTED_EDGE('',*,*,#8841,.F.);
#8844=ORIENTED_EDGE('',*,*,#8843,.F.);
#8845=ORIENTED_EDGE('',*,*,#6470,.F.);
#8847=ORIENTED_EDGE('',*,*,#8846,.F.);
#8849=ORIENTED_EDGE('',*,*,#8848,.F.);
#8850=EDGE_LOOP('',(#8838,#8839,#8840,#8842,#8844,#8845,#8847,#8849));
#8851=FACE_OUTER_BOUND('',#8850,.F.);
#8852=ADVANCED_FACE('',(#8851),#8836,.F.);
#8853=CARTESIAN_POINT('',(7.105E0,7.561074182865E-1,-2.8E0));
#8854=DIRECTION('',(1.E0,0.E0,0.E0));
#8855=DIRECTION('',(0.E0,1.E0,0.E0));
#8856=AXIS2_PLACEMENT_3D('',#8853,#8854,#8855);
#8857=PLANE('',#8856);
#8858=ORIENTED_EDGE('',*,*,#5924,.T.);
#8860=ORIENTED_EDGE('',*,*,#8859,.T.);
#8862=ORIENTED_EDGE('',*,*,#8861,.T.);
#8863=ORIENTED_EDGE('',*,*,#6175,.T.);
#8864=EDGE_LOOP('',(#8858,#8860,#8862,#8863));
#8865=FACE_OUTER_BOUND('',#8864,.F.);
#8866=ADVANCED_FACE('',(#8865),#8857,.F.);
#8867=CARTESIAN_POINT('',(7.105E0,7.561074182865E-1,-2.8E0));
#8868=DIRECTION('',(1.E0,0.E0,0.E0));
#8869=DIRECTION('',(0.E0,1.E0,0.E0));
#8870=AXIS2_PLACEMENT_3D('',#8867,#8868,#8869);
#8871=PLANE('',#8870);
#8872=ORIENTED_EDGE('',*,*,#6464,.F.);
#8873=ORIENTED_EDGE('',*,*,#8837,.F.);
#8875=ORIENTED_EDGE('',*,*,#8874,.T.);
#8877=ORIENTED_EDGE('',*,*,#8876,.T.);
#8879=ORIENTED_EDGE('',*,*,#8878,.T.);
#8881=ORIENTED_EDGE('',*,*,#8880,.T.);
#8883=ORIENTED_EDGE('',*,*,#8882,.T.);
#8885=ORIENTED_EDGE('',*,*,#8884,.T.);
#8887=ORIENTED_EDGE('',*,*,#8886,.F.);
#8888=EDGE_LOOP('',(#8872,#8873,#8875,#8877,#8879,#8881,#8883,#8885,#8887));
#8889=FACE_OUTER_BOUND('',#8888,.F.);
#8890=ADVANCED_FACE('',(#8889),#8871,.F.);
#8891=CARTESIAN_POINT('',(7.2E0,1.135809608451E0,-9.371948011662E-1));
#8892=DIRECTION('',(0.E0,9.063077870360E-1,-4.226182617420E-1));
#8893=DIRECTION('',(0.E0,-4.226182617420E-1,-9.063077870360E-1));
#8894=AXIS2_PLACEMENT_3D('',#8891,#8892,#8893);
#8895=PLANE('',#8894);
#8896=ORIENTED_EDGE('',*,*,#5922,.F.);
#8898=ORIENTED_EDGE('',*,*,#8897,.T.);
#8900=ORIENTED_EDGE('',*,*,#8899,.F.);
#8901=ORIENTED_EDGE('',*,*,#8859,.F.);
#8902=EDGE_LOOP('',(#8896,#8898,#8900,#8901));
#8903=FACE_OUTER_BOUND('',#8902,.F.);
#8904=ADVANCED_FACE('',(#8903),#8895,.F.);
#8905=CARTESIAN_POINT('',(7.295E0,7.561074182865E-1,-2.8E0));
#8906=DIRECTION('',(1.E0,0.E0,0.E0));
#8907=DIRECTION('',(0.E0,1.E0,0.E0));
#8908=AXIS2_PLACEMENT_3D('',#8905,#8906,#8907);
#8909=PLANE('',#8908);
#8910=ORIENTED_EDGE('',*,*,#5920,.F.);
#8911=ORIENTED_EDGE('',*,*,#6179,.F.);
#8913=ORIENTED_EDGE('',*,*,#8912,.F.);
#8914=ORIENTED_EDGE('',*,*,#8897,.F.);
#8915=EDGE_LOOP('',(#8910,#8911,#8913,#8914));
#8916=FACE_OUTER_BOUND('',#8915,.F.);
#8917=ADVANCED_FACE('',(#8916),#8909,.T.);
#8918=CARTESIAN_POINT('',(7.295E0,7.561074182865E-1,-2.8E0));
#8919=DIRECTION('',(1.E0,0.E0,0.E0));
#8920=DIRECTION('',(0.E0,1.E0,0.E0));
#8921=AXIS2_PLACEMENT_3D('',#8918,#8919,#8920);
#8922=PLANE('',#8921);
#8923=ORIENTED_EDGE('',*,*,#6468,.T.);
#8925=ORIENTED_EDGE('',*,*,#8924,.F.);
#8927=ORIENTED_EDGE('',*,*,#8926,.F.);
#8929=ORIENTED_EDGE('',*,*,#8928,.F.);
#8931=ORIENTED_EDGE('',*,*,#8930,.F.);
#8933=ORIENTED_EDGE('',*,*,#8932,.F.);
#8935=ORIENTED_EDGE('',*,*,#8934,.F.);
#8937=ORIENTED_EDGE('',*,*,#8936,.T.);
#8938=ORIENTED_EDGE('',*,*,#8846,.T.);
#8939=EDGE_LOOP('',(#8923,#8925,#8927,#8929,#8931,#8933,#8935,#8937,#8938));
#8940=FACE_OUTER_BOUND('',#8939,.F.);
#8941=ADVANCED_FACE('',(#8940),#8922,.T.);
#8942=CARTESIAN_POINT('',(7.2E0,1.128400759486E0,-2.220110536160E0));
#8943=DIRECTION('',(0.E0,9.985927540074E-1,5.303311836815E-2));
#8944=DIRECTION('',(0.E0,5.303311836815E-2,-9.985927540074E-1));
#8945=AXIS2_PLACEMENT_3D('',#8942,#8943,#8944);
#8946=PLANE('',#8945);
#8947=ORIENTED_EDGE('',*,*,#6177,.T.);
#8948=ORIENTED_EDGE('',*,*,#8861,.F.);
#8949=ORIENTED_EDGE('',*,*,#8899,.T.);
#8950=ORIENTED_EDGE('',*,*,#8912,.T.);
#8951=EDGE_LOOP('',(#8947,#8948,#8949,#8950));
#8952=FACE_OUTER_BOUND('',#8951,.F.);
#8953=ADVANCED_FACE('',(#8952),#8946,.F.);
#8954=CARTESIAN_POINT('',(7.2E0,1.262198954710E0,-4.22E0));
#8955=DIRECTION('',(0.E0,1.E0,0.E0));
#8956=DIRECTION('',(0.E0,0.E0,-1.E0));
#8957=AXIS2_PLACEMENT_3D('',#8954,#8955,#8956);
#8958=PLANE('',#8957);
#8959=ORIENTED_EDGE('',*,*,#6466,.T.);
#8960=ORIENTED_EDGE('',*,*,#8886,.T.);
#8962=ORIENTED_EDGE('',*,*,#8961,.T.);
#8963=ORIENTED_EDGE('',*,*,#8924,.T.);
#8964=EDGE_LOOP('',(#8959,#8960,#8962,#8963));
#8965=FACE_OUTER_BOUND('',#8964,.F.);
#8966=ADVANCED_FACE('',(#8965),#8958,.T.);
#8967=CARTESIAN_POINT('',(7.2E0,7.442014221757E-1,-4.4E0));
#8968=DIRECTION('',(0.E0,0.E0,1.E0));
#8969=DIRECTION('',(0.E0,1.E0,0.E0));
#8970=AXIS2_PLACEMENT_3D('',#8967,#8968,#8969);
#8971=PLANE('',#8970);
#8972=ORIENTED_EDGE('',*,*,#8884,.F.);
#8974=ORIENTED_EDGE('',*,*,#8973,.F.);
#8975=ORIENTED_EDGE('',*,*,#8926,.T.);
#8976=ORIENTED_EDGE('',*,*,#8961,.F.);
#8977=EDGE_LOOP('',(#8972,#8974,#8975,#8976));
#8978=FACE_OUTER_BOUND('',#8977,.F.);
#8979=ADVANCED_FACE('',(#8978),#8971,.F.);
#8980=CARTESIAN_POINT('',(7.2E0,2.131019448208E-1,-4.65E0));
#8981=DIRECTION('',(0.E0,9.986295347546E-1,-5.233595624298E-2));
#8982=DIRECTION('',(0.E0,5.233595624298E-2,9.986295347546E-1));
#8983=AXIS2_PLACEMENT_3D('',#8980,#8981,#8982);
#8984=PLANE('',#8983);
#8985=ORIENTED_EDGE('',*,*,#8882,.F.);
#8987=ORIENTED_EDGE('',*,*,#8986,.T.);
#8988=ORIENTED_EDGE('',*,*,#8928,.T.);
#8989=ORIENTED_EDGE('',*,*,#8973,.T.);
#8990=EDGE_LOOP('',(#8985,#8987,#8988,#8989));
#8991=FACE_OUTER_BOUND('',#8990,.F.);
#8992=ADVANCED_FACE('',(#8991),#8984,.T.);
#8993=CARTESIAN_POINT('',(7.2E0,1.E-1,-4.9E0));
#8994=DIRECTION('',(0.E0,0.E0,1.E0));
#8995=DIRECTION('',(0.E0,1.E0,0.E0));
#8996=AXIS2_PLACEMENT_3D('',#8993,#8994,#8995);
#8997=PLANE('',#8996);
#8999=ORIENTED_EDGE('',*,*,#8998,.F.);
#9000=ORIENTED_EDGE('',*,*,#8930,.T.);
#9001=ORIENTED_EDGE('',*,*,#8986,.F.);
#9002=ORIENTED_EDGE('',*,*,#8880,.F.);
#9003=EDGE_LOOP('',(#8999,#9000,#9001,#9002));
#9004=FACE_OUTER_BOUND('',#9003,.F.);
#9005=ADVANCED_FACE('',(#9004),#8997,.F.);
#9006=CARTESIAN_POINT('',(7.2E0,2.110025227537E-2,-4.497383202188E0));
#9007=DIRECTION('',(0.E0,9.986295347546E-1,-5.233595624296E-2));
#9008=DIRECTION('',(0.E0,-5.233595624296E-2,-9.986295347546E-1));
#9009=AXIS2_PLACEMENT_3D('',#9006,#9007,#9008);
#9010=PLANE('',#9009);
#9012=ORIENTED_EDGE('',*,*,#9011,.F.);
#9013=ORIENTED_EDGE('',*,*,#8932,.T.);
#9014=ORIENTED_EDGE('',*,*,#8998,.T.);
#9015=ORIENTED_EDGE('',*,*,#8878,.F.);
#9016=EDGE_LOOP('',(#9012,#9013,#9014,#9015));
#9017=FACE_OUTER_BOUND('',#9016,.F.);
#9018=ADVANCED_FACE('',(#9017),#9010,.F.);
#9019=CARTESIAN_POINT('',(7.099219565696E0,1.420634580262E-1,-4.1E0));
#9020=DIRECTION('',(1.E0,0.E0,0.E0));
#9021=DIRECTION('',(0.E0,0.E0,1.E0));
#9022=AXIS2_PLACEMENT_3D('',#9019,#9020,#9021);
#9023=CYLINDRICAL_SURFACE('',#9022,1.E-1);
#9024=ORIENTED_EDGE('',*,*,#8934,.T.);
#9025=ORIENTED_EDGE('',*,*,#9011,.T.);
#9026=ORIENTED_EDGE('',*,*,#8876,.F.);
#9028=ORIENTED_EDGE('',*,*,#9027,.T.);
#9029=EDGE_LOOP('',(#9024,#9025,#9026,#9028));
#9030=FACE_OUTER_BOUND('',#9029,.F.);
#9031=ADVANCED_FACE('',(#9030),#9023,.T.);
#9032=CARTESIAN_POINT('',(7.2E0,1.960317290131E-1,-4.E0));
#9033=DIRECTION('',(0.E0,0.E0,1.E0));
#9034=DIRECTION('',(0.E0,-1.E0,0.E0));
#9035=AXIS2_PLACEMENT_3D('',#9032,#9033,#9034);
#9036=PLANE('',#9035);
#9037=ORIENTED_EDGE('',*,*,#8848,.T.);
#9038=ORIENTED_EDGE('',*,*,#8936,.F.);
#9039=ORIENTED_EDGE('',*,*,#9027,.F.);
#9040=ORIENTED_EDGE('',*,*,#8874,.F.);
#9041=EDGE_LOOP('',(#9037,#9038,#9039,#9040));
#9042=FACE_OUTER_BOUND('',#9041,.F.);
#9043=ADVANCED_FACE('',(#9042),#9036,.T.);
#9044=CARTESIAN_POINT('',(7.2E0,1.E-1,-3.5E0));
#9045=DIRECTION('',(0.E0,0.E0,1.E0));
#9046=DIRECTION('',(0.E0,-1.E0,0.E0));
#9047=AXIS2_PLACEMENT_3D('',#9044,#9045,#9046);
#9048=PLANE('',#9047);
#9050=ORIENTED_EDGE('',*,*,#9049,.F.);
#9051=ORIENTED_EDGE('',*,*,#8841,.T.);
#9052=ORIENTED_EDGE('',*,*,#8827,.T.);
#9053=ORIENTED_EDGE('',*,*,#4870,.T.);
#9054=EDGE_LOOP('',(#9050,#9051,#9052,#9053));
#9055=FACE_OUTER_BOUND('',#9054,.F.);
#9056=ADVANCED_FACE('',(#9055),#9048,.F.);
#9057=CARTESIAN_POINT('',(7.305E0,1.E-1,-3.85E0));
#9058=DIRECTION('',(1.E0,0.E0,0.E0));
#9059=DIRECTION('',(0.E0,0.E0,-1.E0));
#9060=AXIS2_PLACEMENT_3D('',#9057,#9058,#9059);
#9061=PLANE('',#9060);
#9062=ORIENTED_EDGE('',*,*,#8843,.T.);
#9063=ORIENTED_EDGE('',*,*,#9049,.T.);
#9064=ORIENTED_EDGE('',*,*,#4868,.T.);
#9065=ORIENTED_EDGE('',*,*,#6472,.T.);
#9066=EDGE_LOOP('',(#9062,#9063,#9064,#9065));
#9067=FACE_OUTER_BOUND('',#9066,.F.);
#9068=ADVANCED_FACE('',(#9067),#9061,.F.);
#9069=CARTESIAN_POINT('',(7.595E0,1.E-1,-3.85E0));
#9070=DIRECTION('',(1.E0,0.E0,0.E0));
#9071=DIRECTION('',(0.E0,0.E0,-1.E0));
#9072=AXIS2_PLACEMENT_3D('',#9069,#9070,#9071);
#9073=PLANE('',#9072);
#9075=ORIENTED_EDGE('',*,*,#9074,.F.);
#9076=ORIENTED_EDGE('',*,*,#6475,.F.);
#9077=ORIENTED_EDGE('',*,*,#4864,.F.);
#9079=ORIENTED_EDGE('',*,*,#9078,.F.);
#9080=EDGE_LOOP('',(#9075,#9076,#9077,#9079));
#9081=FACE_OUTER_BOUND('',#9080,.F.);
#9082=ADVANCED_FACE('',(#9081),#9073,.T.);
#9083=CARTESIAN_POINT('',(7.7E0,2.E-1,-3.85E0));
#9084=DIRECTION('',(0.E0,1.E0,0.E0));
#9085=DIRECTION('',(0.E0,0.E0,-1.E0));
#9086=AXIS2_PLACEMENT_3D('',#9083,#9084,#9085);
#9087=PLANE('',#9086);
#9089=ORIENTED_EDGE('',*,*,#9088,.T.);
#9090=ORIENTED_EDGE('',*,*,#6477,.F.);
#9091=ORIENTED_EDGE('',*,*,#9074,.T.);
#9093=ORIENTED_EDGE('',*,*,#9092,.F.);
#9095=ORIENTED_EDGE('',*,*,#9094,.F.);
#9096=ORIENTED_EDGE('',*,*,#6485,.F.);
#9098=ORIENTED_EDGE('',*,*,#9097,.F.);
#9100=ORIENTED_EDGE('',*,*,#9099,.F.);
#9101=EDGE_LOOP('',(#9089,#9090,#9091,#9093,#9095,#9096,#9098,#9100));
#9102=FACE_OUTER_BOUND('',#9101,.F.);
#9103=ADVANCED_FACE('',(#9102),#9087,.F.);
#9104=CARTESIAN_POINT('',(7.605E0,7.561074182865E-1,-2.8E0));
#9105=DIRECTION('',(1.E0,0.E0,0.E0));
#9106=DIRECTION('',(0.E0,1.E0,0.E0));
#9107=AXIS2_PLACEMENT_3D('',#9104,#9105,#9106);
#9108=PLANE('',#9107);
#9109=ORIENTED_EDGE('',*,*,#5916,.T.);
#9111=ORIENTED_EDGE('',*,*,#9110,.T.);
#9113=ORIENTED_EDGE('',*,*,#9112,.T.);
#9114=ORIENTED_EDGE('',*,*,#6182,.T.);
#9115=EDGE_LOOP('',(#9109,#9111,#9113,#9114));
#9116=FACE_OUTER_BOUND('',#9115,.F.);
#9117=ADVANCED_FACE('',(#9116),#9108,.F.);
#9118=CARTESIAN_POINT('',(7.605E0,7.561074182865E-1,-2.8E0));
#9119=DIRECTION('',(1.E0,0.E0,0.E0));
#9120=DIRECTION('',(0.E0,1.E0,0.E0));
#9121=AXIS2_PLACEMENT_3D('',#9118,#9119,#9120);
#9122=PLANE('',#9121);
#9123=ORIENTED_EDGE('',*,*,#6479,.F.);
#9124=ORIENTED_EDGE('',*,*,#9088,.F.);
#9126=ORIENTED_EDGE('',*,*,#9125,.T.);
#9128=ORIENTED_EDGE('',*,*,#9127,.T.);
#9130=ORIENTED_EDGE('',*,*,#9129,.T.);
#9132=ORIENTED_EDGE('',*,*,#9131,.T.);
#9134=ORIENTED_EDGE('',*,*,#9133,.T.);
#9136=ORIENTED_EDGE('',*,*,#9135,.T.);
#9138=ORIENTED_EDGE('',*,*,#9137,.F.);
#9139=EDGE_LOOP('',(#9123,#9124,#9126,#9128,#9130,#9132,#9134,#9136,#9138));
#9140=FACE_OUTER_BOUND('',#9139,.F.);
#9141=ADVANCED_FACE('',(#9140),#9122,.F.);
#9142=CARTESIAN_POINT('',(7.7E0,1.135809608451E0,-9.371948011662E-1));
#9143=DIRECTION('',(0.E0,9.063077870360E-1,-4.226182617420E-1));
#9144=DIRECTION('',(0.E0,-4.226182617420E-1,-9.063077870360E-1));
#9145=AXIS2_PLACEMENT_3D('',#9142,#9143,#9144);
#9146=PLANE('',#9145);
#9147=ORIENTED_EDGE('',*,*,#5914,.F.);
#9149=ORIENTED_EDGE('',*,*,#9148,.T.);
#9151=ORIENTED_EDGE('',*,*,#9150,.F.);
#9152=ORIENTED_EDGE('',*,*,#9110,.F.);
#9153=EDGE_LOOP('',(#9147,#9149,#9151,#9152));
#9154=FACE_OUTER_BOUND('',#9153,.F.);
#9155=ADVANCED_FACE('',(#9154),#9146,.F.);
#9156=CARTESIAN_POINT('',(7.795E0,7.561074182865E-1,-2.8E0));
#9157=DIRECTION('',(1.E0,0.E0,0.E0));
#9158=DIRECTION('',(0.E0,1.E0,0.E0));
#9159=AXIS2_PLACEMENT_3D('',#9156,#9157,#9158);
#9160=PLANE('',#9159);
#9161=ORIENTED_EDGE('',*,*,#5912,.F.);
#9162=ORIENTED_EDGE('',*,*,#6186,.F.);
#9164=ORIENTED_EDGE('',*,*,#9163,.F.);
#9165=ORIENTED_EDGE('',*,*,#9148,.F.);
#9166=EDGE_LOOP('',(#9161,#9162,#9164,#9165));
#9167=FACE_OUTER_BOUND('',#9166,.F.);
#9168=ADVANCED_FACE('',(#9167),#9160,.T.);
#9169=CARTESIAN_POINT('',(7.795E0,7.561074182865E-1,-2.8E0));
#9170=DIRECTION('',(1.E0,0.E0,0.E0));
#9171=DIRECTION('',(0.E0,1.E0,0.E0));
#9172=AXIS2_PLACEMENT_3D('',#9169,#9170,#9171);
#9173=PLANE('',#9172);
#9174=ORIENTED_EDGE('',*,*,#6483,.T.);
#9176=ORIENTED_EDGE('',*,*,#9175,.F.);
#9178=ORIENTED_EDGE('',*,*,#9177,.F.);
#9180=ORIENTED_EDGE('',*,*,#9179,.F.);
#9182=ORIENTED_EDGE('',*,*,#9181,.F.);
#9184=ORIENTED_EDGE('',*,*,#9183,.F.);
#9186=ORIENTED_EDGE('',*,*,#9185,.F.);
#9188=ORIENTED_EDGE('',*,*,#9187,.T.);
#9189=ORIENTED_EDGE('',*,*,#9097,.T.);
#9190=EDGE_LOOP('',(#9174,#9176,#9178,#9180,#9182,#9184,#9186,#9188,#9189));
#9191=FACE_OUTER_BOUND('',#9190,.F.);
#9192=ADVANCED_FACE('',(#9191),#9173,.T.);
#9193=CARTESIAN_POINT('',(7.7E0,1.128400759486E0,-2.220110536160E0));
#9194=DIRECTION('',(0.E0,9.985927540074E-1,5.303311836815E-2));
#9195=DIRECTION('',(0.E0,5.303311836815E-2,-9.985927540074E-1));
#9196=AXIS2_PLACEMENT_3D('',#9193,#9194,#9195);
#9197=PLANE('',#9196);
#9198=ORIENTED_EDGE('',*,*,#6184,.T.);
#9199=ORIENTED_EDGE('',*,*,#9112,.F.);
#9200=ORIENTED_EDGE('',*,*,#9150,.T.);
#9201=ORIENTED_EDGE('',*,*,#9163,.T.);
#9202=EDGE_LOOP('',(#9198,#9199,#9200,#9201));
#9203=FACE_OUTER_BOUND('',#9202,.F.);
#9204=ADVANCED_FACE('',(#9203),#9197,.F.);
#9205=CARTESIAN_POINT('',(7.7E0,1.262198954710E0,-4.22E0));
#9206=DIRECTION('',(0.E0,1.E0,0.E0));
#9207=DIRECTION('',(0.E0,0.E0,-1.E0));
#9208=AXIS2_PLACEMENT_3D('',#9205,#9206,#9207);
#9209=PLANE('',#9208);
#9210=ORIENTED_EDGE('',*,*,#6481,.T.);
#9211=ORIENTED_EDGE('',*,*,#9137,.T.);
#9213=ORIENTED_EDGE('',*,*,#9212,.T.);
#9214=ORIENTED_EDGE('',*,*,#9175,.T.);
#9215=EDGE_LOOP('',(#9210,#9211,#9213,#9214));
#9216=FACE_OUTER_BOUND('',#9215,.F.);
#9217=ADVANCED_FACE('',(#9216),#9209,.T.);
#9218=CARTESIAN_POINT('',(7.7E0,7.442014221757E-1,-4.4E0));
#9219=DIRECTION('',(0.E0,0.E0,1.E0));
#9220=DIRECTION('',(0.E0,1.E0,0.E0));
#9221=AXIS2_PLACEMENT_3D('',#9218,#9219,#9220);
#9222=PLANE('',#9221);
#9223=ORIENTED_EDGE('',*,*,#9135,.F.);
#9225=ORIENTED_EDGE('',*,*,#9224,.F.);
#9226=ORIENTED_EDGE('',*,*,#9177,.T.);
#9227=ORIENTED_EDGE('',*,*,#9212,.F.);
#9228=EDGE_LOOP('',(#9223,#9225,#9226,#9227));
#9229=FACE_OUTER_BOUND('',#9228,.F.);
#9230=ADVANCED_FACE('',(#9229),#9222,.F.);
#9231=CARTESIAN_POINT('',(7.7E0,2.131019448208E-1,-4.65E0));
#9232=DIRECTION('',(0.E0,9.986295347546E-1,-5.233595624298E-2));
#9233=DIRECTION('',(0.E0,5.233595624298E-2,9.986295347546E-1));
#9234=AXIS2_PLACEMENT_3D('',#9231,#9232,#9233);
#9235=PLANE('',#9234);
#9236=ORIENTED_EDGE('',*,*,#9133,.F.);
#9238=ORIENTED_EDGE('',*,*,#9237,.T.);
#9239=ORIENTED_EDGE('',*,*,#9179,.T.);
#9240=ORIENTED_EDGE('',*,*,#9224,.T.);
#9241=EDGE_LOOP('',(#9236,#9238,#9239,#9240));
#9242=FACE_OUTER_BOUND('',#9241,.F.);
#9243=ADVANCED_FACE('',(#9242),#9235,.T.);
#9244=CARTESIAN_POINT('',(7.7E0,1.E-1,-4.9E0));
#9245=DIRECTION('',(0.E0,0.E0,1.E0));
#9246=DIRECTION('',(0.E0,1.E0,0.E0));
#9247=AXIS2_PLACEMENT_3D('',#9244,#9245,#9246);
#9248=PLANE('',#9247);
#9250=ORIENTED_EDGE('',*,*,#9249,.F.);
#9251=ORIENTED_EDGE('',*,*,#9181,.T.);
#9252=ORIENTED_EDGE('',*,*,#9237,.F.);
#9253=ORIENTED_EDGE('',*,*,#9131,.F.);
#9254=EDGE_LOOP('',(#9250,#9251,#9252,#9253));
#9255=FACE_OUTER_BOUND('',#9254,.F.);
#9256=ADVANCED_FACE('',(#9255),#9248,.F.);
#9257=CARTESIAN_POINT('',(7.7E0,2.110025227537E-2,-4.497383202188E0));
#9258=DIRECTION('',(0.E0,9.986295347546E-1,-5.233595624296E-2));
#9259=DIRECTION('',(0.E0,-5.233595624296E-2,-9.986295347546E-1));
#9260=AXIS2_PLACEMENT_3D('',#9257,#9258,#9259);
#9261=PLANE('',#9260);
#9263=ORIENTED_EDGE('',*,*,#9262,.F.);
#9264=ORIENTED_EDGE('',*,*,#9183,.T.);
#9265=ORIENTED_EDGE('',*,*,#9249,.T.);
#9266=ORIENTED_EDGE('',*,*,#9129,.F.);
#9267=EDGE_LOOP('',(#9263,#9264,#9265,#9266));
#9268=FACE_OUTER_BOUND('',#9267,.F.);
#9269=ADVANCED_FACE('',(#9268),#9261,.F.);
#9270=CARTESIAN_POINT('',(7.599219565696E0,1.420634580262E-1,-4.1E0));
#9271=DIRECTION('',(1.E0,0.E0,0.E0));
#9272=DIRECTION('',(0.E0,0.E0,1.E0));
#9273=AXIS2_PLACEMENT_3D('',#9270,#9271,#9272);
#9274=CYLINDRICAL_SURFACE('',#9273,1.E-1);
#9275=ORIENTED_EDGE('',*,*,#9185,.T.);
#9276=ORIENTED_EDGE('',*,*,#9262,.T.);
#9277=ORIENTED_EDGE('',*,*,#9127,.F.);
#9279=ORIENTED_EDGE('',*,*,#9278,.T.);
#9280=EDGE_LOOP('',(#9275,#9276,#9277,#9279));
#9281=FACE_OUTER_BOUND('',#9280,.F.);
#9282=ADVANCED_FACE('',(#9281),#9274,.T.);
#9283=CARTESIAN_POINT('',(7.7E0,1.960317290131E-1,-4.E0));
#9284=DIRECTION('',(0.E0,0.E0,1.E0));
#9285=DIRECTION('',(0.E0,-1.E0,0.E0));
#9286=AXIS2_PLACEMENT_3D('',#9283,#9284,#9285);
#9287=PLANE('',#9286);
#9288=ORIENTED_EDGE('',*,*,#9099,.T.);
#9289=ORIENTED_EDGE('',*,*,#9187,.F.);
#9290=ORIENTED_EDGE('',*,*,#9278,.F.);
#9291=ORIENTED_EDGE('',*,*,#9125,.F.);
#9292=EDGE_LOOP('',(#9288,#9289,#9290,#9291));
#9293=FACE_OUTER_BOUND('',#9292,.F.);
#9294=ADVANCED_FACE('',(#9293),#9287,.T.);
#9295=CARTESIAN_POINT('',(7.7E0,1.E-1,-3.5E0));
#9296=DIRECTION('',(0.E0,0.E0,1.E0));
#9297=DIRECTION('',(0.E0,-1.E0,0.E0));
#9298=AXIS2_PLACEMENT_3D('',#9295,#9296,#9297);
#9299=PLANE('',#9298);
#9300=ORIENTED_EDGE('',*,*,#9092,.T.);
#9301=ORIENTED_EDGE('',*,*,#9078,.T.);
#9302=ORIENTED_EDGE('',*,*,#4862,.T.);
#9304=ORIENTED_EDGE('',*,*,#9303,.F.);
#9305=EDGE_LOOP('',(#9300,#9301,#9302,#9304));
#9306=FACE_OUTER_BOUND('',#9305,.F.);
#9307=ADVANCED_FACE('',(#9306),#9299,.F.);
#9308=CARTESIAN_POINT('',(7.805E0,1.E-1,-3.85E0));
#9309=DIRECTION('',(1.E0,0.E0,0.E0));
#9310=DIRECTION('',(0.E0,0.E0,-1.E0));
#9311=AXIS2_PLACEMENT_3D('',#9308,#9309,#9310);
#9312=PLANE('',#9311);
#9313=ORIENTED_EDGE('',*,*,#9094,.T.);
#9314=ORIENTED_EDGE('',*,*,#9303,.T.);
#9315=ORIENTED_EDGE('',*,*,#4860,.T.);
#9316=ORIENTED_EDGE('',*,*,#6487,.T.);
#9317=EDGE_LOOP('',(#9313,#9314,#9315,#9316));
#9318=FACE_OUTER_BOUND('',#9317,.F.);
#9319=ADVANCED_FACE('',(#9318),#9312,.F.);
#9320=CARTESIAN_POINT('',(1.83E0,1.755E0,-3.125E0));
#9321=DIRECTION('',(1.E0,0.E0,0.E0));
#9322=DIRECTION('',(0.E0,0.E0,-1.E0));
#9323=AXIS2_PLACEMENT_3D('',#9320,#9321,#9322);
#9324=PLANE('',#9323);
#9326=ORIENTED_EDGE('',*,*,#9325,.F.);
#9328=ORIENTED_EDGE('',*,*,#9327,.T.);
#9329=ORIENTED_EDGE('',*,*,#6496,.T.);
#9330=ORIENTED_EDGE('',*,*,#5225,.T.);
#9332=ORIENTED_EDGE('',*,*,#9331,.F.);
#9334=ORIENTED_EDGE('',*,*,#9333,.T.);
#9336=ORIENTED_EDGE('',*,*,#9335,.T.);
#9338=ORIENTED_EDGE('',*,*,#9337,.F.);
#9339=EDGE_LOOP('',(#9326,#9328,#9329,#9330,#9332,#9334,#9336,#9338));
#9340=FACE_OUTER_BOUND('',#9339,.F.);
#9341=ADVANCED_FACE('',(#9340),#9324,.F.);
#9342=CARTESIAN_POINT('',(9.677836912395E-1,8.6E-1,-4.19E0));
#9343=DIRECTION('',(0.E0,0.E0,1.E0));
#9344=DIRECTION('',(1.E0,0.E0,0.E0));
#9345=AXIS2_PLACEMENT_3D('',#9342,#9343,#9344);
#9346=PLANE('',#9345);
#9347=ORIENTED_EDGE('',*,*,#4958,.F.);
#9349=ORIENTED_EDGE('',*,*,#9348,.T.);
#9351=ORIENTED_EDGE('',*,*,#9350,.T.);
#9353=ORIENTED_EDGE('',*,*,#9352,.F.);
#9355=ORIENTED_EDGE('',*,*,#9354,.F.);
#9357=ORIENTED_EDGE('',*,*,#9356,.T.);
#9359=ORIENTED_EDGE('',*,*,#9358,.T.);
#9361=ORIENTED_EDGE('',*,*,#9360,.T.);
#9362=EDGE_LOOP('',(#9347,#9349,#9351,#9353,#9355,#9357,#9359,#9361));
#9363=FACE_OUTER_BOUND('',#9362,.F.);
#9364=ADVANCED_FACE('',(#9363),#9346,.F.);
#9365=CARTESIAN_POINT('',(9.677836912395E-1,8.6E-1,-4.19E0));
#9366=DIRECTION('',(0.E0,0.E0,1.E0));
#9367=DIRECTION('',(1.E0,0.E0,0.E0));
#9368=AXIS2_PLACEMENT_3D('',#9365,#9366,#9367);
#9369=PLANE('',#9368);
#9370=ORIENTED_EDGE('',*,*,#9325,.T.);
#9372=ORIENTED_EDGE('',*,*,#9371,.T.);
#9374=ORIENTED_EDGE('',*,*,#9373,.T.);
#9376=ORIENTED_EDGE('',*,*,#9375,.F.);
#9377=EDGE_LOOP('',(#9370,#9372,#9374,#9376));
#9378=FACE_OUTER_BOUND('',#9377,.F.);
#9379=ADVANCED_FACE('',(#9378),#9369,.F.);
#9380=CARTESIAN_POINT('',(1.83E0,1.15E-1,-3.125E0));
#9381=DIRECTION('',(1.E0,0.E0,0.E0));
#9382=DIRECTION('',(0.E0,0.E0,-1.E0));
#9383=AXIS2_PLACEMENT_3D('',#9380,#9381,#9382);
#9384=PLANE('',#9383);
#9386=ORIENTED_EDGE('',*,*,#9385,.T.);
#9388=ORIENTED_EDGE('',*,*,#9387,.F.);
#9390=ORIENTED_EDGE('',*,*,#9389,.F.);
#9392=ORIENTED_EDGE('',*,*,#9391,.F.);
#9393=ORIENTED_EDGE('',*,*,#4964,.F.);
#9395=ORIENTED_EDGE('',*,*,#9394,.T.);
#9396=EDGE_LOOP('',(#9386,#9388,#9390,#9392,#9393,#9395));
#9397=FACE_OUTER_BOUND('',#9396,.F.);
#9398=ADVANCED_FACE('',(#9397),#9384,.F.);
#9399=CARTESIAN_POINT('',(1.83E0,1.15E-1,-3.125E0));
#9400=DIRECTION('',(1.E0,0.E0,0.E0));
#9401=DIRECTION('',(0.E0,0.E0,-1.E0));
#9402=AXIS2_PLACEMENT_3D('',#9399,#9400,#9401);
#9403=PLANE('',#9402);
#9404=ORIENTED_EDGE('',*,*,#9348,.F.);
#9405=ORIENTED_EDGE('',*,*,#4956,.F.);
#9406=ORIENTED_EDGE('',*,*,#6504,.F.);
#9408=ORIENTED_EDGE('',*,*,#9407,.F.);
#9409=EDGE_LOOP('',(#9404,#9405,#9406,#9408));
#9410=FACE_OUTER_BOUND('',#9409,.F.);
#9411=ADVANCED_FACE('',(#9410),#9403,.F.);
#9412=CARTESIAN_POINT('',(6.177836912394E-1,1.5E-1,-3.24E0));
#9413=DIRECTION('',(0.E0,1.E0,0.E0));
#9414=DIRECTION('',(1.E0,0.E0,0.E0));
#9415=AXIS2_PLACEMENT_3D('',#9412,#9413,#9414);
#9416=PLANE('',#9415);
#9417=ORIENTED_EDGE('',*,*,#9385,.F.);
#9419=ORIENTED_EDGE('',*,*,#9418,.T.);
#9421=ORIENTED_EDGE('',*,*,#9420,.T.);
#9423=ORIENTED_EDGE('',*,*,#9422,.T.);
#9425=ORIENTED_EDGE('',*,*,#9424,.T.);
#9427=ORIENTED_EDGE('',*,*,#9426,.T.);
#9429=ORIENTED_EDGE('',*,*,#9428,.T.);
#9431=ORIENTED_EDGE('',*,*,#9430,.T.);
#9433=ORIENTED_EDGE('',*,*,#9432,.T.);
#9434=ORIENTED_EDGE('',*,*,#9354,.T.);
#9436=ORIENTED_EDGE('',*,*,#9435,.F.);
#9438=ORIENTED_EDGE('',*,*,#9437,.T.);
#9439=EDGE_LOOP('',(#9417,#9419,#9421,#9423,#9425,#9427,#9429,#9431,#9433,#9434,
#9436,#9438));
#9440=FACE_OUTER_BOUND('',#9439,.F.);
#9441=ADVANCED_FACE('',(#9440),#9416,.T.);
#9442=CARTESIAN_POINT('',(1.320567382480E0,4.999999999995E-2,-2.29E0));
#9443=DIRECTION('',(0.E0,0.E0,1.E0));
#9444=DIRECTION('',(-1.E0,0.E0,0.E0));
#9445=AXIS2_PLACEMENT_3D('',#9442,#9443,#9444);
#9446=PLANE('',#9445);
#9447=ORIENTED_EDGE('',*,*,#4962,.F.);
#9449=ORIENTED_EDGE('',*,*,#9448,.T.);
#9451=ORIENTED_EDGE('',*,*,#9450,.T.);
#9453=ORIENTED_EDGE('',*,*,#9452,.F.);
#9454=ORIENTED_EDGE('',*,*,#9418,.F.);
#9455=ORIENTED_EDGE('',*,*,#9394,.F.);
#9456=EDGE_LOOP('',(#9447,#9449,#9451,#9453,#9454,#9455));
#9457=FACE_OUTER_BOUND('',#9456,.F.);
#9458=ADVANCED_FACE('',(#9457),#9446,.T.);
#9459=CARTESIAN_POINT('',(1.885567382480E0,8.6E-1,-3.235193183305E0));
#9460=DIRECTION('',(1.E0,0.E0,0.E0));
#9461=DIRECTION('',(0.E0,0.E0,1.E0));
#9462=AXIS2_PLACEMENT_3D('',#9459,#9460,#9461);
#9463=PLANE('',#9462);
#9464=ORIENTED_EDGE('',*,*,#4960,.F.);
#9465=ORIENTED_EDGE('',*,*,#9360,.F.);
#9467=ORIENTED_EDGE('',*,*,#9466,.T.);
#9468=ORIENTED_EDGE('',*,*,#9448,.F.);
#9469=EDGE_LOOP('',(#9464,#9465,#9467,#9468));
#9470=FACE_OUTER_BOUND('',#9469,.F.);
#9471=ADVANCED_FACE('',(#9470),#9463,.T.);
#9472=CARTESIAN_POINT('',(6.177836912394E-1,-5.E-2,-3.24E0));
#9473=DIRECTION('',(0.E0,1.E0,0.E0));
#9474=DIRECTION('',(1.E0,0.E0,0.E0));
#9475=AXIS2_PLACEMENT_3D('',#9472,#9473,#9474);
#9476=PLANE('',#9475);
#9477=ORIENTED_EDGE('',*,*,#9450,.F.);
#9478=ORIENTED_EDGE('',*,*,#9466,.F.);
#9479=ORIENTED_EDGE('',*,*,#9358,.F.);
#9481=ORIENTED_EDGE('',*,*,#9480,.F.);
#9483=ORIENTED_EDGE('',*,*,#9482,.F.);
#9485=ORIENTED_EDGE('',*,*,#9484,.F.);
#9487=ORIENTED_EDGE('',*,*,#9486,.F.);
#9489=ORIENTED_EDGE('',*,*,#9488,.F.);
#9491=ORIENTED_EDGE('',*,*,#9490,.F.);
#9493=ORIENTED_EDGE('',*,*,#9492,.F.);
#9494=EDGE_LOOP('',(#9477,#9478,#9479,#9481,#9483,#9485,#9487,#9489,#9491,
#9493));
#9495=FACE_OUTER_BOUND('',#9494,.F.);
#9496=ADVANCED_FACE('',(#9495),#9476,.F.);
#9497=CARTESIAN_POINT('',(5.E-2,4.999999999995E-2,-3.935E0));
#9498=DIRECTION('',(1.E0,0.E0,0.E0));
#9499=DIRECTION('',(0.E0,0.E0,-1.E0));
#9500=AXIS2_PLACEMENT_3D('',#9497,#9498,#9499);
#9501=PLANE('',#9500);
#9502=ORIENTED_EDGE('',*,*,#9432,.F.);
#9504=ORIENTED_EDGE('',*,*,#9503,.T.);
#9505=ORIENTED_EDGE('',*,*,#9480,.T.);
#9506=ORIENTED_EDGE('',*,*,#9356,.F.);
#9507=EDGE_LOOP('',(#9502,#9504,#9505,#9506));
#9508=FACE_OUTER_BOUND('',#9507,.F.);
#9509=ADVANCED_FACE('',(#9508),#9501,.F.);
#9510=CARTESIAN_POINT('',(-3.E-1,4.999999999995E-2,-3.68E0));
#9511=DIRECTION('',(0.E0,0.E0,1.E0));
#9512=DIRECTION('',(1.E0,0.E0,0.E0));
#9513=AXIS2_PLACEMENT_3D('',#9510,#9511,#9512);
#9514=PLANE('',#9513);
#9515=ORIENTED_EDGE('',*,*,#9430,.F.);
#9517=ORIENTED_EDGE('',*,*,#9516,.T.);
#9518=ORIENTED_EDGE('',*,*,#9482,.T.);
#9519=ORIENTED_EDGE('',*,*,#9503,.F.);
#9520=EDGE_LOOP('',(#9515,#9517,#9518,#9519));
#9521=FACE_OUTER_BOUND('',#9520,.F.);
#9522=ADVANCED_FACE('',(#9521),#9514,.F.);
#9523=CARTESIAN_POINT('',(-6.5E-1,4.999999999995E-2,-3.59E0));
#9524=DIRECTION('',(1.E0,0.E0,0.E0));
#9525=DIRECTION('',(0.E0,0.E0,-1.E0));
#9526=AXIS2_PLACEMENT_3D('',#9523,#9524,#9525);
#9527=PLANE('',#9526);
#9529=ORIENTED_EDGE('',*,*,#9528,.T.);
#9530=ORIENTED_EDGE('',*,*,#9484,.T.);
#9531=ORIENTED_EDGE('',*,*,#9516,.F.);
#9532=ORIENTED_EDGE('',*,*,#9428,.F.);
#9533=EDGE_LOOP('',(#9529,#9530,#9531,#9532));
#9534=FACE_OUTER_BOUND('',#9533,.F.);
#9535=ADVANCED_FACE('',(#9534),#9527,.F.);
#9536=CARTESIAN_POINT('',(-6.472163087601E-1,4.999999999995E-2,-3.34E0));
#9537=DIRECTION('',(9.998486879257E-1,0.E0,-1.739543771130E-2));
#9538=DIRECTION('',(1.739543771130E-2,0.E0,9.998486879257E-1));
#9539=AXIS2_PLACEMENT_3D('',#9536,#9537,#9538);
#9540=PLANE('',#9539);
#9542=ORIENTED_EDGE('',*,*,#9541,.T.);
#9543=ORIENTED_EDGE('',*,*,#9486,.T.);
#9544=ORIENTED_EDGE('',*,*,#9528,.F.);
#9545=ORIENTED_EDGE('',*,*,#9426,.F.);
#9546=EDGE_LOOP('',(#9542,#9543,#9544,#9545));
#9547=FACE_OUTER_BOUND('',#9546,.F.);
#9548=ADVANCED_FACE('',(#9547),#9540,.F.);
#9549=CARTESIAN_POINT('',(-6.444326175202E-1,4.999999999995E-2,-3.09E0));
#9550=DIRECTION('',(1.E0,0.E0,0.E0));
#9551=DIRECTION('',(0.E0,0.E0,-1.E0));
#9552=AXIS2_PLACEMENT_3D('',#9549,#9550,#9551);
#9553=PLANE('',#9552);
#9554=ORIENTED_EDGE('',*,*,#9541,.F.);
#9555=ORIENTED_EDGE('',*,*,#9424,.F.);
#9557=ORIENTED_EDGE('',*,*,#9556,.T.);
#9558=ORIENTED_EDGE('',*,*,#9488,.T.);
#9559=EDGE_LOOP('',(#9554,#9555,#9557,#9558));
#9560=FACE_OUTER_BOUND('',#9559,.F.);
#9561=ADVANCED_FACE('',(#9560),#9553,.F.);
#9562=CARTESIAN_POINT('',(5.556738247980E-2,4.999999999995E-2,-3.E0));
#9563=DIRECTION('',(0.E0,0.E0,1.E0));
#9564=DIRECTION('',(-1.E0,0.E0,0.E0));
#9565=AXIS2_PLACEMENT_3D('',#9562,#9563,#9564);
#9566=PLANE('',#9565);
#9567=ORIENTED_EDGE('',*,*,#9422,.F.);
#9569=ORIENTED_EDGE('',*,*,#9568,.T.);
#9570=ORIENTED_EDGE('',*,*,#9490,.T.);
#9571=ORIENTED_EDGE('',*,*,#9556,.F.);
#9572=EDGE_LOOP('',(#9567,#9569,#9570,#9571));
#9573=FACE_OUTER_BOUND('',#9572,.F.);
#9574=ADVANCED_FACE('',(#9573),#9566,.T.);
#9575=CARTESIAN_POINT('',(7.555673824798E-1,4.999999999995E-2,-2.645E0));
#9576=DIRECTION('',(1.E0,0.E0,0.E0));
#9577=DIRECTION('',(0.E0,0.E0,-1.E0));
#9578=AXIS2_PLACEMENT_3D('',#9575,#9576,#9577);
#9579=PLANE('',#9578);
#9580=ORIENTED_EDGE('',*,*,#9420,.F.);
#9581=ORIENTED_EDGE('',*,*,#9452,.T.);
#9582=ORIENTED_EDGE('',*,*,#9492,.T.);
#9583=ORIENTED_EDGE('',*,*,#9568,.F.);
#9584=EDGE_LOOP('',(#9580,#9581,#9582,#9583));
#9585=FACE_OUTER_BOUND('',#9584,.F.);
#9586=ADVANCED_FACE('',(#9585),#9579,.F.);
#9587=CARTESIAN_POINT('',(1.685567382480E0,8.6E-1,-3.49E0));
#9588=DIRECTION('',(1.E0,0.E0,0.E0));
#9589=DIRECTION('',(0.E0,0.E0,1.E0));
#9590=AXIS2_PLACEMENT_3D('',#9587,#9588,#9589);
#9591=PLANE('',#9590);
#9593=ORIENTED_EDGE('',*,*,#9592,.T.);
#9595=ORIENTED_EDGE('',*,*,#9594,.T.);
#9596=ORIENTED_EDGE('',*,*,#9435,.T.);
#9597=ORIENTED_EDGE('',*,*,#9352,.T.);
#9598=EDGE_LOOP('',(#9593,#9595,#9596,#9597));
#9599=FACE_OUTER_BOUND('',#9598,.F.);
#9600=ADVANCED_FACE('',(#9599),#9591,.F.);
#9601=CARTESIAN_POINT('',(9.15E-1,2.3E-1,-3.125E0));
#9602=DIRECTION('',(0.E0,1.E0,0.E0));
#9603=DIRECTION('',(1.E0,0.E0,0.E0));
#9604=AXIS2_PLACEMENT_3D('',#9601,#9602,#9603);
#9605=PLANE('',#9604);
#9606=ORIENTED_EDGE('',*,*,#9592,.F.);
#9607=ORIENTED_EDGE('',*,*,#9350,.F.);
#9608=ORIENTED_EDGE('',*,*,#9407,.T.);
#9609=ORIENTED_EDGE('',*,*,#6502,.T.);
#9611=ORIENTED_EDGE('',*,*,#9610,.T.);
#9613=ORIENTED_EDGE('',*,*,#9612,.T.);
#9614=ORIENTED_EDGE('',*,*,#9389,.T.);
#9616=ORIENTED_EDGE('',*,*,#9615,.T.);
#9617=EDGE_LOOP('',(#9606,#9607,#9608,#9609,#9611,#9613,#9614,#9616));
#9618=FACE_OUTER_BOUND('',#9617,.F.);
#9619=ADVANCED_FACE('',(#9618),#9605,.F.);
#9620=CARTESIAN_POINT('',(0.E0,9.1E-1,-2.465E0));
#9621=DIRECTION('',(1.E0,0.E0,0.E0));
#9622=DIRECTION('',(0.E0,0.E0,1.E0));
#9623=AXIS2_PLACEMENT_3D('',#9620,#9621,#9622);
#9624=PLANE('',#9623);
#9625=ORIENTED_EDGE('',*,*,#6500,.T.);
#9627=ORIENTED_EDGE('',*,*,#9626,.T.);
#9629=ORIENTED_EDGE('',*,*,#9628,.F.);
#9630=ORIENTED_EDGE('',*,*,#5221,.F.);
#9631=ORIENTED_EDGE('',*,*,#5268,.F.);
#9632=ORIENTED_EDGE('',*,*,#4968,.F.);
#9634=ORIENTED_EDGE('',*,*,#9633,.T.);
#9635=ORIENTED_EDGE('',*,*,#9610,.F.);
#9636=EDGE_LOOP('',(#9625,#9627,#9629,#9630,#9631,#9632,#9634,#9635));
#9637=FACE_OUTER_BOUND('',#9636,.F.);
#9638=ADVANCED_FACE('',(#9637),#9624,.F.);
#9639=CARTESIAN_POINT('',(9.15E-1,1.69E0,-3.125E0));
#9640=DIRECTION('',(0.E0,1.E0,0.E0));
#9641=DIRECTION('',(0.E0,0.E0,-1.E0));
#9642=AXIS2_PLACEMENT_3D('',#9639,#9640,#9641);
#9643=PLANE('',#9642);
#9644=ORIENTED_EDGE('',*,*,#9375,.T.);
#9646=ORIENTED_EDGE('',*,*,#9645,.T.);
#9648=ORIENTED_EDGE('',*,*,#9647,.T.);
#9650=ORIENTED_EDGE('',*,*,#9649,.F.);
#9651=ORIENTED_EDGE('',*,*,#9333,.F.);
#9653=ORIENTED_EDGE('',*,*,#9652,.F.);
#9654=ORIENTED_EDGE('',*,*,#9626,.F.);
#9655=ORIENTED_EDGE('',*,*,#6498,.F.);
#9656=ORIENTED_EDGE('',*,*,#9327,.F.);
#9657=EDGE_LOOP('',(#9644,#9646,#9648,#9650,#9651,#9653,#9654,#9655,#9656));
#9658=FACE_OUTER_BOUND('',#9657,.F.);
#9659=ADVANCED_FACE('',(#9658),#9643,.T.);
#9660=CARTESIAN_POINT('',(9.355673824798E-1,1.67E0,-3.24E0));
#9661=DIRECTION('',(1.E0,0.E0,0.E0));
#9662=DIRECTION('',(0.E0,0.E0,1.E0));
#9663=AXIS2_PLACEMENT_3D('',#9660,#9661,#9662);
#9664=PLANE('',#9663);
#9665=ORIENTED_EDGE('',*,*,#9645,.F.);
#9666=ORIENTED_EDGE('',*,*,#9373,.F.);
#9668=ORIENTED_EDGE('',*,*,#9667,.F.);
#9670=ORIENTED_EDGE('',*,*,#9669,.F.);
#9671=EDGE_LOOP('',(#9665,#9666,#9668,#9670));
#9672=FACE_OUTER_BOUND('',#9671,.F.);
#9673=ADVANCED_FACE('',(#9672),#9664,.F.);
#9674=CARTESIAN_POINT('',(1.410567382480E0,1.77E0,-3.235193183305E0));
#9675=DIRECTION('',(0.E0,1.E0,0.E0));
#9676=DIRECTION('',(0.E0,0.E0,1.E0));
#9677=AXIS2_PLACEMENT_3D('',#9674,#9675,#9676);
#9678=PLANE('',#9677);
#9679=ORIENTED_EDGE('',*,*,#9337,.T.);
#9681=ORIENTED_EDGE('',*,*,#9680,.F.);
#9683=ORIENTED_EDGE('',*,*,#9682,.F.);
#9684=ORIENTED_EDGE('',*,*,#9667,.T.);
#9685=ORIENTED_EDGE('',*,*,#9371,.F.);
#9686=EDGE_LOOP('',(#9679,#9681,#9683,#9684,#9685));
#9687=FACE_OUTER_BOUND('',#9686,.F.);
#9688=ADVANCED_FACE('',(#9687),#9678,.T.);
#9689=CARTESIAN_POINT('',(1.810567382480E0,1.67E0,-2.285193183305E0));
#9690=DIRECTION('',(-6.395966218753E-2,0.E0,9.979524846469E-1));
#9691=DIRECTION('',(9.979524846469E-1,0.E0,6.395966218753E-2));
#9692=AXIS2_PLACEMENT_3D('',#9689,#9690,#9691);
#9693=PLANE('',#9692);
#9694=ORIENTED_EDGE('',*,*,#9335,.F.);
#9695=ORIENTED_EDGE('',*,*,#9649,.T.);
#9697=ORIENTED_EDGE('',*,*,#9696,.F.);
#9698=ORIENTED_EDGE('',*,*,#9680,.T.);
#9699=EDGE_LOOP('',(#9694,#9695,#9697,#9698));
#9700=FACE_OUTER_BOUND('',#9699,.F.);
#9701=ADVANCED_FACE('',(#9700),#9693,.T.);
#9702=CARTESIAN_POINT('',(1.335567382480E0,1.67E0,-2.29E0));
#9703=DIRECTION('',(0.E0,0.E0,1.E0));
#9704=DIRECTION('',(1.E0,0.E0,0.E0));
#9705=AXIS2_PLACEMENT_3D('',#9702,#9703,#9704);
#9706=PLANE('',#9705);
#9707=ORIENTED_EDGE('',*,*,#9647,.F.);
#9708=ORIENTED_EDGE('',*,*,#9669,.T.);
#9709=ORIENTED_EDGE('',*,*,#9682,.T.);
#9710=ORIENTED_EDGE('',*,*,#9696,.T.);
#9711=EDGE_LOOP('',(#9707,#9708,#9709,#9710));
#9712=FACE_OUTER_BOUND('',#9711,.F.);
#9713=ADVANCED_FACE('',(#9712),#9706,.T.);
#9714=CARTESIAN_POINT('',(9.15E-1,1.755E0,-2.05E0));
#9715=DIRECTION('',(0.E0,0.E0,1.E0));
#9716=DIRECTION('',(1.E0,0.E0,0.E0));
#9717=AXIS2_PLACEMENT_3D('',#9714,#9715,#9716);
#9718=PLANE('',#9717);
#9719=ORIENTED_EDGE('',*,*,#9652,.T.);
#9720=ORIENTED_EDGE('',*,*,#9331,.T.);
#9721=ORIENTED_EDGE('',*,*,#5223,.T.);
#9722=ORIENTED_EDGE('',*,*,#9628,.T.);
#9723=EDGE_LOOP('',(#9719,#9720,#9721,#9722));
#9724=FACE_OUTER_BOUND('',#9723,.F.);
#9725=ADVANCED_FACE('',(#9724),#9718,.F.);
#9726=CARTESIAN_POINT('',(9.15E-1,1.15E-1,-2.05E0));
#9727=DIRECTION('',(0.E0,0.E0,1.E0));
#9728=DIRECTION('',(1.E0,0.E0,0.E0));
#9729=AXIS2_PLACEMENT_3D('',#9726,#9727,#9728);
#9730=PLANE('',#9729);
#9731=ORIENTED_EDGE('',*,*,#9612,.F.);
#9732=ORIENTED_EDGE('',*,*,#9633,.F.);
#9733=ORIENTED_EDGE('',*,*,#4966,.F.);
#9734=ORIENTED_EDGE('',*,*,#9391,.T.);
#9735=EDGE_LOOP('',(#9731,#9732,#9733,#9734));
#9736=FACE_OUTER_BOUND('',#9735,.F.);
#9737=ADVANCED_FACE('',(#9736),#9730,.F.);
#9738=CARTESIAN_POINT('',(1.785567382479E0,3.925E-1,-3.59E0));
#9739=DIRECTION('',(0.E0,0.E0,1.E0));
#9740=DIRECTION('',(-1.E0,0.E0,0.E0));
#9741=AXIS2_PLACEMENT_3D('',#9738,#9739,#9740);
#9742=PLANE('',#9741);
#9743=ORIENTED_EDGE('',*,*,#9615,.F.);
#9744=ORIENTED_EDGE('',*,*,#9387,.T.);
#9745=ORIENTED_EDGE('',*,*,#9437,.F.);
#9746=ORIENTED_EDGE('',*,*,#9594,.F.);
#9747=EDGE_LOOP('',(#9743,#9744,#9745,#9746));
#9748=FACE_OUTER_BOUND('',#9747,.F.);
#9749=ADVANCED_FACE('',(#9748),#9742,.T.);
#9750=CARTESIAN_POINT('',(4.95E0,1.21E0,-2.E-1));
#9751=DIRECTION('',(0.E0,1.E0,0.E0));
#9752=DIRECTION('',(0.E0,0.E0,1.E0));
#9753=AXIS2_PLACEMENT_3D('',#9750,#9751,#9752);
#9754=PLANE('',#9753);
#9755=ORIENTED_EDGE('',*,*,#5903,.T.);
#9756=ORIENTED_EDGE('',*,*,#5251,.T.);
#9758=ORIENTED_EDGE('',*,*,#9757,.T.);
#9760=ORIENTED_EDGE('',*,*,#9759,.T.);
#9761=EDGE_LOOP('',(#9755,#9756,#9758,#9760));
#9762=FACE_OUTER_BOUND('',#9761,.F.);
#9763=ADVANCED_FACE('',(#9762),#9754,.F.);
#9764=CARTESIAN_POINT('',(4.95E0,1.515E0,0.E0));
#9765=DIRECTION('',(0.E0,0.E0,1.E0));
#9766=DIRECTION('',(1.E0,0.E0,0.E0));
#9767=AXIS2_PLACEMENT_3D('',#9764,#9765,#9766);
#9768=PLANE('',#9767);
#9770=ORIENTED_EDGE('',*,*,#9769,.F.);
#9771=ORIENTED_EDGE('',*,*,#9757,.F.);
#9772=ORIENTED_EDGE('',*,*,#5249,.F.);
#9773=ORIENTED_EDGE('',*,*,#5236,.F.);
#9774=EDGE_LOOP('',(#9770,#9771,#9772,#9773));
#9775=FACE_OUTER_BOUND('',#9774,.F.);
#9776=ADVANCED_FACE('',(#9775),#9768,.T.);
#9777=CARTESIAN_POINT('',(8.2E0,1.511413043478E0,-3.65E-1));
#9778=DIRECTION('',(1.E0,0.E0,0.E0));
#9779=DIRECTION('',(0.E0,0.E0,-1.E0));
#9780=AXIS2_PLACEMENT_3D('',#9777,#9778,#9779);
#9781=PLANE('',#9780);
#9782=ORIENTED_EDGE('',*,*,#5348,.F.);
#9783=ORIENTED_EDGE('',*,*,#5905,.F.);
#9784=ORIENTED_EDGE('',*,*,#9759,.F.);
#9785=ORIENTED_EDGE('',*,*,#9769,.T.);
#9786=ORIENTED_EDGE('',*,*,#5234,.F.);
#9787=EDGE_LOOP('',(#9782,#9783,#9784,#9785,#9786));
#9788=FACE_OUTER_BOUND('',#9787,.F.);
#9789=ADVANCED_FACE('',(#9788),#9781,.T.);
#9790=CARTESIAN_POINT('',(8.932216308761E0,8.6E-1,-4.19E0));
#9791=DIRECTION('',(0.E0,0.E0,1.E0));
#9792=DIRECTION('',(-1.E0,0.E0,0.E0));
#9793=AXIS2_PLACEMENT_3D('',#9790,#9791,#9792);
#9794=PLANE('',#9793);
#9795=ORIENTED_EDGE('',*,*,#4854,.T.);
#9797=ORIENTED_EDGE('',*,*,#9796,.T.);
#9799=ORIENTED_EDGE('',*,*,#9798,.T.);
#9801=ORIENTED_EDGE('',*,*,#9800,.F.);
#9802=ORIENTED_EDGE('',*,*,#5051,.T.);
#9804=ORIENTED_EDGE('',*,*,#9803,.T.);
#9805=ORIENTED_EDGE('',*,*,#5099,.F.);
#9806=ORIENTED_EDGE('',*,*,#5031,.F.);
#9807=EDGE_LOOP('',(#9795,#9797,#9799,#9801,#9802,#9804,#9805,#9806));
#9808=FACE_OUTER_BOUND('',#9807,.F.);
#9809=ADVANCED_FACE('',(#9808),#9794,.F.);
#9810=CARTESIAN_POINT('',(8.932216308761E0,8.6E-1,-4.19E0));
#9811=DIRECTION('',(0.E0,0.E0,1.E0));
#9812=DIRECTION('',(-1.E0,0.E0,0.E0));
#9813=AXIS2_PLACEMENT_3D('',#9810,#9811,#9812);
#9814=PLANE('',#9813);
#9815=ORIENTED_EDGE('',*,*,#5164,.T.);
#9817=ORIENTED_EDGE('',*,*,#9816,.F.);
#9819=ORIENTED_EDGE('',*,*,#9818,.T.);
#9820=ORIENTED_EDGE('',*,*,#5205,.F.);
#9821=EDGE_LOOP('',(#9815,#9817,#9819,#9820));
#9822=FACE_OUTER_BOUND('',#9821,.F.);
#9823=ADVANCED_FACE('',(#9822),#9814,.F.);
#9824=CARTESIAN_POINT('',(8.014432617520E0,8.6E-1,-3.24E0));
#9825=DIRECTION('',(1.E0,0.E0,0.E0));
#9826=DIRECTION('',(0.E0,0.E0,1.E0));
#9827=AXIS2_PLACEMENT_3D('',#9824,#9825,#9826);
#9828=PLANE('',#9827);
#9829=ORIENTED_EDGE('',*,*,#4852,.T.);
#9830=ORIENTED_EDGE('',*,*,#5003,.T.);
#9832=ORIENTED_EDGE('',*,*,#9831,.T.);
#9833=ORIENTED_EDGE('',*,*,#9796,.F.);
#9834=EDGE_LOOP('',(#9829,#9830,#9832,#9833));
#9835=FACE_OUTER_BOUND('',#9834,.F.);
#9836=ADVANCED_FACE('',(#9835),#9828,.F.);
#9837=CARTESIAN_POINT('',(9.282216308761E0,-5.E-2,-3.24E0));
#9838=DIRECTION('',(0.E0,1.E0,0.E0));
#9839=DIRECTION('',(-1.E0,0.E0,0.E0));
#9840=AXIS2_PLACEMENT_3D('',#9837,#9838,#9839);
#9841=PLANE('',#9840);
#9842=ORIENTED_EDGE('',*,*,#9831,.F.);
#9843=ORIENTED_EDGE('',*,*,#5001,.T.);
#9845=ORIENTED_EDGE('',*,*,#9844,.F.);
#9847=ORIENTED_EDGE('',*,*,#9846,.F.);
#9849=ORIENTED_EDGE('',*,*,#9848,.F.);
#9851=ORIENTED_EDGE('',*,*,#9850,.T.);
#9853=ORIENTED_EDGE('',*,*,#9852,.F.);
#9855=ORIENTED_EDGE('',*,*,#9854,.F.);
#9857=ORIENTED_EDGE('',*,*,#9856,.F.);
#9858=ORIENTED_EDGE('',*,*,#9798,.F.);
#9859=EDGE_LOOP('',(#9842,#9843,#9845,#9847,#9849,#9851,#9853,#9855,#9857,
#9858));
#9860=FACE_OUTER_BOUND('',#9859,.F.);
#9861=ADVANCED_FACE('',(#9860),#9841,.F.);
#9862=CARTESIAN_POINT('',(9.144432617520E0,5.000000000003E-2,-2.645E0));
#9863=DIRECTION('',(1.E0,0.E0,0.E0));
#9864=DIRECTION('',(0.E0,0.E0,-1.E0));
#9865=AXIS2_PLACEMENT_3D('',#9862,#9863,#9864);
#9866=PLANE('',#9865);
#9867=ORIENTED_EDGE('',*,*,#5065,.T.);
#9869=ORIENTED_EDGE('',*,*,#9868,.T.);
#9870=ORIENTED_EDGE('',*,*,#9844,.T.);
#9871=ORIENTED_EDGE('',*,*,#4999,.T.);
#9872=EDGE_LOOP('',(#9867,#9869,#9870,#9871));
#9873=FACE_OUTER_BOUND('',#9872,.F.);
#9874=ADVANCED_FACE('',(#9873),#9866,.T.);
#9875=CARTESIAN_POINT('',(9.844432617520E0,5.000000000003E-2,-3.E0));
#9876=DIRECTION('',(0.E0,0.E0,1.E0));
#9877=DIRECTION('',(1.E0,0.E0,0.E0));
#9878=AXIS2_PLACEMENT_3D('',#9875,#9876,#9877);
#9879=PLANE('',#9878);
#9880=ORIENTED_EDGE('',*,*,#5063,.T.);
#9882=ORIENTED_EDGE('',*,*,#9881,.T.);
#9883=ORIENTED_EDGE('',*,*,#9846,.T.);
#9884=ORIENTED_EDGE('',*,*,#9868,.F.);
#9885=EDGE_LOOP('',(#9880,#9882,#9883,#9884));
#9886=FACE_OUTER_BOUND('',#9885,.F.);
#9887=ADVANCED_FACE('',(#9886),#9879,.T.);
#9888=CARTESIAN_POINT('',(1.054443261752E1,5.000000000003E-2,-3.09E0));
#9889=DIRECTION('',(1.E0,0.E0,0.E0));
#9890=DIRECTION('',(0.E0,0.E0,-1.E0));
#9891=AXIS2_PLACEMENT_3D('',#9888,#9889,#9890);
#9892=PLANE('',#9891);
#9894=ORIENTED_EDGE('',*,*,#9893,.T.);
#9895=ORIENTED_EDGE('',*,*,#9848,.T.);
#9896=ORIENTED_EDGE('',*,*,#9881,.F.);
#9897=ORIENTED_EDGE('',*,*,#5061,.T.);
#9898=EDGE_LOOP('',(#9894,#9895,#9896,#9897));
#9899=FACE_OUTER_BOUND('',#9898,.F.);
#9900=ADVANCED_FACE('',(#9899),#9892,.T.);
#9901=CARTESIAN_POINT('',(1.054721630876E1,5.E-2,-3.34E0));
#9902=DIRECTION('',(9.998486879256E-1,0.E0,1.739543771996E-2));
#9903=DIRECTION('',(-1.739543771996E-2,0.E0,9.998486879256E-1));
#9904=AXIS2_PLACEMENT_3D('',#9901,#9902,#9903);
#9905=PLANE('',#9904);
#9906=ORIENTED_EDGE('',*,*,#9893,.F.);
#9907=ORIENTED_EDGE('',*,*,#5059,.T.);
#9909=ORIENTED_EDGE('',*,*,#9908,.F.);
#9910=ORIENTED_EDGE('',*,*,#9850,.F.);
#9911=EDGE_LOOP('',(#9906,#9907,#9909,#9910));
#9912=FACE_OUTER_BOUND('',#9911,.F.);
#9913=ADVANCED_FACE('',(#9912),#9905,.T.);
#9914=CARTESIAN_POINT('',(1.055E1,5.000000000003E-2,-3.59E0));
#9915=DIRECTION('',(1.E0,0.E0,0.E0));
#9916=DIRECTION('',(0.E0,0.E0,-1.E0));
#9917=AXIS2_PLACEMENT_3D('',#9914,#9915,#9916);
#9918=PLANE('',#9917);
#9919=ORIENTED_EDGE('',*,*,#9908,.T.);
#9920=ORIENTED_EDGE('',*,*,#5057,.T.);
#9922=ORIENTED_EDGE('',*,*,#9921,.T.);
#9923=ORIENTED_EDGE('',*,*,#9852,.T.);
#9924=EDGE_LOOP('',(#9919,#9920,#9922,#9923));
#9925=FACE_OUTER_BOUND('',#9924,.F.);
#9926=ADVANCED_FACE('',(#9925),#9918,.T.);
#9927=CARTESIAN_POINT('',(1.02E1,5.000000000003E-2,-3.68E0));
#9928=DIRECTION('',(0.E0,0.E0,1.E0));
#9929=DIRECTION('',(-1.E0,0.E0,0.E0));
#9930=AXIS2_PLACEMENT_3D('',#9927,#9928,#9929);
#9931=PLANE('',#9930);
#9932=ORIENTED_EDGE('',*,*,#5055,.T.);
#9934=ORIENTED_EDGE('',*,*,#9933,.T.);
#9935=ORIENTED_EDGE('',*,*,#9854,.T.);
#9936=ORIENTED_EDGE('',*,*,#9921,.F.);
#9937=EDGE_LOOP('',(#9932,#9934,#9935,#9936));
#9938=FACE_OUTER_BOUND('',#9937,.F.);
#9939=ADVANCED_FACE('',(#9938),#9931,.F.);
#9940=CARTESIAN_POINT('',(9.85E0,5.000000000003E-2,-3.935E0));
#9941=DIRECTION('',(1.E0,0.E0,0.E0));
#9942=DIRECTION('',(0.E0,0.E0,-1.E0));
#9943=AXIS2_PLACEMENT_3D('',#9940,#9941,#9942);
#9944=PLANE('',#9943);
#9945=ORIENTED_EDGE('',*,*,#5053,.T.);
#9946=ORIENTED_EDGE('',*,*,#9800,.T.);
#9947=ORIENTED_EDGE('',*,*,#9856,.T.);
#9948=ORIENTED_EDGE('',*,*,#9933,.F.);
#9949=EDGE_LOOP('',(#9945,#9946,#9947,#9948));
#9950=FACE_OUTER_BOUND('',#9949,.F.);
#9951=ADVANCED_FACE('',(#9950),#9944,.T.);
#9952=CARTESIAN_POINT('',(8.214432617520E0,8.6E-1,-3.49E0));
#9953=DIRECTION('',(1.E0,0.E0,0.E0));
#9954=DIRECTION('',(0.E0,0.E0,1.E0));
#9955=AXIS2_PLACEMENT_3D('',#9952,#9953,#9954);
#9956=PLANE('',#9955);
#9957=ORIENTED_EDGE('',*,*,#5101,.F.);
#9958=ORIENTED_EDGE('',*,*,#9803,.F.);
#9959=ORIENTED_EDGE('',*,*,#5049,.F.);
#9960=ORIENTED_EDGE('',*,*,#5078,.F.);
#9961=EDGE_LOOP('',(#9957,#9958,#9959,#9960));
#9962=FACE_OUTER_BOUND('',#9961,.F.);
#9963=ADVANCED_FACE('',(#9962),#9956,.T.);
#9964=CARTESIAN_POINT('',(8.964432617520E0,1.67E0,-3.24E0));
#9965=DIRECTION('',(1.E0,0.E0,0.E0));
#9966=DIRECTION('',(0.E0,0.E0,1.E0));
#9967=AXIS2_PLACEMENT_3D('',#9964,#9965,#9966);
#9968=PLANE('',#9967);
#9969=ORIENTED_EDGE('',*,*,#5162,.T.);
#9970=ORIENTED_EDGE('',*,*,#5187,.T.);
#9972=ORIENTED_EDGE('',*,*,#9971,.T.);
#9973=ORIENTED_EDGE('',*,*,#9816,.T.);
#9974=EDGE_LOOP('',(#9969,#9970,#9972,#9973));
#9975=FACE_OUTER_BOUND('',#9974,.F.);
#9976=ADVANCED_FACE('',(#9975),#9968,.T.);
#9977=CARTESIAN_POINT('',(8.489432617520E0,1.77E0,-3.24E0));
#9978=DIRECTION('',(0.E0,1.E0,0.E0));
#9979=DIRECTION('',(0.E0,0.E0,1.E0));
#9980=AXIS2_PLACEMENT_3D('',#9977,#9978,#9979);
#9981=PLANE('',#9980);
#9982=ORIENTED_EDGE('',*,*,#5207,.F.);
#9983=ORIENTED_EDGE('',*,*,#9818,.F.);
#9984=ORIENTED_EDGE('',*,*,#9971,.F.);
#9985=ORIENTED_EDGE('',*,*,#5185,.T.);
#9986=EDGE_LOOP('',(#9982,#9983,#9984,#9985));
#9987=FACE_OUTER_BOUND('',#9986,.F.);
#9988=ADVANCED_FACE('',(#9987),#9981,.T.);
#9989=CLOSED_SHELL('',(#4988,#5007,#5025,#5040,#5070,#5084,#5105,#5118,#5139,
#5154,#5176,#5191,#5211,#5240,#5257,#5288,#5327,#5357,#5371,#5397,#5411,#5425,
#5439,#5461,#5475,#5489,#5503,#5529,#5542,#5555,#5568,#5581,#5594,#5607,#5641,
#5654,#5668,#5681,#5695,#5708,#5721,#5733,#5746,#5760,#5773,#5785,#5799,#5813,
#5831,#5845,#5859,#5876,#5889,#6006,#6021,#6047,#6061,#6075,#6101,#6195,#6207,
#6221,#6247,#6261,#6274,#6300,#6312,#6513,#6526,#6539,#6552,#6565,#6578,#6591,
#6604,#6623,#6636,#6649,#6661,#6675,#6694,#6707,#6719,#6732,#6745,#6758,#6771,
#6784,#6797,#6809,#6823,#6844,#6858,#6882,#6896,#6909,#6933,#6945,#6958,#6971,
#6984,#6997,#7010,#7023,#7035,#7048,#7060,#7074,#7095,#7109,#7133,#7147,#7160,
#7184,#7196,#7209,#7222,#7235,#7248,#7261,#7274,#7286,#7299,#7311,#7325,#7346,
#7360,#7384,#7398,#7411,#7435,#7447,#7460,#7473,#7486,#7499,#7512,#7525,#7537,
#7550,#7562,#7576,#7597,#7611,#7635,#7649,#7662,#7686,#7698,#7711,#7724,#7737,
#7750,#7763,#7776,#7788,#7801,#7813,#7827,#7848,#7862,#7886,#7900,#7913,#7937,
#7949,#7962,#7975,#7988,#8001,#8014,#8027,#8039,#8052,#8064,#8078,#8099,#8113,
#8137,#8151,#8164,#8188,#8200,#8213,#8226,#8239,#8252,#8265,#8278,#8290,#8303,
#8315,#8329,#8350,#8364,#8388,#8402,#8415,#8439,#8451,#8464,#8477,#8490,#8503,
#8516,#8529,#8541,#8554,#8566,#8580,#8601,#8615,#8639,#8653,#8666,#8690,#8702,
#8715,#8728,#8741,#8754,#8767,#8780,#8792,#8805,#8817,#8831,#8852,#8866,#8890,
#8904,#8917,#8941,#8953,#8966,#8979,#8992,#9005,#9018,#9031,#9043,#9056,#9068,
#9082,#9103,#9117,#9141,#9155,#9168,#9192,#9204,#9217,#9230,#9243,#9256,#9269,
#9282,#9294,#9307,#9319,#9341,#9364,#9379,#9398,#9411,#9441,#9458,#9471,#9496,
#9509,#9522,#9535,#9548,#9561,#9574,#9586,#9600,#9619,#9638,#9659,#9673,#9688,
#9701,#9713,#9725,#9737,#9749,#9763,#9776,#9789,#9809,#9823,#9836,#9861,#9874,
#9887,#9900,#9913,#9926,#9939,#9951,#9963,#9976,#9988));
#9990=MANIFOLD_SOLID_BREP('',#9989);
#9991=(LENGTH_UNIT()NAMED_UNIT(*)SI_UNIT(.MILLI.,.METRE.));
#9992=DIMENSIONAL_EXPONENTS(0.E0,0.E0,0.E0,0.E0,0.E0,0.E0,0.E0);
#9993=(NAMED_UNIT(*)PLANE_ANGLE_UNIT()SI_UNIT($,.RADIAN.));
#9994=PLANE_ANGLE_MEASURE_WITH_UNIT(PLANE_ANGLE_MEASURE(1.745329251994E-2),
#9993);
#9995=(CONVERSION_BASED_UNIT('DEGREE',#9994)NAMED_UNIT(#9992)PLANE_ANGLE_UNIT(
));
#9996=(NAMED_UNIT(*)SI_UNIT($,.STERADIAN.)SOLID_ANGLE_UNIT());
#9997=UNCERTAINTY_MEASURE_WITH_UNIT(LENGTH_MEASURE(1.263899203670E-3),#9991,
'closure',
'Maximum model space distance between geometric entities at asserted connectivities');
#9998=(GEOMETRIC_REPRESENTATION_CONTEXT(3)GLOBAL_UNCERTAINTY_ASSIGNED_CONTEXT((
#9997))GLOBAL_UNIT_ASSIGNED_CONTEXT((#9991,#9995,#9996))REPRESENTATION_CONTEXT(
'ID1','3'));
#10000=APPLICATION_CONTEXT(
'CONFIGURATION CONTROLLED 3D DESIGNS OF MECHANICAL PARTS AND ASSEMBLIES');
#10001=APPLICATION_PROTOCOL_DEFINITION('international standard',
'config_control_design',1994,#10000);
#10002=DESIGN_CONTEXT('',#10000,'design');
#10003=MECHANICAL_CONTEXT('',#10000,'mechanical');
#10004=PRODUCT('ISFV12R_2STLF','ISFV12R_2STLF','NOT SPECIFIED',(#10003));
#10005=PRODUCT_DEFINITION_FORMATION_WITH_SPECIFIED_SOURCE('','LAST_VERSION',
#10004,.MADE.);
#10009=PRODUCT_CATEGORY('part','');
#10010=PRODUCT_RELATED_PRODUCT_CATEGORY('detail','',(#10004));
#10011=PRODUCT_CATEGORY_RELATIONSHIP('','',#10009,#10010);
#10012=SECURITY_CLASSIFICATION_LEVEL('unclassified');
#10013=SECURITY_CLASSIFICATION('','',#10012);
#10014=CC_DESIGN_SECURITY_CLASSIFICATION(#10013,(#10005));
#10015=APPROVAL_STATUS('approved');
#10016=APPROVAL(#10015,'');
#10017=CC_DESIGN_APPROVAL(#10016,(#10013,#10005,#10006));
#10018=CALENDAR_DATE(107,3,9);
#10019=COORDINATED_UNIVERSAL_TIME_OFFSET(9,0,.AHEAD.);
#10020=LOCAL_TIME(11,41,2.4E1,#10019);
#10021=DATE_AND_TIME(#10018,#10020);
#10022=APPROVAL_DATE_TIME(#10021,#10016);
#10023=DATE_TIME_ROLE('creation_date');
#10024=CC_DESIGN_DATE_AND_TIME_ASSIGNMENT(#10021,#10023,(#10006));
#10025=DATE_TIME_ROLE('classification_date');
#10026=CC_DESIGN_DATE_AND_TIME_ASSIGNMENT(#10021,#10025,(#10013));
#10027=PERSON('UNSPECIFIED','UNSPECIFIED',$,$,$,$);
#10028=ORGANIZATION('UNSPECIFIED','UNSPECIFIED','UNSPECIFIED');
#10029=PERSON_AND_ORGANIZATION(#10027,#10028);
#10030=APPROVAL_ROLE('approver');
#10031=APPROVAL_PERSON_ORGANIZATION(#10029,#10016,#10030);
#10032=PERSON_AND_ORGANIZATION_ROLE('creator');
#10033=CC_DESIGN_PERSON_AND_ORGANIZATION_ASSIGNMENT(#10029,#10032,(#10005,
#10006));
#10034=PERSON_AND_ORGANIZATION_ROLE('design_supplier');
#10035=CC_DESIGN_PERSON_AND_ORGANIZATION_ASSIGNMENT(#10029,#10034,(#10005));
#10036=PERSON_AND_ORGANIZATION_ROLE('classification_officer');
#10037=CC_DESIGN_PERSON_AND_ORGANIZATION_ASSIGNMENT(#10029,#10036,(#10013));
#10038=PERSON_AND_ORGANIZATION_ROLE('design_owner');
#10039=CC_DESIGN_PERSON_AND_ORGANIZATION_ASSIGNMENT(#10029,#10038,(#10004));
#809=CIRCLE('',#808,1.E-1);
#854=CIRCLE('',#853,1.E-1);
#1071=CIRCLE('',#1070,1.E-1);
#1116=CIRCLE('',#1115,1.E-1);
#1577=CIRCLE('',#1576,1.E-1);
#1622=CIRCLE('',#1621,1.E-1);
#1739=CIRCLE('',#1738,1.E-1);
#1784=CIRCLE('',#1783,1.E-1);
#1901=CIRCLE('',#1900,1.E-1);
#1946=CIRCLE('',#1945,1.E-1);
#2063=CIRCLE('',#2062,1.E-1);
#2108=CIRCLE('',#2107,1.E-1);
#2225=CIRCLE('',#2224,1.E-1);
#2270=CIRCLE('',#2269,1.E-1);
#2387=CIRCLE('',#2386,1.E-1);
#2432=CIRCLE('',#2431,1.E-1);
#2549=CIRCLE('',#2548,1.E-1);
#2594=CIRCLE('',#2593,1.E-1);
#2711=CIRCLE('',#2710,1.E-1);
#2756=CIRCLE('',#2755,1.E-1);
#2869=CIRCLE('',#2868,1.E-1);
#2914=CIRCLE('',#2913,1.E-1);
#3031=CIRCLE('',#3030,1.E-1);
#3076=CIRCLE('',#3075,1.E-1);
#4850=EDGE_CURVE('',#4815,#4816,#4,.T.);
#4852=EDGE_CURVE('',#4818,#4815,#8,.T.);
#4854=EDGE_CURVE('',#4820,#4818,#12,.T.);
#4856=EDGE_CURVE('',#4246,#4820,#68,.T.);
#4858=EDGE_CURVE('',#4246,#4244,#1308,.T.);
#4860=EDGE_CURVE('',#4242,#4244,#3144,.T.);
#4862=EDGE_CURVE('',#4240,#4242,#3132,.T.);
#4864=EDGE_CURVE('',#4240,#4238,#2998,.T.);
#4866=EDGE_CURVE('',#4238,#4236,#1292,.T.);
#4868=EDGE_CURVE('',#4234,#4236,#2982,.T.);
#4870=EDGE_CURVE('',#4232,#4234,#2970,.T.);
#4872=EDGE_CURVE('',#4232,#4230,#2836,.T.);
#4874=EDGE_CURVE('',#4230,#4228,#1276,.T.);
#4876=EDGE_CURVE('',#4226,#4228,#2820,.T.);
#4878=EDGE_CURVE('',#4224,#4226,#2808,.T.);
#4880=EDGE_CURVE('',#4224,#4222,#2674,.T.);
#4882=EDGE_CURVE('',#4222,#4220,#1260,.T.);
#4884=EDGE_CURVE('',#4218,#4220,#2658,.T.);
#4886=EDGE_CURVE('',#4216,#4218,#2646,.T.);
#4888=EDGE_CURVE('',#4216,#4214,#2512,.T.);
#4890=EDGE_CURVE('',#4214,#4212,#1244,.T.);
#4892=EDGE_CURVE('',#4210,#4212,#2496,.T.);
#4894=EDGE_CURVE('',#4208,#4210,#2484,.T.);
#4896=EDGE_CURVE('',#4208,#4206,#2350,.T.);
#4898=EDGE_CURVE('',#4206,#4204,#1228,.T.);
#4900=EDGE_CURVE('',#4202,#4204,#2334,.T.);
#4902=EDGE_CURVE('',#4200,#4202,#2322,.T.);
#4904=EDGE_CURVE('',#4200,#4198,#2188,.T.);
#4906=EDGE_CURVE('',#4198,#4196,#1212,.T.);
#4908=EDGE_CURVE('',#4194,#4196,#2172,.T.);
#4910=EDGE_CURVE('',#4192,#4194,#2160,.T.);
#4912=EDGE_CURVE('',#4192,#4190,#2026,.T.);
#4914=EDGE_CURVE('',#4190,#4188,#1196,.T.);
#4916=EDGE_CURVE('',#4186,#4188,#2010,.T.);
#4918=EDGE_CURVE('',#4184,#4186,#1998,.T.);
#4920=EDGE_CURVE('',#4184,#4182,#1864,.T.);
#4922=EDGE_CURVE('',#4182,#4180,#1180,.T.);
#4924=EDGE_CURVE('',#4178,#4180,#1848,.T.);
#4926=EDGE_CURVE('',#4176,#4178,#1836,.T.);
#4928=EDGE_CURVE('',#4176,#4174,#1702,.T.);
#4930=EDGE_CURVE('',#4174,#4172,#1164,.T.);
#4932=EDGE_CURVE('',#4170,#4172,#1686,.T.);
#4934=EDGE_CURVE('',#4168,#4170,#1674,.T.);
#4936=EDGE_CURVE('',#4168,#4166,#1540,.T.);
#4938=EDGE_CURVE('',#4166,#4164,#1148,.T.);
#4940=EDGE_CURVE('',#4162,#4164,#1480,.T.);
#4942=EDGE_CURVE('',#4160,#4162,#1468,.T.);
#4944=EDGE_CURVE('',#4160,#4158,#1436,.T.);
#4946=EDGE_CURVE('',#4158,#4156,#1132,.T.);
#4948=EDGE_CURVE('',#4154,#4156,#1420,.T.);
#4950=EDGE_CURVE('',#4152,#4154,#1408,.T.);
#4952=EDGE_CURVE('',#4152,#4149,#1396,.T.);
#4954=EDGE_CURVE('',#4149,#4150,#1320,.T.);
#4956=EDGE_CURVE('',#4150,#4786,#3208,.T.);
#4958=EDGE_CURVE('',#4786,#4781,#16,.T.);
#4960=EDGE_CURVE('',#4781,#4782,#20,.T.);
#4962=EDGE_CURVE('',#4782,#4784,#24,.T.);
#4964=EDGE_CURVE('',#4784,#4146,#3196,.T.);
#4966=EDGE_CURVE('',#4146,#4144,#3452,.T.);
#4968=EDGE_CURVE('',#4144,#4141,#3364,.T.);
#4970=EDGE_CURVE('',#4141,#4142,#216,.T.);
#4972=EDGE_CURVE('',#4142,#4258,#528,.T.);
#4974=EDGE_CURVE('',#4256,#4258,#556,.T.);
#4976=EDGE_CURVE('',#4256,#4254,#568,.T.);
#4978=EDGE_CURVE('',#4254,#4252,#308,.T.);
#4980=EDGE_CURVE('',#4252,#4250,#120,.T.);
#4982=EDGE_CURVE('',#4249,#4250,#100,.T.);
#4984=EDGE_CURVE('',#4816,#4249,#40,.T.);
#4995=EDGE_CURVE('',#4816,#4844,#36,.T.);
#4997=EDGE_CURVE('',#4844,#3660,#28,.T.);
#4999=EDGE_CURVE('',#3664,#3660,#3548,.T.);
#5001=EDGE_CURVE('',#3663,#3664,#3528,.T.);
#5003=EDGE_CURVE('',#4815,#3663,#3520,.T.);
#5013=EDGE_CURVE('',#4843,#4844,#32,.T.);
#5017=EDGE_CURVE('',#4249,#4386,#44,.T.);
#5019=EDGE_CURVE('',#4386,#4835,#48,.T.);
#5021=EDGE_CURVE('',#4835,#4843,#52,.T.);
#5031=EDGE_CURVE('',#4820,#4839,#56,.T.);
#5033=EDGE_CURVE('',#4839,#4370,#60,.T.);
#5035=EDGE_CURVE('',#4370,#4246,#64,.T.);
#5047=EDGE_CURVE('',#3643,#4843,#76,.T.);
#5049=EDGE_CURVE('',#3643,#3644,#3620,.T.);
#5051=EDGE_CURVE('',#3646,#3644,#3512,.T.);
#5053=EDGE_CURVE('',#3648,#3646,#3604,.T.);
#5055=EDGE_CURVE('',#3650,#3648,#3592,.T.);
#5057=EDGE_CURVE('',#3652,#3650,#3580,.T.);
#5059=EDGE_CURVE('',#3654,#3652,#72,.T.);
#5061=EDGE_CURVE('',#3656,#3654,#3572,.T.);
#5063=EDGE_CURVE('',#3658,#3656,#3552,.T.);
#5065=EDGE_CURVE('',#3660,#3658,#3536,.T.);
#5076=EDGE_CURVE('',#4835,#4836,#80,.T.);
#5078=EDGE_CURVE('',#4836,#3643,#3624,.T.);
#5092=EDGE_CURVE('',#4384,#4386,#108,.T.);
#5094=EDGE_CURVE('',#4372,#4384,#84,.T.);
#5096=EDGE_CURVE('',#4370,#4372,#88,.T.);
#5099=EDGE_CURVE('',#4839,#4840,#92,.T.);
#5101=EDGE_CURVE('',#4840,#4836,#96,.T.);
#5112=EDGE_CURVE('',#4250,#4384,#104,.T.);
#5124=EDGE_CURVE('',#4306,#4380,#136,.T.);
#5126=EDGE_CURVE('',#4374,#4380,#112,.T.);
#5128=EDGE_CURVE('',#4372,#4374,#116,.T.);
#5133=EDGE_CURVE('',#4264,#4252,#124,.T.);
#5135=EDGE_CURVE('',#4306,#4264,#128,.T.);
#5145=EDGE_CURVE('',#4380,#4382,#132,.T.);
#5148=EDGE_CURVE('',#4304,#4306,#140,.T.);
#5150=EDGE_CURVE('',#4304,#4382,#168,.T.);
#5160=EDGE_CURVE('',#4823,#4824,#144,.T.);
#5162=EDGE_CURVE('',#4828,#4824,#148,.T.);
#5164=EDGE_CURVE('',#4827,#4828,#152,.T.);
#5166=EDGE_CURVE('',#4827,#4376,#180,.T.);
#5168=EDGE_CURVE('',#4374,#4376,#156,.T.);
#5172=EDGE_CURVE('',#4382,#4823,#164,.T.);
#5183=EDGE_CURVE('',#4823,#4830,#160,.T.);
#5185=EDGE_CURVE('',#3683,#4830,#3640,.T.);
#5187=EDGE_CURVE('',#4824,#3683,#3628,.T.);
#5200=EDGE_CURVE('',#4302,#4304,#172,.T.);
#5202=EDGE_CURVE('',#4376,#4302,#176,.T.);
#5205=EDGE_CURVE('',#4827,#4832,#184,.T.);
#5207=EDGE_CURVE('',#4832,#4830,#188,.T.);
#5217=EDGE_CURVE('',#4268,#4292,#192,.T.);
#5219=EDGE_CURVE('',#4267,#4268,#196,.T.);
#5221=EDGE_CURVE('',#4267,#4296,#3356,.T.);
#5223=EDGE_CURVE('',#4298,#4296,#3436,.T.);
#5225=EDGE_CURVE('',#4300,#4298,#3160,.T.);
#5227=EDGE_CURVE('',#4300,#4302,#1312,.T.);
#5232=EDGE_CURVE('',#4262,#4264,#200,.T.);
#5234=EDGE_CURVE('',#4262,#4308,#3500,.T.);
#5236=EDGE_CURVE('',#4308,#4292,#3488,.T.);
#5246=EDGE_CURVE('',#4268,#4270,#204,.T.);
#5249=EDGE_CURVE('',#4292,#4294,#3484,.T.);
#5251=EDGE_CURVE('',#4278,#4294,#3468,.T.);
#5253=EDGE_CURVE('',#4270,#4278,#208,.T.);
#5263=EDGE_CURVE('',#4457,#4458,#212,.T.);
#5265=EDGE_CURVE('',#4458,#4142,#532,.T.);
#5268=EDGE_CURVE('',#4141,#4267,#3360,.T.);
#5272=EDGE_CURVE('',#4270,#4461,#540,.T.);
#5274=EDGE_CURVE('',#4461,#4462,#220,.T.);
#5276=EDGE_CURVE('',#4470,#4462,#224,.T.);
#5278=EDGE_CURVE('',#4468,#4470,#228,.T.);
#5280=EDGE_CURVE('',#4466,#4468,#232,.T.);
#5282=EDGE_CURVE('',#4465,#4466,#236,.T.);
#5284=EDGE_CURVE('',#4457,#4465,#240,.T.);
#5294=EDGE_CURVE('',#4441,#4442,#280,.T.);
#5296=EDGE_CURVE('',#4441,#4472,#560,.T.);
#5298=EDGE_CURVE('',#4472,#4476,#548,.T.);
#5300=EDGE_CURVE('',#4476,#4458,#520,.T.);
#5303=EDGE_CURVE('',#4457,#4098,#408,.T.);
#5305=EDGE_CURVE('',#4096,#4098,#244,.T.);
#5307=EDGE_CURVE('',#4126,#4096,#248,.T.);
#5309=EDGE_CURVE('',#4128,#4126,#252,.T.);
#5311=EDGE_CURVE('',#4130,#4128,#256,.T.);
#5313=EDGE_CURVE('',#4132,#4130,#260,.T.);
#5315=EDGE_CURVE('',#4136,#4132,#264,.T.);
#5317=EDGE_CURVE('',#4138,#4136,#268,.T.);
#5319=EDGE_CURVE('',#4112,#4138,#272,.T.);
#5321=EDGE_CURVE('',#4111,#4112,#276,.T.);
#5323=EDGE_CURVE('',#4111,#4442,#312,.T.);
#5334=EDGE_CURVE('',#4442,#4454,#284,.T.);
#5336=EDGE_CURVE('',#4454,#4452,#288,.T.);
#5338=EDGE_CURVE('',#4451,#4452,#292,.T.);
#5340=EDGE_CURVE('',#4448,#4451,#296,.T.);
#5342=EDGE_CURVE('',#4446,#4448,#300,.T.);
#5344=EDGE_CURVE('',#4445,#4446,#304,.T.);
#5346=EDGE_CURVE('',#4445,#4261,#580,.T.);
#5348=EDGE_CURVE('',#4261,#4262,#3492,.T.);
#5353=EDGE_CURVE('',#4254,#4441,#564,.T.);
#5365=EDGE_CURVE('',#4124,#4111,#316,.T.);
#5367=EDGE_CURVE('',#4454,#4124,#412,.T.);
#5378=EDGE_CURVE('',#4112,#4090,#324,.T.);
#5380=EDGE_CURVE('',#4081,#4090,#320,.T.);
#5382=EDGE_CURVE('',#4114,#4081,#488,.T.);
#5384=EDGE_CURVE('',#4114,#4116,#452,.T.);
#5386=EDGE_CURVE('',#4118,#4116,#444,.T.);
#5388=EDGE_CURVE('',#4120,#4118,#436,.T.);
#5390=EDGE_CURVE('',#4120,#4122,#428,.T.);
#5392=EDGE_CURVE('',#4124,#4122,#416,.T.);
#5405=EDGE_CURVE('',#4088,#4138,#328,.T.);
#5407=EDGE_CURVE('',#4090,#4088,#332,.T.);
#5419=EDGE_CURVE('',#4086,#4136,#336,.T.);
#5421=EDGE_CURVE('',#4088,#4086,#340,.T.);
#5433=EDGE_CURVE('',#4084,#4132,#344,.T.);
#5435=EDGE_CURVE('',#4086,#4084,#348,.T.);
#5447=EDGE_CURVE('',#4078,#4130,#352,.T.);
#5449=EDGE_CURVE('',#4069,#4078,#356,.T.);
#5451=EDGE_CURVE('',#4092,#4069,#360,.T.);
#5453=EDGE_CURVE('',#4092,#4134,#456,.T.);
#5455=EDGE_CURVE('',#4082,#4134,#480,.T.);
#5457=EDGE_CURVE('',#4084,#4082,#364,.T.);
#5469=EDGE_CURVE('',#4076,#4128,#368,.T.);
#5471=EDGE_CURVE('',#4078,#4076,#372,.T.);
#5483=EDGE_CURVE('',#4074,#4126,#376,.T.);
#5485=EDGE_CURVE('',#4076,#4074,#380,.T.);
#5497=EDGE_CURVE('',#4072,#4096,#384,.T.);
#5499=EDGE_CURVE('',#4074,#4072,#388,.T.);
#5511=EDGE_CURVE('',#4098,#4100,#404,.T.);
#5513=EDGE_CURVE('',#4102,#4100,#420,.T.);
#5515=EDGE_CURVE('',#4102,#4104,#512,.T.);
#5517=EDGE_CURVE('',#4106,#4104,#504,.T.);
#5519=EDGE_CURVE('',#4108,#4106,#496,.T.);
#5521=EDGE_CURVE('',#4108,#4094,#464,.T.);
#5523=EDGE_CURVE('',#4070,#4094,#392,.T.);
#5525=EDGE_CURVE('',#4072,#4070,#396,.T.);
#5536=EDGE_CURVE('',#4100,#4465,#400,.T.);
#5551=EDGE_CURVE('',#4122,#4452,#424,.T.);
#5562=EDGE_CURVE('',#4466,#4102,#516,.T.);
#5577=EDGE_CURVE('',#4451,#4120,#432,.T.);
#5590=EDGE_CURVE('',#4118,#4448,#440,.T.);
#5603=EDGE_CURVE('',#4116,#4446,#448,.T.);
#5616=EDGE_CURVE('',#4134,#4114,#484,.T.);
#5619=EDGE_CURVE('',#4094,#4092,#460,.T.);
#5622=EDGE_CURVE('',#4462,#4108,#468,.T.);
#5625=EDGE_CURVE('',#4478,#4461,#536,.T.);
#5627=EDGE_CURVE('',#4486,#4478,#644,.T.);
#5629=EDGE_CURVE('',#4486,#4488,#624,.T.);
#5631=EDGE_CURVE('',#4490,#4488,#472,.T.);
#5633=EDGE_CURVE('',#4480,#4490,#596,.T.);
#5635=EDGE_CURVE('',#4474,#4480,#584,.T.);
#5637=EDGE_CURVE('',#4445,#4474,#572,.T.);
#5647=EDGE_CURVE('',#4081,#4082,#476,.T.);
#5674=EDGE_CURVE('',#4069,#4070,#492,.T.);
#5704=EDGE_CURVE('',#4470,#4106,#500,.T.);
#5717=EDGE_CURVE('',#4104,#4468,#508,.T.);
#5740=EDGE_CURVE('',#4258,#4476,#524,.T.);
#5754=EDGE_CURVE('',#4274,#4270,#544,.T.);
#5756=EDGE_CURVE('',#4274,#4478,#648,.T.);
#5767=EDGE_CURVE('',#4472,#4256,#552,.T.);
#5792=EDGE_CURVE('',#4474,#4272,#592,.T.);
#5794=EDGE_CURVE('',#4261,#4272,#576,.T.);
#5806=EDGE_CURVE('',#4286,#4480,#616,.T.);
#5808=EDGE_CURVE('',#4272,#4286,#588,.T.);
#5820=EDGE_CURVE('',#4484,#4490,#600,.T.);
#5822=EDGE_CURVE('',#4484,#4289,#604,.T.);
#5824=EDGE_CURVE('',#4289,#4285,#608,.T.);
#5826=EDGE_CURVE('',#4285,#4286,#612,.T.);
#5837=EDGE_CURVE('',#4483,#4484,#620,.T.);
#5841=EDGE_CURVE('',#4483,#4488,#640,.T.);
#5852=EDGE_CURVE('',#4290,#4483,#636,.T.);
#5854=EDGE_CURVE('',#4289,#4290,#1050,.T.);
#5866=EDGE_CURVE('',#4486,#4280,#628,.T.);
#5868=EDGE_CURVE('',#4280,#4282,#632,.T.);
#5870=EDGE_CURVE('',#4290,#4282,#1054,.T.);
#5884=EDGE_CURVE('',#4280,#4274,#652,.T.);
#5895=EDGE_CURVE('',#4757,#4758,#656,.T.);
#5897=EDGE_CURVE('',#4282,#4757,#1058,.T.);
#5903=EDGE_CURVE('',#4276,#4278,#3464,.T.);
#5905=EDGE_CURVE('',#4276,#4261,#3496,.T.);
#5910=EDGE_CURVE('',#4497,#4285,#1046,.T.);
#5912=EDGE_CURVE('',#4497,#4498,#660,.T.);
#5914=EDGE_CURVE('',#4498,#4494,#664,.T.);
#5916=EDGE_CURVE('',#4493,#4494,#668,.T.);
#5918=EDGE_CURVE('',#4521,#4493,#1030,.T.);
#5920=EDGE_CURVE('',#4521,#4522,#672,.T.);
#5922=EDGE_CURVE('',#4522,#4518,#676,.T.);
#5924=EDGE_CURVE('',#4517,#4518,#680,.T.);
#5926=EDGE_CURVE('',#4545,#4517,#1014,.T.);
#5928=EDGE_CURVE('',#4545,#4546,#684,.T.);
#5930=EDGE_CURVE('',#4546,#4542,#688,.T.);
#5932=EDGE_CURVE('',#4541,#4542,#692,.T.);
#5934=EDGE_CURVE('',#4569,#4541,#998,.T.);
#5936=EDGE_CURVE('',#4569,#4570,#696,.T.);
#5938=EDGE_CURVE('',#4570,#4566,#700,.T.);
#5940=EDGE_CURVE('',#4565,#4566,#704,.T.);
#5942=EDGE_CURVE('',#4593,#4565,#982,.T.);
#5944=EDGE_CURVE('',#4593,#4594,#708,.T.);
#5946=EDGE_CURVE('',#4594,#4590,#712,.T.);
#5948=EDGE_CURVE('',#4589,#4590,#716,.T.);
#5950=EDGE_CURVE('',#4617,#4589,#966,.T.);
#5952=EDGE_CURVE('',#4617,#4618,#720,.T.);
#5954=EDGE_CURVE('',#4618,#4614,#724,.T.);
#5956=EDGE_CURVE('',#4613,#4614,#728,.T.);
#5958=EDGE_CURVE('',#4641,#4613,#950,.T.);
#5960=EDGE_CURVE('',#4641,#4642,#732,.T.);
#5962=EDGE_CURVE('',#4642,#4638,#736,.T.);
#5964=EDGE_CURVE('',#4637,#4638,#740,.T.);
#5966=EDGE_CURVE('',#4665,#4637,#934,.T.);
#5968=EDGE_CURVE('',#4665,#4666,#744,.T.);
#5970=EDGE_CURVE('',#4666,#4662,#748,.T.);
#5972=EDGE_CURVE('',#4661,#4662,#752,.T.);
#5974=EDGE_CURVE('',#4689,#4661,#918,.T.);
#5976=EDGE_CURVE('',#4689,#4690,#756,.T.);
#5978=EDGE_CURVE('',#4690,#4686,#760,.T.);
#5980=EDGE_CURVE('',#4685,#4686,#764,.T.);
#5982=EDGE_CURVE('',#4713,#4685,#902,.T.);
#5984=EDGE_CURVE('',#4713,#4714,#768,.T.);
#5986=EDGE_CURVE('',#4714,#4710,#772,.T.);
#5988=EDGE_CURVE('',#4709,#4710,#776,.T.);
#5990=EDGE_CURVE('',#4737,#4709,#886,.T.);
#5992=EDGE_CURVE('',#4737,#4738,#780,.T.);
#5994=EDGE_CURVE('',#4738,#4734,#784,.T.);
#5996=EDGE_CURVE('',#4733,#4734,#788,.T.);
#5998=EDGE_CURVE('',#4761,#4733,#870,.T.);
#6000=EDGE_CURVE('',#4761,#4762,#792,.T.);
#6002=EDGE_CURVE('',#4762,#4758,#796,.T.);
#6013=EDGE_CURVE('',#4758,#3801,#800,.T.);
#6015=EDGE_CURVE('',#3801,#4764,#804,.T.);
#6017=EDGE_CURVE('',#4764,#4757,#858,.T.);
#6027=EDGE_CURVE('',#4769,#4770,#1120,.T.);
#6029=EDGE_CURVE('',#4776,#4769,#1368,.T.);
#6031=EDGE_CURVE('',#4776,#3798,#1364,.T.);
#6033=EDGE_CURVE('',#3798,#3796,#809,.T.);
#6035=EDGE_CURVE('',#3796,#3794,#813,.T.);
#6037=EDGE_CURVE('',#3794,#3792,#1344,.T.);
#6039=EDGE_CURVE('',#3792,#3789,#817,.T.);
#6041=EDGE_CURVE('',#3789,#3790,#1328,.T.);
#6043=EDGE_CURVE('',#4770,#3790,#1324,.T.);
#6054=EDGE_CURVE('',#4762,#3802,#829,.T.);
#6056=EDGE_CURVE('',#3801,#3802,#821,.T.);
#6068=EDGE_CURVE('',#4766,#4761,#866,.T.);
#6070=EDGE_CURVE('',#3802,#4766,#825,.T.);
#6081=EDGE_CURVE('',#4773,#4774,#1128,.T.);
#6083=EDGE_CURVE('',#3804,#4774,#833,.T.);
#6085=EDGE_CURVE('',#3806,#3804,#837,.T.);
#6087=EDGE_CURVE('',#3808,#3806,#841,.T.);
#6089=EDGE_CURVE('',#3810,#3808,#845,.T.);
#6091=EDGE_CURVE('',#3812,#3810,#849,.T.);
#6093=EDGE_CURVE('',#3814,#3812,#854,.T.);
#6095=EDGE_CURVE('',#3814,#4778,#1360,.T.);
#6097=EDGE_CURVE('',#4778,#4773,#1384,.T.);
#6108=EDGE_CURVE('',#4766,#4764,#862,.T.);
#6112=EDGE_CURVE('',#4740,#4733,#874,.T.);
#6114=EDGE_CURVE('',#4742,#4740,#878,.T.);
#6116=EDGE_CURVE('',#4742,#4737,#882,.T.);
#6119=EDGE_CURVE('',#4716,#4709,#890,.T.);
#6121=EDGE_CURVE('',#4718,#4716,#894,.T.);
#6123=EDGE_CURVE('',#4718,#4713,#898,.T.);
#6126=EDGE_CURVE('',#4692,#4685,#906,.T.);
#6128=EDGE_CURVE('',#4694,#4692,#910,.T.);
#6130=EDGE_CURVE('',#4694,#4689,#914,.T.);
#6133=EDGE_CURVE('',#4668,#4661,#922,.T.);
#6135=EDGE_CURVE('',#4670,#4668,#926,.T.);
#6137=EDGE_CURVE('',#4670,#4665,#930,.T.);
#6140=EDGE_CURVE('',#4644,#4637,#938,.T.);
#6142=EDGE_CURVE('',#4646,#4644,#942,.T.);
#6144=EDGE_CURVE('',#4646,#4641,#946,.T.);
#6147=EDGE_CURVE('',#4620,#4613,#954,.T.);
#6149=EDGE_CURVE('',#4622,#4620,#958,.T.);
#6151=EDGE_CURVE('',#4622,#4617,#962,.T.);
#6154=EDGE_CURVE('',#4596,#4589,#970,.T.);
#6156=EDGE_CURVE('',#4598,#4596,#974,.T.);
#6158=EDGE_CURVE('',#4598,#4593,#978,.T.);
#6161=EDGE_CURVE('',#4572,#4565,#986,.T.);
#6163=EDGE_CURVE('',#4574,#4572,#990,.T.);
#6165=EDGE_CURVE('',#4574,#4569,#994,.T.);
#6168=EDGE_CURVE('',#4548,#4541,#1002,.T.);
#6170=EDGE_CURVE('',#4550,#4548,#1006,.T.);
#6172=EDGE_CURVE('',#4550,#4545,#1010,.T.);
#6175=EDGE_CURVE('',#4524,#4517,#1018,.T.);
#6177=EDGE_CURVE('',#4526,#4524,#1022,.T.);
#6179=EDGE_CURVE('',#4526,#4521,#1026,.T.);
#6182=EDGE_CURVE('',#4500,#4493,#1034,.T.);
#6184=EDGE_CURVE('',#4502,#4500,#1038,.T.);
#6186=EDGE_CURVE('',#4502,#4497,#1042,.T.);
#6214=EDGE_CURVE('',#4734,#3829,#1062,.T.);
#6216=EDGE_CURVE('',#3829,#4740,#1066,.T.);
#6227=EDGE_CURVE('',#4745,#4746,#1136,.T.);
#6229=EDGE_CURVE('',#4752,#4745,#1444,.T.);
#6231=EDGE_CURVE('',#4752,#3826,#1492,.T.);
#6233=EDGE_CURVE('',#3826,#3824,#1071,.T.);
#6235=EDGE_CURVE('',#3824,#3822,#1075,.T.);
#6237=EDGE_CURVE('',#3822,#3820,#1512,.T.);
#6239=EDGE_CURVE('',#3820,#3817,#1079,.T.);
#6241=EDGE_CURVE('',#3817,#3818,#1520,.T.);
#6243=EDGE_CURVE('',#4746,#3818,#1528,.T.);
#6254=EDGE_CURVE('',#4738,#3830,#1091,.T.);
#6256=EDGE_CURVE('',#3829,#3830,#1083,.T.);
#6269=EDGE_CURVE('',#3830,#4742,#1087,.T.);
#6280=EDGE_CURVE('',#4749,#4750,#1144,.T.);
#6282=EDGE_CURVE('',#3832,#4750,#1095,.T.);
#6284=EDGE_CURVE('',#3834,#3832,#1099,.T.);
#6286=EDGE_CURVE('',#3836,#3834,#1103,.T.);
#6288=EDGE_CURVE('',#3838,#3836,#1107,.T.);
#6290=EDGE_CURVE('',#3840,#3838,#1111,.T.);
#6292=EDGE_CURVE('',#3842,#3840,#1116,.T.);
#6294=EDGE_CURVE('',#3842,#4754,#1488,.T.);
#6296=EDGE_CURVE('',#4754,#4749,#1456,.T.);
#6319=EDGE_CURVE('',#4774,#4770,#1124,.T.);
#6322=EDGE_CURVE('',#4773,#4324,#1380,.T.);
#6324=EDGE_CURVE('',#4156,#4324,#1424,.T.);
#6327=EDGE_CURVE('',#4158,#4326,#1432,.T.);
#6329=EDGE_CURVE('',#4326,#4745,#1448,.T.);
#6332=EDGE_CURVE('',#4750,#4746,#1140,.T.);
#6335=EDGE_CURVE('',#4749,#4328,#1452,.T.);
#6337=EDGE_CURVE('',#4164,#4328,#1484,.T.);
#6340=EDGE_CURVE('',#4166,#4330,#1536,.T.);
#6342=EDGE_CURVE('',#4330,#4721,#1552,.T.);
#6344=EDGE_CURVE('',#4721,#4722,#1152,.T.);
#6346=EDGE_CURVE('',#4726,#4722,#1156,.T.);
#6348=EDGE_CURVE('',#4725,#4726,#1160,.T.);
#6350=EDGE_CURVE('',#4725,#4332,#1556,.T.);
#6352=EDGE_CURVE('',#4172,#4332,#1690,.T.);
#6355=EDGE_CURVE('',#4174,#4334,#1698,.T.);
#6357=EDGE_CURVE('',#4334,#4697,#1714,.T.);
#6359=EDGE_CURVE('',#4697,#4698,#1168,.T.);
#6361=EDGE_CURVE('',#4702,#4698,#1172,.T.);
#6363=EDGE_CURVE('',#4701,#4702,#1176,.T.);
#6365=EDGE_CURVE('',#4701,#4336,#1718,.T.);
#6367=EDGE_CURVE('',#4180,#4336,#1852,.T.);
#6370=EDGE_CURVE('',#4182,#4338,#1860,.T.);
#6372=EDGE_CURVE('',#4338,#4673,#1876,.T.);
#6374=EDGE_CURVE('',#4673,#4674,#1184,.T.);
#6376=EDGE_CURVE('',#4678,#4674,#1188,.T.);
#6378=EDGE_CURVE('',#4677,#4678,#1192,.T.);
#6380=EDGE_CURVE('',#4677,#4340,#1880,.T.);
#6382=EDGE_CURVE('',#4188,#4340,#2014,.T.);
#6385=EDGE_CURVE('',#4190,#4342,#2022,.T.);
#6387=EDGE_CURVE('',#4342,#4649,#2038,.T.);
#6389=EDGE_CURVE('',#4649,#4650,#1200,.T.);
#6391=EDGE_CURVE('',#4654,#4650,#1204,.T.);
#6393=EDGE_CURVE('',#4653,#4654,#1208,.T.);
#6395=EDGE_CURVE('',#4653,#4344,#2042,.T.);
#6397=EDGE_CURVE('',#4196,#4344,#2176,.T.);
#6400=EDGE_CURVE('',#4198,#4346,#2184,.T.);
#6402=EDGE_CURVE('',#4346,#4625,#2200,.T.);
#6404=EDGE_CURVE('',#4625,#4626,#1216,.T.);
#6406=EDGE_CURVE('',#4630,#4626,#1220,.T.);
#6408=EDGE_CURVE('',#4629,#4630,#1224,.T.);
#6410=EDGE_CURVE('',#4629,#4348,#2204,.T.);
#6412=EDGE_CURVE('',#4204,#4348,#2338,.T.);
#6415=EDGE_CURVE('',#4206,#4350,#2346,.T.);
#6417=EDGE_CURVE('',#4350,#4601,#2362,.T.);
#6419=EDGE_CURVE('',#4601,#4602,#1232,.T.);
#6421=EDGE_CURVE('',#4606,#4602,#1236,.T.);
#6423=EDGE_CURVE('',#4605,#4606,#1240,.T.);
#6425=EDGE_CURVE('',#4605,#4352,#2366,.T.);
#6427=EDGE_CURVE('',#4212,#4352,#2500,.T.);
#6430=EDGE_CURVE('',#4214,#4354,#2508,.T.);
#6432=EDGE_CURVE('',#4354,#4577,#2524,.T.);
#6434=EDGE_CURVE('',#4577,#4578,#1248,.T.);
#6436=EDGE_CURVE('',#4582,#4578,#1252,.T.);
#6438=EDGE_CURVE('',#4581,#4582,#1256,.T.);
#6440=EDGE_CURVE('',#4581,#4356,#2528,.T.);
#6442=EDGE_CURVE('',#4220,#4356,#2662,.T.);
#6445=EDGE_CURVE('',#4222,#4358,#2670,.T.);
#6447=EDGE_CURVE('',#4358,#4553,#2686,.T.);
#6449=EDGE_CURVE('',#4553,#4554,#1264,.T.);
#6451=EDGE_CURVE('',#4558,#4554,#1268,.T.);
#6453=EDGE_CURVE('',#4557,#4558,#1272,.T.);
#6455=EDGE_CURVE('',#4557,#4360,#2690,.T.);
#6457=EDGE_CURVE('',#4228,#4360,#2824,.T.);
#6460=EDGE_CURVE('',#4230,#4362,#2832,.T.);
#6462=EDGE_CURVE('',#4362,#4529,#2844,.T.);
#6464=EDGE_CURVE('',#4529,#4530,#1280,.T.);
#6466=EDGE_CURVE('',#4534,#4530,#1284,.T.);
#6468=EDGE_CURVE('',#4533,#4534,#1288,.T.);
#6470=EDGE_CURVE('',#4533,#4364,#2848,.T.);
#6472=EDGE_CURVE('',#4236,#4364,#2986,.T.);
#6475=EDGE_CURVE('',#4238,#4366,#2994,.T.);
#6477=EDGE_CURVE('',#4366,#4505,#3006,.T.);
#6479=EDGE_CURVE('',#4505,#4506,#1296,.T.);
#6481=EDGE_CURVE('',#4510,#4506,#1300,.T.);
#6483=EDGE_CURVE('',#4509,#4510,#1304,.T.);
#6485=EDGE_CURVE('',#4509,#4368,#3010,.T.);
#6487=EDGE_CURVE('',#4244,#4368,#3148,.T.);
#6496=EDGE_CURVE('',#4318,#4300,#3156,.T.);
#6498=EDGE_CURVE('',#4318,#4312,#3392,.T.);
#6500=EDGE_CURVE('',#4311,#4312,#1316,.T.);
#6502=EDGE_CURVE('',#4320,#4311,#3344,.T.);
#6504=EDGE_CURVE('',#4320,#4150,#3212,.T.);
#6507=EDGE_CURVE('',#4149,#4322,#1392,.T.);
#6509=EDGE_CURVE('',#4322,#4769,#1372,.T.);
#6521=EDGE_CURVE('',#3790,#3804,#1332,.T.);
#6533=EDGE_CURVE('',#3806,#3789,#1336,.T.);
#6546=EDGE_CURVE('',#3792,#3808,#1340,.T.);
#6558=EDGE_CURVE('',#3810,#3794,#1348,.T.);
#6571=EDGE_CURVE('',#3812,#3796,#1352,.T.);
#6587=EDGE_CURVE('',#3798,#3814,#1356,.T.);
#6597=EDGE_CURVE('',#4776,#4778,#1388,.T.);
#6612=EDGE_CURVE('',#4390,#4322,#1376,.T.);
#6614=EDGE_CURVE('',#4396,#4390,#1400,.T.);
#6616=EDGE_CURVE('',#4324,#4396,#1412,.T.);
#6632=EDGE_CURVE('',#4390,#4152,#1404,.T.);
#6645=EDGE_CURVE('',#4396,#4154,#1416,.T.);
#6667=EDGE_CURVE('',#4326,#4404,#1428,.T.);
#6671=EDGE_CURVE('',#4404,#4160,#1440,.T.);
#6684=EDGE_CURVE('',#4403,#4404,#1464,.T.);
#6686=EDGE_CURVE('',#4328,#4403,#1472,.T.);
#6690=EDGE_CURVE('',#4752,#4754,#1460,.T.);
#6703=EDGE_CURVE('',#4403,#4162,#1476,.T.);
#6727=EDGE_CURVE('',#3826,#3842,#1500,.T.);
#6739=EDGE_CURVE('',#3840,#3824,#1496,.T.);
#6753=EDGE_CURVE('',#3838,#3822,#1504,.T.);
#6766=EDGE_CURVE('',#3820,#3836,#1508,.T.);
#6780=EDGE_CURVE('',#3834,#3817,#1516,.T.);
#6793=EDGE_CURVE('',#3818,#3832,#1524,.T.);
#6815=EDGE_CURVE('',#4330,#4408,#1532,.T.);
#6819=EDGE_CURVE('',#4408,#4168,#1544,.T.);
#6829=EDGE_CURVE('',#4728,#4721,#1548,.T.);
#6833=EDGE_CURVE('',#4407,#4408,#1670,.T.);
#6835=EDGE_CURVE('',#4332,#4407,#1678,.T.);
#6838=EDGE_CURVE('',#4730,#4725,#1560,.T.);
#6840=EDGE_CURVE('',#4728,#4730,#1564,.T.);
#6851=EDGE_CURVE('',#4710,#3913,#1568,.T.);
#6853=EDGE_CURVE('',#3913,#4716,#1572,.T.);
#6866=EDGE_CURVE('',#4728,#3910,#1666,.T.);
#6868=EDGE_CURVE('',#3910,#3908,#1577,.T.);
#6870=EDGE_CURVE('',#3908,#3906,#1581,.T.);
#6872=EDGE_CURVE('',#3906,#3904,#1646,.T.);
#6874=EDGE_CURVE('',#3904,#3901,#1585,.T.);
#6876=EDGE_CURVE('',#3901,#3902,#1630,.T.);
#6878=EDGE_CURVE('',#4722,#3902,#1626,.T.);
#6889=EDGE_CURVE('',#4714,#3914,#1597,.T.);
#6891=EDGE_CURVE('',#3913,#3914,#1589,.T.);
#6904=EDGE_CURVE('',#3914,#4718,#1593,.T.);
#6916=EDGE_CURVE('',#3916,#4726,#1601,.T.);
#6918=EDGE_CURVE('',#3918,#3916,#1605,.T.);
#6920=EDGE_CURVE('',#3920,#3918,#1609,.T.);
#6922=EDGE_CURVE('',#3922,#3920,#1613,.T.);
#6924=EDGE_CURVE('',#3924,#3922,#1617,.T.);
#6926=EDGE_CURVE('',#3926,#3924,#1622,.T.);
#6928=EDGE_CURVE('',#3926,#4730,#1662,.T.);
#6953=EDGE_CURVE('',#3902,#3916,#1634,.T.);
#6965=EDGE_CURVE('',#3918,#3901,#1638,.T.);
#6978=EDGE_CURVE('',#3904,#3920,#1642,.T.);
#6990=EDGE_CURVE('',#3922,#3906,#1650,.T.);
#7003=EDGE_CURVE('',#3924,#3908,#1654,.T.);
#7019=EDGE_CURVE('',#3910,#3926,#1658,.T.);
#7044=EDGE_CURVE('',#4407,#4170,#1682,.T.);
#7066=EDGE_CURVE('',#4334,#4412,#1694,.T.);
#7070=EDGE_CURVE('',#4412,#4176,#1706,.T.);
#7080=EDGE_CURVE('',#4704,#4697,#1710,.T.);
#7084=EDGE_CURVE('',#4411,#4412,#1832,.T.);
#7086=EDGE_CURVE('',#4336,#4411,#1840,.T.);
#7089=EDGE_CURVE('',#4706,#4701,#1722,.T.);
#7091=EDGE_CURVE('',#4704,#4706,#1726,.T.);
#7102=EDGE_CURVE('',#4686,#3941,#1730,.T.);
#7104=EDGE_CURVE('',#3941,#4692,#1734,.T.);
#7117=EDGE_CURVE('',#4704,#3938,#1828,.T.);
#7119=EDGE_CURVE('',#3938,#3936,#1739,.T.);
#7121=EDGE_CURVE('',#3936,#3934,#1743,.T.);
#7123=EDGE_CURVE('',#3934,#3932,#1808,.T.);
#7125=EDGE_CURVE('',#3932,#3929,#1747,.T.);
#7127=EDGE_CURVE('',#3929,#3930,#1792,.T.);
#7129=EDGE_CURVE('',#4698,#3930,#1788,.T.);
#7140=EDGE_CURVE('',#4690,#3942,#1759,.T.);
#7142=EDGE_CURVE('',#3941,#3942,#1751,.T.);
#7155=EDGE_CURVE('',#3942,#4694,#1755,.T.);
#7167=EDGE_CURVE('',#3944,#4702,#1763,.T.);
#7169=EDGE_CURVE('',#3946,#3944,#1767,.T.);
#7171=EDGE_CURVE('',#3948,#3946,#1771,.T.);
#7173=EDGE_CURVE('',#3950,#3948,#1775,.T.);
#7175=EDGE_CURVE('',#3952,#3950,#1779,.T.);
#7177=EDGE_CURVE('',#3954,#3952,#1784,.T.);
#7179=EDGE_CURVE('',#3954,#4706,#1824,.T.);
#7204=EDGE_CURVE('',#3930,#3944,#1796,.T.);
#7216=EDGE_CURVE('',#3946,#3929,#1800,.T.);
#7229=EDGE_CURVE('',#3932,#3948,#1804,.T.);
#7241=EDGE_CURVE('',#3950,#3934,#1812,.T.);
#7254=EDGE_CURVE('',#3952,#3936,#1816,.T.);
#7270=EDGE_CURVE('',#3938,#3954,#1820,.T.);
#7295=EDGE_CURVE('',#4411,#4178,#1844,.T.);
#7317=EDGE_CURVE('',#4338,#4416,#1856,.T.);
#7321=EDGE_CURVE('',#4416,#4184,#1868,.T.);
#7331=EDGE_CURVE('',#4680,#4673,#1872,.T.);
#7335=EDGE_CURVE('',#4415,#4416,#1994,.T.);
#7337=EDGE_CURVE('',#4340,#4415,#2002,.T.);
#7340=EDGE_CURVE('',#4682,#4677,#1884,.T.);
#7342=EDGE_CURVE('',#4680,#4682,#1888,.T.);
#7353=EDGE_CURVE('',#4662,#3969,#1892,.T.);
#7355=EDGE_CURVE('',#3969,#4668,#1896,.T.);
#7368=EDGE_CURVE('',#4680,#3966,#1990,.T.);
#7370=EDGE_CURVE('',#3966,#3964,#1901,.T.);
#7372=EDGE_CURVE('',#3964,#3962,#1905,.T.);
#7374=EDGE_CURVE('',#3962,#3960,#1970,.T.);
#7376=EDGE_CURVE('',#3960,#3957,#1909,.T.);
#7378=EDGE_CURVE('',#3957,#3958,#1954,.T.);
#7380=EDGE_CURVE('',#4674,#3958,#1950,.T.);
#7391=EDGE_CURVE('',#4666,#3970,#1921,.T.);
#7393=EDGE_CURVE('',#3969,#3970,#1913,.T.);
#7406=EDGE_CURVE('',#3970,#4670,#1917,.T.);
#7418=EDGE_CURVE('',#3972,#4678,#1925,.T.);
#7420=EDGE_CURVE('',#3974,#3972,#1929,.T.);
#7422=EDGE_CURVE('',#3976,#3974,#1933,.T.);
#7424=EDGE_CURVE('',#3978,#3976,#1937,.T.);
#7426=EDGE_CURVE('',#3980,#3978,#1941,.T.);
#7428=EDGE_CURVE('',#3982,#3980,#1946,.T.);
#7430=EDGE_CURVE('',#3982,#4682,#1986,.T.);
#7455=EDGE_CURVE('',#3958,#3972,#1958,.T.);
#7467=EDGE_CURVE('',#3974,#3957,#1962,.T.);
#7480=EDGE_CURVE('',#3960,#3976,#1966,.T.);
#7492=EDGE_CURVE('',#3978,#3962,#1974,.T.);
#7505=EDGE_CURVE('',#3980,#3964,#1978,.T.);
#7521=EDGE_CURVE('',#3966,#3982,#1982,.T.);
#7546=EDGE_CURVE('',#4415,#4186,#2006,.T.);
#7568=EDGE_CURVE('',#4342,#4420,#2018,.T.);
#7572=EDGE_CURVE('',#4420,#4192,#2030,.T.);
#7582=EDGE_CURVE('',#4656,#4649,#2034,.T.);
#7586=EDGE_CURVE('',#4419,#4420,#2156,.T.);
#7588=EDGE_CURVE('',#4344,#4419,#2164,.T.);
#7591=EDGE_CURVE('',#4658,#4653,#2046,.T.);
#7593=EDGE_CURVE('',#4656,#4658,#2050,.T.);
#7604=EDGE_CURVE('',#4638,#3997,#2054,.T.);
#7606=EDGE_CURVE('',#3997,#4644,#2058,.T.);
#7619=EDGE_CURVE('',#4656,#3994,#2152,.T.);
#7621=EDGE_CURVE('',#3994,#3992,#2063,.T.);
#7623=EDGE_CURVE('',#3992,#3990,#2067,.T.);
#7625=EDGE_CURVE('',#3990,#3988,#2132,.T.);
#7627=EDGE_CURVE('',#3988,#3985,#2071,.T.);
#7629=EDGE_CURVE('',#3985,#3986,#2116,.T.);
#7631=EDGE_CURVE('',#4650,#3986,#2112,.T.);
#7642=EDGE_CURVE('',#4642,#3998,#2083,.T.);
#7644=EDGE_CURVE('',#3997,#3998,#2075,.T.);
#7657=EDGE_CURVE('',#3998,#4646,#2079,.T.);
#7669=EDGE_CURVE('',#4000,#4654,#2087,.T.);
#7671=EDGE_CURVE('',#4002,#4000,#2091,.T.);
#7673=EDGE_CURVE('',#4004,#4002,#2095,.T.);
#7675=EDGE_CURVE('',#4006,#4004,#2099,.T.);
#7677=EDGE_CURVE('',#4008,#4006,#2103,.T.);
#7679=EDGE_CURVE('',#4010,#4008,#2108,.T.);
#7681=EDGE_CURVE('',#4010,#4658,#2148,.T.);
#7706=EDGE_CURVE('',#3986,#4000,#2120,.T.);
#7718=EDGE_CURVE('',#4002,#3985,#2124,.T.);
#7731=EDGE_CURVE('',#3988,#4004,#2128,.T.);
#7743=EDGE_CURVE('',#4006,#3990,#2136,.T.);
#7756=EDGE_CURVE('',#4008,#3992,#2140,.T.);
#7772=EDGE_CURVE('',#3994,#4010,#2144,.T.);
#7797=EDGE_CURVE('',#4419,#4194,#2168,.T.);
#7819=EDGE_CURVE('',#4346,#4424,#2180,.T.);
#7823=EDGE_CURVE('',#4424,#4200,#2192,.T.);
#7833=EDGE_CURVE('',#4632,#4625,#2196,.T.);
#7837=EDGE_CURVE('',#4423,#4424,#2318,.T.);
#7839=EDGE_CURVE('',#4348,#4423,#2326,.T.);
#7842=EDGE_CURVE('',#4634,#4629,#2208,.T.);
#7844=EDGE_CURVE('',#4632,#4634,#2212,.T.);
#7855=EDGE_CURVE('',#4614,#4025,#2216,.T.);
#7857=EDGE_CURVE('',#4025,#4620,#2220,.T.);
#7870=EDGE_CURVE('',#4632,#4022,#2314,.T.);
#7872=EDGE_CURVE('',#4022,#4020,#2225,.T.);
#7874=EDGE_CURVE('',#4020,#4018,#2229,.T.);
#7876=EDGE_CURVE('',#4018,#4016,#2294,.T.);
#7878=EDGE_CURVE('',#4016,#4013,#2233,.T.);
#7880=EDGE_CURVE('',#4013,#4014,#2278,.T.);
#7882=EDGE_CURVE('',#4626,#4014,#2274,.T.);
#7893=EDGE_CURVE('',#4618,#4026,#2245,.T.);
#7895=EDGE_CURVE('',#4025,#4026,#2237,.T.);
#7908=EDGE_CURVE('',#4026,#4622,#2241,.T.);
#7920=EDGE_CURVE('',#4028,#4630,#2249,.T.);
#7922=EDGE_CURVE('',#4030,#4028,#2253,.T.);
#7924=EDGE_CURVE('',#4032,#4030,#2257,.T.);
#7926=EDGE_CURVE('',#4034,#4032,#2261,.T.);
#7928=EDGE_CURVE('',#4036,#4034,#2265,.T.);
#7930=EDGE_CURVE('',#4038,#4036,#2270,.T.);
#7932=EDGE_CURVE('',#4038,#4634,#2310,.T.);
#7957=EDGE_CURVE('',#4014,#4028,#2282,.T.);
#7969=EDGE_CURVE('',#4030,#4013,#2286,.T.);
#7982=EDGE_CURVE('',#4016,#4032,#2290,.T.);
#7994=EDGE_CURVE('',#4034,#4018,#2298,.T.);
#8007=EDGE_CURVE('',#4036,#4020,#2302,.T.);
#8023=EDGE_CURVE('',#4022,#4038,#2306,.T.);
#8048=EDGE_CURVE('',#4423,#4202,#2330,.T.);
#8070=EDGE_CURVE('',#4350,#4428,#2342,.T.);
#8074=EDGE_CURVE('',#4428,#4208,#2354,.T.);
#8084=EDGE_CURVE('',#4608,#4601,#2358,.T.);
#8088=EDGE_CURVE('',#4427,#4428,#2480,.T.);
#8090=EDGE_CURVE('',#4352,#4427,#2488,.T.);
#8093=EDGE_CURVE('',#4610,#4605,#2370,.T.);
#8095=EDGE_CURVE('',#4608,#4610,#2374,.T.);
#8106=EDGE_CURVE('',#4590,#4053,#2378,.T.);
#8108=EDGE_CURVE('',#4053,#4596,#2382,.T.);
#8121=EDGE_CURVE('',#4608,#4050,#2476,.T.);
#8123=EDGE_CURVE('',#4050,#4048,#2387,.T.);
#8125=EDGE_CURVE('',#4048,#4046,#2391,.T.);
#8127=EDGE_CURVE('',#4046,#4044,#2456,.T.);
#8129=EDGE_CURVE('',#4044,#4041,#2395,.T.);
#8131=EDGE_CURVE('',#4041,#4042,#2440,.T.);
#8133=EDGE_CURVE('',#4602,#4042,#2436,.T.);
#8144=EDGE_CURVE('',#4594,#4054,#2407,.T.);
#8146=EDGE_CURVE('',#4053,#4054,#2399,.T.);
#8159=EDGE_CURVE('',#4054,#4598,#2403,.T.);
#8171=EDGE_CURVE('',#4056,#4606,#2411,.T.);
#8173=EDGE_CURVE('',#4058,#4056,#2415,.T.);
#8175=EDGE_CURVE('',#4060,#4058,#2419,.T.);
#8177=EDGE_CURVE('',#4062,#4060,#2423,.T.);
#8179=EDGE_CURVE('',#4064,#4062,#2427,.T.);
#8181=EDGE_CURVE('',#4066,#4064,#2432,.T.);
#8183=EDGE_CURVE('',#4066,#4610,#2472,.T.);
#8208=EDGE_CURVE('',#4042,#4056,#2444,.T.);
#8220=EDGE_CURVE('',#4058,#4041,#2448,.T.);
#8233=EDGE_CURVE('',#4044,#4060,#2452,.T.);
#8245=EDGE_CURVE('',#4062,#4046,#2460,.T.);
#8258=EDGE_CURVE('',#4064,#4048,#2464,.T.);
#8274=EDGE_CURVE('',#4050,#4066,#2468,.T.);
#8299=EDGE_CURVE('',#4427,#4210,#2492,.T.);
#8321=EDGE_CURVE('',#4354,#4432,#2504,.T.);
#8325=EDGE_CURVE('',#4432,#4216,#2516,.T.);
#8335=EDGE_CURVE('',#4584,#4577,#2520,.T.);
#8339=EDGE_CURVE('',#4431,#4432,#2642,.T.);
#8341=EDGE_CURVE('',#4356,#4431,#2650,.T.);
#8344=EDGE_CURVE('',#4586,#4581,#2532,.T.);
#8346=EDGE_CURVE('',#4584,#4586,#2536,.T.);
#8357=EDGE_CURVE('',#4566,#3745,#2540,.T.);
#8359=EDGE_CURVE('',#3745,#4572,#2544,.T.);
#8372=EDGE_CURVE('',#4584,#3742,#2638,.T.);
#8374=EDGE_CURVE('',#3742,#3740,#2549,.T.);
#8376=EDGE_CURVE('',#3740,#3738,#2553,.T.);
#8378=EDGE_CURVE('',#3738,#3736,#2618,.T.);
#8380=EDGE_CURVE('',#3736,#3733,#2557,.T.);
#8382=EDGE_CURVE('',#3733,#3734,#2602,.T.);
#8384=EDGE_CURVE('',#4578,#3734,#2598,.T.);
#8395=EDGE_CURVE('',#4570,#3746,#2569,.T.);
#8397=EDGE_CURVE('',#3745,#3746,#2561,.T.);
#8410=EDGE_CURVE('',#3746,#4574,#2565,.T.);
#8422=EDGE_CURVE('',#3748,#4582,#2573,.T.);
#8424=EDGE_CURVE('',#3750,#3748,#2577,.T.);
#8426=EDGE_CURVE('',#3752,#3750,#2581,.T.);
#8428=EDGE_CURVE('',#3754,#3752,#2585,.T.);
#8430=EDGE_CURVE('',#3756,#3754,#2589,.T.);
#8432=EDGE_CURVE('',#3758,#3756,#2594,.T.);
#8434=EDGE_CURVE('',#3758,#4586,#2634,.T.);
#8459=EDGE_CURVE('',#3734,#3748,#2606,.T.);
#8471=EDGE_CURVE('',#3750,#3733,#2610,.T.);
#8484=EDGE_CURVE('',#3736,#3752,#2614,.T.);
#8496=EDGE_CURVE('',#3754,#3738,#2622,.T.);
#8509=EDGE_CURVE('',#3756,#3740,#2626,.T.);
#8525=EDGE_CURVE('',#3742,#3758,#2630,.T.);
#8550=EDGE_CURVE('',#4431,#4218,#2654,.T.);
#8572=EDGE_CURVE('',#4358,#4436,#2666,.T.);
#8576=EDGE_CURVE('',#4436,#4224,#2678,.T.);
#8586=EDGE_CURVE('',#4560,#4553,#2682,.T.);
#8590=EDGE_CURVE('',#4435,#4436,#2804,.T.);
#8592=EDGE_CURVE('',#4360,#4435,#2812,.T.);
#8595=EDGE_CURVE('',#4562,#4557,#2694,.T.);
#8597=EDGE_CURVE('',#4560,#4562,#2698,.T.);
#8608=EDGE_CURVE('',#4542,#3773,#2702,.T.);
#8610=EDGE_CURVE('',#3773,#4548,#2706,.T.);
#8623=EDGE_CURVE('',#4560,#3770,#2800,.T.);
#8625=EDGE_CURVE('',#3770,#3768,#2711,.T.);
#8627=EDGE_CURVE('',#3768,#3766,#2715,.T.);
#8629=EDGE_CURVE('',#3766,#3764,#2780,.T.);
#8631=EDGE_CURVE('',#3764,#3761,#2719,.T.);
#8633=EDGE_CURVE('',#3761,#3762,#2764,.T.);
#8635=EDGE_CURVE('',#4554,#3762,#2760,.T.);
#8646=EDGE_CURVE('',#4546,#3774,#2731,.T.);
#8648=EDGE_CURVE('',#3773,#3774,#2723,.T.);
#8661=EDGE_CURVE('',#3774,#4550,#2727,.T.);
#8673=EDGE_CURVE('',#3776,#4558,#2735,.T.);
#8675=EDGE_CURVE('',#3778,#3776,#2739,.T.);
#8677=EDGE_CURVE('',#3780,#3778,#2743,.T.);
#8679=EDGE_CURVE('',#3782,#3780,#2747,.T.);
#8681=EDGE_CURVE('',#3784,#3782,#2751,.T.);
#8683=EDGE_CURVE('',#3786,#3784,#2756,.T.);
#8685=EDGE_CURVE('',#3786,#4562,#2796,.T.);
#8710=EDGE_CURVE('',#3762,#3776,#2768,.T.);
#8722=EDGE_CURVE('',#3778,#3761,#2772,.T.);
#8735=EDGE_CURVE('',#3764,#3780,#2776,.T.);
#8747=EDGE_CURVE('',#3782,#3766,#2784,.T.);
#8760=EDGE_CURVE('',#3784,#3768,#2788,.T.);
#8776=EDGE_CURVE('',#3770,#3786,#2792,.T.);
#8801=EDGE_CURVE('',#4435,#4226,#2816,.T.);
#8823=EDGE_CURVE('',#4362,#4398,#2828,.T.);
#8827=EDGE_CURVE('',#4398,#4232,#2966,.T.);
#8837=EDGE_CURVE('',#4536,#4529,#2840,.T.);
#8841=EDGE_CURVE('',#4400,#4398,#2962,.T.);
#8843=EDGE_CURVE('',#4364,#4400,#2974,.T.);
#8846=EDGE_CURVE('',#4538,#4533,#2852,.T.);
#8848=EDGE_CURVE('',#4536,#4538,#2856,.T.);
#8859=EDGE_CURVE('',#4518,#3857,#2860,.T.);
#8861=EDGE_CURVE('',#3857,#4524,#2864,.T.);
#8874=EDGE_CURVE('',#4536,#3854,#2958,.T.);
#8876=EDGE_CURVE('',#3854,#3852,#2869,.T.);
#8878=EDGE_CURVE('',#3852,#3850,#2873,.T.);
#8880=EDGE_CURVE('',#3850,#3848,#2938,.T.);
#8882=EDGE_CURVE('',#3848,#3845,#2877,.T.);
#8884=EDGE_CURVE('',#3845,#3846,#2922,.T.);
#8886=EDGE_CURVE('',#4530,#3846,#2918,.T.);
#8897=EDGE_CURVE('',#4522,#3858,#2889,.T.);
#8899=EDGE_CURVE('',#3857,#3858,#2881,.T.);
#8912=EDGE_CURVE('',#3858,#4526,#2885,.T.);
#8924=EDGE_CURVE('',#3860,#4534,#2893,.T.);
#8926=EDGE_CURVE('',#3862,#3860,#2897,.T.);
#8928=EDGE_CURVE('',#3864,#3862,#2901,.T.);
#8930=EDGE_CURVE('',#3866,#3864,#2905,.T.);
#8932=EDGE_CURVE('',#3868,#3866,#2909,.T.);
#8934=EDGE_CURVE('',#3870,#3868,#2914,.T.);
#8936=EDGE_CURVE('',#3870,#4538,#2954,.T.);
#8961=EDGE_CURVE('',#3846,#3860,#2926,.T.);
#8973=EDGE_CURVE('',#3862,#3845,#2930,.T.);
#8986=EDGE_CURVE('',#3848,#3864,#2934,.T.);
#8998=EDGE_CURVE('',#3866,#3850,#2942,.T.);
#9011=EDGE_CURVE('',#3868,#3852,#2946,.T.);
#9027=EDGE_CURVE('',#3854,#3870,#2950,.T.);
#9049=EDGE_CURVE('',#4400,#4234,#2978,.T.);
#9074=EDGE_CURVE('',#4366,#4392,#2990,.T.);
#9078=EDGE_CURVE('',#4392,#4240,#3128,.T.);
#9088=EDGE_CURVE('',#4512,#4505,#3002,.T.);
#9092=EDGE_CURVE('',#4394,#4392,#3124,.T.);
#9094=EDGE_CURVE('',#4368,#4394,#3136,.T.);
#9097=EDGE_CURVE('',#4514,#4509,#3014,.T.);
#9099=EDGE_CURVE('',#4512,#4514,#3018,.T.);
#9110=EDGE_CURVE('',#4494,#3885,#3022,.T.);
#9112=EDGE_CURVE('',#3885,#4500,#3026,.T.);
#9125=EDGE_CURVE('',#4512,#3882,#3120,.T.);
#9127=EDGE_CURVE('',#3882,#3880,#3031,.T.);
#9129=EDGE_CURVE('',#3880,#3878,#3035,.T.);
#9131=EDGE_CURVE('',#3878,#3876,#3100,.T.);
#9133=EDGE_CURVE('',#3876,#3873,#3039,.T.);
#9135=EDGE_CURVE('',#3873,#3874,#3084,.T.);
#9137=EDGE_CURVE('',#4506,#3874,#3080,.T.);
#9148=EDGE_CURVE('',#4498,#3886,#3051,.T.);
#9150=EDGE_CURVE('',#3885,#3886,#3043,.T.);
#9163=EDGE_CURVE('',#3886,#4502,#3047,.T.);
#9175=EDGE_CURVE('',#3888,#4510,#3055,.T.);
#9177=EDGE_CURVE('',#3890,#3888,#3059,.T.);
#9179=EDGE_CURVE('',#3892,#3890,#3063,.T.);
#9181=EDGE_CURVE('',#3894,#3892,#3067,.T.);
#9183=EDGE_CURVE('',#3896,#3894,#3071,.T.);
#9185=EDGE_CURVE('',#3898,#3896,#3076,.T.);
#9187=EDGE_CURVE('',#3898,#4514,#3116,.T.);
#9212=EDGE_CURVE('',#3874,#3888,#3088,.T.);
#9224=EDGE_CURVE('',#3890,#3873,#3092,.T.);
#9237=EDGE_CURVE('',#3876,#3892,#3096,.T.);
#9249=EDGE_CURVE('',#3894,#3878,#3104,.T.);
#9262=EDGE_CURVE('',#3896,#3880,#3108,.T.);
#9278=EDGE_CURVE('',#3882,#3898,#3112,.T.);
#9303=EDGE_CURVE('',#4394,#4242,#3140,.T.);
#9325=EDGE_CURVE('',#4789,#4790,#3152,.T.);
#9327=EDGE_CURVE('',#4789,#4318,#3396,.T.);
#9331=EDGE_CURVE('',#4378,#4298,#3432,.T.);
#9333=EDGE_CURVE('',#4378,#4793,#3384,.T.);
#9335=EDGE_CURVE('',#4793,#4794,#3164,.T.);
#9337=EDGE_CURVE('',#4790,#4794,#3168,.T.);
#9348=EDGE_CURVE('',#4786,#4808,#3204,.T.);
#9350=EDGE_CURVE('',#4808,#4803,#3340,.T.);
#9352=EDGE_CURVE('',#3688,#4803,#3172,.T.);
#9354=EDGE_CURVE('',#3690,#3688,#3176,.T.);
#9356=EDGE_CURVE('',#3690,#3706,#3284,.T.);
#9358=EDGE_CURVE('',#3706,#3708,#3248,.T.);
#9360=EDGE_CURVE('',#3708,#4781,#3232,.T.);
#9371=EDGE_CURVE('',#4790,#3730,#3420,.T.);
#9373=EDGE_CURVE('',#3730,#4796,#3400,.T.);
#9375=EDGE_CURVE('',#4789,#4796,#3368,.T.);
#9385=EDGE_CURVE('',#4811,#4812,#3180,.T.);
#9387=EDGE_CURVE('',#4806,#4812,#3184,.T.);
#9389=EDGE_CURVE('',#4388,#4806,#3188,.T.);
#9391=EDGE_CURVE('',#4146,#4388,#3192,.T.);
#9394=EDGE_CURVE('',#4784,#4811,#3200,.T.);
#9407=EDGE_CURVE('',#4808,#4320,#3216,.T.);
#9418=EDGE_CURVE('',#4811,#3704,#3228,.T.);
#9420=EDGE_CURVE('',#3704,#3702,#3324,.T.);
#9422=EDGE_CURVE('',#3702,#3700,#3316,.T.);
#9424=EDGE_CURVE('',#3700,#3698,#3312,.T.);
#9426=EDGE_CURVE('',#3698,#3696,#3220,.T.);
#9428=EDGE_CURVE('',#3696,#3694,#3300,.T.);
#9430=EDGE_CURVE('',#3694,#3692,#3288,.T.);
#9432=EDGE_CURVE('',#3692,#3690,#3280,.T.);
#9435=EDGE_CURVE('',#3687,#3688,#3332,.T.);
#9437=EDGE_CURVE('',#3687,#4812,#3456,.T.);
#9448=EDGE_CURVE('',#4782,#3724,#3236,.T.);
#9450=EDGE_CURVE('',#3724,#3722,#3240,.T.);
#9452=EDGE_CURVE('',#3704,#3722,#3224,.T.);
#9466=EDGE_CURVE('',#3708,#3724,#3244,.T.);
#9480=EDGE_CURVE('',#3710,#3706,#3252,.T.);
#9482=EDGE_CURVE('',#3712,#3710,#3256,.T.);
#9484=EDGE_CURVE('',#3714,#3712,#3260,.T.);
#9486=EDGE_CURVE('',#3716,#3714,#3264,.T.);
#9488=EDGE_CURVE('',#3718,#3716,#3268,.T.);
#9490=EDGE_CURVE('',#3720,#3718,#3272,.T.);
#9492=EDGE_CURVE('',#3722,#3720,#3276,.T.);
#9503=EDGE_CURVE('',#3692,#3710,#3292,.T.);
#9516=EDGE_CURVE('',#3694,#3712,#3296,.T.);
#9528=EDGE_CURVE('',#3696,#3714,#3304,.T.);
#9541=EDGE_CURVE('',#3698,#3716,#3308,.T.);
#9556=EDGE_CURVE('',#3700,#3718,#3320,.T.);
#9568=EDGE_CURVE('',#3702,#3720,#3328,.T.);
#9592=EDGE_CURVE('',#4803,#4804,#3336,.T.);
#9594=EDGE_CURVE('',#4804,#3687,#3460,.T.);
#9610=EDGE_CURVE('',#4311,#4316,#3348,.T.);
#9612=EDGE_CURVE('',#4316,#4388,#3444,.T.);
#9615=EDGE_CURVE('',#4806,#4804,#3352,.T.);
#9626=EDGE_CURVE('',#4312,#4314,#3388,.T.);
#9628=EDGE_CURVE('',#4296,#4314,#3440,.T.);
#9633=EDGE_CURVE('',#4144,#4316,#3448,.T.);
#9645=EDGE_CURVE('',#4796,#4799,#3372,.T.);
#9647=EDGE_CURVE('',#4799,#4800,#3376,.T.);
#9649=EDGE_CURVE('',#4793,#4800,#3380,.T.);
#9652=EDGE_CURVE('',#4314,#4378,#3428,.T.);
#9667=EDGE_CURVE('',#3727,#3730,#3404,.T.);
#9669=EDGE_CURVE('',#4799,#3727,#3408,.T.);
#9680=EDGE_CURVE('',#3728,#4794,#3412,.T.);
#9682=EDGE_CURVE('',#3727,#3728,#3416,.T.);
#9696=EDGE_CURVE('',#3728,#4800,#3424,.T.);
#9757=EDGE_CURVE('',#4294,#4438,#3480,.T.);
#9759=EDGE_CURVE('',#4438,#4276,#3472,.T.);
#9769=EDGE_CURVE('',#4438,#4308,#3476,.T.);
#9796=EDGE_CURVE('',#4818,#3666,#3504,.T.);
#9798=EDGE_CURVE('',#3666,#3668,#3508,.T.);
#9800=EDGE_CURVE('',#3646,#3668,#3608,.T.);
#9803=EDGE_CURVE('',#3644,#4840,#3616,.T.);
#9816=EDGE_CURVE('',#3684,#4828,#3636,.T.);
#9818=EDGE_CURVE('',#3684,#4832,#3516,.T.);
#9831=EDGE_CURVE('',#3663,#3666,#3524,.T.);
#9844=EDGE_CURVE('',#3680,#3664,#3544,.T.);
#9846=EDGE_CURVE('',#3678,#3680,#3560,.T.);
#9848=EDGE_CURVE('',#3676,#3678,#3568,.T.);
#9850=EDGE_CURVE('',#3676,#3674,#3532,.T.);
#9852=EDGE_CURVE('',#3672,#3674,#3588,.T.);
#9854=EDGE_CURVE('',#3670,#3672,#3600,.T.);
#9856=EDGE_CURVE('',#3668,#3670,#3612,.T.);
#9868=EDGE_CURVE('',#3658,#3680,#3540,.T.);
#9881=EDGE_CURVE('',#3656,#3678,#3556,.T.);
#9893=EDGE_CURVE('',#3654,#3676,#3564,.T.);
#9908=EDGE_CURVE('',#3674,#3652,#3576,.T.);
#9921=EDGE_CURVE('',#3650,#3672,#3584,.T.);
#9933=EDGE_CURVE('',#3648,#3670,#3596,.T.);
#9971=EDGE_CURVE('',#3683,#3684,#3632,.T.);
#9999=ADVANCED_BREP_SHAPE_REPRESENTATION('',(#9990),#9998);
#10006=PRODUCT_DEFINITION('design','',#10005,#10002);
#10007=PRODUCT_DEFINITION_SHAPE('','SHAPE FOR ISFV12R_2STLF.',#10006);
#10008=SHAPE_DEFINITION_REPRESENTATION(#10007,#9999);
ENDSEC;
END-ISO-10303-21;

