ISO-10303-21;
HEADER;
FILE_DESCRIPTION (( 'STEP AP214' ),
    '1' );
FILE_NAME ('DMT6009LSS-13.STEP',
    '2025-05-22T06:16:24',
    ( '' ),
    ( '' ),
    'SwSTEP 2.0',
    'SolidWorks 2023',
    '' );
FILE_SCHEMA (( 'AUTOMOTIVE_DESIGN' ));
ENDSEC;

DATA;
#1 = UNCERTAINTY_MEASURE_WITH_UNIT (LENGTH_MEASURE( 1.000000000000000082E-05 ), #2366, 'distance_accuracy_value', 'NONE');
#2 = CIRCLE ( 'NONE', #588, 0.1000000000000000472 ) ;
#3 =( NAMED_UNIT ( * ) PLANE_ANGLE_UNIT ( ) SI_UNIT ( $, .RADIAN. ) );
#4 = CARTESIAN_POINT ( 'NONE',  ( 0.8350000000000008527, 1.974999999999999867, -0.1000000000000000194 ) ) ;
#5 = MECHANICAL_DESIGN_GEOMETRIC_PRESENTATION_REPRESENTATION (  '', ( #5062 ), #6071 ) ;
#6 = VECTOR ( 'NONE', #6609, 1000.000000000000000 ) ;
#7 = ORIENTED_EDGE ( 'NONE', *, *, #3668, .T. ) ;
#8 =( NAMED_UNIT ( * ) PLANE_ANGLE_UNIT ( ) SI_UNIT ( $, .RADIAN. ) );
#9 = ORIENTED_EDGE ( 'NONE', *, *, #5531, .T. ) ;
#10 = FACE_OUTER_BOUND ( 'NONE', #5740, .T. ) ;
#11 =( LENGTH_UNIT ( ) NAMED_UNIT ( * ) SI_UNIT ( .MILLI., .METRE. ) );
#12 = FILL_AREA_STYLE_COLOUR ( '', #3244 ) ;
#13 = COLOUR_RGB ( '',0.2862745098039215508, 0.2862745098039215508, 0.2862745098039215508 ) ;
#14 = CARTESIAN_POINT ( 'NONE',  ( 1.705000000000000959, -1.949999999999999956, -0.1000000000000000194 ) ) ;
#15 = CARTESIAN_POINT ( 'NONE',  ( 0.4350000000000009415, -1.974999999999999867, -0.1000000000000000194 ) ) ;
#16 = ORIENTED_EDGE ( 'NONE', *, *, #4161, .T. ) ;
#17 =( NAMED_UNIT ( * ) PLANE_ANGLE_UNIT ( ) SI_UNIT ( $, .RADIAN. ) );
#18 = CARTESIAN_POINT ( 'NONE',  ( -2.104999999999999094, -2.533419388043264942, -0.6918851256749790624 ) ) ;
#19 = DIRECTION ( 'NONE',  ( 0.000000000000000000, -0.9975640502598241977, 0.06975647374412528856 ) ) ;
#20 = DIRECTION ( 'NONE',  ( 1.000000000000000000, 0.000000000000000000, 0.000000000000000000 ) ) ;
#21 = FILL_AREA_STYLE_COLOUR ( '', #1556 ) ;
#22 = SURFACE_SIDE_STYLE ('',( #3446 ) ) ;
#23 =( GEOMETRIC_REPRESENTATION_CONTEXT ( 3 ) GLOBAL_UNCERTAINTY_ASSIGNED_CONTEXT ( ( #5295 ) ) GLOBAL_UNIT_ASSIGNED_CONTEXT ( ( #2049, #1484, #2620 ) ) REPRESENTATION_CONTEXT ( 'NONE', 'WORKASPACE' ) );
#24 = MECHANICAL_DESIGN_GEOMETRIC_PRESENTATION_REPRESENTATION (  '', ( #6837 ), #267 ) ;
#25 =( BOUNDED_CURVE ( )  B_SPLINE_CURVE ( 3, ( #6338, #2374, #1123, #1776 ),
 .UNSPECIFIED., .F., .F. ) 
 B_SPLINE_CURVE_WITH_KNOTS ( ( 4, 4 ),
 ( 5.503250352303677317, 7.063120262055498699 ),
 .UNSPECIFIED. ) 
 CURVE ( )  GEOMETRIC_REPRESENTATION_ITEM ( )  RATIONAL_B_SPLINE_CURVE ( ( 1.000000000000000000, 0.8073061876036304874, 0.8073061876036304874, 1.000000000000000000 ) ) 
 REPRESENTATION_ITEM ( '' )  );
#26 = FILL_AREA_STYLE ('',( #1727 ) ) ;
#27 = PRESENTATION_LAYER_ASSIGNMENT (  '', '', ( #1473 ) ) ;
#28 = VECTOR ( 'NONE', #1893, 1000.000000000000000 ) ;
#29 =( NAMED_UNIT ( * ) PLANE_ANGLE_UNIT ( ) SI_UNIT ( $, .RADIAN. ) );
#30 =( GEOMETRIC_REPRESENTATION_CONTEXT ( 3 ) GLOBAL_UNCERTAINTY_ASSIGNED_CONTEXT ( ( #5443 ) ) GLOBAL_UNIT_ASSIGNED_CONTEXT ( ( #6653, #3661, #809 ) ) REPRESENTATION_CONTEXT ( 'NONE', 'WORKASPACE' ) );
#31 = ADVANCED_FACE ( 'NONE', ( #1515 ), #4975, .T. ) ;
#32 = EDGE_CURVE ( 'NONE', #717, #301, #1568, .T. ) ;
#33 = EDGE_LOOP ( 'NONE', ( #1822, #1460, #3748, #1660 ) ) ;
#34 = SURFACE_SIDE_STYLE ('',( #3452 ) ) ;
#35 = MECHANICAL_DESIGN_GEOMETRIC_PRESENTATION_REPRESENTATION (  '', ( #3048 ), #5470 ) ;
#36 = PRESENTATION_LAYER_ASSIGNMENT (  '', '', ( #3057 ) ) ;
#37 = CARTESIAN_POINT ( 'NONE',  ( -2.375273160256223814, 1.949999626916908424, 0.1000035496485076753 ) ) ;
#38 = CARTESIAN_POINT ( 'NONE',  ( 1.705000000000000959, 1.949999999999999956, -0.1000000000000000194 ) ) ;
#39 = AXIS2_PLACEMENT_3D ( 'NONE', #2093, #2884, #5734 ) ;
#40 = FILL_AREA_STYLE ('',( #5784 ) ) ;
#41 = SURFACE_STYLE_USAGE ( .BOTH. , #1248 ) ;
#42 = CARTESIAN_POINT ( 'NONE',  ( 0.4350000000000009415, -1.974999999999999867, -0.1000000000000000194 ) ) ;
#43 = LINE ( 'NONE', #6305, #6544 ) ;
#44 = ORIENTED_EDGE ( 'NONE', *, *, #5589, .F. ) ;
#45 = PLANE ( 'NONE',  #4857 ) ;
#46 = CIRCLE ( 'NONE', #3879, 0.07499999999999998335 ) ;
#47 = DIRECTION ( 'NONE',  ( 0.000000000000000000, 0.000000000000000000, -1.000000000000000000 ) ) ;
#48 = CARTESIAN_POINT ( 'NONE',  ( 1.705000000000000959, 1.974999999999999867, -0.1999999999999999833 ) ) ;
#49 = DIRECTION ( 'NONE',  ( -0.000000000000000000, -0.000000000000000000, 1.000000000000000000 ) ) ;
#50 = VERTEX_POINT ( 'NONE', #6702 ) ;
#51 = VECTOR ( 'NONE', #2115, 1000.000000000000000 ) ;
#52 = ORIENTED_EDGE ( 'NONE', *, *, #3034, .F. ) ;
#53 = VERTEX_POINT ( 'NONE', #1554 ) ;
#54 = FACE_OUTER_BOUND ( 'NONE', #5691, .T. ) ;
#55 = DIRECTION ( 'NONE',  ( 1.000000000000000000, -0.000000000000000000, 0.000000000000000000 ) ) ;
#56 = FILL_AREA_STYLE_COLOUR ( '', #6363 ) ;
#57 = DIRECTION ( 'NONE',  ( 1.000000000000000000, 0.000000000000000000, 0.000000000000000000 ) ) ;
#58 = VECTOR ( 'NONE', #3529, 1000.000000000000114 ) ;
#59 = FILL_AREA_STYLE_COLOUR ( '', #3741 ) ;
#60 = DIRECTION ( 'NONE',  ( 0.000000000000000000, 0.000000000000000000, 1.000000000000000000 ) ) ;
#61 = ORIENTED_EDGE ( 'NONE', *, *, #4059, .T. ) ;
#62 = DIRECTION ( 'NONE',  ( 0.000000000000000000, 0.000000000000000000, 1.000000000000000000 ) ) ;
#63 = CARTESIAN_POINT ( 'NONE',  ( 2.386113480025951361, -1.949999999999999956, -0.7078396347450740533 ) ) ;
#64 = SURFACE_SIDE_STYLE ('',( #2845 ) ) ;
#65 = AXIS2_PLACEMENT_3D ( 'NONE', #3924, #3302, #6912 ) ;
#66 = CARTESIAN_POINT ( 'NONE',  ( -2.311524337873328783, 1.811524337873330115, 0.6999999999999999556 ) ) ;
#67 = LINE ( 'NONE', #6408, #1113 ) ;
#68 = COLOUR_RGB ( '',0.2862745098039215508, 0.2862745098039215508, 0.2862745098039215508 ) ;
#69 = PRODUCT_DEFINITION_FORMATION_WITH_SPECIFIED_SOURCE ( 'ANY', '', #5633, .NOT_KNOWN. ) ;
#70 = CARTESIAN_POINT ( 'NONE',  ( 1.705000000000000959, -2.468279889073774935, -0.6873301281804449214 ) ) ;
#71 = EDGE_LOOP ( 'NONE', ( #1427, #6752, #5371, #4439, #3973, #1936 ) ) ;
#72 = COLOUR_RGB ( '',0.8039215686274510109, 0.8039215686274510109, 0.8039215686274510109 ) ;
#73 = CARTESIAN_POINT ( 'NONE',  ( 2.375409738600888332, 1.949998880753508246, -0.1000106489190369929 ) ) ;
#74 = ORIENTED_EDGE ( 'NONE', *, *, #2879, .F. ) ;
#75 = DIRECTION ( 'NONE',  ( 0.000000000000000000, -0.9975640502598241977, 0.06975647374412528856 ) ) ;
#76 = EDGE_CURVE ( 'NONE', #6651, #5991, #7179, .T. ) ;
#77 = STYLED_ITEM ( 'NONE', ( #1666 ), #3455 ) ;
#78 = PRESENTATION_LAYER_ASSIGNMENT (  '', '', ( #435 ) ) ;
#79 = DIRECTION ( 'NONE',  ( 0.000000000000000000, 0.9975640502598241977, 0.06975647374412528856 ) ) ;
#80 = CYLINDRICAL_SURFACE ( 'NONE', #3096, 0.2781781074703490453 ) ;
#81 = FACE_OUTER_BOUND ( 'NONE', #4878, .T. ) ;
#82 = DIRECTION ( 'NONE',  ( 0.000000000000000000, 0.000000000000000000, -1.000000000000000000 ) ) ;
#83 = EDGE_CURVE ( 'NONE', #4617, #2053, #3483, .T. ) ;
#84 = LINE ( 'NONE', #2337, #685 ) ;
#85 =( GEOMETRIC_REPRESENTATION_CONTEXT ( 3 ) GLOBAL_UNCERTAINTY_ASSIGNED_CONTEXT ( ( #3911 ) ) GLOBAL_UNIT_ASSIGNED_CONTEXT ( ( #3025, #4204, #4733 ) ) REPRESENTATION_CONTEXT ( 'NONE', 'WORKASPACE' ) );
#86 =( GEOMETRIC_REPRESENTATION_CONTEXT ( 3 ) GLOBAL_UNCERTAINTY_ASSIGNED_CONTEXT ( ( #5366 ) ) GLOBAL_UNIT_ASSIGNED_CONTEXT ( ( #317, #5644, #5616 ) ) REPRESENTATION_CONTEXT ( 'NONE', 'WORKASPACE' ) );
#87 = EDGE_LOOP ( 'NONE', ( #4967, #4173, #7373, #490 ) ) ;
#88 = UNCERTAINTY_MEASURE_WITH_UNIT (LENGTH_MEASURE( 1.000000000000000082E-05 ), #5093, 'distance_accuracy_value', 'NONE');
#89 = ADVANCED_FACE ( 'NONE', ( #2713 ), #3726, .T. ) ;
#90 = UNCERTAINTY_MEASURE_WITH_UNIT (LENGTH_MEASURE( 1.000000000000000082E-05 ), #5342, 'distance_accuracy_value', 'NONE');
#91 = LINE ( 'NONE', #6471, #6958 ) ;
#92 = DIRECTION ( 'NONE',  ( 1.000000000000000000, 0.000000000000000000, 0.000000000000000000 ) ) ;
#93 = VECTOR ( 'NONE', #569, 1000.000000000000227 ) ;
#94 = DIRECTION ( 'NONE',  ( 0.000000000000000000, 0.000000000000000000, 1.000000000000000000 ) ) ;
#95 = FILL_AREA_STYLE_COLOUR ( '', #6260 ) ;
#96 = DIRECTION ( 'NONE',  ( 1.000000000000000000, -6.497139617020923363E-15, -6.497139617020850788E-15 ) ) ;
#97 = VERTEX_POINT ( 'NONE', #2181 ) ;
#98 = FILL_AREA_STYLE ('',( #4208 ) ) ;
#99 = LINE ( 'NONE', #2386, #3962 ) ;
#100 = ORIENTED_EDGE ( 'NONE', *, *, #4552, .T. ) ;
#101 = PRESENTATION_STYLE_ASSIGNMENT (( #5260 ) ) ;
#102 = CARTESIAN_POINT ( 'NONE',  ( 1.705000000000000959, 2.233675748954446316, -0.03254124689585535107 ) ) ;
#103 = UNCERTAINTY_MEASURE_WITH_UNIT (LENGTH_MEASURE( 1.000000000000000082E-05 ), #2920, 'distance_accuracy_value', 'NONE');
#104 = AXIS2_PLACEMENT_3D ( 'NONE', #6002, #790, #4180 ) ;
#105 = EDGE_CURVE ( 'NONE', #638, #845, #6182, .T. ) ;
#106 = PRESENTATION_STYLE_ASSIGNMENT (( #1222 ) ) ;
#107 = LINE ( 'NONE', #7518, #3328 ) ;
#108 = SURFACE_STYLE_USAGE ( .BOTH. , #6524 ) ;
#109 = CARTESIAN_POINT ( 'NONE',  ( 0.8350000000000008527, 2.446255090880788519, -0.6258580972010689969 ) ) ;
#110 = LINE ( 'NONE', #683, #4176 ) ;
#111 =( NAMED_UNIT ( * ) SI_UNIT ( $, .STERADIAN. ) SOLID_ANGLE_UNIT ( ) );
#112 = VERTEX_POINT ( 'NONE', #2295 ) ;
#113 = ADVANCED_FACE ( 'NONE', ( #5088 ), #3457, .T. ) ;
#114 = COLOUR_RGB ( '',0.8039215686274510109, 0.8039215686274510109, 0.8039215686274510109 ) ;
#115 = SURFACE_STYLE_USAGE ( .BOTH. , #34 ) ;
#116 = ORIENTED_EDGE ( 'NONE', *, *, #1125, .T. ) ;
#117 = PLANE ( 'NONE',  #7311 ) ;
#118 = PRESENTATION_LAYER_ASSIGNMENT (  '', '', ( #342 ) ) ;
#119 = CARTESIAN_POINT ( 'NONE',  ( 2.449999626916909090, 1.875273160256224925, 0.1000035496485036368 ) ) ;
#120 =( LENGTH_UNIT ( ) NAMED_UNIT ( * ) SI_UNIT ( .MILLI., .METRE. ) );
#121 = LINE ( 'NONE', #1203, #6059 ) ;
#122 = EDGE_LOOP ( 'NONE', ( #4044, #5396, #188, #4463 ) ) ;
#123 =( NAMED_UNIT ( * ) SI_UNIT ( $, .STERADIAN. ) SOLID_ANGLE_UNIT ( ) );
#124 = DIRECTION ( 'NONE',  ( 0.1045284632676537068, 0.000000000000000000, 0.9945218953682734009 ) ) ;
#125 = FILL_AREA_STYLE ('',( #5285 ) ) ;
#126 = VECTOR ( 'NONE', #3095, 999.9999999999998863 ) ;
#127 = AXIS2_PLACEMENT_3D ( 'NONE', #3497, #1886, #82 ) ;
#128 = ADVANCED_FACE ( 'NONE', ( #6933 ), #5786, .F. ) ;
#129 = EDGE_CURVE ( 'NONE', #5218, #4856, #2336, .T. ) ;
#130 = ORIENTED_EDGE ( 'NONE', *, *, #6201, .F. ) ;
#131 = ORIENTED_EDGE ( 'NONE', *, *, #3265, .F. ) ;
#132 = CARTESIAN_POINT ( 'NONE',  ( 2.375000000000000888, -1.949999999999999956, -0.1000000000000000056 ) ) ;
#133 =( NAMED_UNIT ( * ) PLANE_ANGLE_UNIT ( ) SI_UNIT ( $, .RADIAN. ) );
#134 = MECHANICAL_DESIGN_GEOMETRIC_PRESENTATION_REPRESENTATION (  '', ( #1809 ), #6194 ) ;
#135 = EDGE_CURVE ( 'NONE', #5021, #3747, #475, .T. ) ;
#136 = SURFACE_SIDE_STYLE ('',( #3592 ) ) ;
#137 = STYLED_ITEM ( 'NONE', ( #5323 ), #1079 ) ;
#138 = AXIS2_PLACEMENT_3D ( 'NONE', #3304, #6139, #5623 ) ;
#139 = VERTEX_POINT ( 'NONE', #630 ) ;
#140 = DIRECTION ( 'NONE',  ( 0.000000000000000000, 0.9975640502598243087, -0.06975647374412557999 ) ) ;
#141 = SPHERICAL_SURFACE ( 'NONE', #4655, 0.07499999999999999722 ) ;
#142 =( NAMED_UNIT ( * ) SI_UNIT ( $, .STERADIAN. ) SOLID_ANGLE_UNIT ( ) );
#143 = CARTESIAN_POINT ( 'NONE',  ( -1.751524337873328729, -0.9747751063606726607, 0.7649999999999999023 ) ) ;
#144 =( NAMED_UNIT ( * ) SI_UNIT ( $, .STERADIAN. ) SOLID_ANGLE_UNIT ( ) );
#145 = FILL_AREA_STYLE ('',( #2550 ) ) ;
#146 = ORIENTED_EDGE ( 'NONE', *, *, #5667, .T. ) ;
#147 = MECHANICAL_DESIGN_GEOMETRIC_PRESENTATION_REPRESENTATION (  '', ( #260 ), #5571 ) ;
#148 = VECTOR ( 'NONE', #5687, 1000.000000000000000 ) ;
#149 = ORIENTED_EDGE ( 'NONE', *, *, #1780, .F. ) ;
#150 = ORIENTED_EDGE ( 'NONE', *, *, #5087, .T. ) ;
#151 = PRESENTATION_LAYER_ASSIGNMENT (  '', '', ( #1093 ) ) ;
#152 = MECHANICAL_DESIGN_GEOMETRIC_PRESENTATION_REPRESENTATION (  '', ( #5947 ), #977 ) ;
#153 = CARTESIAN_POINT ( 'NONE',  ( 2.316938083249254543, -1.639316461518558032, 0.7015246620200974448 ) ) ;
#154 =( GEOMETRIC_REPRESENTATION_CONTEXT ( 3 ) GLOBAL_UNCERTAINTY_ASSIGNED_CONTEXT ( ( #4649 ) ) GLOBAL_UNIT_ASSIGNED_CONTEXT ( ( #6054, #5428, #4918 ) ) REPRESENTATION_CONTEXT ( 'NONE', 'WORKASPACE' ) );
#155 = CARTESIAN_POINT ( 'NONE',  ( 2.375000000000000888, 1.949999999999999956, -0.1000000000000000056 ) ) ;
#156 = AXIS2_PLACEMENT_3D ( 'NONE', #6701, #6627, #2111 ) ;
#157 = CARTESIAN_POINT ( 'NONE',  ( 2.450000000000000178, -1.949999999999999956, 0.1000000000000000056 ) ) ;
#158 = ORIENTED_EDGE ( 'NONE', *, *, #3977, .T. ) ;
#159 = PRESENTATION_STYLE_ASSIGNMENT (( #5130 ) ) ;
#160 = UNCERTAINTY_MEASURE_WITH_UNIT (LENGTH_MEASURE( 1.000000000000000082E-05 ), #684, 'distance_accuracy_value', 'NONE');
#161 = UNCERTAINTY_MEASURE_WITH_UNIT (LENGTH_MEASURE( 1.000000000000000082E-05 ), #1175, 'distance_accuracy_value', 'NONE');
#162 = CARTESIAN_POINT ( 'NONE',  ( -0.4349999999999991651, -2.069139944536888986, -0.1662706234479273959 ) ) ;
#163 = ADVANCED_FACE ( 'NONE', ( #6580 ), #7090, .T. ) ;
#164 =( LENGTH_UNIT ( ) NAMED_UNIT ( * ) SI_UNIT ( .MILLI., .METRE. ) );
#165 = STYLED_ITEM ( 'NONE', ( #4143 ), #2207 ) ;
#166 = CARTESIAN_POINT ( 'NONE',  ( 1.705000000000000959, 2.069139944536888986, -0.1662706234479273959 ) ) ;
#167 = DIRECTION ( 'NONE',  ( -0.000000000000000000, -0.000000000000000000, 1.000000000000000000 ) ) ;
#168 = ORIENTED_EDGE ( 'NONE', *, *, #2237, .F. ) ;
#169 = DIRECTION ( 'NONE',  ( 0.000000000000000000, -0.9975640502598241977, 0.06975647374412528856 ) ) ;
#170 = ORIENTED_EDGE ( 'NONE', *, *, #7159, .F. ) ;
#171 = FILL_AREA_STYLE ('',( #1750 ) ) ;
#172 =( GEOMETRIC_REPRESENTATION_CONTEXT ( 3 ) GLOBAL_UNCERTAINTY_ASSIGNED_CONTEXT ( ( #5211 ) ) GLOBAL_UNIT_ASSIGNED_CONTEXT ( ( #5541, #2658, #7335 ) ) REPRESENTATION_CONTEXT ( 'NONE', 'WORKASPACE' ) );
#173 = DIRECTION ( 'NONE',  ( 0.000000000000000000, 0.1045284632676537068, 0.9945218953682734009 ) ) ;
#174 =( GEOMETRIC_REPRESENTATION_CONTEXT ( 3 ) GLOBAL_UNCERTAINTY_ASSIGNED_CONTEXT ( ( #7253 ) ) GLOBAL_UNIT_ASSIGNED_CONTEXT ( ( #515, #2250, #1918 ) ) REPRESENTATION_CONTEXT ( 'NONE', 'WORKASPACE' ) );
#175 = ADVANCED_FACE ( 'NONE', ( #2494 ), #1310, .T. ) ;
#176 = EDGE_CURVE ( 'NONE', #1584, #958, #3061, .T. ) ;
#177 = CARTESIAN_POINT ( 'NONE',  ( 1.705000000000000959, -2.233675748954446316, -0.03254124689585535107 ) ) ;
#178 = VERTEX_POINT ( 'NONE', #4645 ) ;
#179 = SURFACE_STYLE_USAGE ( .BOTH. , #7072 ) ;
#180 = EDGE_CURVE ( 'NONE', #4065, #3323, #121, .T. ) ;
#181 = FILL_AREA_STYLE_COLOUR ( '', #3710 ) ;
#182 = CARTESIAN_POINT ( 'NONE',  ( -0.4349999999999991651, -3.000000000000000000, -0.9250000000000000444 ) ) ;
#183 = DIRECTION ( 'NONE',  ( -0.9945218953682732899, 0.000000000000000000, -0.1045284632676541231 ) ) ;
#184 = MECHANICAL_DESIGN_GEOMETRIC_PRESENTATION_REPRESENTATION (  '', ( #4598 ), #6502 ) ;
#185 = CARTESIAN_POINT ( 'NONE',  ( 1.705000000000000959, 2.454328594324949986, -0.8868429382324097832 ) ) ;
#186 = CARTESIAN_POINT ( 'NONE',  ( 1.705000000000000959, -1.974999999999999867, -0.1000000000000000194 ) ) ;
#187 = CARTESIAN_POINT ( 'NONE',  ( -2.449760935694444530, 1.918963392251840983, 0.1022745449310376309 ) ) ;
#188 = ORIENTED_EDGE ( 'NONE', *, *, #1594, .F. ) ;
#189 = AXIS2_PLACEMENT_3D ( 'NONE', #143, #2440, #1871 ) ;
#190 = SURFACE_STYLE_FILL_AREA ( #2024 ) ;
#191 = ORIENTED_EDGE ( 'NONE', *, *, #5925, .F. ) ;
#192 = ADVANCED_FACE ( 'NONE', ( #5872 ), #2696, .T. ) ;
#193 = PRESENTATION_LAYER_ASSIGNMENT (  '', '', ( #5502 ) ) ;
#194 = CIRCLE ( 'NONE', #4997, 0.07500000000000002498 ) ;
#195 = CARTESIAN_POINT ( 'NONE',  ( 2.450000000000000178, 1.875000000000000000, 0.1000000000000000056 ) ) ;
#196 = DIRECTION ( 'NONE',  ( 1.000000000000000000, 0.000000000000000000, 0.000000000000000000 ) ) ;
#197 = FILL_AREA_STYLE ('',( #4498 ) ) ;
#198 = VERTEX_POINT ( 'NONE', #7374 ) ;
#199 = CARTESIAN_POINT ( 'NONE',  ( 1.705000000000000959, -2.533419388043264942, -0.6918851256749790624 ) ) ;
#200 = SURFACE_STYLE_FILL_AREA ( #305 ) ;
#201 = SURFACE_SIDE_STYLE ('',( #5369 ) ) ;
#202 = STYLED_ITEM ( 'NONE', ( #1132 ), #3426 ) ;
#203 = DIRECTION ( 'NONE',  ( 0.000000000000000000, 0.000000000000000000, -1.000000000000000000 ) ) ;
#204 = CIRCLE ( 'NONE', #2607, 0.1000000000000000472 ) ;
#205 = DIRECTION ( 'NONE',  ( 0.000000000000000000, 0.000000000000000000, -1.000000000000000000 ) ) ;
#206 = EDGE_CURVE ( 'NONE', #1988, #6664, #2160, .T. ) ;
#207 = ORIENTED_EDGE ( 'NONE', *, *, #7477, .T. ) ;
#208 = ORIENTED_EDGE ( 'NONE', *, *, #129, .F. ) ;
#209 = DIRECTION ( 'NONE',  ( 0.000000000000000000, 0.000000000000000000, -1.000000000000000000 ) ) ;
#210 = COLOUR_RGB ( '',0.8039215686274510109, 0.8039215686274510109, 0.8039215686274510109 ) ;
#211 = FILL_AREA_STYLE ('',( #2996 ) ) ;
#212 = ORIENTED_EDGE ( 'NONE', *, *, #2747, .T. ) ;
#213 = DIRECTION ( 'NONE',  ( 0.000000000000000000, 0.000000000000000000, 1.000000000000000000 ) ) ;
#214 =( LENGTH_UNIT ( ) NAMED_UNIT ( * ) SI_UNIT ( .MILLI., .METRE. ) );
#215 = SURFACE_SIDE_STYLE ('',( #3144 ) ) ;
#216 = CARTESIAN_POINT ( 'NONE',  ( -0.8349999999999991873, -1.974999999999999867, -0.1000000000000000194 ) ) ;
#217 =( NAMED_UNIT ( * ) SI_UNIT ( $, .STERADIAN. ) SOLID_ANGLE_UNIT ( ) );
#218 = PLANE ( 'NONE',  #595 ) ;
#219 = DIRECTION ( 'NONE',  ( 0.000000000000000000, 0.9975640502598243087, -0.06975647374412557999 ) ) ;
#220 = ORIENTED_EDGE ( 'NONE', *, *, #400, .T. ) ;
#221 = ADVANCED_FACE ( 'NONE', ( #3855 ), #3704, .T. ) ;
#222 = CARTESIAN_POINT ( 'NONE',  ( 0.8350000000000008527, -2.533419388043264942, -0.6918851256749790624 ) ) ;
#223 = ORIENTED_EDGE ( 'NONE', *, *, #3165, .T. ) ;
#224 = DIRECTION ( 'NONE',  ( 1.000000000000000000, 0.000000000000000000, 0.000000000000000000 ) ) ;
#225 = STYLED_ITEM ( 'NONE', ( #5982 ), #4380 ) ;
#226 = DIRECTION ( 'NONE',  ( -1.000000000000000000, -0.000000000000000000, -0.000000000000000000 ) ) ;
#227 = SURFACE_STYLE_USAGE ( .BOTH. , #6112 ) ;
#228 = EDGE_CURVE ( 'NONE', #4716, #1574, #1839, .T. ) ;
#229 =( LENGTH_UNIT ( ) NAMED_UNIT ( * ) SI_UNIT ( .MILLI., .METRE. ) );
#230 = ORIENTED_EDGE ( 'NONE', *, *, #2812, .T. ) ;
#231 =( LENGTH_UNIT ( ) NAMED_UNIT ( * ) SI_UNIT ( .MILLI., .METRE. ) );
#232 = UNCERTAINTY_MEASURE_WITH_UNIT (LENGTH_MEASURE( 1.000000000000000082E-05 ), #2559, 'distance_accuracy_value', 'NONE');
#233 = LINE ( 'NONE', #2531, #3360 ) ;
#234 = PRESENTATION_LAYER_ASSIGNMENT (  '', '', ( #3941 ) ) ;
#235 = ADVANCED_FACE ( 'NONE', ( #2441 ), #723, .T. ) ;
#236 = VECTOR ( 'NONE', #496, 1000.000000000000227 ) ;
#237 =( GEOMETRIC_REPRESENTATION_CONTEXT ( 3 ) GLOBAL_UNCERTAINTY_ASSIGNED_CONTEXT ( ( #4268 ) ) GLOBAL_UNIT_ASSIGNED_CONTEXT ( ( #560, #4500, #6347 ) ) REPRESENTATION_CONTEXT ( 'NONE', 'WORKASPACE' ) );
#238 = LINE ( 'NONE', #1371, #2443 ) ;
#239 = ORIENTED_EDGE ( 'NONE', *, *, #3234, .F. ) ;
#240 = ORIENTED_EDGE ( 'NONE', *, *, #4292, .T. ) ;
#241 = EDGE_LOOP ( 'NONE', ( #6413, #3821, #6769, #5548 ) ) ;
#242 = PRESENTATION_STYLE_ASSIGNMENT (( #1326 ) ) ;
#243 = MECHANICAL_DESIGN_GEOMETRIC_PRESENTATION_REPRESENTATION (  '', ( #1923 ), #1313 ) ;
#244 = ORIENTED_EDGE ( 'NONE', *, *, #4759, .T. ) ;
#245 = VECTOR ( 'NONE', #7203, 1000.000000000000000 ) ;
#246 = CARTESIAN_POINT ( 'NONE',  ( 2.365344148283276215, -2.046836397458063672, 0.1879387089026141322 ) ) ;
#247 =( NAMED_UNIT ( * ) SI_UNIT ( $, .STERADIAN. ) SOLID_ANGLE_UNIT ( ) );
#248 = CARTESIAN_POINT ( 'NONE',  ( -2.449998880753506914, 1.875409738600887666, 0.1000106489190369929 ) ) ;
#249 =( NAMED_UNIT ( * ) PLANE_ANGLE_UNIT ( ) SI_UNIT ( $, .RADIAN. ) );
#250 = VECTOR ( 'NONE', #6180, 1000.000000000000000 ) ;
#251 = PRESENTATION_LAYER_ASSIGNMENT (  '', '', ( #5560 ) ) ;
#252 = CARTESIAN_POINT ( 'NONE',  ( 1.705000000000000959, -2.045395859880669409, -0.1000000000000000194 ) ) ;
#253 = SPHERICAL_SURFACE ( 'NONE', #3792, 0.07499999999999999722 ) ;
#254 = DIRECTION ( 'NONE',  ( 1.000000000000000000, 0.000000000000000000, 0.000000000000000000 ) ) ;
#255 = ORIENTED_EDGE ( 'NONE', *, *, #7117, .F. ) ;
#256 = MECHANICAL_DESIGN_GEOMETRIC_PRESENTATION_REPRESENTATION (  '', ( #137 ), #3617 ) ;
#257 = VERTEX_POINT ( 'NONE', #4953 ) ;
#258 = DIRECTION ( 'NONE',  ( 0.000000000000000000, -0.9975640502598243087, -0.06975647374412557999 ) ) ;
#259 = EDGE_CURVE ( 'NONE', #3788, #4485, #2168, .T. ) ;
#260 = STYLED_ITEM ( 'NONE', ( #4658 ), #1479 ) ;
#261 = VECTOR ( 'NONE', #1053, 999.9999999999998863 ) ;
#262 = DIRECTION ( 'NONE',  ( 1.000000000000000000, -0.000000000000000000, 0.000000000000000000 ) ) ;
#263 = ORIENTED_EDGE ( 'NONE', *, *, #4070, .F. ) ;
#264 = EDGE_CURVE ( 'NONE', #2724, #3536, #1571, .T. ) ;
#265 = AXIS2_PLACEMENT_3D ( 'NONE', #5484, #4196, #6617 ) ;
#266 = STYLED_ITEM ( 'NONE', ( #5180 ), #1633 ) ;
#267 =( GEOMETRIC_REPRESENTATION_CONTEXT ( 3 ) GLOBAL_UNCERTAINTY_ASSIGNED_CONTEXT ( ( #304 ) ) GLOBAL_UNIT_ASSIGNED_CONTEXT ( ( #164, #634, #6383 ) ) REPRESENTATION_CONTEXT ( 'NONE', 'WORKASPACE' ) );
#268 = PLANE ( 'NONE',  #4189 ) ;
#269 = DIRECTION ( 'NONE',  ( 0.000000000000000000, 0.000000000000000000, -1.000000000000000000 ) ) ;
#270 = FILL_AREA_STYLE_COLOUR ( '', #6325 ) ;
#271 = DIRECTION ( 'NONE',  ( 1.000000000000000000, 0.000000000000000000, 0.000000000000000000 ) ) ;
#272 = SURFACE_STYLE_FILL_AREA ( #7322 ) ;
#273 = CARTESIAN_POINT ( 'NONE',  ( -2.375409738600887000, -1.949998880753508246, -0.1000106489190369929 ) ) ;
#274 = DIRECTION ( 'NONE',  ( 0.000000000000000000, 0.000000000000000000, 1.000000000000000000 ) ) ;
#275 = ORIENTED_EDGE ( 'NONE', *, *, #5313, .T. ) ;
#276 = CARTESIAN_POINT ( 'NONE',  ( -2.104999999999999094, -2.045395859880669409, -0.1000000000000000194 ) ) ;
#277 = AXIS2_PLACEMENT_3D ( 'NONE', #6767, #6289, #3893 ) ;
#278 = VECTOR ( 'NONE', #497, 999.9999999999998863 ) ;
#279 = STYLED_ITEM ( 'NONE', ( #6666 ), #5819 ) ;
#280 = DIRECTION ( 'NONE',  ( 0.000000000000000000, 0.3372937655207250973, -0.9413994453688880881 ) ) ;
#281 =( NAMED_UNIT ( * ) SI_UNIT ( $, .STERADIAN. ) SOLID_ANGLE_UNIT ( ) );
#282 = SURFACE_STYLE_USAGE ( .BOTH. , #1405 ) ;
#283 = ORIENTED_EDGE ( 'NONE', *, *, #6053, .F. ) ;
#284 = CIRCLE ( 'NONE', #7105, 0.1000000000000000472 ) ;
#285 = CIRCLE ( 'NONE', #1835, 0.1000000000000000472 ) ;
#286 =( LENGTH_UNIT ( ) NAMED_UNIT ( * ) SI_UNIT ( .MILLI., .METRE. ) );
#287 = DIRECTION ( 'NONE',  ( 0.000000000000000000, -0.3372937655207292607, 0.9413994453688865338 ) ) ;
#288 = SURFACE_STYLE_FILL_AREA ( #6669 ) ;
#289 = CARTESIAN_POINT ( 'NONE',  ( -0.4349999999999991651, 1.974999999999999867, -0.1999999999999999833 ) ) ;
#290 =( NAMED_UNIT ( * ) SI_UNIT ( $, .STERADIAN. ) SOLID_ANGLE_UNIT ( ) );
#291 = VECTOR ( 'NONE', #3813, 1000.000000000000000 ) ;
#292 =( LENGTH_UNIT ( ) NAMED_UNIT ( * ) SI_UNIT ( .MILLI., .METRE. ) );
#293 = ORIENTED_EDGE ( 'NONE', *, *, #3165, .F. ) ;
#294 = ORIENTED_EDGE ( 'NONE', *, *, #5037, .T. ) ;
#295 = DIRECTION ( 'NONE',  ( -0.000000000000000000, -0.000000000000000000, 1.000000000000000000 ) ) ;
#296 = LINE ( 'NONE', #6691, #4316 ) ;
#297 = CARTESIAN_POINT ( 'NONE',  ( -2.311524337873329227, 1.811524337873330115, -0.6999999999999999556 ) ) ;
#298 = SURFACE_STYLE_USAGE ( .BOTH. , #6360 ) ;
#299 = EDGE_CURVE ( 'NONE', #6594, #5854, #4989, .T. ) ;
#300 = EDGE_CURVE ( 'NONE', #2709, #4238, #810, .T. ) ;
#301 = VERTEX_POINT ( 'NONE', #917 ) ;
#302 = PRESENTATION_LAYER_ASSIGNMENT (  '', '', ( #2951 ) ) ;
#303 = DIRECTION ( 'NONE',  ( 0.000000000000000000, 0.000000000000000000, 1.000000000000000000 ) ) ;
#304 = UNCERTAINTY_MEASURE_WITH_UNIT (LENGTH_MEASURE( 1.000000000000000082E-05 ), #164, 'distance_accuracy_value', 'NONE');
#305 = FILL_AREA_STYLE ('',( #5988 ) ) ;
#306 = VECTOR ( 'NONE', #3097, 1000.000000000000000 ) ;
#307 = DIRECTION ( 'NONE',  ( 0.000000000000000000, 0.000000000000000000, -1.000000000000000000 ) ) ;
#308 = ADVANCED_FACE ( 'NONE', ( #6172 ), #2660, .F. ) ;
#309 = DIRECTION ( 'NONE',  ( 0.000000000000000000, 0.9975640502598241977, 0.06975647374412528856 ) ) ;
#310 = SURFACE_STYLE_USAGE ( .BOTH. , #7290 ) ;
#311 = ADVANCED_FACE ( 'NONE', ( #2729 ), #6675, .T. ) ;
#312 = ORIENTED_EDGE ( 'NONE', *, *, #4127, .F. ) ;
#313 = DIRECTION ( 'NONE',  ( 0.000000000000000000, -0.3372937655207250973, -0.9413994453688879771 ) ) ;
#314 = UNCERTAINTY_MEASURE_WITH_UNIT (LENGTH_MEASURE( 1.000000000000000082E-05 ), #3683, 'distance_accuracy_value', 'NONE');
#315 = SHAPE_DEFINITION_REPRESENTATION ( #5822, #6605 ) ;
#316 =( NAMED_UNIT ( * ) PLANE_ANGLE_UNIT ( ) SI_UNIT ( $, .RADIAN. ) );
#317 =( LENGTH_UNIT ( ) NAMED_UNIT ( * ) SI_UNIT ( .MILLI., .METRE. ) );
#318 = VERTEX_POINT ( 'NONE', #4071 ) ;
#319 = ORIENTED_EDGE ( 'NONE', *, *, #4898, .T. ) ;
#320 = DIRECTION ( 'NONE',  ( 0.000000000000000000, 0.000000000000000000, 1.000000000000000000 ) ) ;
#321 = EDGE_CURVE ( 'NONE', #6553, #1214, #5787, .T. ) ;
#322 = DIRECTION ( 'NONE',  ( 0.000000000000000000, 0.000000000000000000, 1.000000000000000000 ) ) ;
#323 = CARTESIAN_POINT ( 'NONE',  ( 2.375000000000000444, -1.875000000000000000, 0.1000000000000000056 ) ) ;
#324 = UNCERTAINTY_MEASURE_WITH_UNIT (LENGTH_MEASURE( 1.000000000000000082E-05 ), #3998, 'distance_accuracy_value', 'NONE');
#325 = AXIS2_PLACEMENT_3D ( 'NONE', #420, #4855, #4271 ) ;
#326 = FILL_AREA_STYLE_COLOUR ( '', #3196 ) ;
#327 = SURFACE_SIDE_STYLE ('',( #2158 ) ) ;
#328 = CYLINDRICAL_SURFACE ( 'NONE', #6874, 0.07499999999999998335 ) ;
#329 = STYLED_ITEM ( 'NONE', ( #1954 ), #3719 ) ;
#330 = ORIENTED_EDGE ( 'NONE', *, *, #2740, .T. ) ;
#331 = ORIENTED_EDGE ( 'NONE', *, *, #7080, .T. ) ;
#332 = CYLINDRICAL_SURFACE ( 'NONE', #2410, 0.07499999999999998335 ) ;
#333 = SURFACE_STYLE_FILL_AREA ( #3203 ) ;
#334 = CARTESIAN_POINT ( 'NONE',  ( -2.104999999999999094, -2.045395859880669409, 0.09999999999999999167 ) ) ;
#335 = VERTEX_POINT ( 'NONE', #4624 ) ;
#336 = CYLINDRICAL_SURFACE ( 'NONE', #4635, 0.07499999999999998335 ) ;
#337 = ORIENTED_EDGE ( 'NONE', *, *, #3752, .T. ) ;
#338 = CIRCLE ( 'NONE', #5278, 0.2781781074703490453 ) ;
#339 = SURFACE_SIDE_STYLE ('',( #272 ) ) ;
#340 = FACE_OUTER_BOUND ( 'NONE', #3100, .T. ) ;
#341 = ORIENTED_EDGE ( 'NONE', *, *, #5142, .F. ) ;
#342 = STYLED_ITEM ( 'NONE', ( #2358 ), #4430 ) ;
#343 = SURFACE_SIDE_STYLE ('',( #6033 ) ) ;
#344 = ORIENTED_EDGE ( 'NONE', *, *, #6158, .T. ) ;
#345 = PRESENTATION_STYLE_ASSIGNMENT (( #2748 ) ) ;
#346 = EDGE_CURVE ( 'NONE', #4793, #7194, #2802, .T. ) ;
#347 = PRESENTATION_LAYER_ASSIGNMENT (  '', '', ( #4785 ) ) ;
#348 = SURFACE_STYLE_FILL_AREA ( #3733 ) ;
#349 = DIRECTION ( 'NONE',  ( 0.000000000000000000, -0.3372937655207292607, 0.9413994453688865338 ) ) ;
#350 = ORIENTED_EDGE ( 'NONE', *, *, #259, .T. ) ;
#351 = CARTESIAN_POINT ( 'NONE',  ( 2.311524337873330559, -1.534775106360672492, 0.7750000000000000222 ) ) ;
#352 =( NAMED_UNIT ( * ) PLANE_ANGLE_UNIT ( ) SI_UNIT ( $, .RADIAN. ) );
#353 = CARTESIAN_POINT ( 'NONE',  ( 0.4350000000000009415, 2.045395859880669409, 0.09999999999999999167 ) ) ;
#354 = AXIS2_PLACEMENT_3D ( 'NONE', #2126, #6045, #6794 ) ;
#355 = AXIS2_PLACEMENT_3D ( 'NONE', #3870, #7391, #5640 ) ;
#356 =( LENGTH_UNIT ( ) NAMED_UNIT ( * ) SI_UNIT ( .MILLI., .METRE. ) );
#357 = EDGE_CURVE ( 'NONE', #3272, #3195, #5179, .T. ) ;
#358 = LINE ( 'NONE', #6840, #5451 ) ;
#359 = PRESENTATION_STYLE_ASSIGNMENT (( #4331 ) ) ;
#360 = AXIS2_PLACEMENT_3D ( 'NONE', #1177, #5226, #2157 ) ;
#361 = ORIENTED_EDGE ( 'NONE', *, *, #3306, .F. ) ;
#362 = ORIENTED_EDGE ( 'NONE', *, *, #3886, .T. ) ;
#363 = ORIENTED_EDGE ( 'NONE', *, *, #1028, .F. ) ;
#364 = PRESENTATION_LAYER_ASSIGNMENT (  '', '', ( #6685 ) ) ;
#365 = AXIS2_PLACEMENT_3D ( 'NONE', #4719, #6455, #4009 ) ;
#366 = FACE_OUTER_BOUND ( 'NONE', #4984, .T. ) ;
#367 = CARTESIAN_POINT ( 'NONE',  ( -2.449999999999998401, -1.811524337873330115, -0.6999999999999999556 ) ) ;
#368 = VERTEX_POINT ( 'NONE', #5726 ) ;
#369 = COLOUR_RGB ( '',0.8039215686274510109, 0.8039215686274510109, 0.8039215686274510109 ) ;
#370 = CARTESIAN_POINT ( 'NONE',  ( -1.751524337873328729, -0.9747751063606726607, 0.7649999999999999023 ) ) ;
#371 = FILL_AREA_STYLE ('',( #6581 ) ) ;
#372 = UNCERTAINTY_MEASURE_WITH_UNIT (LENGTH_MEASURE( 1.000000000000000082E-05 ), #214, 'distance_accuracy_value', 'NONE');
#373 = CARTESIAN_POINT ( 'NONE',  ( 2.105000000000000870, -1.949999999999999956, -0.1000000000000000194 ) ) ;
#374 =( GEOMETRIC_REPRESENTATION_CONTEXT ( 3 ) GLOBAL_UNCERTAINTY_ASSIGNED_CONTEXT ( ( #4352 ) ) GLOBAL_UNIT_ASSIGNED_CONTEXT ( ( #1637, #4585, #3365 ) ) REPRESENTATION_CONTEXT ( 'NONE', 'WORKASPACE' ) );
#375 = FILL_AREA_STYLE ('',( #3243 ) ) ;
#376 = PRESENTATION_STYLE_ASSIGNMENT (( #5561 ) ) ;
#377 = LINE ( 'NONE', #3805, #1711 ) ;
#378 = ORIENTED_EDGE ( 'NONE', *, *, #3117, .T. ) ;
#379 = SURFACE_STYLE_USAGE ( .BOTH. , #5563 ) ;
#380 = PRESENTATION_LAYER_ASSIGNMENT (  '', '', ( #5328 ) ) ;
#381 = STYLED_ITEM ( 'NONE', ( #1779 ), #5434 ) ;
#382 =( LENGTH_UNIT ( ) NAMED_UNIT ( * ) SI_UNIT ( .MILLI., .METRE. ) );
#383 = VERTEX_POINT ( 'NONE', #2762 ) ;
#384 = EDGE_CURVE ( 'NONE', #6594, #716, #2234, .T. ) ;
#385 = UNCERTAINTY_MEASURE_WITH_UNIT (LENGTH_MEASURE( 1.000000000000000082E-05 ), #1790, 'distance_accuracy_value', 'NONE');
#386 = DIRECTION ( 'NONE',  ( -0.000000000000000000, -1.000000000000000000, 0.000000000000000000 ) ) ;
#387 = CIRCLE ( 'NONE', #1350, 0.07499999999999998335 ) ;
#388 = VECTOR ( 'NONE', #3803, 1000.000000000000000 ) ;
#389 = FACE_OUTER_BOUND ( 'NONE', #6831, .T. ) ;
#390 = DIRECTION ( 'NONE',  ( -0.000000000000000000, -0.000000000000000000, 1.000000000000000000 ) ) ;
#391 = EDGE_LOOP ( 'NONE', ( #4920, #2465, #6488, #5564 ) ) ;
#392 = CARTESIAN_POINT ( 'NONE',  ( 1.705000000000000959, -1.949999999999999956, 0.09999999999999999167 ) ) ;
#393 = ORIENTED_EDGE ( 'NONE', *, *, #758, .T. ) ;
#394 = DIRECTION ( 'NONE',  ( 1.000000000000000000, 0.000000000000000000, 0.000000000000000000 ) ) ;
#395 =( NAMED_UNIT ( * ) PLANE_ANGLE_UNIT ( ) SI_UNIT ( $, .RADIAN. ) );
#396 = CIRCLE ( 'NONE', #277, 0.1000000000000000472 ) ;
#397 = SURFACE_STYLE_USAGE ( .BOTH. , #7367 ) ;
#398 = COLOUR_RGB ( '',0.2862745098039215508, 0.2862745098039215508, 0.2862745098039215508 ) ;
#399 =( GEOMETRIC_REPRESENTATION_CONTEXT ( 3 ) GLOBAL_UNCERTAINTY_ASSIGNED_CONTEXT ( ( #4568 ) ) GLOBAL_UNIT_ASSIGNED_CONTEXT ( ( #286, #5383, #6003 ) ) REPRESENTATION_CONTEXT ( 'NONE', 'WORKASPACE' ) );
#400 = EDGE_CURVE ( 'NONE', #1844, #4451, #4584, .T. ) ;
#401 = PLANE ( 'NONE',  #1012 ) ;
#402 = DIRECTION ( 'NONE',  ( 0.000000000000000000, 0.9413994453688880881, 0.3372937655207250973 ) ) ;
#403 = PRESENTATION_LAYER_ASSIGNMENT (  '', '', ( #3291 ) ) ;
#404 = SURFACE_STYLE_FILL_AREA ( #4915 ) ;
#405 = VECTOR ( 'NONE', #1391, 1000.000000000000000 ) ;
#406 = ORIENTED_EDGE ( 'NONE', *, *, #7526, .F. ) ;
#407 = EDGE_CURVE ( 'NONE', #1126, #1584, #2872, .T. ) ;
#408 = ORIENTED_EDGE ( 'NONE', *, *, #3477, .T. ) ;
#409 = CARTESIAN_POINT ( 'NONE',  ( 0.4350000000000009415, 1.949999999999999956, 0.09999999999999999167 ) ) ;
#410 = CARTESIAN_POINT ( 'NONE',  ( -2.449999999999998401, -1.949999999999999956, 0.1000000000000000056 ) ) ;
#411 = ORIENTED_EDGE ( 'NONE', *, *, #1412, .F. ) ;
#412 = ADVANCED_FACE ( 'NONE', ( #4505 ), #5763, .F. ) ;
#413 = STYLED_ITEM ( 'NONE', ( #1740 ), #7022 ) ;
#414 = DIRECTION ( 'NONE',  ( 1.000000000000000000, 0.000000000000000000, 0.000000000000000000 ) ) ;
#415 = ADVANCED_FACE ( 'NONE', ( #5175 ), #4030, .T. ) ;
#416 = DIRECTION ( 'NONE',  ( 0.000000000000000000, 0.3372937655207292607, 0.9413994453688865338 ) ) ;
#417 = COLOUR_RGB ( '',0.2862745098039215508, 0.2862745098039215508, 0.2862745098039215508 ) ;
#418 =( LENGTH_UNIT ( ) NAMED_UNIT ( * ) SI_UNIT ( .MILLI., .METRE. ) );
#419 =( LENGTH_UNIT ( ) NAMED_UNIT ( * ) SI_UNIT ( .MILLI., .METRE. ) );
#420 = CARTESIAN_POINT ( 'NONE',  ( 2.450000000000000178, 1.949999999999999956, 0.1000000000000000056 ) ) ;
#421 = DIRECTION ( 'NONE',  ( 0.000000000000000000, 0.000000000000000000, 1.000000000000000000 ) ) ;
#422 = ORIENTED_EDGE ( 'NONE', *, *, #6694, .T. ) ;
#423 = VECTOR ( 'NONE', #5472, 1000.000000000000000 ) ;
#424 = SURFACE_STYLE_USAGE ( .BOTH. , #2785 ) ;
#425 = DIRECTION ( 'NONE',  ( 0.000000000000000000, 0.06975647374412530244, -0.9975640502598243087 ) ) ;
#426 = DIRECTION ( 'NONE',  ( 0.000000000000000000, 0.9975640502598241977, 0.06975647374412528856 ) ) ;
#427 = VERTEX_POINT ( 'NONE', #1332 ) ;
#428 = PRESENTATION_LAYER_ASSIGNMENT (  '', '', ( #898 ) ) ;
#429 = VERTEX_POINT ( 'NONE', #713 ) ;
#430 = SURFACE_STYLE_USAGE ( .BOTH. , #6793 ) ;
#431 = FILL_AREA_STYLE ('',( #2625 ) ) ;
#432 =( NAMED_UNIT ( * ) PLANE_ANGLE_UNIT ( ) SI_UNIT ( $, .RADIAN. ) );
#433 = DIRECTION ( 'NONE',  ( 0.000000000000000000, 0.000000000000000000, -1.000000000000000000 ) ) ;
#434 = AXIS2_PLACEMENT_3D ( 'NONE', #48, #5216, #5719 ) ;
#435 = STYLED_ITEM ( 'NONE', ( #7380 ), #2828 ) ;
#436 = DIRECTION ( 'NONE',  ( 0.000000000000000000, 1.000000000000000000, 0.000000000000000000 ) ) ;
#437 = EDGE_LOOP ( 'NONE', ( #6507, #2228, #2813, #6519 ) ) ;
#438 =( NAMED_UNIT ( * ) SI_UNIT ( $, .STERADIAN. ) SOLID_ANGLE_UNIT ( ) );
#439 = VECTOR ( 'NONE', #6386, 1000.000000000000000 ) ;
#440 = CARTESIAN_POINT ( 'NONE',  ( 0.4350000000000009415, 2.533419388043264942, -0.6918851256749790624 ) ) ;
#441 = EDGE_LOOP ( 'NONE', ( #6114, #3027, #7260 ) ) ;
#442 = ORIENTED_EDGE ( 'NONE', *, *, #3485, .F. ) ;
#443 = AXIS2_PLACEMENT_3D ( 'NONE', #1820, #2500, #5288 ) ;
#444 = CARTESIAN_POINT ( 'NONE',  ( 0.4350000000000009415, 2.454328594324949986, -0.8868429382324097832 ) ) ;
#445 = ADVANCED_FACE ( 'NONE', ( #5886 ), #1861, .T. ) ;
#446 =( NAMED_UNIT ( * ) SI_UNIT ( $, .STERADIAN. ) SOLID_ANGLE_UNIT ( ) );
#447 = ADVANCED_FACE ( 'NONE', ( #1287 ), #786, .T. ) ;
#448 = CARTESIAN_POINT ( 'NONE',  ( 0.8350000000000008527, -1.949999999999999956, 0.09999999999999999167 ) ) ;
#449 = ORIENTED_EDGE ( 'NONE', *, *, #1281, .T. ) ;
#450 = COLOUR_RGB ( '',0.2862745098039215508, 0.2862745098039215508, 0.2862745098039215508 ) ;
#451 = SURFACE_STYLE_USAGE ( .BOTH. , #5635 ) ;
#452 = CARTESIAN_POINT ( 'NONE',  ( 1.705000000000000959, -3.000000000000000000, -0.7245116203837658198 ) ) ;
#453 = SURFACE_STYLE_USAGE ( .BOTH. , #1084 ) ;
#454 = VERTEX_POINT ( 'NONE', #4299 ) ;
#455 = FILL_AREA_STYLE ('',( #5014 ) ) ;
#456 = UNCERTAINTY_MEASURE_WITH_UNIT (LENGTH_MEASURE( 1.000000000000000082E-05 ), #6202, 'distance_accuracy_value', 'NONE');
#457 = CARTESIAN_POINT ( 'NONE',  ( -0.8349999999999991873, -2.533419388043264942, -0.6918851256749790624 ) ) ;
#458 = CARTESIAN_POINT ( 'NONE',  ( 2.375273160256226035, 1.949999626916908424, 0.1000035496485076753 ) ) ;
#459 = CARTESIAN_POINT ( 'NONE',  ( 1.705000000000000959, -3.000000000000000000, -0.9250000000000000444 ) ) ;
#460 = ORIENTED_EDGE ( 'NONE', *, *, #852, .F. ) ;
#461 = DIRECTION ( 'NONE',  ( 1.000000000000000000, 0.000000000000000000, 0.000000000000000000 ) ) ;
#462 = ORIENTED_EDGE ( 'NONE', *, *, #5060, .T. ) ;
#463 = DIRECTION ( 'NONE',  ( 0.000000000000000000, 0.000000000000000000, 1.000000000000000000 ) ) ;
#464 = FILL_AREA_STYLE ('',( #1632 ) ) ;
#465 = PLANE ( 'NONE',  #360 ) ;
#466 = SURFACE_SIDE_STYLE ('',( #7442 ) ) ;
#467 = FACE_OUTER_BOUND ( 'NONE', #3586, .T. ) ;
#468 = EDGE_LOOP ( 'NONE', ( #5394, #1978, #6807, #6632, #7508, #378, #3835, #7025, #4025, #2694, #4158, #476 ) ) ;
#469 = AXIS2_PLACEMENT_3D ( 'NONE', #3403, #1223, #1101 ) ;
#470 = LINE ( 'NONE', #5731, #2662 ) ;
#471 = CIRCLE ( 'NONE', #5299, 0.07499999999999998335 ) ;
#472 = DIRECTION ( 'NONE',  ( 1.000000000000000000, 0.000000000000000000, 0.000000000000000000 ) ) ;
#473 = ORIENTED_EDGE ( 'NONE', *, *, #4190, .T. ) ;
#474 = PRESENTATION_LAYER_ASSIGNMENT (  '', '', ( #4790 ) ) ;
#475 = CIRCLE ( 'NONE', #1443, 0.1999999999999995670 ) ;
#476 = ORIENTED_EDGE ( 'NONE', *, *, #7388, .T. ) ;
#477 = VERTEX_POINT ( 'NONE', #1498 ) ;
#478 = EDGE_CURVE ( 'NONE', #3688, #2622, #2423, .T. ) ;
#479 = VECTOR ( 'NONE', #3202, 1000.000000000000000 ) ;
#480 = FACE_OUTER_BOUND ( 'NONE', #598, .T. ) ;
#481 =( GEOMETRIC_REPRESENTATION_CONTEXT ( 3 ) GLOBAL_UNCERTAINTY_ASSIGNED_CONTEXT ( ( #6069 ) ) GLOBAL_UNIT_ASSIGNED_CONTEXT ( ( #4210, #7062, #5914 ) ) REPRESENTATION_CONTEXT ( 'NONE', 'WORKASPACE' ) );
#482 = CARTESIAN_POINT ( 'NONE',  ( -0.8349999999999991873, -2.279999999999998028, -0.7547888812845857665 ) ) ;
#483 = ADVANCED_FACE ( 'NONE', ( #4515 ), #6889, .T. ) ;
#484 = ORIENTED_EDGE ( 'NONE', *, *, #622, .F. ) ;
#485 = DIRECTION ( 'NONE',  ( -1.000000000000000000, -0.000000000000000000, -0.000000000000000000 ) ) ;
#486 = FACE_OUTER_BOUND ( 'NONE', #2050, .T. ) ;
#487 = PRESENTATION_LAYER_ASSIGNMENT (  '', '', ( #1585 ) ) ;
#488 = DIRECTION ( 'NONE',  ( 0.000000000000000000, 0.000000000000000000, -1.000000000000000000 ) ) ;
#489 = VERTEX_POINT ( 'NONE', #4007 ) ;
#490 = ORIENTED_EDGE ( 'NONE', *, *, #5184, .T. ) ;
#491 =( NAMED_UNIT ( * ) SI_UNIT ( $, .STERADIAN. ) SOLID_ANGLE_UNIT ( ) );
#492 = LINE ( 'NONE', #2797, #291 ) ;
#493 = EDGE_CURVE ( 'NONE', #6640, #954, #2040, .T. ) ;
#494 = PRESENTATION_STYLE_ASSIGNMENT (( #3883 ) ) ;
#495 = PRESENTATION_LAYER_ASSIGNMENT (  '', '', ( #3746 ) ) ;
#496 = DIRECTION ( 'NONE',  ( 0.000000000000000000, 0.3372937655207250973, -0.9413994453688879771 ) ) ;
#497 = DIRECTION ( 'NONE',  ( 0.000000000000000000, 0.9975640502598243087, -0.06975647374412557999 ) ) ;
#498 = LINE ( 'NONE', #4506, #5821 ) ;
#499 = DIRECTION ( 'NONE',  ( 0.000000000000000000, 0.000000000000000000, -1.000000000000000000 ) ) ;
#500 = DIRECTION ( 'NONE',  ( 0.000000000000000000, 0.000000000000000000, -1.000000000000000000 ) ) ;
#501 = COLOUR_RGB ( '',0.8039215686274510109, 0.8039215686274510109, 0.8039215686274510109 ) ;
#502 = FILL_AREA_STYLE ('',( #6357 ) ) ;
#503 = SURFACE_SIDE_STYLE ('',( #1261 ) ) ;
#504 = SURFACE_STYLE_USAGE ( .BOTH. , #64 ) ;
#505 = MECHANICAL_DESIGN_GEOMETRIC_PRESENTATION_REPRESENTATION (  '', ( #2322 ), #6970 ) ;
#506 = VECTOR ( 'NONE', #2311, 1000.000000000000000 ) ;
#507 = MECHANICAL_DESIGN_GEOMETRIC_PRESENTATION_REPRESENTATION (  '', ( #989 ), #4835 ) ;
#508 = EDGE_LOOP ( 'NONE', ( #912, #4179, #5912, #6433 ) ) ;
#509 = SURFACE_SIDE_STYLE ('',( #2103 ) ) ;
#510 = VECTOR ( 'NONE', #7237, 1000.000000000000227 ) ;
#511 = ORIENTED_EDGE ( 'NONE', *, *, #5868, .T. ) ;
#512 = VERTEX_POINT ( 'NONE', #1684 ) ;
#513 = CARTESIAN_POINT ( 'NONE',  ( 1.705000000000000959, -2.280000000000000249, -0.7547888812845849893 ) ) ;
#514 = AXIS2_PLACEMENT_3D ( 'NONE', #4368, #2757, #6758 ) ;
#515 =( LENGTH_UNIT ( ) NAMED_UNIT ( * ) SI_UNIT ( .MILLI., .METRE. ) );
#516 = SURFACE_STYLE_FILL_AREA ( #6862 ) ;
#517 = ORIENTED_EDGE ( 'NONE', *, *, #833, .T. ) ;
#518 = PRESENTATION_LAYER_ASSIGNMENT (  '', '', ( #413 ) ) ;
#519 = UNCERTAINTY_MEASURE_WITH_UNIT (LENGTH_MEASURE( 1.000000000000000082E-05 ), #6397, 'distance_accuracy_value', 'NONE');
#520 = DIRECTION ( 'NONE',  ( 0.000000000000000000, -0.06975647374412557999, 0.9975640502598243087 ) ) ;
#521 = ADVANCED_FACE ( 'NONE', ( #3968 ), #6326, .T. ) ;
#522 = CARTESIAN_POINT ( 'NONE',  ( -0.8349999999999991873, 2.540395035417677416, -0.5921287206489965760 ) ) ;
#523 = COLOUR_RGB ( '',0.8039215686274510109, 0.8039215686274510109, 0.8039215686274510109 ) ;
#524 = ADVANCED_FACE ( 'NONE', ( #7300 ), #6673, .T. ) ;
#525 =( NAMED_UNIT ( * ) PLANE_ANGLE_UNIT ( ) SI_UNIT ( $, .RADIAN. ) );
#526 = CARTESIAN_POINT ( 'NONE',  ( 0.8350000000000008527, 1.949999999999999956, -0.1000000000000000194 ) ) ;
#527 = ORIENTED_EDGE ( 'NONE', *, *, #921, .F. ) ;
#528 = FILL_AREA_STYLE_COLOUR ( '', #2052 ) ;
#529 = UNCERTAINTY_MEASURE_WITH_UNIT (LENGTH_MEASURE( 1.000000000000000082E-05 ), #2744, 'distance_accuracy_value', 'NONE');
#530 = FILL_AREA_STYLE ('',( #56 ) ) ;
#531 = AXIS2_PLACEMENT_3D ( 'NONE', #6878, #5102, #4467 ) ;
#532 = CARTESIAN_POINT ( 'NONE',  ( -2.449999999999998401, -1.949999999999999956, 0.1000000000000000056 ) ) ;
#533 = DIRECTION ( 'NONE',  ( 1.000000000000000000, 0.000000000000000000, 0.000000000000000000 ) ) ;
#534 = SURFACE_STYLE_FILL_AREA ( #5728 ) ;
#535 = DIRECTION ( 'NONE',  ( 0.000000000000000000, 0.000000000000000000, -1.000000000000000000 ) ) ;
#536 = EDGE_CURVE ( 'NONE', #1988, #4905, #6095, .T. ) ;
#537 = ORIENTED_EDGE ( 'NONE', *, *, #4344, .F. ) ;
#538 = SURFACE_STYLE_USAGE ( .BOTH. , #6404 ) ;
#539 = FACE_OUTER_BOUND ( 'NONE', #7053, .T. ) ;
#540 = DIRECTION ( 'NONE',  ( 0.000000000000000000, 0.000000000000000000, -1.000000000000000000 ) ) ;
#541 = CARTESIAN_POINT ( 'NONE',  ( -2.104999999999999094, 2.540395035417677416, -0.5921287206489965760 ) ) ;
#542 = CARTESIAN_POINT ( 'NONE',  ( 2.449998880753508690, 1.875409738600887888, -0.1000106489190328019 ) ) ;
#543 = CIRCLE ( 'NONE', #2363, 0.1999999999999995670 ) ;
#544 = FILL_AREA_STYLE ('',( #3971 ) ) ;
#545 = PRESENTATION_LAYER_ASSIGNMENT (  '', '', ( #4151 ) ) ;
#546 = ORIENTED_EDGE ( 'NONE', *, *, #3703, .T. ) ;
#547 = EDGE_LOOP ( 'NONE', ( #4526, #4011, #1373, #6706 ) ) ;
#548 = CARTESIAN_POINT ( 'NONE',  ( 1.705000000000000959, -2.069139944536888986, -0.1662706234479273959 ) ) ;
#549 = AXIS2_PLACEMENT_3D ( 'NONE', #1247, #4229, #3014 ) ;
#550 = PRESENTATION_STYLE_ASSIGNMENT (( #6336 ) ) ;
#551 = CARTESIAN_POINT ( 'NONE',  ( -0.4349999999999991651, 3.000000000000000000, -0.9250000000000000444 ) ) ;
#552 = ORIENTED_EDGE ( 'NONE', *, *, #346, .F. ) ;
#553 = SURFACE_SIDE_STYLE ('',( #4648 ) ) ;
#554 = VECTOR ( 'NONE', #6525, 1000.000000000000114 ) ;
#555 = LINE ( 'NONE', #4613, #439 ) ;
#556 = ORIENTED_EDGE ( 'NONE', *, *, #5814, .T. ) ;
#557 = CARTESIAN_POINT ( 'NONE',  ( -1.704999999999998961, -1.949999999999999956, -0.1000000000000000194 ) ) ;
#558 = VERTEX_POINT ( 'NONE', #4466 ) ;
#559 = VECTOR ( 'NONE', #4279, 1000.000000000000227 ) ;
#560 =( LENGTH_UNIT ( ) NAMED_UNIT ( * ) SI_UNIT ( .MILLI., .METRE. ) );
#561 = LINE ( 'NONE', #2425, #2862 ) ;
#562 = DIRECTION ( 'NONE',  ( 1.000000000000000000, 0.000000000000000000, 0.000000000000000000 ) ) ;
#563 = LINE ( 'NONE', #4109, #3903 ) ;
#564 = CARTESIAN_POINT ( 'NONE',  ( 0.4350000000000009415, -1.974999999999999867, -0.1999999999999999833 ) ) ;
#565 = ADVANCED_FACE ( 'NONE', ( #6877 ), #4582, .T. ) ;
#566 = ADVANCED_FACE ( 'NONE', ( #6949, #1709 ), #465, .T. ) ;
#567 = CARTESIAN_POINT ( 'NONE',  ( 1.705000000000000959, -2.045395859880669409, 0.09999999999999999167 ) ) ;
#568 = ORIENTED_EDGE ( 'NONE', *, *, #2812, .F. ) ;
#569 = DIRECTION ( 'NONE',  ( 0.000000000000000000, -0.3372937655207250973, -0.9413994453688879771 ) ) ;
#570 =( NAMED_UNIT ( * ) PLANE_ANGLE_UNIT ( ) SI_UNIT ( $, .RADIAN. ) );
#571 = LINE ( 'NONE', #4631, #6967 ) ;
#572 = PLANE ( 'NONE',  #3235 ) ;
#573 =( NAMED_UNIT ( * ) SI_UNIT ( $, .STERADIAN. ) SOLID_ANGLE_UNIT ( ) );
#574 = AXIS2_PLACEMENT_3D ( 'NONE', #7406, #2129, #433 ) ;
#575 = AXIS2_PLACEMENT_3D ( 'NONE', #3186, #4948, #7334 ) ;
#576 = ORIENTED_EDGE ( 'NONE', *, *, #657, .F. ) ;
#577 = SURFACE_SIDE_STYLE ('',( #7531 ) ) ;
#578 = ORIENTED_EDGE ( 'NONE', *, *, #2430, .F. ) ;
#579 = VECTOR ( 'NONE', #2232, 1000.000000000000000 ) ;
#580 = FILL_AREA_STYLE ('',( #5867 ) ) ;
#581 = MECHANICAL_DESIGN_GEOMETRIC_PRESENTATION_REPRESENTATION (  '', ( #6558 ), #2156 ) ;
#582 = CARTESIAN_POINT ( 'NONE',  ( -1.704999999999998961, 2.468279889073774935, -0.6873301281804449214 ) ) ;
#583 = SURFACE_SIDE_STYLE ('',( #516 ) ) ;
#584 = SURFACE_STYLE_FILL_AREA ( #1775 ) ;
#585 = ORIENTED_EDGE ( 'NONE', *, *, #6018, .F. ) ;
#586 = DIRECTION ( 'NONE',  ( 0.000000000000000000, 0.000000000000000000, -1.000000000000000000 ) ) ;
#587 = UNCERTAINTY_MEASURE_WITH_UNIT (LENGTH_MEASURE( 1.000000000000000082E-05 ), #6531, 'distance_accuracy_value', 'NONE');
#588 = AXIS2_PLACEMENT_3D ( 'NONE', #1242, #1158, #6929 ) ;
#589 = CARTESIAN_POINT ( 'NONE',  ( 0.4350000000000009415, -1.949999999999999956, -0.1000000000000000194 ) ) ;
#590 = VECTOR ( 'NONE', #2794, 1000.000000000000000 ) ;
#591 =( NAMED_UNIT ( * ) PLANE_ANGLE_UNIT ( ) SI_UNIT ( $, .RADIAN. ) );
#592 = FILL_AREA_STYLE_COLOUR ( '', #3800 ) ;
#593 = DIRECTION ( 'NONE',  ( 5.782411586589358033E-15, 1.000000000000000000, 0.000000000000000000 ) ) ;
#594 = MECHANICAL_DESIGN_GEOMETRIC_PRESENTATION_REPRESENTATION (  '', ( #2420 ), #1459 ) ;
#595 = AXIS2_PLACEMENT_3D ( 'NONE', #4715, #4152, #5969 ) ;
#596 = EDGE_LOOP ( 'NONE', ( #5426, #6415, #3605, #4744, #293, #7350, #3063, #1905 ) ) ;
#597 = FACE_OUTER_BOUND ( 'NONE', #4020, .T. ) ;
#598 = EDGE_LOOP ( 'NONE', ( #771, #4885, #2208, #5355 ) ) ;
#599 = CARTESIAN_POINT ( 'NONE',  ( -2.104999999999999094, -1.949999999999999956, -0.1000000000000000194 ) ) ;
#600 = SURFACE_STYLE_USAGE ( .BOTH. , #1098 ) ;
#601 = PLANE ( 'NONE',  #3560 ) ;
#602 = CIRCLE ( 'NONE', #5939, 0.1999999999999978184 ) ;
#603 = MECHANICAL_DESIGN_GEOMETRIC_PRESENTATION_REPRESENTATION (  '', ( #1827 ), #3147 ) ;
#604 =( LENGTH_UNIT ( ) NAMED_UNIT ( * ) SI_UNIT ( .MILLI., .METRE. ) );
#605 = DIRECTION ( 'NONE',  ( -0.1039620511844979306, 0.1039620511844979306, -0.9891328443778538704 ) ) ;
#606 = DIRECTION ( 'NONE',  ( 1.000000000000000000, 0.000000000000000000, 0.000000000000000000 ) ) ;
#607 = SURFACE_SIDE_STYLE ('',( #4002 ) ) ;
#608 = ORIENTED_EDGE ( 'NONE', *, *, #1458, .F. ) ;
#609 = CARTESIAN_POINT ( 'NONE',  ( -1.704999999999998961, 2.280000000000000249, -0.7547888812845849893 ) ) ;
#610 = CYLINDRICAL_SURFACE ( 'NONE', #3624, 0.1000000000000002137 ) ;
#611 = EDGE_CURVE ( 'NONE', #4241, #4181, #2159, .T. ) ;
#612 = EDGE_CURVE ( 'NONE', #3009, #2502, #2200, .T. ) ;
#613 = SURFACE_STYLE_FILL_AREA ( #6407 ) ;
#614 = AXIS2_PLACEMENT_3D ( 'NONE', #1185, #5768, #535 ) ;
#615 =( GEOMETRIC_REPRESENTATION_CONTEXT ( 3 ) GLOBAL_UNCERTAINTY_ASSIGNED_CONTEXT ( ( #4412 ) ) GLOBAL_UNIT_ASSIGNED_CONTEXT ( ( #1703, #3464, #2947 ) ) REPRESENTATION_CONTEXT ( 'NONE', 'WORKASPACE' ) );
#616 =( NAMED_UNIT ( * ) SI_UNIT ( $, .STERADIAN. ) SOLID_ANGLE_UNIT ( ) );
#617 = EDGE_CURVE ( 'NONE', #2622, #6594, #3199, .T. ) ;
#618 = MECHANICAL_DESIGN_GEOMETRIC_PRESENTATION_REPRESENTATION (  '', ( #6213 ), #2189 ) ;
#619 = VECTOR ( 'NONE', #49, 1000.000000000000000 ) ;
#620 = PRESENTATION_STYLE_ASSIGNMENT (( #7495 ) ) ;
#621 = ORIENTED_EDGE ( 'NONE', *, *, #4019, .T. ) ;
#622 = EDGE_CURVE ( 'NONE', #7251, #1924, #233, .T. ) ;
#623 = ORIENTED_EDGE ( 'NONE', *, *, #7343, .T. ) ;
#624 = AXIS2_PLACEMENT_3D ( 'NONE', #2000, #5559, #6073 ) ;
#625 = PRESENTATION_LAYER_ASSIGNMENT (  '', '', ( #5223 ) ) ;
#626 = MECHANICAL_DESIGN_GEOMETRIC_PRESENTATION_REPRESENTATION (  '', ( #7222 ), #6105 ) ;
#627 = VECTOR ( 'NONE', #5554, 1000.000000000000000 ) ;
#628 = DIRECTION ( 'NONE',  ( 0.000000000000000000, -0.3372937655207292607, 0.9413994453688865338 ) ) ;
#629 = EDGE_CURVE ( 'NONE', #4087, #2687, #4888, .T. ) ;
#630 = CARTESIAN_POINT ( 'NONE',  ( -0.8349999999999991873, 3.000000000000000000, -0.9250000000000000444 ) ) ;
#631 = LINE ( 'NONE', #2253, #3463 ) ;
#632 = VERTEX_POINT ( 'NONE', #7285 ) ;
#633 = PLANE ( 'NONE',  #5727 ) ;
#634 =( NAMED_UNIT ( * ) PLANE_ANGLE_UNIT ( ) SI_UNIT ( $, .RADIAN. ) );
#635 = SURFACE_STYLE_USAGE ( .BOTH. , #2635 ) ;
#636 = SURFACE_STYLE_USAGE ( .BOTH. , #6940 ) ;
#637 = FILL_AREA_STYLE_COLOUR ( '', #6328 ) ;
#638 = VERTEX_POINT ( 'NONE', #4622 ) ;
#639 = CIRCLE ( 'NONE', #6118, 0.1999999999999995670 ) ;
#640 = ORIENTED_EDGE ( 'NONE', *, *, #4457, .F. ) ;
#641 = VERTEX_POINT ( 'NONE', #4310 ) ;
#642 =( LENGTH_UNIT ( ) NAMED_UNIT ( * ) SI_UNIT ( .MILLI., .METRE. ) );
#643 = AXIS2_PLACEMENT_3D ( 'NONE', #5984, #5906, #700 ) ;
#644 = EDGE_CURVE ( 'NONE', #3992, #7383, #6117, .T. ) ;
#645 = SURFACE_STYLE_USAGE ( .BOTH. , #136 ) ;
#646 = SURFACE_SIDE_STYLE ('',( #3516 ) ) ;
#647 = EDGE_LOOP ( 'NONE', ( #6356, #4211, #5624, #2305, #623, #1930, #5013 ) ) ;
#648 = PLANE ( 'NONE',  #2852 ) ;
#649 = LINE ( 'NONE', #63, #1241 ) ;
#650 = AXIS2_PLACEMENT_3D ( 'NONE', #289, #1491, #5422 ) ;
#651 = CARTESIAN_POINT ( 'NONE',  ( 2.105000000000000870, -1.974999999999999867, -0.1999999999999999833 ) ) ;
#652 = FILL_AREA_STYLE_COLOUR ( '', #5478 ) ;
#653 = PRESENTATION_STYLE_ASSIGNMENT (( #3489 ) ) ;
#654 =( GEOMETRIC_REPRESENTATION_CONTEXT ( 3 ) GLOBAL_UNCERTAINTY_ASSIGNED_CONTEXT ( ( #2257 ) ) GLOBAL_UNIT_ASSIGNED_CONTEXT ( ( #962, #1004, #446 ) ) REPRESENTATION_CONTEXT ( 'NONE', 'WORKASPACE' ) );
#655 = PRESENTATION_STYLE_ASSIGNMENT (( #4186 ) ) ;
#656 = ORIENTED_EDGE ( 'NONE', *, *, #384, .T. ) ;
#657 = EDGE_CURVE ( 'NONE', #2904, #6639, #6441, .T. ) ;
#658 = MECHANICAL_DESIGN_GEOMETRIC_PRESENTATION_REPRESENTATION (  '', ( #2966 ), #85 ) ;
#659 = ADVANCED_FACE ( 'NONE', ( #808 ), #268, .T. ) ;
#660 = VECTOR ( 'NONE', #6412, 1000.000000000000000 ) ;
#661 = DIRECTION ( 'NONE',  ( -0.07411551268475098653, 0.7051619993942833675, 0.7051619993942762621 ) ) ;
#662 = CARTESIAN_POINT ( 'NONE',  ( -2.104999999999999094, -2.446255090880788519, -0.6258580972010689969 ) ) ;
#663 = MECHANICAL_DESIGN_GEOMETRIC_PRESENTATION_REPRESENTATION (  '', ( #2491 ), #3438 ) ;
#664 = ORIENTED_EDGE ( 'NONE', *, *, #4083, .T. ) ;
#665 = EDGE_CURVE ( 'NONE', #2376, #6521, #6652, .T. ) ;
#666 =( NAMED_UNIT ( * ) PLANE_ANGLE_UNIT ( ) SI_UNIT ( $, .RADIAN. ) );
#667 = UNCERTAINTY_MEASURE_WITH_UNIT (LENGTH_MEASURE( 1.000000000000000082E-05 ), #5474, 'distance_accuracy_value', 'NONE');
#668 = SPHERICAL_SURFACE ( 'NONE', #5331, 0.07499999999999999722 ) ;
#669 = STYLED_ITEM ( 'NONE', ( #3159 ), #3773 ) ;
#670 = DIRECTION ( 'NONE',  ( 1.000000000000000000, 0.000000000000000000, 0.000000000000000000 ) ) ;
#671 =( NAMED_UNIT ( * ) PLANE_ANGLE_UNIT ( ) SI_UNIT ( $, .RADIAN. ) );
#672 = FILL_AREA_STYLE ('',( #4819 ) ) ;
#673 = ORIENTED_EDGE ( 'NONE', *, *, #5094, .F. ) ;
#674 = FILL_AREA_STYLE ('',( #5338 ) ) ;
#675 = CARTESIAN_POINT ( 'NONE',  ( -0.8349999999999991873, -1.974999999999999867, -0.1000000000000000194 ) ) ;
#676 = UNCERTAINTY_MEASURE_WITH_UNIT (LENGTH_MEASURE( 1.000000000000000082E-05 ), #1390, 'distance_accuracy_value', 'NONE');
#677 = PRESENTATION_STYLE_ASSIGNMENT (( #5804 ) ) ;
#678 = FILL_AREA_STYLE_COLOUR ( '', #2561 ) ;
#679 = LINE ( 'NONE', #2470, #5128 ) ;
#680 = ORIENTED_EDGE ( 'NONE', *, *, #1916, .F. ) ;
#681 =( NAMED_UNIT ( * ) PLANE_ANGLE_UNIT ( ) SI_UNIT ( $, .RADIAN. ) );
#682 = CARTESIAN_POINT ( 'NONE',  ( -2.104999999999999094, 2.045395859880669409, -0.1000000000000000194 ) ) ;
#683 = CARTESIAN_POINT ( 'NONE',  ( 0.4350000000000009415, -1.949999999999999956, 0.09999999999999999167 ) ) ;
#684 =( LENGTH_UNIT ( ) NAMED_UNIT ( * ) SI_UNIT ( .MILLI., .METRE. ) );
#685 = VECTOR ( 'NONE', #3422, 1000.000000000000000 ) ;
#686 =( LENGTH_UNIT ( ) NAMED_UNIT ( * ) SI_UNIT ( .MILLI., .METRE. ) );
#687 = CARTESIAN_POINT ( 'NONE',  ( -0.8349999999999991873, 2.533419388043264942, -0.6918851256749790624 ) ) ;
#688 = ORIENTED_EDGE ( 'NONE', *, *, #4673, .T. ) ;
#689 = STYLED_ITEM ( 'NONE', ( #891 ), #4403 ) ;
#690 =( NAMED_UNIT ( * ) SI_UNIT ( $, .STERADIAN. ) SOLID_ANGLE_UNIT ( ) );
#691 = EDGE_LOOP ( 'NONE', ( #2015, #5983, #3573, #146 ) ) ;
#692 = VECTOR ( 'NONE', #320, 1000.000000000000000 ) ;
#693 = SURFACE_STYLE_FILL_AREA ( #5976 ) ;
#694 = SURFACE_STYLE_USAGE ( .BOTH. , #4090 ) ;
#695 = DIRECTION ( 'NONE',  ( 0.000000000000000000, 0.000000000000000000, -1.000000000000000000 ) ) ;
#696 = CARTESIAN_POINT ( 'NONE',  ( -0.4349999999999991651, -2.446255090880788519, -0.6258580972010689969 ) ) ;
#697 = PRESENTATION_LAYER_ASSIGNMENT (  '', '', ( #7299 ) ) ;
#698 = PRESENTATION_LAYER_ASSIGNMENT (  '', '', ( #3245 ) ) ;
#699 = EDGE_CURVE ( 'NONE', #3636, #2878, #4850, .T. ) ;
#700 = DIRECTION ( 'NONE',  ( 1.000000000000000000, 0.000000000000000000, 0.000000000000000000 ) ) ;
#701 = DIRECTION ( 'NONE',  ( 0.000000000000000000, 0.000000000000000000, -1.000000000000000000 ) ) ;
#702 = SURFACE_SIDE_STYLE ('',( #1168 ) ) ;
#703 = PRESENTATION_LAYER_ASSIGNMENT (  '', '', ( #3837 ) ) ;
#704 = CLOSED_SHELL ( 'NONE', ( #3386, #7202, #7248, #7152, #5425, #3853, #6265, #5085, #1233, #4118, #7436, #6881, #5490, #6115 ) ) ;
#705 = ADVANCED_FACE ( 'NONE', ( #5403 ), #4269, .F. ) ;
#706 = CARTESIAN_POINT ( 'NONE',  ( -0.8349999999999991873, -1.949999999999999956, -0.1000000000000000194 ) ) ;
#707 = ORIENTED_EDGE ( 'NONE', *, *, #2525, .T. ) ;
#708 = EDGE_LOOP ( 'NONE', ( #6797, #3305, #3848, #3791 ) ) ;
#709 = ORIENTED_EDGE ( 'NONE', *, *, #4890, .F. ) ;
#710 =( NAMED_UNIT ( * ) SI_UNIT ( $, .STERADIAN. ) SOLID_ANGLE_UNIT ( ) );
#711 = CARTESIAN_POINT ( 'NONE',  ( 2.450000000000000178, 1.949999999999999956, -0.1000000000000000056 ) ) ;
#712 = STYLED_ITEM ( 'NONE', ( #3978 ), #799 ) ;
#713 = CARTESIAN_POINT ( 'NONE',  ( 2.105000000000000870, -2.069139944536888986, -0.1662706234479273959 ) ) ;
#714 =( GEOMETRIC_REPRESENTATION_CONTEXT ( 3 ) GLOBAL_UNCERTAINTY_ASSIGNED_CONTEXT ( ( #2648 ) ) GLOBAL_UNIT_ASSIGNED_CONTEXT ( ( #5160, #3419, #3288 ) ) REPRESENTATION_CONTEXT ( 'NONE', 'WORKASPACE' ) );
#715 = CARTESIAN_POINT ( 'NONE',  ( -0.8349999999999991873, 2.280000000000000249, -0.7547888812845849893 ) ) ;
#716 = VERTEX_POINT ( 'NONE', #5605 ) ;
#717 = VERTEX_POINT ( 'NONE', #2673 ) ;
#718 = PRESENTATION_STYLE_ASSIGNMENT (( #6494 ) ) ;
#719 = ADVANCED_FACE ( 'NONE', ( #2174 ), #2107, .T. ) ;
#720 = CARTESIAN_POINT ( 'NONE',  ( -1.751524337873328729, -0.9747751063606726607, 0.7649999999999999023 ) ) ;
#721 = PRESENTATION_LAYER_ASSIGNMENT (  '', '', ( #1343 ) ) ;
#722 =( GEOMETRIC_REPRESENTATION_CONTEXT ( 3 ) GLOBAL_UNCERTAINTY_ASSIGNED_CONTEXT ( ( #1963 ) ) GLOBAL_UNIT_ASSIGNED_CONTEXT ( ( #6233, #5132, #5675 ) ) REPRESENTATION_CONTEXT ( 'NONE', 'WORKASPACE' ) );
#723 = PLANE ( 'NONE',  #2289 ) ;
#724 = DIRECTION ( 'NONE',  ( 0.07411551268475095877, 0.7051619993942833675, 0.7051619993942761511 ) ) ;
#725 = VERTEX_POINT ( 'NONE', #1548 ) ;
#726 =( GEOMETRIC_REPRESENTATION_CONTEXT ( 3 ) GLOBAL_UNCERTAINTY_ASSIGNED_CONTEXT ( ( #2959 ) ) GLOBAL_UNIT_ASSIGNED_CONTEXT ( ( #3217, #2645, #6355 ) ) REPRESENTATION_CONTEXT ( 'NONE', 'WORKASPACE' ) );
#727 = MECHANICAL_DESIGN_GEOMETRIC_PRESENTATION_REPRESENTATION (  '', ( #3153 ), #7441 ) ;
#728 = SURFACE_SIDE_STYLE ('',( #765 ) ) ;
#729 = ORIENTED_EDGE ( 'NONE', *, *, #5104, .T. ) ;
#730 = CARTESIAN_POINT ( 'NONE',  ( 0.4350000000000009415, -3.000000000000000000, -0.7245116203837658198 ) ) ;
#731 =( GEOMETRIC_REPRESENTATION_CONTEXT ( 3 ) GLOBAL_UNCERTAINTY_ASSIGNED_CONTEXT ( ( #1962 ) ) GLOBAL_UNIT_ASSIGNED_CONTEXT ( ( #3377, #6809, #4520 ) ) REPRESENTATION_CONTEXT ( 'NONE', 'WORKASPACE' ) );
#732 = VECTOR ( 'NONE', #426, 1000.000000000000114 ) ;
#733 = VECTOR ( 'NONE', #6026, 999.9999999999998863 ) ;
#734 = AXIS2_PLACEMENT_3D ( 'NONE', #7233, #6682, #6015 ) ;
#735 = CARTESIAN_POINT ( 'NONE',  ( 0.4350000000000009415, -2.069139944536888986, -0.1662706234479273959 ) ) ;
#736 = AXIS2_PLACEMENT_3D ( 'NONE', #6654, #6814, #307 ) ;
#737 = ORIENTED_EDGE ( 'NONE', *, *, #6965, .T. ) ;
#738 = UNCERTAINTY_MEASURE_WITH_UNIT (LENGTH_MEASURE( 1.000000000000000082E-05 ), #5525, 'distance_accuracy_value', 'NONE');
#739 = UNCERTAINTY_MEASURE_WITH_UNIT (LENGTH_MEASURE( 1.000000000000000082E-05 ), #5018, 'distance_accuracy_value', 'NONE');
#740 = FILL_AREA_STYLE ('',( #1926 ) ) ;
#741 = DIRECTION ( 'NONE',  ( 0.000000000000000000, 0.000000000000000000, -1.000000000000000000 ) ) ;
#742 = MECHANICAL_DESIGN_GEOMETRIC_PRESENTATION_REPRESENTATION (  '', ( #4840 ), #3530 ) ;
#743 = FACE_OUTER_BOUND ( 'NONE', #4747, .T. ) ;
#744 = VECTOR ( 'NONE', #1656, 1000.000000000000000 ) ;
#745 = VECTOR ( 'NONE', #2241, 1000.000000000000227 ) ;
#746 = ORIENTED_EDGE ( 'NONE', *, *, #6635, .T. ) ;
#747 = CARTESIAN_POINT ( 'NONE',  ( 0.4350000000000009415, 1.974999999999999867, -0.1000000000000000194 ) ) ;
#748 = CIRCLE ( 'NONE', #1001, 0.1000000000000002137 ) ;
#749 = UNCERTAINTY_MEASURE_WITH_UNIT (LENGTH_MEASURE( 1.000000000000000082E-05 ), #2676, 'distance_accuracy_value', 'NONE');
#750 = EDGE_CURVE ( 'NONE', #1907, #3391, #1006, .T. ) ;
#751 =( LENGTH_UNIT ( ) NAMED_UNIT ( * ) SI_UNIT ( .MILLI., .METRE. ) );
#752 = ADVANCED_FACE ( 'NONE', ( #6189 ), #2141, .F. ) ;
#753 = SURFACE_STYLE_FILL_AREA ( #7259 ) ;
#754 = CARTESIAN_POINT ( 'NONE',  ( 1.705000000000000959, -3.000000000000000000, -0.9250000000000000444 ) ) ;
#755 = FILL_AREA_STYLE ('',( #792 ) ) ;
#756 = FILL_AREA_STYLE ('',( #4949 ) ) ;
#757 = DIRECTION ( 'NONE',  ( 0.000000000000000000, 0.000000000000000000, -1.000000000000000000 ) ) ;
#758 = EDGE_CURVE ( 'NONE', #632, #3615, #4642, .T. ) ;
#759 = AXIS2_PLACEMENT_3D ( 'NONE', #6327, #6068, #6890 ) ;
#760 = EDGE_CURVE ( 'NONE', #5147, #6640, #4014, .T. ) ;
#761 = CARTESIAN_POINT ( 'NONE',  ( -2.104999999999999094, 2.533419388043264942, -0.6918851256749790624 ) ) ;
#762 = CARTESIAN_POINT ( 'NONE',  ( -2.311524337873329227, 1.811524337873330115, -0.6999999999999999556 ) ) ;
#763 = CARTESIAN_POINT ( 'NONE',  ( -2.375273160256223814, -1.949999626916908424, -0.1000035496485075504 ) ) ;
#764 = VECTOR ( 'NONE', #1570, 1000.000000000000227 ) ;
#765 = SURFACE_STYLE_FILL_AREA ( #4760 ) ;
#766 = ORIENTED_EDGE ( 'NONE', *, *, #6887, .F. ) ;
#767 = VECTOR ( 'NONE', #3706, 1000.000000000000000 ) ;
#768 = SURFACE_SIDE_STYLE ('',( #4060 ) ) ;
#769 = CIRCLE ( 'NONE', #1017, 0.1000000000000000472 ) ;
#770 = SURFACE_SIDE_STYLE ('',( #5979 ) ) ;
#771 = ORIENTED_EDGE ( 'NONE', *, *, #2980, .T. ) ;
#772 = SURFACE_SIDE_STYLE ('',( #4095 ) ) ;
#773 = CARTESIAN_POINT ( 'NONE',  ( -2.374999999999998668, -1.949999999999999956, 0.1000000000000000056 ) ) ;
#774 = MECHANICAL_DESIGN_GEOMETRIC_PRESENTATION_REPRESENTATION (  '', ( #6137 ), #2236 ) ;
#775 = VECTOR ( 'NONE', #254, 1000.000000000000000 ) ;
#776 =( LENGTH_UNIT ( ) NAMED_UNIT ( * ) SI_UNIT ( .MILLI., .METRE. ) );
#777 = CARTESIAN_POINT ( 'NONE',  ( 0.8350000000000008527, 1.949999999999999956, 0.09999999999999999167 ) ) ;
#778 =( GEOMETRIC_REPRESENTATION_CONTEXT ( 3 ) GLOBAL_UNCERTAINTY_ASSIGNED_CONTEXT ( ( #1277 ) ) GLOBAL_UNIT_ASSIGNED_CONTEXT ( ( #1094, #525, #3429 ) ) REPRESENTATION_CONTEXT ( 'NONE', 'WORKASPACE' ) );
#779 = DIRECTION ( 'NONE',  ( 1.000000000000000000, 0.000000000000000000, 0.000000000000000000 ) ) ;
#780 = ORIENTED_EDGE ( 'NONE', *, *, #1269, .F. ) ;
#781 = PRESENTATION_LAYER_ASSIGNMENT (  '', '', ( #2119 ) ) ;
#782 = ORIENTED_EDGE ( 'NONE', *, *, #7296, .F. ) ;
#783 = FACE_OUTER_BOUND ( 'NONE', #1729, .T. ) ;
#784 = ORIENTED_EDGE ( 'NONE', *, *, #5583, .F. ) ;
#785 = LINE ( 'NONE', #2991, #6864 ) ;
#786 = PLANE ( 'NONE',  #6181 ) ;
#787 = AXIS2_PLACEMENT_3D ( 'NONE', #1699, #2251, #7538 ) ;
#788 = CARTESIAN_POINT ( 'NONE',  ( 0.4350000000000009415, -1.949999999999999956, -0.1000000000000000194 ) ) ;
#789 = EDGE_LOOP ( 'NONE', ( #3574, #2529, #1385, #6683 ) ) ;
#790 = DIRECTION ( 'NONE',  ( -1.000000000000000000, -0.000000000000000000, -0.000000000000000000 ) ) ;
#791 = STYLED_ITEM ( 'NONE', ( #5182 ), #3853 ) ;
#792 = FILL_AREA_STYLE_COLOUR ( '', #5421 ) ;
#793 = EDGE_CURVE ( 'NONE', #4379, #5641, #3947, .T. ) ;
#794 = EDGE_CURVE ( 'NONE', #4793, #2971, #2, .T. ) ;
#795 = DIRECTION ( 'NONE',  ( 0.000000000000000000, 1.000000000000000000, 0.000000000000000000 ) ) ;
#796 = FILL_AREA_STYLE_COLOUR ( '', #1698 ) ;
#797 = CARTESIAN_POINT ( 'NONE',  ( -2.375409738600887000, -1.949998880753508246, 0.1000106489190369513 ) ) ;
#798 = ORIENTED_EDGE ( 'NONE', *, *, #2847, .T. ) ;
#799 = ADVANCED_FACE ( 'NONE', ( #2935 ), #117, .T. ) ;
#800 = ORIENTED_EDGE ( 'NONE', *, *, #1522, .F. ) ;
#801 = CARTESIAN_POINT ( 'NONE',  ( -0.4349999999999991651, -2.533419388043264942, -0.6918851256749790624 ) ) ;
#802 = DIRECTION ( 'NONE',  ( -0.1039620511844979306, -0.1039620511844979306, 0.9891328443778538704 ) ) ;
#803 = DIRECTION ( 'NONE',  ( 0.000000000000000000, 1.000000000000000000, 0.000000000000000000 ) ) ;
#804 = CARTESIAN_POINT ( 'NONE',  ( 2.105000000000000870, -1.949999999999999956, 0.09999999999999999167 ) ) ;
#805 = DIRECTION ( 'NONE',  ( 0.000000000000000000, -1.000000000000000000, 0.000000000000000000 ) ) ;
#806 = VERTEX_POINT ( 'NONE', #5781 ) ;
#807 = UNCERTAINTY_MEASURE_WITH_UNIT (LENGTH_MEASURE( 1.000000000000000082E-05 ), #2259, 'distance_accuracy_value', 'NONE');
#808 = FACE_OUTER_BOUND ( 'NONE', #2405, .T. ) ;
#809 =( NAMED_UNIT ( * ) SI_UNIT ( $, .STERADIAN. ) SOLID_ANGLE_UNIT ( ) );
#810 = CIRCLE ( 'NONE', #2893, 0.07499999999999995559 ) ;
#811 = DIRECTION ( 'NONE',  ( 0.000000000000000000, -0.9975640502598243087, -0.06975647374412557999 ) ) ;
#812 =( LENGTH_UNIT ( ) NAMED_UNIT ( * ) SI_UNIT ( .MILLI., .METRE. ) );
#813 = DIRECTION ( 'NONE',  ( 0.000000000000000000, 0.000000000000000000, -1.000000000000000000 ) ) ;
#814 = ORIENTED_EDGE ( 'NONE', *, *, #4468, .F. ) ;
#815 = UNCERTAINTY_MEASURE_WITH_UNIT (LENGTH_MEASURE( 1.000000000000000082E-05 ), #1008, 'distance_accuracy_value', 'NONE');
#816 = COLOUR_RGB ( '',0.8039215686274510109, 0.8039215686274510109, 0.8039215686274510109 ) ;
#817 = AXIS2_PLACEMENT_3D ( 'NONE', #3834, #2613, #6196 ) ;
#818 = PRESENTATION_STYLE_ASSIGNMENT (( #5378 ) ) ;
#819 = CARTESIAN_POINT ( 'NONE',  ( 2.105000000000000870, 1.949999999999999956, -0.1000000000000000194 ) ) ;
#820 = ORIENTED_EDGE ( 'NONE', *, *, #4417, .T. ) ;
#821 = COLOUR_RGB ( '',0.8039215686274510109, 0.8039215686274510109, 0.8039215686274510109 ) ;
#822 = FILL_AREA_STYLE_COLOUR ( '', #4222 ) ;
#823 = STYLED_ITEM ( 'NONE', ( #1921 ), #175 ) ;
#824 = ORIENTED_EDGE ( 'NONE', *, *, #6252, .F. ) ;
#825 = SURFACE_SIDE_STYLE ('',( #2475 ) ) ;
#826 =( LENGTH_UNIT ( ) NAMED_UNIT ( * ) SI_UNIT ( .MILLI., .METRE. ) );
#827 = DIRECTION ( 'NONE',  ( 0.000000000000000000, 1.000000000000000000, 0.000000000000000000 ) ) ;
#828 = COLOUR_RGB ( '',0.2862745098039215508, 0.2862745098039215508, 0.2862745098039215508 ) ;
#829 = PRESENTATION_LAYER_ASSIGNMENT (  '', '', ( #4542 ) ) ;
#830 = VECTOR ( 'NONE', #874, 1000.000000000000000 ) ;
#831 = CARTESIAN_POINT ( 'NONE',  ( -0.8349999999999991873, -1.949999999999999956, 0.09999999999999999167 ) ) ;
#832 = FILL_AREA_STYLE ('',( #3269 ) ) ;
#833 = EDGE_CURVE ( 'NONE', #2841, #3201, #1848, .T. ) ;
#834 = ORIENTED_EDGE ( 'NONE', *, *, #3543, .F. ) ;
#835 = CARTESIAN_POINT ( 'NONE',  ( -0.4349999999999991651, 1.974999999999999867, -0.1999999999999999833 ) ) ;
#836 = VERTEX_POINT ( 'NONE', #3011 ) ;
#837 = ORIENTED_EDGE ( 'NONE', *, *, #346, .T. ) ;
#838 = DIRECTION ( 'NONE',  ( 1.000000000000000000, 0.000000000000000000, 0.000000000000000000 ) ) ;
#839 = EDGE_CURVE ( 'NONE', #7086, #4955, #4425, .T. ) ;
#840 =( LENGTH_UNIT ( ) NAMED_UNIT ( * ) SI_UNIT ( .MILLI., .METRE. ) );
#841 = VECTOR ( 'NONE', #436, 1000.000000000000000 ) ;
#842 = EDGE_CURVE ( 'NONE', #7471, #5724, #7276, .T. ) ;
#843 =( NAMED_UNIT ( * ) SI_UNIT ( $, .STERADIAN. ) SOLID_ANGLE_UNIT ( ) );
#844 = CARTESIAN_POINT ( 'NONE',  ( -1.751524337873328729, -0.9747751063606726607, 0.7649999999999999023 ) ) ;
#845 = VERTEX_POINT ( 'NONE', #1305 ) ;
#846 = CARTESIAN_POINT ( 'NONE',  ( -2.311524337873329227, 1.886113480025950695, 0.7078396347450740533 ) ) ;
#847 = COLOUR_RGB ( '',0.2862745098039215508, 0.2862745098039215508, 0.2862745098039215508 ) ;
#848 = COLOUR_RGB ( '',0.2862745098039215508, 0.2862745098039215508, 0.2862745098039215508 ) ;
#849 = SURFACE_SIDE_STYLE ('',( #6070 ) ) ;
#850 =( NAMED_UNIT ( * ) PLANE_ANGLE_UNIT ( ) SI_UNIT ( $, .RADIAN. ) );
#851 = CARTESIAN_POINT ( 'NONE',  ( -2.450806167510462874, 1.876217025357843404, 0.09232982849429266503 ) ) ;
#852 = EDGE_CURVE ( 'NONE', #4545, #2904, #3652, .T. ) ;
#853 = AXIS2_PLACEMENT_3D ( 'NONE', #6504, #3604, #1272 ) ;
#854 = SURFACE_STYLE_FILL_AREA ( #6781 ) ;
#855 = SURFACE_SIDE_STYLE ('',( #7323 ) ) ;
#856 = SURFACE_SIDE_STYLE ('',( #6075 ) ) ;
#857 = SURFACE_STYLE_FILL_AREA ( #7175 ) ;
#858 = ORIENTED_EDGE ( 'NONE', *, *, #5192, .F. ) ;
#859 = CARTESIAN_POINT ( 'NONE',  ( 0.8350000000000008527, -3.000000000000000000, -0.7245116203837658198 ) ) ;
#860 = VECTOR ( 'NONE', #4558, 1000.000000000000114 ) ;
#861 = VECTOR ( 'NONE', #5491, 1000.000000000000000 ) ;
#862 = EDGE_CURVE ( 'NONE', #3508, #6927, #5938, .T. ) ;
#863 = VECTOR ( 'NONE', #1052, 1000.000000000000000 ) ;
#864 = FILL_AREA_STYLE_COLOUR ( '', #5330 ) ;
#865 = ORIENTED_EDGE ( 'NONE', *, *, #3944, .F. ) ;
#866 = PRESENTATION_LAYER_ASSIGNMENT (  '', '', ( #1244 ) ) ;
#867 = AXIS2_PLACEMENT_3D ( 'NONE', #410, #7313, #1465 ) ;
#868 = LINE ( 'NONE', #3184, #554 ) ;
#869 = MECHANICAL_DESIGN_GEOMETRIC_PRESENTATION_REPRESENTATION (  '', ( #6462 ), #1246 ) ;
#870 = ORIENTED_EDGE ( 'NONE', *, *, #6968, .T. ) ;
#871 = CARTESIAN_POINT ( 'NONE',  ( -0.8349999999999991873, 2.446255090880788519, -0.6258580972010689969 ) ) ;
#872 = PLANE ( 'NONE',  #4779 ) ;
#873 =( NAMED_UNIT ( * ) PLANE_ANGLE_UNIT ( ) SI_UNIT ( $, .RADIAN. ) );
#874 = DIRECTION ( 'NONE',  ( 0.000000000000000000, 0.000000000000000000, -1.000000000000000000 ) ) ;
#875 = STYLED_ITEM ( 'NONE', ( #2426 ), #6842 ) ;
#876 = LINE ( 'NONE', #831, #4557 ) ;
#877 = CARTESIAN_POINT ( 'NONE',  ( -2.944974746830578916, -1.844028141651121722, 0.3907469647095541676 ) ) ;
#878 = ORIENTED_EDGE ( 'NONE', *, *, #6010, .T. ) ;
#879 = VECTOR ( 'NONE', #6272, 1000.000000000000000 ) ;
#880 =( LENGTH_UNIT ( ) NAMED_UNIT ( * ) SI_UNIT ( .MILLI., .METRE. ) );
#881 = ORIENTED_EDGE ( 'NONE', *, *, #2329, .T. ) ;
#882 = LINE ( 'NONE', #4442, #6936 ) ;
#883 = MECHANICAL_DESIGN_GEOMETRIC_PRESENTATION_REPRESENTATION (  '', ( #4727 ), #2815 ) ;
#884 = SURFACE_SIDE_STYLE ('',( #1502 ) ) ;
#885 = CYLINDRICAL_SURFACE ( 'NONE', #2221, 0.1999999999999995670 ) ;
#886 = EDGE_LOOP ( 'NONE', ( #1495, #673, #4497, #5553 ) ) ;
#887 = DIRECTION ( 'NONE',  ( 1.000000000000000000, 0.000000000000000000, 0.000000000000000000 ) ) ;
#888 = AXIS2_PLACEMENT_3D ( 'NONE', #6536, #1800, #5272 ) ;
#889 = DIRECTION ( 'NONE',  ( 0.1039620511844979306, 0.1039620511844979306, 0.9891328443778538704 ) ) ;
#890 = EDGE_LOOP ( 'NONE', ( #473, #6124 ) ) ;
#891 = PRESENTATION_STYLE_ASSIGNMENT (( #298 ) ) ;
#892 = CIRCLE ( 'NONE', #531, 0.1000000000000002137 ) ;
#893 = CARTESIAN_POINT ( 'NONE',  ( 1.705000000000000959, 3.000000000000000000, -0.9250000000000000444 ) ) ;
#894 = EDGE_CURVE ( 'NONE', #383, #1214, #2490, .T. ) ;
#895 = UNCERTAINTY_MEASURE_WITH_UNIT (LENGTH_MEASURE( 1.000000000000000082E-05 ), #418, 'distance_accuracy_value', 'NONE');
#896 = EDGE_CURVE ( 'NONE', #3615, #429, #6646, .T. ) ;
#897 =( NAMED_UNIT ( * ) PLANE_ANGLE_UNIT ( ) SI_UNIT ( $, .RADIAN. ) );
#898 = STYLED_ITEM ( 'NONE', ( #359 ), #2642 ) ;
#899 =( NAMED_UNIT ( * ) PLANE_ANGLE_UNIT ( ) SI_UNIT ( $, .RADIAN. ) );
#900 = DIRECTION ( 'NONE',  ( 0.000000000000000000, 0.000000000000000000, -1.000000000000000000 ) ) ;
#901 = CARTESIAN_POINT ( 'NONE',  ( 2.105000000000000870, 2.446255090880788519, -0.6258580972010689969 ) ) ;
#902 = COLOUR_RGB ( '',0.8039215686274510109, 0.8039215686274510109, 0.8039215686274510109 ) ;
#903 = ORIENTED_EDGE ( 'NONE', *, *, #3977, .F. ) ;
#904 = SURFACE_STYLE_FILL_AREA ( #455 ) ;
#905 = UNCERTAINTY_MEASURE_WITH_UNIT (LENGTH_MEASURE( 1.000000000000000082E-05 ), #840, 'distance_accuracy_value', 'NONE');
#906 = VECTOR ( 'NONE', #1677, 1000.000000000000000 ) ;
#907 = FILL_AREA_STYLE_COLOUR ( '', #3816 ) ;
#908 = FILL_AREA_STYLE_COLOUR ( '', #1271 ) ;
#909 =( LENGTH_UNIT ( ) NAMED_UNIT ( * ) SI_UNIT ( .MILLI., .METRE. ) );
#910 = ORIENTED_EDGE ( 'NONE', *, *, #180, .T. ) ;
#911 = CARTESIAN_POINT ( 'NONE',  ( -1.704999999999998961, 1.974999999999999867, -0.1999999999999999833 ) ) ;
#912 = ORIENTED_EDGE ( 'NONE', *, *, #2998, .T. ) ;
#913 = SURFACE_SIDE_STYLE ('',( #2512 ) ) ;
#914 = SURFACE_STYLE_FILL_AREA ( #464 ) ;
#915 = MECHANICAL_DESIGN_GEOMETRIC_PRESENTATION_REPRESENTATION (  '', ( #6771 ), #7020 ) ;
#916 = CARTESIAN_POINT ( 'NONE',  ( -2.449999999999998401, 1.875000000000000000, 0.1000000000000000056 ) ) ;
#917 = CARTESIAN_POINT ( 'NONE',  ( -1.473346230402979629, -0.9747751063606726607, 0.7649999999999999023 ) ) ;
#918 = SURFACE_STYLE_USAGE ( .BOTH. , #7371 ) ;
#919 = PRESENTATION_LAYER_ASSIGNMENT (  '', '', ( #1648 ) ) ;
#920 = ORIENTED_EDGE ( 'NONE', *, *, #1463, .T. ) ;
#921 = EDGE_CURVE ( 'NONE', #2457, #2934, #6308, .T. ) ;
#922 = DIRECTION ( 'NONE',  ( -0.9945218953682732899, 0.000000000000000000, -0.1045284632676539427 ) ) ;
#923 = DIRECTION ( 'NONE',  ( 0.000000000000000000, -1.000000000000000000, 0.000000000000000000 ) ) ;
#924 = ORIENTED_EDGE ( 'NONE', *, *, #3086, .T. ) ;
#925 = ORIENTED_EDGE ( 'NONE', *, *, #6053, .T. ) ;
#926 = CARTESIAN_POINT ( 'NONE',  ( -2.104999999999999094, -3.000000000000000000, -0.7245116203837658198 ) ) ;
#927 = CARTESIAN_POINT ( 'NONE',  ( -1.704999999999998961, 2.233675748954446760, -0.03254124689585519842 ) ) ;
#928 = EDGE_LOOP ( 'NONE', ( #2147, #6255, #511, #4521, #3261, #6414 ) ) ;
#929 = DIRECTION ( 'NONE',  ( 0.000000000000000000, -0.06975647374412530244, -0.9975640502598243087 ) ) ;
#930 = CARTESIAN_POINT ( 'NONE',  ( 1.705000000000000959, -2.280000000000000249, -0.7547888812845849893 ) ) ;
#931 = LINE ( 'NONE', #1121, #7341 ) ;
#932 = CARTESIAN_POINT ( 'NONE',  ( 0.8350000000000008527, -2.045395859880669409, 0.09999999999999999167 ) ) ;
#933 = SURFACE_STYLE_USAGE ( .BOTH. , #855 ) ;
#934 = EDGE_CURVE ( 'NONE', #1387, #1393, #5550, .T. ) ;
#935 = MECHANICAL_DESIGN_GEOMETRIC_PRESENTATION_REPRESENTATION (  '', ( #342 ), #1665 ) ;
#936 = ORIENTED_EDGE ( 'NONE', *, *, #6018, .T. ) ;
#937 = SURFACE_SIDE_STYLE ('',( #2222 ) ) ;
#938 = EDGE_CURVE ( 'NONE', #6692, #5147, #2067, .T. ) ;
#939 =( LENGTH_UNIT ( ) NAMED_UNIT ( * ) SI_UNIT ( .MILLI., .METRE. ) );
#940 = ORIENTED_EDGE ( 'NONE', *, *, #4392, .F. ) ;
#941 = LINE ( 'NONE', #6086, #5820 ) ;
#942 = ORIENTED_EDGE ( 'NONE', *, *, #4286, .F. ) ;
#943 = DIRECTION ( 'NONE',  ( 0.000000000000000000, 0.000000000000000000, -1.000000000000000000 ) ) ;
#944 = CARTESIAN_POINT ( 'NONE',  ( 2.450000000000000178, -1.875136580382891438, -0.09999999999999982514 ) ) ;
#945 = UNCERTAINTY_MEASURE_WITH_UNIT (LENGTH_MEASURE( 1.000000000000000082E-05 ), #3052, 'distance_accuracy_value', 'NONE');
#946 = STYLED_ITEM ( 'NONE', ( #4894 ), #89 ) ;
#947 = DIRECTION ( 'NONE',  ( 1.000000000000000000, -0.000000000000000000, 0.000000000000000000 ) ) ;
#948 = FILL_AREA_STYLE_COLOUR ( '', #3847 ) ;
#949 = EDGE_CURVE ( 'NONE', #1787, #5880, #5071, .T. ) ;
#950 = CARTESIAN_POINT ( 'NONE',  ( -2.104999999999999094, 2.454328594324949986, -0.8868429382324097832 ) ) ;
#951 = FACE_OUTER_BOUND ( 'NONE', #122, .T. ) ;
#952 = PRESENTATION_LAYER_ASSIGNMENT (  '', '', ( #2282 ) ) ;
#953 = EDGE_CURVE ( 'NONE', #5164, #4107, #1002, .T. ) ;
#954 = VERTEX_POINT ( 'NONE', #7413 ) ;
#955 = SURFACE_STYLE_FILL_AREA ( #7344 ) ;
#956 = FACE_OUTER_BOUND ( 'NONE', #1449, .T. ) ;
#957 = ORIENTED_EDGE ( 'NONE', *, *, #5665, .T. ) ;
#958 = VERTEX_POINT ( 'NONE', #6687 ) ;
#959 = STYLED_ITEM ( 'NONE', ( #2855 ), #1044 ) ;
#960 = COLOUR_RGB ( '',0.8039215686274510109, 0.8039215686274510109, 0.8039215686274510109 ) ;
#961 = PRESENTATION_STYLE_ASSIGNMENT (( #6183 ) ) ;
#962 =( LENGTH_UNIT ( ) NAMED_UNIT ( * ) SI_UNIT ( .MILLI., .METRE. ) );
#963 = ORIENTED_EDGE ( 'NONE', *, *, #6932, .T. ) ;
#964 = PRESENTATION_LAYER_ASSIGNMENT (  '', '', ( #3267 ) ) ;
#965 = DIRECTION ( 'NONE',  ( 1.000000000000000000, 0.000000000000000000, 0.000000000000000000 ) ) ;
#966 = FILL_AREA_STYLE_COLOUR ( '', #6707 ) ;
#967 = EDGE_LOOP ( 'NONE', ( #1845, #6618, #3647, #7211, #2962, #2632, #4707, #6477 ) ) ;
#968 = UNCERTAINTY_MEASURE_WITH_UNIT (LENGTH_MEASURE( 1.000000000000000082E-05 ), #7451, 'distance_accuracy_value', 'NONE');
#969 = FILL_AREA_STYLE_COLOUR ( '', #4422 ) ;
#970 =( NAMED_UNIT ( * ) SI_UNIT ( $, .STERADIAN. ) SOLID_ANGLE_UNIT ( ) );
#971 = EDGE_CURVE ( 'NONE', #1336, #6278, #3012, .T. ) ;
#972 = VECTOR ( 'NONE', #5717, 1000.000000000000000 ) ;
#973 =( NAMED_UNIT ( * ) SI_UNIT ( $, .STERADIAN. ) SOLID_ANGLE_UNIT ( ) );
#974 = SURFACE_STYLE_FILL_AREA ( #5709 ) ;
#975 = EDGE_LOOP ( 'NONE', ( #6296, #3663, #6144, #3378 ) ) ;
#976 = VECTOR ( 'NONE', #349, 1000.000000000000227 ) ;
#977 =( GEOMETRIC_REPRESENTATION_CONTEXT ( 3 ) GLOBAL_UNCERTAINTY_ASSIGNED_CONTEXT ( ( #4812 ) ) GLOBAL_UNIT_ASSIGNED_CONTEXT ( ( #776, #4443, #5405 ) ) REPRESENTATION_CONTEXT ( 'NONE', 'WORKASPACE' ) );
#978 = ORIENTED_EDGE ( 'NONE', *, *, #2035, .T. ) ;
#979 = UNCERTAINTY_MEASURE_WITH_UNIT (LENGTH_MEASURE( 1.000000000000000082E-05 ), #2775, 'distance_accuracy_value', 'NONE');
#980 = AXIS2_PLACEMENT_3D ( 'NONE', #1616, #4378, #1005 ) ;
#981 = CARTESIAN_POINT ( 'NONE',  ( 2.311524337873330559, 0.000000000000000000, 0.6999999999999999556 ) ) ;
#982 = VECTOR ( 'NONE', #3951, 1000.000000000000000 ) ;
#983 = COLOUR_RGB ( '',0.8039215686274510109, 0.8039215686274510109, 0.8039215686274510109 ) ;
#984 = SURFACE_STYLE_USAGE ( .BOTH. , #1488 ) ;
#985 = ORIENTED_EDGE ( 'NONE', *, *, #5750, .F. ) ;
#986 = PRESENTATION_STYLE_ASSIGNMENT (( #6208 ) ) ;
#987 = PRESENTATION_LAYER_ASSIGNMENT (  '', '', ( #6082 ) ) ;
#988 = CARTESIAN_POINT ( 'NONE',  ( 2.450000000000000178, -1.875000000000000000, -0.1000000000000000056 ) ) ;
#989 = STYLED_ITEM ( 'NONE', ( #7182 ), #5838 ) ;
#990 = CARTESIAN_POINT ( 'NONE',  ( -0.8349999999999991873, 2.045395859880669409, -0.1000000000000000194 ) ) ;
#991 = DIRECTION ( 'NONE',  ( 3.038779738999325697E-16, 1.000000000000000000, 2.891205793294679411E-15 ) ) ;
#992 = EDGE_CURVE ( 'NONE', #1650, #5747, #882, .T. ) ;
#993 = CARTESIAN_POINT ( 'NONE',  ( 0.4350000000000009415, 2.233675748954446316, -0.03254124689585535107 ) ) ;
#994 = VECTOR ( 'NONE', #7404, 1000.000000000000000 ) ;
#995 = VECTOR ( 'NONE', #802, 1000.000000000000114 ) ;
#996 = LINE ( 'NONE', #6286, #6511 ) ;
#997 = ORIENTED_EDGE ( 'NONE', *, *, #7379, .F. ) ;
#998 = LINE ( 'NONE', #1356, #1583 ) ;
#999 = EDGE_LOOP ( 'NONE', ( #7377, #2137, #2406, #7100 ) ) ;
#1000 = ORIENTED_EDGE ( 'NONE', *, *, #4759, .F. ) ;
#1001 = AXIS2_PLACEMENT_3D ( 'NONE', #7065, #3473, #5758 ) ;
#1002 = LINE ( 'NONE', #3311, #4541 ) ;
#1003 =( NAMED_UNIT ( * ) PLANE_ANGLE_UNIT ( ) SI_UNIT ( $, .RADIAN. ) );
#1004 =( NAMED_UNIT ( * ) PLANE_ANGLE_UNIT ( ) SI_UNIT ( $, .RADIAN. ) );
#1005 = DIRECTION ( 'NONE',  ( 1.000000000000000000, 0.000000000000000000, 0.000000000000000000 ) ) ;
#1006 = LINE ( 'NONE', #1510, #3490 ) ;
#1007 =( GEOMETRIC_REPRESENTATION_CONTEXT ( 3 ) GLOBAL_UNCERTAINTY_ASSIGNED_CONTEXT ( ( #3093 ) ) GLOBAL_UNIT_ASSIGNED_CONTEXT ( ( #231, #1889, #2458 ) ) REPRESENTATION_CONTEXT ( 'NONE', 'WORKASPACE' ) );
#1008 =( LENGTH_UNIT ( ) NAMED_UNIT ( * ) SI_UNIT ( .MILLI., .METRE. ) );
#1009 =( NAMED_UNIT ( * ) PLANE_ANGLE_UNIT ( ) SI_UNIT ( $, .RADIAN. ) );
#1010 = FILL_AREA_STYLE_COLOUR ( '', #828 ) ;
#1011 =( LENGTH_UNIT ( ) NAMED_UNIT ( * ) SI_UNIT ( .MILLI., .METRE. ) );
#1012 = AXIS2_PLACEMENT_3D ( 'NONE', #3850, #1603, #2233 ) ;
#1013 = ORIENTED_EDGE ( 'NONE', *, *, #3218, .T. ) ;
#1014 = FILL_AREA_STYLE ('',( #2148 ) ) ;
#1015 =( LENGTH_UNIT ( ) NAMED_UNIT ( * ) SI_UNIT ( .MILLI., .METRE. ) );
#1016 = SURFACE_STYLE_USAGE ( .BOTH. , #4902 ) ;
#1017 = AXIS2_PLACEMENT_3D ( 'NONE', #5048, #6275, #6980 ) ;
#1018 = SURFACE_SIDE_STYLE ('',( #4393 ) ) ;
#1019 = ORIENTED_EDGE ( 'NONE', *, *, #7465, .T. ) ;
#1020 = SURFACE_SIDE_STYLE ('',( #4429 ) ) ;
#1021 = SURFACE_SIDE_STYLE ('',( #6792 ) ) ;
#1022 =( NAMED_UNIT ( * ) SI_UNIT ( $, .STERADIAN. ) SOLID_ANGLE_UNIT ( ) );
#1023 =( NAMED_UNIT ( * ) PLANE_ANGLE_UNIT ( ) SI_UNIT ( $, .RADIAN. ) );
#1024 = PRESENTATION_STYLE_ASSIGNMENT (( #4432 ) ) ;
#1025 = FACE_OUTER_BOUND ( 'NONE', #967, .T. ) ;
#1026 = DIRECTION ( 'NONE',  ( 0.000000000000000000, -0.000000000000000000, 1.000000000000000000 ) ) ;
#1027 = EDGE_LOOP ( 'NONE', ( #1564, #3857, #4298, #2061, #6768, #6680 ) ) ;
#1028 = EDGE_CURVE ( 'NONE', #6811, #427, #4375, .T. ) ;
#1029 = SURFACE_SIDE_STYLE ('',( #955 ) ) ;
#1030 = ADVANCED_FACE ( 'NONE', ( #1540 ), #332, .T. ) ;
#1031 = CIRCLE ( 'NONE', #3570, 0.1000000000000002137 ) ;
#1032 = CARTESIAN_POINT ( 'NONE',  ( 2.449760935694446307, -1.918963392251840094, -0.1022745449310490246 ) ) ;
#1033 = VERTEX_POINT ( 'NONE', #482 ) ;
#1034 = FILL_AREA_STYLE_COLOUR ( '', #5167 ) ;
#1035 = SURFACE_SIDE_STYLE ('',( #6258 ) ) ;
#1036 = CIRCLE ( 'NONE', #7147, 0.1999999999999995670 ) ;
#1037 = DIRECTION ( 'NONE',  ( 0.000000000000000000, -0.3372937655207292607, 0.9413994453688865338 ) ) ;
#1038 = ADVANCED_FACE ( 'NONE', ( #2179 ), #5610, .T. ) ;
#1039 = FILL_AREA_STYLE ('',( #6259 ) ) ;
#1040 = DIRECTION ( 'NONE',  ( 0.000000000000000000, 0.000000000000000000, -1.000000000000000000 ) ) ;
#1041 =( NAMED_UNIT ( * ) SI_UNIT ( $, .STERADIAN. ) SOLID_ANGLE_UNIT ( ) );
#1042 = ORIENTED_EDGE ( 'NONE', *, *, #2330, .F. ) ;
#1043 = VECTOR ( 'NONE', #6562, 1000.000000000000114 ) ;
#1044 = ADVANCED_FACE ( 'NONE', ( #3384 ), #3321, .T. ) ;
#1045 = COLOUR_RGB ( '',0.8039215686274510109, 0.8039215686274510109, 0.8039215686274510109 ) ;
#1046 = CARTESIAN_POINT ( 'NONE',  ( -0.4349999999999991651, -1.974999999999999867, -0.1000000000000000194 ) ) ;
#1047 = ADVANCED_FACE ( 'NONE', ( #2143 ), #4416, .T. ) ;
#1048 = DIRECTION ( 'NONE',  ( 0.000000000000000000, 0.9413994453688880881, 0.3372937655207250973 ) ) ;
#1049 = ORIENTED_EDGE ( 'NONE', *, *, #6859, .F. ) ;
#1050 = FACE_OUTER_BOUND ( 'NONE', #6313, .T. ) ;
#1051 = UNCERTAINTY_MEASURE_WITH_UNIT (LENGTH_MEASURE( 1.000000000000000082E-05 ), #3707, 'distance_accuracy_value', 'NONE');
#1052 = DIRECTION ( 'NONE',  ( 0.000000000000000000, 0.000000000000000000, 1.000000000000000000 ) ) ;
#1053 = DIRECTION ( 'NONE',  ( 0.000000000000000000, 0.9975640502598243087, -0.06975647374412557999 ) ) ;
#1054 = CARTESIAN_POINT ( 'NONE',  ( 1.705000000000000959, -2.454328594324949986, -0.8868429382324097832 ) ) ;
#1055 = MECHANICAL_DESIGN_GEOMETRIC_PRESENTATION_REPRESENTATION (  '', ( #5156 ), #6032 ) ;
#1056 = DIRECTION ( 'NONE',  ( 0.000000000000000000, 0.000000000000000000, -1.000000000000000000 ) ) ;
#1057 = DIRECTION ( 'NONE',  ( 1.000000000000000000, 0.000000000000000000, 0.000000000000000000 ) ) ;
#1058 = ORIENTED_EDGE ( 'NONE', *, *, #6367, .T. ) ;
#1059 = CARTESIAN_POINT ( 'NONE',  ( -0.8349999999999991873, -2.533419388043264942, -0.6918851256749790624 ) ) ;
#1060 = ORIENTED_EDGE ( 'NONE', *, *, #3533, .T. ) ;
#1061 = PRESENTATION_STYLE_ASSIGNMENT (( #430 ) ) ;
#1062 = DIRECTION ( 'NONE',  ( -1.000000000000000000, -0.000000000000000000, -0.000000000000000000 ) ) ;
#1063 = STYLED_ITEM ( 'NONE', ( #2546 ), #4502 ) ;
#1064 = LINE ( 'NONE', #3887, #278 ) ;
#1065 = DIRECTION ( 'NONE',  ( 1.000000000000000000, 0.000000000000000000, 0.000000000000000000 ) ) ;
#1066 = DIRECTION ( 'NONE',  ( 0.000000000000000000, 0.3372937655207292607, 0.9413994453688865338 ) ) ;
#1067 =( NAMED_UNIT ( * ) PLANE_ANGLE_UNIT ( ) SI_UNIT ( $, .RADIAN. ) );
#1068 = VERTEX_POINT ( 'NONE', #2940 ) ;
#1069 = PRESENTATION_LAYER_ASSIGNMENT (  '', '', ( #4301 ) ) ;
#1070 = VECTOR ( 'NONE', #6132, 1000.000000000000000 ) ;
#1071 = CARTESIAN_POINT ( 'NONE',  ( 2.450000000000000178, -1.875000000000000000, -0.1000000000000000056 ) ) ;
#1072 =( BOUNDED_CURVE ( )  B_SPLINE_CURVE ( 3, ( #542, #4351, #5696, #7317 ),
 .UNSPECIFIED., .F., .F. ) 
 B_SPLINE_CURVE_WITH_KNOTS ( ( 4, 4 ),
 ( 3.136129445068251531, 3.141592653589793116 ),
 .UNSPECIFIED. ) 
 CURVE ( )  GEOMETRIC_REPRESENTATION_ITEM ( )  RATIONAL_B_SPLINE_CURVE ( ( 1.000000000000000000, 0.9999975127809339615, 0.9999975127809339615, 1.000000000000000000 ) ) 
 REPRESENTATION_ITEM ( '' )  );
#1073 = VECTOR ( 'NONE', #1964, 1000.000000000000114 ) ;
#1074 = SURFACE_STYLE_FILL_AREA ( #26 ) ;
#1075 = VERTEX_POINT ( 'NONE', #662 ) ;
#1076 = PRESENTATION_LAYER_ASSIGNMENT (  '', '', ( #5436 ) ) ;
#1077 = ORIENTED_EDGE ( 'NONE', *, *, #4763, .T. ) ;
#1078 = AXIS2_PLACEMENT_3D ( 'NONE', #7494, #5738, #4516 ) ;
#1079 = ADVANCED_FACE ( 'NONE', ( #81 ), #1884, .T. ) ;
#1080 = EDGE_CURVE ( 'NONE', #2135, #5680, #6466, .T. ) ;
#1081 = STYLED_ITEM ( 'NONE', ( #5353 ), #4992 ) ;
#1082 = DIRECTION ( 'NONE',  ( -1.000000000000000000, -6.077559477998633644E-16, -5.782411586589358822E-15 ) ) ;
#1083 = DIRECTION ( 'NONE',  ( 1.000000000000000000, 0.000000000000000000, 0.000000000000000000 ) ) ;
#1084 = SURFACE_SIDE_STYLE ('',( #2217 ) ) ;
#1085 = PLANE ( 'NONE',  #3936 ) ;
#1086 = EDGE_LOOP ( 'NONE', ( #978, #1216, #3823, #3357 ) ) ;
#1087 = EDGE_CURVE ( 'NONE', #4896, #97, #4564, .T. ) ;
#1088 = CIRCLE ( 'NONE', #3974, 0.1000000000000000472 ) ;
#1089 = VECTOR ( 'NONE', #2352, 1000.000000000000000 ) ;
#1090 = DIRECTION ( 'NONE',  ( 1.000000000000000000, 0.000000000000000000, 0.000000000000000000 ) ) ;
#1091 = EDGE_CURVE ( 'NONE', #4619, #6560, #2293, .T. ) ;
#1092 = LINE ( 'NONE', #3294, #972 ) ;
#1093 = STYLED_ITEM ( 'NONE', ( #4472 ), #1580 ) ;
#1094 =( LENGTH_UNIT ( ) NAMED_UNIT ( * ) SI_UNIT ( .MILLI., .METRE. ) );
#1095 = CARTESIAN_POINT ( 'NONE',  ( 2.311524337873331003, 0.000000000000000000, -0.7750000000000000222 ) ) ;
#1096 = DIRECTION ( 'NONE',  ( 1.000000000000000000, -0.000000000000000000, 0.000000000000000000 ) ) ;
#1097 = EDGE_LOOP ( 'NONE', ( #6962, #5841, #6321, #3054 ) ) ;
#1098 = SURFACE_SIDE_STYLE ('',( #6480 ) ) ;
#1099 = SURFACE_STYLE_FILL_AREA ( #1137 ) ;
#1100 = DIRECTION ( 'NONE',  ( 0.000000000000000000, 0.000000000000000000, -1.000000000000000000 ) ) ;
#1101 = DIRECTION ( 'NONE',  ( 0.000000000000000000, 0.000000000000000000, -1.000000000000000000 ) ) ;
#1102 = SURFACE_SIDE_STYLE ('',( #7481 ) ) ;
#1103 = PLANE ( 'NONE',  #3914 ) ;
#1104 = SURFACE_STYLE_FILL_AREA ( #5729 ) ;
#1105 = ORIENTED_EDGE ( 'NONE', *, *, #299, .T. ) ;
#1106 = AXIS2_PLACEMENT_3D ( 'NONE', #835, #3711, #5357 ) ;
#1107 = CIRCLE ( 'NONE', #3156, 0.07499999999999998335 ) ;
#1108 = LINE ( 'NONE', #6322, #4391 ) ;
#1109 = SURFACE_STYLE_FILL_AREA ( #502 ) ;
#1110 =( LENGTH_UNIT ( ) NAMED_UNIT ( * ) SI_UNIT ( .MILLI., .METRE. ) );
#1111 = FILL_AREA_STYLE ('',( #3488 ) ) ;
#1112 = DIRECTION ( 'NONE',  ( 1.000000000000000000, 0.000000000000000000, 0.000000000000000000 ) ) ;
#1113 = VECTOR ( 'NONE', #2320, 1000.000000000000000 ) ;
#1114 = VECTOR ( 'NONE', #1090, 1000.000000000000000 ) ;
#1115 = SURFACE_SIDE_STYLE ('',( #6922 ) ) ;
#1116 = CARTESIAN_POINT ( 'NONE',  ( -1.704999999999998961, -1.974999999999999867, -0.1999999999999999833 ) ) ;
#1117 = EDGE_LOOP ( 'NONE', ( #1813, #1518, #5899, #6330 ) ) ;
#1118 = PRESENTATION_LAYER_ASSIGNMENT (  '', '', ( #2932 ) ) ;
#1119 = COLOUR_RGB ( '',0.2862745098039215508, 0.2862745098039215508, 0.2862745098039215508 ) ;
#1120 =( NAMED_UNIT ( * ) PLANE_ANGLE_UNIT ( ) SI_UNIT ( $, .RADIAN. ) );
#1121 = CARTESIAN_POINT ( 'NONE',  ( 0.4350000000000009415, -2.533419388043264942, -0.6918851256749790624 ) ) ;
#1122 = FILL_AREA_STYLE_COLOUR ( '', #1327 ) ;
#1123 = CARTESIAN_POINT ( 'NONE',  ( 2.449760935694446307, -1.918963392251840983, 0.1022745449310376309 ) ) ;
#1124 = EDGE_CURVE ( 'NONE', #368, #1932, #1735, .T. ) ;
#1125 = EDGE_CURVE ( 'NONE', #5294, #3459, #4017, .T. ) ;
#1126 = VERTEX_POINT ( 'NONE', #5247 ) ;
#1127 = FILL_AREA_STYLE_COLOUR ( '', #5356 ) ;
#1128 = UNCERTAINTY_MEASURE_WITH_UNIT (LENGTH_MEASURE( 1.000000000000000082E-05 ), #7527, 'distance_accuracy_value', 'NONE');
#1129 = UNCERTAINTY_MEASURE_WITH_UNIT (LENGTH_MEASURE( 1.000000000000000082E-05 ), #7108, 'distance_accuracy_value', 'NONE');
#1130 = PRESENTATION_STYLE_ASSIGNMENT (( #3990 ) ) ;
#1131 = VECTOR ( 'NONE', #1939, 1000.000000000000227 ) ;
#1132 = PRESENTATION_STYLE_ASSIGNMENT (( #636 ) ) ;
#1133 = DIRECTION ( 'NONE',  ( 1.000000000000000000, 0.000000000000000000, 0.000000000000000000 ) ) ;
#1134 = ORIENTED_EDGE ( 'NONE', *, *, #4376, .F. ) ;
#1135 = CARTESIAN_POINT ( 'NONE',  ( 1.705000000000000959, -3.000000000000000000, -0.7245116203837658198 ) ) ;
#1136 = LINE ( 'NONE', #4621, #2452 ) ;
#1137 = FILL_AREA_STYLE ('',( #3401 ) ) ;
#1138 = PRESENTATION_STYLE_ASSIGNMENT (( #6350 ) ) ;
#1139 = CARTESIAN_POINT ( 'NONE',  ( -1.704999999999998961, -2.468279889073774935, -0.6873301281804449214 ) ) ;
#1140 = CARTESIAN_POINT ( 'NONE',  ( 0.4350000000000009415, -2.280000000000000249, -0.7547888812845849893 ) ) ;
#1141 = CARTESIAN_POINT ( 'NONE',  ( 0.4350000000000009415, -2.446255090880788519, -0.6258580972010689969 ) ) ;
#1142 = AXIS2_PLACEMENT_3D ( 'NONE', #1467, #3503, #6019 ) ;
#1143 = DIRECTION ( 'NONE',  ( -1.000000000000000000, -0.000000000000000000, -0.000000000000000000 ) ) ;
#1144 = ORIENTED_EDGE ( 'NONE', *, *, #750, .T. ) ;
#1145 = MECHANICAL_DESIGN_GEOMETRIC_PRESENTATION_REPRESENTATION (  '', ( #4141 ), #1754 ) ;
#1146 = CARTESIAN_POINT ( 'NONE',  ( 2.450000000000000178, 1.811524337873330115, -0.6999999999999999556 ) ) ;
#1147 = PRESENTATION_STYLE_ASSIGNMENT (( #2209 ) ) ;
#1148 = CARTESIAN_POINT ( 'NONE',  ( -2.104999999999999094, 1.949999999999999956, 0.09999999999999999167 ) ) ;
#1149 = PRESENTATION_STYLE_ASSIGNMENT (( #504 ) ) ;
#1150 = FILL_AREA_STYLE ('',( #1724 ) ) ;
#1151 =( LENGTH_UNIT ( ) NAMED_UNIT ( * ) SI_UNIT ( .MILLI., .METRE. ) );
#1152 = FACE_OUTER_BOUND ( 'NONE', #2722, .T. ) ;
#1153 = VECTOR ( 'NONE', #2239, 1000.000000000000000 ) ;
#1154 =( GEOMETRIC_REPRESENTATION_CONTEXT ( 3 ) GLOBAL_UNCERTAINTY_ASSIGNED_CONTEXT ( ( #4057 ) ) GLOBAL_UNIT_ASSIGNED_CONTEXT ( ( #3506, #1781, #1744 ) ) REPRESENTATION_CONTEXT ( 'NONE', 'WORKASPACE' ) );
#1155 = MECHANICAL_DESIGN_GEOMETRIC_PRESENTATION_REPRESENTATION (  '', ( #3087 ), #2970 ) ;
#1156 = ORIENTED_EDGE ( 'NONE', *, *, #384, .F. ) ;
#1157 =( NAMED_UNIT ( * ) SI_UNIT ( $, .STERADIAN. ) SOLID_ANGLE_UNIT ( ) );
#1158 = DIRECTION ( 'NONE',  ( 1.000000000000000000, -0.000000000000000000, 0.000000000000000000 ) ) ;
#1159 = STYLED_ITEM ( 'NONE', ( #7389 ), #3576 ) ;
#1160 =( LENGTH_UNIT ( ) NAMED_UNIT ( * ) SI_UNIT ( .MILLI., .METRE. ) );
#1161 = PRESENTATION_STYLE_ASSIGNMENT (( #6303 ) ) ;
#1162 = VECTOR ( 'NONE', #5892, 1000.000000000000000 ) ;
#1163 =( NAMED_UNIT ( * ) PLANE_ANGLE_UNIT ( ) SI_UNIT ( $, .RADIAN. ) );
#1164 = DIRECTION ( 'NONE',  ( 1.000000000000000000, 0.000000000000000000, 0.000000000000000000 ) ) ;
#1165 = EDGE_LOOP ( 'NONE', ( #406, #4167, #6873, #4473 ) ) ;
#1166 = SURFACE_STYLE_USAGE ( .BOTH. , #553 ) ;
#1167 = PRESENTATION_STYLE_ASSIGNMENT (( #6340 ) ) ;
#1168 = SURFACE_STYLE_FILL_AREA ( #7019 ) ;
#1169 = ADVANCED_FACE ( 'NONE', ( #6254 ), #3160, .T. ) ;
#1170 = FILL_AREA_STYLE ('',( #592 ) ) ;
#1171 =( LENGTH_UNIT ( ) NAMED_UNIT ( * ) SI_UNIT ( .MILLI., .METRE. ) );
#1172 = ORIENTED_EDGE ( 'NONE', *, *, #4392, .T. ) ;
#1173 = CIRCLE ( 'NONE', #5535, 0.1000000000000002137 ) ;
#1174 = ORIENTED_EDGE ( 'NONE', *, *, #2930, .T. ) ;
#1175 =( LENGTH_UNIT ( ) NAMED_UNIT ( * ) SI_UNIT ( .MILLI., .METRE. ) );
#1176 = SURFACE_STYLE_USAGE ( .BOTH. , #5023 ) ;
#1177 = CARTESIAN_POINT ( 'NONE',  ( 0.000000000000000000, 0.000000000000000000, 0.7750000000000000222 ) ) ;
#1178 = CARTESIAN_POINT ( 'NONE',  ( -0.8349999999999991873, -1.974999999999999867, -0.1999999999999999833 ) ) ;
#1179 = EDGE_CURVE ( 'NONE', #6389, #836, #296, .T. ) ;
#1180 = PRESENTATION_STYLE_ASSIGNMENT (( #1673 ) ) ;
#1181 = EDGE_CURVE ( 'NONE', #7086, #1314, #998, .T. ) ;
#1182 = CARTESIAN_POINT ( 'NONE',  ( 0.4350000000000009415, 2.069139944536888986, -0.1662706234479273959 ) ) ;
#1183 = LINE ( 'NONE', #5652, #148 ) ;
#1184 =( NAMED_UNIT ( * ) SI_UNIT ( $, .STERADIAN. ) SOLID_ANGLE_UNIT ( ) );
#1185 = CARTESIAN_POINT ( 'NONE',  ( 2.105000000000000870, 1.974999999999999867, -0.1999999999999999833 ) ) ;
#1186 = VERTEX_POINT ( 'NONE', #5400 ) ;
#1187 = DIRECTION ( 'NONE',  ( 0.000000000000000000, 0.000000000000000000, 1.000000000000000000 ) ) ;
#1188 = CARTESIAN_POINT ( 'NONE',  ( 0.4350000000000009415, -2.279999999999998028, -0.7547888812845857665 ) ) ;
#1189 =( NAMED_UNIT ( * ) PLANE_ANGLE_UNIT ( ) SI_UNIT ( $, .RADIAN. ) );
#1190 = AXIS2_PLACEMENT_3D ( 'NONE', #3224, #4907, #6717 ) ;
#1191 = PRESENTATION_STYLE_ASSIGNMENT (( #3597 ) ) ;
#1192 = ADVANCED_FACE ( 'NONE', ( #3890 ), #4264, .T. ) ;
#1193 = SURFACE_STYLE_USAGE ( .BOTH. , #2848 ) ;
#1194 =( LENGTH_UNIT ( ) NAMED_UNIT ( * ) SI_UNIT ( .MILLI., .METRE. ) );
#1195 = VECTOR ( 'NONE', #5305, 1000.000000000000000 ) ;
#1196 = CARTESIAN_POINT ( 'NONE',  ( 2.311524337873331003, 1.811524337873330115, -0.6999999999999999556 ) ) ;
#1197 = ORIENTED_EDGE ( 'NONE', *, *, #896, .T. ) ;
#1198 = LINE ( 'NONE', #3493, #6718 ) ;
#1199 = ORIENTED_EDGE ( 'NONE', *, *, #2145, .T. ) ;
#1200 =( GEOMETRIC_REPRESENTATION_CONTEXT ( 3 ) GLOBAL_UNCERTAINTY_ASSIGNED_CONTEXT ( ( #4979 ) ) GLOBAL_UNIT_ASSIGNED_CONTEXT ( ( #6348, #2907, #1022 ) ) REPRESENTATION_CONTEXT ( 'NONE', 'WORKASPACE' ) );
#1201 = CARTESIAN_POINT ( 'NONE',  ( 0.4350000000000009415, -3.000000000000000000, -0.7245116203837658198 ) ) ;
#1202 = DIRECTION ( 'NONE',  ( 0.000000000000000000, 0.000000000000000000, -1.000000000000000000 ) ) ;
#1203 = CARTESIAN_POINT ( 'NONE',  ( -0.8349999999999991873, 1.949999999999999956, 0.09999999999999999167 ) ) ;
#1204 = ORIENTED_EDGE ( 'NONE', *, *, #1981, .F. ) ;
#1205 = DIRECTION ( 'NONE',  ( 0.000000000000000000, 0.000000000000000000, -1.000000000000000000 ) ) ;
#1206 = UNCERTAINTY_MEASURE_WITH_UNIT (LENGTH_MEASURE( 1.000000000000000082E-05 ), #6888, 'distance_accuracy_value', 'NONE');
#1207 = EDGE_CURVE ( 'NONE', #558, #4324, #1955, .T. ) ;
#1208 = VECTOR ( 'NONE', #6848, 1000.000000000000000 ) ;
#1209 =( GEOMETRIC_REPRESENTATION_CONTEXT ( 3 ) GLOBAL_UNCERTAINTY_ASSIGNED_CONTEXT ( ( #7387 ) ) GLOBAL_UNIT_ASSIGNED_CONTEXT ( ( #6314, #8, #7473 ) ) REPRESENTATION_CONTEXT ( 'NONE', 'WORKASPACE' ) );
#1210 = PRESENTATION_STYLE_ASSIGNMENT (( #2900 ) ) ;
#1211 = FACE_OUTER_BOUND ( 'NONE', #1857, .T. ) ;
#1212 = SURFACE_STYLE_USAGE ( .BOTH. , #5096 ) ;
#1213 = CARTESIAN_POINT ( 'NONE',  ( -2.344028141651120833, -1.844028141651121722, 0.3907469647095541676 ) ) ;
#1214 = VERTEX_POINT ( 'NONE', #2162 ) ;
#1215 = CARTESIAN_POINT ( 'NONE',  ( -1.704999999999998961, -1.974999999999999867, -0.1000000000000000194 ) ) ;
#1216 = ORIENTED_EDGE ( 'NONE', *, *, #1080, .F. ) ;
#1217 = CARTESIAN_POINT ( 'NONE',  ( 1.705000000000000959, -1.974999999999999867, -0.1000000000000000194 ) ) ;
#1218 = ORIENTED_EDGE ( 'NONE', *, *, #971, .F. ) ;
#1219 = CARTESIAN_POINT ( 'NONE',  ( 2.375273160256226035, -1.949999626916908424, -0.1000035496485075365 ) ) ;
#1220 = CARTESIAN_POINT ( 'NONE',  ( 2.105000000000000870, -2.533419388043264942, -0.6918851256749790624 ) ) ;
#1221 = UNCERTAINTY_MEASURE_WITH_UNIT (LENGTH_MEASURE( 1.000000000000000082E-05 ), #1011, 'distance_accuracy_value', 'NONE');
#1222 = SURFACE_STYLE_USAGE ( .BOTH. , #2390 ) ;
#1223 = DIRECTION ( 'NONE',  ( 1.000000000000000000, 0.000000000000000000, 0.000000000000000000 ) ) ;
#1224 = STYLED_ITEM ( 'NONE', ( #7291 ), #1560 ) ;
#1225 = PRESENTATION_LAYER_ASSIGNMENT (  '', '', ( #4209 ) ) ;
#1226 = PRESENTATION_STYLE_ASSIGNMENT (( #6445 ) ) ;
#1227 = FACE_OUTER_BOUND ( 'NONE', #4064, .T. ) ;
#1228 = ORIENTED_EDGE ( 'NONE', *, *, #760, .T. ) ;
#1229 = DIRECTION ( 'NONE',  ( 0.000000000000000000, 0.000000000000000000, -1.000000000000000000 ) ) ;
#1230 =( NAMED_UNIT ( * ) SI_UNIT ( $, .STERADIAN. ) SOLID_ANGLE_UNIT ( ) );
#1231 =( LENGTH_UNIT ( ) NAMED_UNIT ( * ) SI_UNIT ( .MILLI., .METRE. ) );
#1232 = AXIS2_PLACEMENT_3D ( 'NONE', #5834, #2417, #124 ) ;
#1233 = ADVANCED_FACE ( 'NONE', ( #3122 ), #3340, .T. ) ;
#1234 = EDGE_CURVE ( 'NONE', #4087, #5336, #3407, .T. ) ;
#1235 = LINE ( 'NONE', #7077, #58 ) ;
#1236 = VECTOR ( 'NONE', #3551, 1000.000000000000000 ) ;
#1237 = DIRECTION ( 'NONE',  ( -0.1039620511844983330, 0.1039620511844974449, 0.9891328443778539814 ) ) ;
#1238 = ORIENTED_EDGE ( 'NONE', *, *, #3537, .F. ) ;
#1239 = ORIENTED_EDGE ( 'NONE', *, *, #2237, .T. ) ;
#1240 = PRESENTATION_LAYER_ASSIGNMENT (  '', '', ( #5595 ) ) ;
#1241 = VECTOR ( 'NONE', #6492, 1000.000000000000000 ) ;
#1242 = CARTESIAN_POINT ( 'NONE',  ( -0.8349999999999991873, 2.540395035417677416, -0.5921287206489965760 ) ) ;
#1243 = SURFACE_STYLE_USAGE ( .BOTH. , #6464 ) ;
#1244 = STYLED_ITEM ( 'NONE', ( #1765 ), #6604 ) ;
#1245 = VECTOR ( 'NONE', #79, 1000.000000000000114 ) ;
#1246 =( GEOMETRIC_REPRESENTATION_CONTEXT ( 3 ) GLOBAL_UNCERTAINTY_ASSIGNED_CONTEXT ( ( #5581 ) ) GLOBAL_UNIT_ASSIGNED_CONTEXT ( ( #5723, #2792, #6944 ) ) REPRESENTATION_CONTEXT ( 'NONE', 'WORKASPACE' ) );
#1247 = CARTESIAN_POINT ( 'NONE',  ( -2.104999999999999094, -2.540395035417677416, -0.5921287206489965760 ) ) ;
#1248 = SURFACE_SIDE_STYLE ('',( #6374 ) ) ;
#1249 = VERTEX_POINT ( 'NONE', #18 ) ;
#1250 = FACE_OUTER_BOUND ( 'NONE', #5844, .T. ) ;
#1251 = CARTESIAN_POINT ( 'NONE',  ( 2.450000000000000178, -1.949999999999999956, 0.1000000000000000056 ) ) ;
#1252 = CARTESIAN_POINT ( 'NONE',  ( 0.4350000000000009415, -2.279999999999998028, -0.7547888812845857665 ) ) ;
#1253 = ORIENTED_EDGE ( 'NONE', *, *, #992, .T. ) ;
#1254 = VECTOR ( 'NONE', #3836, 999.9999999999998863 ) ;
#1255 = CARTESIAN_POINT ( 'NONE',  ( -0.8349999999999991873, -1.974999999999999867, -0.1999999999999999833 ) ) ;
#1256 = ORIENTED_EDGE ( 'NONE', *, *, #6171, .F. ) ;
#1257 = SURFACE_SIDE_STYLE ('',( #5227 ) ) ;
#1258 = CARTESIAN_POINT ( 'NONE',  ( 2.105000000000000870, 2.454328594324949986, -0.8868429382324097832 ) ) ;
#1259 =( GEOMETRIC_REPRESENTATION_CONTEXT ( 3 ) GLOBAL_UNCERTAINTY_ASSIGNED_CONTEXT ( ( #4200 ) ) GLOBAL_UNIT_ASSIGNED_CONTEXT ( ( #2170, #1003, #3050 ) ) REPRESENTATION_CONTEXT ( 'NONE', 'WORKASPACE' ) );
#1260 = DIRECTION ( 'NONE',  ( 0.1039620511844979306, -0.1039620511844979306, 0.9891328443778538704 ) ) ;
#1261 = SURFACE_STYLE_FILL_AREA ( #1832 ) ;
#1262 = ORIENTED_EDGE ( 'NONE', *, *, #2618, .F. ) ;
#1263 = CARTESIAN_POINT ( 'NONE',  ( -2.449999999999998401, -1.949999999999999956, -0.1000000000000000056 ) ) ;
#1264 = AXIS2_PLACEMENT_3D ( 'NONE', #7301, #4219, #757 ) ;
#1265 =( LENGTH_UNIT ( ) NAMED_UNIT ( * ) SI_UNIT ( .MILLI., .METRE. ) );
#1266 = PRESENTATION_STYLE_ASSIGNMENT (( #4633 ) ) ;
#1267 = DIRECTION ( 'NONE',  ( 0.000000000000000000, 0.000000000000000000, -1.000000000000000000 ) ) ;
#1268 = CARTESIAN_POINT ( 'NONE',  ( -2.104999999999999094, -1.974999999999999867, -0.1000000000000000194 ) ) ;
#1269 = EDGE_CURVE ( 'NONE', #3471, #4379, #4589, .T. ) ;
#1270 = ORIENTED_EDGE ( 'NONE', *, *, #1966, .F. ) ;
#1271 = COLOUR_RGB ( '',0.8039215686274510109, 0.8039215686274510109, 0.8039215686274510109 ) ;
#1272 = DIRECTION ( 'NONE',  ( 0.000000000000000000, 0.000000000000000000, 1.000000000000000000 ) ) ;
#1273 = ORIENTED_EDGE ( 'NONE', *, *, #5925, .T. ) ;
#1274 = ORIENTED_EDGE ( 'NONE', *, *, #6495, .F. ) ;
#1275 = EDGE_CURVE ( 'NONE', #3369, #112, #5527, .T. ) ;
#1276 =( NAMED_UNIT ( * ) PLANE_ANGLE_UNIT ( ) SI_UNIT ( $, .RADIAN. ) );
#1277 = UNCERTAINTY_MEASURE_WITH_UNIT (LENGTH_MEASURE( 1.000000000000000082E-05 ), #1094, 'distance_accuracy_value', 'NONE');
#1278 = CARTESIAN_POINT ( 'NONE',  ( 2.105000000000000870, 2.533419388043264942, -0.6918851256749790624 ) ) ;
#1279 = SURFACE_SIDE_STYLE ('',( #2418 ) ) ;
#1280 =( GEOMETRIC_REPRESENTATION_CONTEXT ( 3 ) GLOBAL_UNCERTAINTY_ASSIGNED_CONTEXT ( ( #232 ) ) GLOBAL_UNIT_ASSIGNED_CONTEXT ( ( #2559, #681, #3521 ) ) REPRESENTATION_CONTEXT ( 'NONE', 'WORKASPACE' ) );
#1281 = EDGE_CURVE ( 'NONE', #2502, #2084, #470, .T. ) ;
#1282 = EDGE_LOOP ( 'NONE', ( #5274, #6016, #4224, #1144 ) ) ;
#1283 = SURFACE_STYLE_USAGE ( .BOTH. , #4063 ) ;
#1284 = DIRECTION ( 'NONE',  ( 0.000000000000000000, -0.3372937655207292607, 0.9413994453688865338 ) ) ;
#1285 = ORIENTED_EDGE ( 'NONE', *, *, #1339, .T. ) ;
#1286 = FILL_AREA_STYLE ('',( #1860 ) ) ;
#1287 = FACE_OUTER_BOUND ( 'NONE', #6783, .T. ) ;
#1288 = DIRECTION ( 'NONE',  ( -1.000000000000000000, 0.000000000000000000, 0.000000000000000000 ) ) ;
#1289 = VECTOR ( 'NONE', #7329, 1000.000000000000227 ) ;
#1290 = DIRECTION ( 'NONE',  ( 0.000000000000000000, -0.3372937655207292607, 0.9413994453688865338 ) ) ;
#1291 = DIRECTION ( 'NONE',  ( 0.000000000000000000, 0.000000000000000000, -1.000000000000000000 ) ) ;
#1292 =( LENGTH_UNIT ( ) NAMED_UNIT ( * ) SI_UNIT ( .MILLI., .METRE. ) );
#1293 = ORIENTED_EDGE ( 'NONE', *, *, #4810, .T. ) ;
#1294 = CARTESIAN_POINT ( 'NONE',  ( 1.705000000000000959, -3.000000000000000000, -0.9250000000000000444 ) ) ;
#1295 = SURFACE_STYLE_USAGE ( .BOTH. , #5307 ) ;
#1296 = FILL_AREA_STYLE_COLOUR ( '', #7340 ) ;
#1297 =( NAMED_UNIT ( * ) SI_UNIT ( $, .STERADIAN. ) SOLID_ANGLE_UNIT ( ) );
#1298 = AXIS2_PLACEMENT_3D ( 'NONE', #599, #2307, #7064 ) ;
#1299 =( LENGTH_UNIT ( ) NAMED_UNIT ( * ) SI_UNIT ( .MILLI., .METRE. ) );
#1300 = CYLINDRICAL_SURFACE ( 'NONE', #1864, 0.07499999999999980294 ) ;
#1301 = CARTESIAN_POINT ( 'NONE',  ( 1.705000000000000959, 1.974999999999999867, -0.1000000000000000194 ) ) ;
#1302 = STYLED_ITEM ( 'NONE', ( #6041 ), #4478 ) ;
#1303 =( LENGTH_UNIT ( ) NAMED_UNIT ( * ) SI_UNIT ( .MILLI., .METRE. ) );
#1304 = ORIENTED_EDGE ( 'NONE', *, *, #5142, .T. ) ;
#1305 = CARTESIAN_POINT ( 'NONE',  ( 2.386113480025951361, -1.811524337873330115, -0.7078396347450740533 ) ) ;
#1306 = VECTOR ( 'NONE', #6358, 1000.000000000000227 ) ;
#1307 = PRESENTATION_STYLE_ASSIGNMENT (( #1243 ) ) ;
#1308 = SURFACE_STYLE_FILL_AREA ( #7049 ) ;
#1309 = DIRECTION ( 'NONE',  ( 1.000000000000000000, 0.000000000000000000, 0.000000000000000000 ) ) ;
#1310 = PLANE ( 'NONE',  #4538 ) ;
#1311 = EDGE_CURVE ( 'NONE', #632, #1667, #1720, .T. ) ;
#1312 = SURFACE_STYLE_FILL_AREA ( #6515 ) ;
#1313 =( GEOMETRIC_REPRESENTATION_CONTEXT ( 3 ) GLOBAL_UNCERTAINTY_ASSIGNED_CONTEXT ( ( #529 ) ) GLOBAL_UNIT_ASSIGNED_CONTEXT ( ( #2744, #6304, #3420 ) ) REPRESENTATION_CONTEXT ( 'NONE', 'WORKASPACE' ) );
#1314 = VERTEX_POINT ( 'NONE', #2274 ) ;
#1315 = ADVANCED_FACE ( 'NONE', ( #539 ), #610, .F. ) ;
#1316 = DIRECTION ( 'NONE',  ( -0.1039620511844979306, -0.1039620511844979306, 0.9891328443778538704 ) ) ;
#1317 = DIRECTION ( 'NONE',  ( 1.000000000000000000, 0.000000000000000000, 0.000000000000000000 ) ) ;
#1318 = CARTESIAN_POINT ( 'NONE',  ( 2.449998880753508690, -1.875409738600887666, 0.1000106489190369929 ) ) ;
#1319 = CARTESIAN_POINT ( 'NONE',  ( 0.4350000000000009415, -3.000000000000000000, -0.7245116203837658198 ) ) ;
#1320 = CARTESIAN_POINT ( 'NONE',  ( -2.104999999999999094, -2.533419388043264942, -0.6918851256749790624 ) ) ;
#1321 = ORIENTED_EDGE ( 'NONE', *, *, #1125, .F. ) ;
#1322 = CARTESIAN_POINT ( 'NONE',  ( 0.4350000000000009415, -2.540395035417677416, -0.5921287206489965760 ) ) ;
#1323 = ORIENTED_EDGE ( 'NONE', *, *, #4798, .F. ) ;
#1324 = ORIENTED_EDGE ( 'NONE', *, *, #3402, .F. ) ;
#1325 = SURFACE_STYLE_FILL_AREA ( #7027 ) ;
#1326 = SURFACE_STYLE_USAGE ( .BOTH. , #6555 ) ;
#1327 = COLOUR_RGB ( '',0.2862745098039215508, 0.2862745098039215508, 0.2862745098039215508 ) ;
#1328 = COLOUR_RGB ( '',0.8039215686274510109, 0.8039215686274510109, 0.8039215686274510109 ) ;
#1329 = MECHANICAL_DESIGN_GEOMETRIC_PRESENTATION_REPRESENTATION (  '', ( #5036 ), #3120 ) ;
#1330 = ADVANCED_FACE ( 'NONE', ( #4004 ), #5655, .T. ) ;
#1331 = CARTESIAN_POINT ( 'NONE',  ( 0.000000000000000000, 0.000000000000000000, 0.000000000000000000 ) ) ;
#1332 = CARTESIAN_POINT ( 'NONE',  ( -2.104999999999999094, -2.045395859880669409, 0.09999999999999999167 ) ) ;
#1333 = COLOUR_RGB ( '',0.8039215686274510109, 0.8039215686274510109, 0.8039215686274510109 ) ;
#1334 = PLANE ( 'NONE',  #5390 ) ;
#1335 =( NAMED_UNIT ( * ) PLANE_ANGLE_UNIT ( ) SI_UNIT ( $, .RADIAN. ) );
#1336 = VERTEX_POINT ( 'NONE', #7111 ) ;
#1337 =( NAMED_UNIT ( * ) PLANE_ANGLE_UNIT ( ) SI_UNIT ( $, .RADIAN. ) );
#1338 = CARTESIAN_POINT ( 'NONE',  ( 1.705000000000000959, 2.446255090880788519, -0.6258580972010689969 ) ) ;
#1339 = EDGE_CURVE ( 'NONE', #1738, #454, #1979, .T. ) ;
#1340 = CARTESIAN_POINT ( 'NONE',  ( -2.374999999999998668, -1.949999999999999956, -0.1000000000000000056 ) ) ;
#1341 = PRESENTATION_STYLE_ASSIGNMENT (( #2624 ) ) ;
#1342 = CARTESIAN_POINT ( 'NONE',  ( -0.8349999999999991873, -2.280000000000000249, -0.7547888812845849893 ) ) ;
#1343 = STYLED_ITEM ( 'NONE', ( #1968 ), #1541 ) ;
#1344 = AXIS2_PLACEMENT_3D ( 'NONE', #7443, #2203, #5144 ) ;
#1345 =( NAMED_UNIT ( * ) PLANE_ANGLE_UNIT ( ) SI_UNIT ( $, .RADIAN. ) );
#1346 = DIRECTION ( 'NONE',  ( 1.000000000000000000, 0.000000000000000000, 0.000000000000000000 ) ) ;
#1347 = VERTEX_POINT ( 'NONE', #7223 ) ;
#1348 = COLOUR_RGB ( '',0.8039215686274510109, 0.8039215686274510109, 0.8039215686274510109 ) ;
#1349 = ORIENTED_EDGE ( 'NONE', *, *, #1834, .T. ) ;
#1350 = AXIS2_PLACEMENT_3D ( 'NONE', #6113, #7165, #1358 ) ;
#1351 = VECTOR ( 'NONE', #2830, 1000.000000000000114 ) ;
#1352 = VECTOR ( 'NONE', #4970, 1000.000000000000000 ) ;
#1353 = CARTESIAN_POINT ( 'NONE',  ( -0.8349999999999991873, 2.045395859880669409, 0.09999999999999999167 ) ) ;
#1354 = DIRECTION ( 'NONE',  ( 1.000000000000000000, 0.000000000000000000, 0.000000000000000000 ) ) ;
#1355 = SURFACE_SIDE_STYLE ('',( #1308 ) ) ;
#1356 = CARTESIAN_POINT ( 'NONE',  ( 2.379054641195668562, 1.886113480025950695, 0.7078396347450740533 ) ) ;
#1357 = DIRECTION ( 'NONE',  ( -1.000000000000000000, -0.000000000000000000, -0.000000000000000000 ) ) ;
#1358 = DIRECTION ( 'NONE',  ( 0.000000000000000000, 0.000000000000000000, -1.000000000000000000 ) ) ;
#1359 = MECHANICAL_DESIGN_GEOMETRIC_PRESENTATION_REPRESENTATION (  '', ( #165 ), #5213 ) ;
#1360 = VECTOR ( 'NONE', #5811, 1000.000000000000227 ) ;
#1361 = ORIENTED_EDGE ( 'NONE', *, *, #3179, .F. ) ;
#1362 = FACE_OUTER_BOUND ( 'NONE', #2891, .T. ) ;
#1363 = UNCERTAINTY_MEASURE_WITH_UNIT (LENGTH_MEASURE( 1.000000000000000082E-05 ), #292, 'distance_accuracy_value', 'NONE');
#1364 = DIRECTION ( 'NONE',  ( -1.000000000000000000, 0.000000000000000000, -0.000000000000000000 ) ) ;
#1365 = SURFACE_STYLE_USAGE ( .BOTH. , #3021 ) ;
#1366 = AXIS2_PLACEMENT_3D ( 'NONE', #4183, #3701, #3595 ) ;
#1367 = STYLED_ITEM ( 'NONE', ( #6418 ), #2342 ) ;
#1368 = VECTOR ( 'NONE', #1133, 1000.000000000000000 ) ;
#1369 = EDGE_CURVE ( 'NONE', #3952, #512, #3041, .T. ) ;
#1370 =( LENGTH_UNIT ( ) NAMED_UNIT ( * ) SI_UNIT ( .MILLI., .METRE. ) );
#1371 = CARTESIAN_POINT ( 'NONE',  ( 0.8350000000000008527, 2.280000000000000249, -0.7547888812845849893 ) ) ;
#1372 = EDGE_CURVE ( 'NONE', #1577, #1557, #6563, .T. ) ;
#1373 = ORIENTED_EDGE ( 'NONE', *, *, #1028, .T. ) ;
#1374 = ORIENTED_EDGE ( 'NONE', *, *, #1311, .T. ) ;
#1375 = ORIENTED_EDGE ( 'NONE', *, *, #5593, .T. ) ;
#1376 = PRESENTATION_LAYER_ASSIGNMENT (  '', '', ( #875 ) ) ;
#1377 =( NAMED_UNIT ( * ) SI_UNIT ( $, .STERADIAN. ) SOLID_ANGLE_UNIT ( ) );
#1378 = EDGE_CURVE ( 'NONE', #6651, #1068, #3637, .T. ) ;
#1379 = EDGE_LOOP ( 'NONE', ( #5137, #6900 ) ) ;
#1380 =( LENGTH_UNIT ( ) NAMED_UNIT ( * ) SI_UNIT ( .MILLI., .METRE. ) );
#1381 =( NAMED_UNIT ( * ) SI_UNIT ( $, .STERADIAN. ) SOLID_ANGLE_UNIT ( ) );
#1382 = LINE ( 'NONE', #6046, #3898 ) ;
#1383 = PRESENTATION_LAYER_ASSIGNMENT (  '', '', ( #3416 ) ) ;
#1384 = CARTESIAN_POINT ( 'NONE',  ( -2.375136580382890106, -1.950000000000000178, -0.09999999999999982514 ) ) ;
#1385 = ORIENTED_EDGE ( 'NONE', *, *, #2100, .F. ) ;
#1386 = FILL_AREA_STYLE_COLOUR ( '', #6596 ) ;
#1387 = VERTEX_POINT ( 'NONE', #3671 ) ;
#1388 = EDGE_LOOP ( 'NONE', ( #5538, #7446, #5129, #7174 ) ) ;
#1389 = FILL_AREA_STYLE_COLOUR ( '', #72 ) ;
#1390 =( LENGTH_UNIT ( ) NAMED_UNIT ( * ) SI_UNIT ( .MILLI., .METRE. ) );
#1391 = DIRECTION ( 'NONE',  ( 1.000000000000000000, 0.000000000000000000, 0.000000000000000000 ) ) ;
#1392 =( LENGTH_UNIT ( ) NAMED_UNIT ( * ) SI_UNIT ( .MILLI., .METRE. ) );
#1393 = VERTEX_POINT ( 'NONE', #5893 ) ;
#1394 = DIRECTION ( 'NONE',  ( 1.000000000000000000, 0.000000000000000000, 0.000000000000000000 ) ) ;
#1395 = CARTESIAN_POINT ( 'NONE',  ( -1.704999999999998961, 2.533419388043264942, -0.6918851256749790624 ) ) ;
#1396 = AXIS2_PLACEMENT_3D ( 'NONE', #367, #5033, #1040 ) ;
#1397 =( NAMED_UNIT ( * ) PLANE_ANGLE_UNIT ( ) SI_UNIT ( $, .RADIAN. ) );
#1398 = VECTOR ( 'NONE', #7500, 1000.000000000000114 ) ;
#1399 = LINE ( 'NONE', #5493, #5340 ) ;
#1400 = ORIENTED_EDGE ( 'NONE', *, *, #5041, .F. ) ;
#1401 = CARTESIAN_POINT ( 'NONE',  ( -1.704999999999998961, -2.540395035417677416, -0.5921287206489965760 ) ) ;
#1402 = ORIENTED_EDGE ( 'NONE', *, *, #4898, .F. ) ;
#1403 = SURFACE_SIDE_STYLE ('',( #7104 ) ) ;
#1404 = EDGE_CURVE ( 'NONE', #4718, #2724, #5962, .T. ) ;
#1405 = SURFACE_SIDE_STYLE ('',( #6638 ) ) ;
#1406 = ORIENTED_EDGE ( 'NONE', *, *, #1179, .T. ) ;
#1407 = CARTESIAN_POINT ( 'NONE',  ( -2.104999999999999094, -1.974999999999999867, -0.1000000000000000194 ) ) ;
#1408 = DIRECTION ( 'NONE',  ( -1.000000000000000000, -0.000000000000000000, -0.000000000000000000 ) ) ;
#1409 = ORIENTED_EDGE ( 'NONE', *, *, #2468, .F. ) ;
#1410 = COLOUR_RGB ( '',0.2862745098039215508, 0.2862745098039215508, 0.2862745098039215508 ) ;
#1411 = DIRECTION ( 'NONE',  ( 0.000000000000000000, 0.1045284632676537068, -0.9945218953682734009 ) ) ;
#1412 = EDGE_CURVE ( 'NONE', #2164, #7283, #602, .T. ) ;
#1413 = DIRECTION ( 'NONE',  ( 1.000000000000000000, 0.000000000000000000, 0.000000000000000000 ) ) ;
#1414 = LINE ( 'NONE', #3190, #3312 ) ;
#1415 = EDGE_CURVE ( 'NONE', #6863, #5119, #4363, .T. ) ;
#1416 =( NAMED_UNIT ( * ) SI_UNIT ( $, .STERADIAN. ) SOLID_ANGLE_UNIT ( ) );
#1417 = PLANE ( 'NONE',  #1766 ) ;
#1418 = ORIENTED_EDGE ( 'NONE', *, *, #4286, .T. ) ;
#1419 = VERTEX_POINT ( 'NONE', #6789 ) ;
#1420 = VERTEX_POINT ( 'NONE', #5618 ) ;
#1421 = EDGE_CURVE ( 'NONE', #2510, #6640, #941, .T. ) ;
#1422 = CARTESIAN_POINT ( 'NONE',  ( 2.105000000000000870, 2.233675748954446316, -0.03254124689585535107 ) ) ;
#1423 =( GEOMETRIC_REPRESENTATION_CONTEXT ( 3 ) GLOBAL_UNCERTAINTY_ASSIGNED_CONTEXT ( ( #3020 ) ) GLOBAL_UNIT_ASSIGNED_CONTEXT ( ( #2123, #5621, #7437 ) ) REPRESENTATION_CONTEXT ( 'NONE', 'WORKASPACE' ) );
#1424 =( NAMED_UNIT ( * ) SI_UNIT ( $, .STERADIAN. ) SOLID_ANGLE_UNIT ( ) );
#1425 = SURFACE_STYLE_USAGE ( .BOTH. , #3685 ) ;
#1426 = SURFACE_STYLE_FILL_AREA ( #371 ) ;
#1427 = ORIENTED_EDGE ( 'NONE', *, *, #1269, .T. ) ;
#1428 = ORIENTED_EDGE ( 'NONE', *, *, #4910, .F. ) ;
#1429 = PLANE ( 'NONE',  #6989 ) ;
#1430 = FILL_AREA_STYLE_COLOUR ( '', #1928 ) ;
#1431 = AXIS2_PLACEMENT_3D ( 'NONE', #720, #322, #7225 ) ;
#1432 = PRESENTATION_STYLE_ASSIGNMENT (( #3584 ) ) ;
#1433 = FILL_AREA_STYLE_COLOUR ( '', #5471 ) ;
#1434 = PRESENTATION_LAYER_ASSIGNMENT (  '', '', ( #4664 ) ) ;
#1435 = COLOUR_RGB ( '',0.8039215686274510109, 0.8039215686274510109, 0.8039215686274510109 ) ;
#1436 = CYLINDRICAL_SURFACE ( 'NONE', #787, 0.07499999999999998335 ) ;
#1437 = CARTESIAN_POINT ( 'NONE',  ( -0.4349999999999991651, -2.468279889073774935, -0.6873301281804449214 ) ) ;
#1438 = FILL_AREA_STYLE ('',( #7209 ) ) ;
#1439 = EDGE_CURVE ( 'NONE', #1574, #5122, #4816, .T. ) ;
#1440 = EDGE_LOOP ( 'NONE', ( #5209, #7102, #2032 ) ) ;
#1441 = DIRECTION ( 'NONE',  ( 0.000000000000000000, 0.000000000000000000, -1.000000000000000000 ) ) ;
#1442 =( GEOMETRIC_REPRESENTATION_CONTEXT ( 3 ) GLOBAL_UNCERTAINTY_ASSIGNED_CONTEXT ( ( #1973 ) ) GLOBAL_UNIT_ASSIGNED_CONTEXT ( ( #5760, #7476, #6283 ) ) REPRESENTATION_CONTEXT ( 'NONE', 'WORKASPACE' ) );
#1443 = AXIS2_PLACEMENT_3D ( 'NONE', #6514, #1357, #5280 ) ;
#1444 = FACE_OUTER_BOUND ( 'NONE', #999, .T. ) ;
#1445 = CARTESIAN_POINT ( 'NONE',  ( -0.4349999999999991651, 2.280000000000000249, -0.7547888812845849893 ) ) ;
#1446 = ORIENTED_EDGE ( 'NONE', *, *, #2612, .F. ) ;
#1447 =( GEOMETRIC_REPRESENTATION_CONTEXT ( 3 ) GLOBAL_UNCERTAINTY_ASSIGNED_CONTEXT ( ( #385 ) ) GLOBAL_UNIT_ASSIGNED_CONTEXT ( ( #1790, #6025, #3126 ) ) REPRESENTATION_CONTEXT ( 'NONE', 'WORKASPACE' ) );
#1448 =( NAMED_UNIT ( * ) PLANE_ANGLE_UNIT ( ) SI_UNIT ( $, .RADIAN. ) );
#1449 = EDGE_LOOP ( 'NONE', ( #3579, #1691, #3708, #6237 ) ) ;
#1450 = CARTESIAN_POINT ( 'NONE',  ( -2.311524337873328783, 0.000000000000000000, 0.6999999999999999556 ) ) ;
#1451 = UNCERTAINTY_MEASURE_WITH_UNIT (LENGTH_MEASURE( 1.000000000000000082E-05 ), #3046, 'distance_accuracy_value', 'NONE');
#1452 = FILL_AREA_STYLE ('',( #948 ) ) ;
#1453 = AXIS2_PLACEMENT_3D ( 'NONE', #2450, #5319, #4159 ) ;
#1454 = SURFACE_STYLE_USAGE ( .BOTH. , #2021 ) ;
#1455 =( NAMED_UNIT ( * ) PLANE_ANGLE_UNIT ( ) SI_UNIT ( $, .RADIAN. ) );
#1456 = ORIENTED_EDGE ( 'NONE', *, *, #7134, .T. ) ;
#1457 = EDGE_CURVE ( 'NONE', #5337, #4619, #5057, .T. ) ;
#1458 = EDGE_CURVE ( 'NONE', #1249, #4126, #3777, .T. ) ;
#1459 =( GEOMETRIC_REPRESENTATION_CONTEXT ( 3 ) GLOBAL_UNCERTAINTY_ASSIGNED_CONTEXT ( ( #3558 ) ) GLOBAL_UNIT_ASSIGNED_CONTEXT ( ( #4437, #4805, #4765 ) ) REPRESENTATION_CONTEXT ( 'NONE', 'WORKASPACE' ) );
#1460 = ORIENTED_EDGE ( 'NONE', *, *, #5161, .F. ) ;
#1461 = DIRECTION ( 'NONE',  ( 0.000000000000000000, -0.06975647374412530244, -0.9975640502598243087 ) ) ;
#1462 = CARTESIAN_POINT ( 'NONE',  ( -2.449999999999998401, 1.949999999999999956, -0.1000000000000000056 ) ) ;
#1463 = EDGE_CURVE ( 'NONE', #4428, #1877, #5257, .T. ) ;
#1464 = VECTOR ( 'NONE', #4745, 1000.000000000000000 ) ;
#1465 = DIRECTION ( 'NONE',  ( 0.000000000000000000, 0.000000000000000000, -1.000000000000000000 ) ) ;
#1466 = VECTOR ( 'NONE', #605, 1000.000000000000114 ) ;
#1467 = CARTESIAN_POINT ( 'NONE',  ( 1.705000000000000959, -1.974999999999999867, -0.1999999999999999833 ) ) ;
#1468 = DIRECTION ( 'NONE',  ( -0.000000000000000000, -0.000000000000000000, 1.000000000000000000 ) ) ;
#1469 = FILL_AREA_STYLE_COLOUR ( '', #5686 ) ;
#1470 = DIRECTION ( 'NONE',  ( 0.000000000000000000, 0.000000000000000000, 1.000000000000000000 ) ) ;
#1471 = DIRECTION ( 'NONE',  ( 1.000000000000000000, 0.000000000000000000, 0.000000000000000000 ) ) ;
#1472 = SURFACE_SIDE_STYLE ('',( #3761 ) ) ;
#1473 = STYLED_ITEM ( 'NONE', ( #5076 ), #6293 ) ;
#1474 = STYLED_ITEM ( 'NONE', ( #7036 ), #1651 ) ;
#1475 = SURFACE_STYLE_FILL_AREA ( #740 ) ;
#1476 = DIRECTION ( 'NONE',  ( 0.000000000000000000, 1.000000000000000000, 0.000000000000000000 ) ) ;
#1477 = CARTESIAN_POINT ( 'NONE',  ( 0.4350000000000009415, -3.000000000000000000, -0.9250000000000000444 ) ) ;
#1478 = CARTESIAN_POINT ( 'NONE',  ( -2.418963392251839650, -1.949760935694445863, -0.1022745449310356880 ) ) ;
#1479 = MANIFOLD_SOLID_BREP ( 'Cut-Extrude4', #5304 ) ;
#1480 = ORIENTED_EDGE ( 'NONE', *, *, #4623, .T. ) ;
#1481 = DIRECTION ( 'NONE',  ( -0.000000000000000000, 0.000000000000000000, -1.000000000000000000 ) ) ;
#1482 = PRESENTATION_LAYER_ASSIGNMENT (  '', '', ( #5347 ) ) ;
#1483 = CARTESIAN_POINT ( 'NONE',  ( -0.8349999999999991873, -2.454328594324949986, -0.8868429382324097832 ) ) ;
#1484 =( NAMED_UNIT ( * ) PLANE_ANGLE_UNIT ( ) SI_UNIT ( $, .RADIAN. ) );
#1485 = ORIENTED_EDGE ( 'NONE', *, *, #833, .F. ) ;
#1486 = PRESENTATION_LAYER_ASSIGNMENT (  '', '', ( #4000 ) ) ;
#1487 = DIRECTION ( 'NONE',  ( 1.000000000000000000, -0.000000000000000000, 0.000000000000000000 ) ) ;
#1488 = SURFACE_SIDE_STYLE ('',( #6714 ) ) ;
#1489 = CARTESIAN_POINT ( 'NONE',  ( -0.8349999999999991873, -2.233675748954446316, -0.03254124689585535107 ) ) ;
#1490 = CARTESIAN_POINT ( 'NONE',  ( -0.8349999999999991873, -3.000000000000000000, -0.7245116203837658198 ) ) ;
#1491 = DIRECTION ( 'NONE',  ( 1.000000000000000000, -0.000000000000000000, 0.000000000000000000 ) ) ;
#1492 = CARTESIAN_POINT ( 'NONE',  ( 1.705000000000000959, -2.454328594324949986, -0.8868429382324097832 ) ) ;
#1493 = VECTOR ( 'NONE', #7513, 999.9999999999998863 ) ;
#1494 = CARTESIAN_POINT ( 'NONE',  ( 0.4350000000000009415, -2.045395859880669409, -0.1000000000000000194 ) ) ;
#1495 = ORIENTED_EDGE ( 'NONE', *, *, #3944, .T. ) ;
#1496 =( NAMED_UNIT ( * ) SI_UNIT ( $, .STERADIAN. ) SOLID_ANGLE_UNIT ( ) );
#1497 = EDGE_LOOP ( 'NONE', ( #1402, #191, #337, #2435 ) ) ;
#1498 = CARTESIAN_POINT ( 'NONE',  ( -2.104999999999999094, 3.000000000000000000, -0.7245116203837658198 ) ) ;
#1499 = EDGE_LOOP ( 'NONE', ( #1256, #3627, #294, #737 ) ) ;
#1500 = EDGE_CURVE ( 'NONE', #6084, #178, #2298, .T. ) ;
#1501 = MANIFOLD_SOLID_BREP ( 'LPattern1[3]', #6429 ) ;
#1502 = SURFACE_STYLE_FILL_AREA ( #5519 ) ;
#1503 = CYLINDRICAL_SURFACE ( 'NONE', #1396, 0.07499999999999998335 ) ;
#1504 = FILL_AREA_STYLE_COLOUR ( '', #6270 ) ;
#1505 = AXIS2_PLACEMENT_3D ( 'NONE', #5154, #4480, #3449 ) ;
#1506 = DIRECTION ( 'NONE',  ( 1.000000000000000000, 0.000000000000000000, 0.000000000000000000 ) ) ;
#1507 = ORIENTED_EDGE ( 'NONE', *, *, #2188, .T. ) ;
#1508 = EDGE_CURVE ( 'NONE', #53, #1803, #1784, .T. ) ;
#1509 =( NAMED_UNIT ( * ) SI_UNIT ( $, .STERADIAN. ) SOLID_ANGLE_UNIT ( ) );
#1510 = CARTESIAN_POINT ( 'NONE',  ( 0.4350000000000009415, -3.000000000000000000, -0.9250000000000000444 ) ) ;
#1511 = DIRECTION ( 'NONE',  ( 0.000000000000000000, 0.000000000000000000, -1.000000000000000000 ) ) ;
#1512 = LINE ( 'NONE', #4270, #6219 ) ;
#1513 = FILL_AREA_STYLE_COLOUR ( '', #2125 ) ;
#1514 = PRESENTATION_STYLE_ASSIGNMENT (( #5530 ) ) ;
#1515 = FACE_OUTER_BOUND ( 'NONE', #1610, .T. ) ;
#1516 = PRESENTATION_LAYER_ASSIGNMENT (  '', '', ( #6137 ) ) ;
#1517 =( GEOMETRIC_REPRESENTATION_CONTEXT ( 3 ) GLOBAL_UNCERTAINTY_ASSIGNED_CONTEXT ( ( #1051 ) ) GLOBAL_UNIT_ASSIGNED_CONTEXT ( ( #3707, #1455, #4223 ) ) REPRESENTATION_CONTEXT ( 'NONE', 'WORKASPACE' ) );
#1518 = ORIENTED_EDGE ( 'NONE', *, *, #5814, .F. ) ;
#1519 = CARTESIAN_POINT ( 'NONE',  ( -2.311524337873329227, 0.000000000000000000, -0.7750000000000000222 ) ) ;
#1520 = UNCERTAINTY_MEASURE_WITH_UNIT (LENGTH_MEASURE( 1.000000000000000082E-05 ), #4929, 'distance_accuracy_value', 'NONE');
#1521 = LINE ( 'NONE', #2681, #863 ) ;
#1522 = EDGE_CURVE ( 'NONE', #5164, #3540, #1088, .T. ) ;
#1523 = SURFACE_SIDE_STYLE ('',( #3840 ) ) ;
#1524 = LINE ( 'NONE', #819, #5200 ) ;
#1525 = ORIENTED_EDGE ( 'NONE', *, *, #2188, .F. ) ;
#1526 =( LENGTH_UNIT ( ) NAMED_UNIT ( * ) SI_UNIT ( .MILLI., .METRE. ) );
#1527 = DIRECTION ( 'NONE',  ( 0.000000000000000000, 0.000000000000000000, -1.000000000000000000 ) ) ;
#1528 = SURFACE_STYLE_FILL_AREA ( #1565 ) ;
#1529 = CARTESIAN_POINT ( 'NONE',  ( -2.104999999999999094, -2.233675748954446760, -0.03254124689585519842 ) ) ;
#1530 = CIRCLE ( 'NONE', #4632, 0.1999999999999995670 ) ;
#1531 = PLANE ( 'NONE',  #5622 ) ;
#1532 = DIRECTION ( 'NONE',  ( -0.07411551268475333187, -0.7051619993942837006, -0.7051619993942757070 ) ) ;
#1533 = LINE ( 'NONE', #950, #2777 ) ;
#1534 = PRESENTATION_LAYER_ASSIGNMENT (  '', '', ( #669 ) ) ;
#1535 = ORIENTED_EDGE ( 'NONE', *, *, #3117, .F. ) ;
#1536 = DIRECTION ( 'NONE',  ( 0.000000000000000000, 0.000000000000000000, 1.000000000000000000 ) ) ;
#1537 = CARTESIAN_POINT ( 'NONE',  ( 2.344028141651122610, -1.844028141651121722, 0.3907469647095542231 ) ) ;
#1538 = ORIENTED_EDGE ( 'NONE', *, *, #953, .F. ) ;
#1539 = ORIENTED_EDGE ( 'NONE', *, *, #1688, .F. ) ;
#1540 = FACE_OUTER_BOUND ( 'NONE', #4282, .T. ) ;
#1541 = MANIFOLD_SOLID_BREP ( 'Mirror2', #3958 ) ;
#1542 = FILL_AREA_STYLE_COLOUR ( '', #3873 ) ;
#1543 = DIRECTION ( 'NONE',  ( -1.000000000000000000, -0.000000000000000000, -0.000000000000000000 ) ) ;
#1544 = ORIENTED_EDGE ( 'NONE', *, *, #793, .F. ) ;
#1545 = FACE_OUTER_BOUND ( 'NONE', #2064, .T. ) ;
#1546 = VERTEX_POINT ( 'NONE', #4314 ) ;
#1547 = EDGE_CURVE ( 'NONE', #3629, #7326, #2503, .T. ) ;
#1548 = CARTESIAN_POINT ( 'NONE',  ( -2.311524337873329227, -1.886113480025950695, -0.7078396347450740533 ) ) ;
#1549 = LINE ( 'NONE', #2674, #1352 ) ;
#1550 = PRESENTATION_LAYER_ASSIGNMENT (  '', '', ( #225 ) ) ;
#1551 = SURFACE_STYLE_FILL_AREA ( #3211 ) ;
#1552 = CARTESIAN_POINT ( 'NONE',  ( -0.4349999999999991651, 2.233675748954446760, -0.03254124689585519842 ) ) ;
#1553 = SURFACE_SIDE_STYLE ('',( #5745 ) ) ;
#1554 = CARTESIAN_POINT ( 'NONE',  ( 0.4350000000000009415, 1.974999999999999867, -0.1000000000000000194 ) ) ;
#1555 = EDGE_CURVE ( 'NONE', #4188, #4718, #3694, .T. ) ;
#1556 = COLOUR_RGB ( '',0.2862745098039215508, 0.2862745098039215508, 0.2862745098039215508 ) ;
#1557 = VERTEX_POINT ( 'NONE', #901 ) ;
#1558 = SURFACE_STYLE_USAGE ( .BOTH. , #7359 ) ;
#1559 = DIRECTION ( 'NONE',  ( 0.000000000000000000, 0.9413994453688880881, 0.3372937655207250973 ) ) ;
#1560 = ADVANCED_FACE ( 'NONE', ( #6704 ), #6076, .T. ) ;
#1561 = DIRECTION ( 'NONE',  ( 1.000000000000000000, 0.000000000000000000, 0.000000000000000000 ) ) ;
#1562 = LINE ( 'NONE', #2081, #4334 ) ;
#1563 = CARTESIAN_POINT ( 'NONE',  ( -2.104999999999999094, 2.280000000000000249, -0.7547888812845849893 ) ) ;
#1564 = ORIENTED_EDGE ( 'NONE', *, *, #949, .F. ) ;
#1565 = FILL_AREA_STYLE ('',( #5579 ) ) ;
#1566 =( GEOMETRIC_REPRESENTATION_CONTEXT ( 3 ) GLOBAL_UNCERTAINTY_ASSIGNED_CONTEXT ( ( #6721 ) ) GLOBAL_UNIT_ASSIGNED_CONTEXT ( ( #751, #7217, #4700 ) ) REPRESENTATION_CONTEXT ( 'NONE', 'WORKASPACE' ) );
#1567 = UNCERTAINTY_MEASURE_WITH_UNIT (LENGTH_MEASURE( 1.000000000000000082E-05 ), #3332, 'distance_accuracy_value', 'NONE');
#1568 = CIRCLE ( 'NONE', #4922, 0.2781781074703490453 ) ;
#1569 =( NAMED_UNIT ( * ) SI_UNIT ( $, .STERADIAN. ) SOLID_ANGLE_UNIT ( ) );
#1570 = DIRECTION ( 'NONE',  ( 0.000000000000000000, 0.3372937655207292607, 0.9413994453688865338 ) ) ;
#1571 = LINE ( 'NONE', #1492, #6568 ) ;
#1572 = VECTOR ( 'NONE', #1364, 1000.000000000000000 ) ;
#1573 = EDGE_CURVE ( 'NONE', #6811, #3568, #3368, .T. ) ;
#1574 = VERTEX_POINT ( 'NONE', #6992 ) ;
#1575 = DIRECTION ( 'NONE',  ( 1.000000000000000000, 0.000000000000000000, 0.000000000000000000 ) ) ;
#1576 =( NAMED_UNIT ( * ) PLANE_ANGLE_UNIT ( ) SI_UNIT ( $, .RADIAN. ) );
#1577 = VERTEX_POINT ( 'NONE', #3338 ) ;
#1578 = ORIENTED_EDGE ( 'NONE', *, *, #612, .T. ) ;
#1579 = VECTOR ( 'NONE', #2737, 1000.000000000000000 ) ;
#1580 = MANIFOLD_SOLID_BREP ( 'LPattern1[6]', #6302 ) ;
#1581 = LINE ( 'NONE', #7277, #5092 ) ;
#1582 = ORIENTED_EDGE ( 'NONE', *, *, #758, .F. ) ;
#1583 = VECTOR ( 'NONE', #1611, 1000.000000000000000 ) ;
#1584 = VERTEX_POINT ( 'NONE', #3888 ) ;
#1585 = STYLED_ITEM ( 'NONE', ( #2963 ), #1330 ) ;
#1586 = DIRECTION ( 'NONE',  ( 0.000000000000000000, 0.000000000000000000, -1.000000000000000000 ) ) ;
#1587 = SURFACE_SIDE_STYLE ('',( #974 ) ) ;
#1588 = PRESENTATION_STYLE_ASSIGNMENT (( #453 ) ) ;
#1589 = COLOUR_RGB ( '',0.9607843137254902244, 0.9607843137254902244, 0.9607843137254902244 ) ;
#1590 = PRESENTATION_LAYER_ASSIGNMENT (  '', '', ( #1474 ) ) ;
#1591 = VERTEX_POINT ( 'NONE', #4033 ) ;
#1592 = VECTOR ( 'NONE', #3825, 1000.000000000000000 ) ;
#1593 = AXIS2_PLACEMENT_3D ( 'NONE', #4135, #1782, #203 ) ;
#1594 = EDGE_CURVE ( 'NONE', #4340, #6863, #3979, .T. ) ;
#1595 = EDGE_CURVE ( 'NONE', #3809, #5181, #6953, .T. ) ;
#1596 = CARTESIAN_POINT ( 'NONE',  ( -2.104999999999999094, -2.069139944536888986, -0.1662706234479273959 ) ) ;
#1597 = ORIENTED_EDGE ( 'NONE', *, *, #1415, .T. ) ;
#1598 = LINE ( 'NONE', #3880, #4455 ) ;
#1599 = EDGE_LOOP ( 'NONE', ( #1238, #3073, #3290, #3738, #2535, #7434 ) ) ;
#1600 = LINE ( 'NONE', #6668, #1070 ) ;
#1601 = AXIS2_PLACEMENT_3D ( 'NONE', #5113, #3933, #7410 ) ;
#1602 = CARTESIAN_POINT ( 'NONE',  ( -2.311524337873329227, -1.534775106360672492, 0.6999999999999999556 ) ) ;
#1603 = DIRECTION ( 'NONE',  ( 0.000000000000000000, -1.000000000000000000, 0.000000000000000000 ) ) ;
#1604 = EDGE_CURVE ( 'NONE', #641, #2502, #1837, .T. ) ;
#1605 = DIRECTION ( 'NONE',  ( 0.000000000000000000, 0.06975647374412530244, -0.9975640502598243087 ) ) ;
#1606 = DIRECTION ( 'NONE',  ( 0.000000000000000000, 0.000000000000000000, -1.000000000000000000 ) ) ;
#1607 = COLOUR_RGB ( '',0.8039215686274510109, 0.8039215686274510109, 0.8039215686274510109 ) ;
#1608 = STYLED_ITEM ( 'NONE', ( #961 ), #2486 ) ;
#1609 = PRESENTATION_LAYER_ASSIGNMENT (  '', '', ( #2573 ) ) ;
#1610 = EDGE_LOOP ( 'NONE', ( #7273, #4735, #5066, #5576 ) ) ;
#1611 = DIRECTION ( 'NONE',  ( 1.000000000000000000, -0.000000000000000000, -0.000000000000000000 ) ) ;
#1612 = VERTEX_POINT ( 'NONE', #4435 ) ;
#1613 = COLOUR_RGB ( '',0.2862745098039215508, 0.2862745098039215508, 0.2862745098039215508 ) ;
#1614 = FILL_AREA_STYLE_COLOUR ( '', #7421 ) ;
#1615 = DIRECTION ( 'NONE',  ( 0.000000000000000000, 0.000000000000000000, -1.000000000000000000 ) ) ;
#1616 = CARTESIAN_POINT ( 'NONE',  ( 2.311524337873331003, -1.811524337873330115, -0.6999999999999999556 ) ) ;
#1617 = FILL_AREA_STYLE_COLOUR ( '', #1119 ) ;
#1618 = PRESENTATION_LAYER_ASSIGNMENT (  '', '', ( #3896 ) ) ;
#1619 = DIRECTION ( 'NONE',  ( 0.000000000000000000, -0.1045284632676537068, -0.9945218953682734009 ) ) ;
#1620 = FILL_AREA_STYLE_COLOUR ( '', #2759 ) ;
#1621 = VECTOR ( 'NONE', #3675, 1000.000000000000114 ) ;
#1622 = ORIENTED_EDGE ( 'NONE', *, *, #2108, .T. ) ;
#1623 = DIRECTION ( 'NONE',  ( 0.000000000000000000, -1.000000000000000000, 0.000000000000000000 ) ) ;
#1624 = COLOUR_RGB ( '',0.2862745098039215508, 0.2862745098039215508, 0.2862745098039215508 ) ;
#1625 = CARTESIAN_POINT ( 'NONE',  ( -0.4349999999999991651, 2.533419388043264942, -0.6918851256749790624 ) ) ;
#1626 = CARTESIAN_POINT ( 'NONE',  ( -2.104999999999999094, -3.000000000000000000, -0.9250000000000000444 ) ) ;
#1627 = MECHANICAL_DESIGN_GEOMETRIC_PRESENTATION_REPRESENTATION (  '', ( #4616 ), #7009 ) ;
#1628 = LINE ( 'NONE', #6279, #2182 ) ;
#1629 = ORIENTED_EDGE ( 'NONE', *, *, #5593, .F. ) ;
#1630 = PRESENTATION_STYLE_ASSIGNMENT (( #4464 ) ) ;
#1631 = CARTESIAN_POINT ( 'NONE',  ( 1.705000000000000959, 1.974999999999999867, -0.1000000000000000194 ) ) ;
#1632 = FILL_AREA_STYLE_COLOUR ( '', #3872 ) ;
#1633 = ADVANCED_FACE ( 'NONE', ( #7519 ), #1715, .T. ) ;
#1634 = FACE_OUTER_BOUND ( 'NONE', #1747, .T. ) ;
#1635 = MANIFOLD_SOLID_BREP ( 'Boss-Extrude3', #7306 ) ;
#1636 = CIRCLE ( 'NONE', #5881, 0.1999999999999995670 ) ;
#1637 =( LENGTH_UNIT ( ) NAMED_UNIT ( * ) SI_UNIT ( .MILLI., .METRE. ) );
#1638 = DIRECTION ( 'NONE',  ( 0.000000000000000000, -1.000000000000000000, 0.000000000000000000 ) ) ;
#1639 = ORIENTED_EDGE ( 'NONE', *, *, #1281, .F. ) ;
#1640 = EDGE_CURVE ( 'NONE', #716, #6613, #4806, .T. ) ;
#1641 = DIRECTION ( 'NONE',  ( 1.000000000000000000, 0.000000000000000000, 0.000000000000000000 ) ) ;
#1642 = PRESENTATION_LAYER_ASSIGNMENT (  '', '', ( #5639 ) ) ;
#1643 =( NAMED_UNIT ( * ) SI_UNIT ( $, .STERADIAN. ) SOLID_ANGLE_UNIT ( ) );
#1644 = AXIS2_PLACEMENT_3D ( 'NONE', #1934, #3564, #4866 ) ;
#1645 = CYLINDRICAL_SURFACE ( 'NONE', #1601, 0.1000000000000000472 ) ;
#1646 = EDGE_CURVE ( 'NONE', #1314, #5779, #6000, .T. ) ;
#1647 = FACE_OUTER_BOUND ( 'NONE', #3069, .T. ) ;
#1648 = STYLED_ITEM ( 'NONE', ( #5005 ), #3831 ) ;
#1649 = CARTESIAN_POINT ( 'NONE',  ( 0.8350000000000008527, 2.233675748954446760, -0.03254124689585519842 ) ) ;
#1650 = VERTEX_POINT ( 'NONE', #788 ) ;
#1651 = ADVANCED_FACE ( 'NONE', ( #4111 ), #1829, .T. ) ;
#1652 = ORIENTED_EDGE ( 'NONE', *, *, #612, .F. ) ;
#1653 = MECHANICAL_DESIGN_GEOMETRIC_PRESENTATION_REPRESENTATION (  '', ( #2016 ), #5026 ) ;
#1654 = EDGE_CURVE ( 'NONE', #2878, #4365, #1562, .T. ) ;
#1655 = SURFACE_STYLE_USAGE ( .BOTH. , #6152 ) ;
#1656 = DIRECTION ( 'NONE',  ( 0.000000000000000000, 0.000000000000000000, 1.000000000000000000 ) ) ;
#1657 = FACE_OUTER_BOUND ( 'NONE', #3467, .T. ) ;
#1658 = FILL_AREA_STYLE_COLOUR ( '', #5270 ) ;
#1659 = CARTESIAN_POINT ( 'NONE',  ( 2.344028141651122610, -1.897061150240112459, 0.4437799732985454604 ) ) ;
#1660 = ORIENTED_EDGE ( 'NONE', *, *, #1369, .F. ) ;
#1661 = CARTESIAN_POINT ( 'NONE',  ( -1.704999999999998961, 1.949999999999999956, -0.1000000000000000194 ) ) ;
#1662 = COLOUR_RGB ( '',0.8039215686274510109, 0.8039215686274510109, 0.8039215686274510109 ) ;
#1663 =( NAMED_UNIT ( * ) SI_UNIT ( $, .STERADIAN. ) SOLID_ANGLE_UNIT ( ) );
#1664 = DIRECTION ( 'NONE',  ( 0.000000000000000000, 0.000000000000000000, -1.000000000000000000 ) ) ;
#1665 =( GEOMETRIC_REPRESENTATION_CONTEXT ( 3 ) GLOBAL_UNCERTAINTY_ASSIGNED_CONTEXT ( ( #5043 ) ) GLOBAL_UNIT_ASSIGNED_CONTEXT ( ( #1265, #2965, #2477 ) ) REPRESENTATION_CONTEXT ( 'NONE', 'WORKASPACE' ) );
#1666 = PRESENTATION_STYLE_ASSIGNMENT (( #1212 ) ) ;
#1667 = VERTEX_POINT ( 'NONE', #2585 ) ;
#1668 = CARTESIAN_POINT ( 'NONE',  ( 2.105000000000000870, -2.446255090880788519, -0.6258580972010689969 ) ) ;
#1669 = VERTEX_POINT ( 'NONE', #2684 ) ;
#1670 = DIRECTION ( 'NONE',  ( 0.000000000000000000, 0.06975647374412557999, 0.9975640502598243087 ) ) ;
#1671 = SURFACE_SIDE_STYLE ('',( #6987 ) ) ;
#1672 =( NAMED_UNIT ( * ) SI_UNIT ( $, .STERADIAN. ) SOLID_ANGLE_UNIT ( ) );
#1673 = SURFACE_STYLE_USAGE ( .BOTH. , #466 ) ;
#1674 = STYLED_ITEM ( 'NONE', ( #1707 ), #4847 ) ;
#1675 =( LENGTH_UNIT ( ) NAMED_UNIT ( * ) SI_UNIT ( .MILLI., .METRE. ) );
#1676 = FACE_OUTER_BOUND ( 'NONE', #6251, .T. ) ;
#1677 = DIRECTION ( 'NONE',  ( 0.000000000000000000, -1.000000000000000000, 0.000000000000000000 ) ) ;
#1678 = CARTESIAN_POINT ( 'NONE',  ( -2.374999999999998668, 1.875000000000000000, 0.1000000000000000056 ) ) ;
#1679 = ORIENTED_EDGE ( 'NONE', *, *, #6776, .T. ) ;
#1680 = DIRECTION ( 'NONE',  ( 1.000000000000000000, 0.000000000000000000, 0.000000000000000000 ) ) ;
#1681 = AXIS2_PLACEMENT_3D ( 'NONE', #2576, #421, #6656 ) ;
#1682 = LINE ( 'NONE', #6406, #7293 ) ;
#1683 = LINE ( 'NONE', #6142, #6104 ) ;
#1684 = CARTESIAN_POINT ( 'NONE',  ( 2.375409738600888776, -1.949998880753508246, -0.1000106489190368680 ) ) ;
#1685 = DIRECTION ( 'NONE',  ( 1.000000000000000000, 0.000000000000000000, 0.000000000000000000 ) ) ;
#1686 = VECTOR ( 'NONE', #4201, 1000.000000000000000 ) ;
#1687 = CYLINDRICAL_SURFACE ( 'NONE', #5567, 0.1999999999999995670 ) ;
#1688 = EDGE_CURVE ( 'NONE', #7497, #2457, #6788, .T. ) ;
#1689 = DIRECTION ( 'NONE',  ( -1.000000000000000000, -0.000000000000000000, -0.000000000000000000 ) ) ;
#1690 = ADVANCED_FACE ( 'NONE', ( #2013 ), #4903, .F. ) ;
#1691 = ORIENTED_EDGE ( 'NONE', *, *, #5904, .F. ) ;
#1692 =( NAMED_UNIT ( * ) PLANE_ANGLE_UNIT ( ) SI_UNIT ( $, .RADIAN. ) );
#1693 = EDGE_LOOP ( 'NONE', ( #4577, #5818, #2347, #240 ) ) ;
#1694 = STYLED_ITEM ( 'NONE', ( #2646 ), #4913 ) ;
#1695 = DIRECTION ( 'NONE',  ( 0.000000000000000000, 0.7071067811865511255, 0.7071067811865440200 ) ) ;
#1696 = EDGE_CURVE ( 'NONE', #4338, #1777, #6751, .T. ) ;
#1697 = SURFACE_STYLE_USAGE ( .BOTH. , #5744 ) ;
#1698 = COLOUR_RGB ( '',0.8039215686274510109, 0.8039215686274510109, 0.8039215686274510109 ) ;
#1699 = CARTESIAN_POINT ( 'NONE',  ( 2.311524337873331003, -1.949999999999999956, -0.6999999999999999556 ) ) ;
#1700 =( NAMED_UNIT ( * ) SI_UNIT ( $, .STERADIAN. ) SOLID_ANGLE_UNIT ( ) );
#1701 = DIRECTION ( 'NONE',  ( -0.000000000000000000, 0.000000000000000000, 1.000000000000000000 ) ) ;
#1702 = ORIENTED_EDGE ( 'NONE', *, *, #4237, .T. ) ;
#1703 =( LENGTH_UNIT ( ) NAMED_UNIT ( * ) SI_UNIT ( .MILLI., .METRE. ) );
#1704 = DIRECTION ( 'NONE',  ( 0.000000000000000000, -0.9975640502598243087, -0.06975647374412557999 ) ) ;
#1705 = PRESENTATION_LAYER_ASSIGNMENT (  '', '', ( #3745 ) ) ;
#1706 = ORIENTED_EDGE ( 'NONE', *, *, #6388, .F. ) ;
#1707 = PRESENTATION_STYLE_ASSIGNMENT (( #7435 ) ) ;
#1708 = DIRECTION ( 'NONE',  ( 0.000000000000000000, -1.000000000000000000, 0.000000000000000000 ) ) ;
#1709 = FACE_OUTER_BOUND ( 'NONE', #5290, .T. ) ;
#1710 = CIRCLE ( 'NONE', #3281, 0.07499999999999998335 ) ;
#1711 = VECTOR ( 'NONE', #2643, 1000.000000000000000 ) ;
#1712 = DIRECTION ( 'NONE',  ( 1.000000000000000000, 0.000000000000000000, 0.000000000000000000 ) ) ;
#1713 = FACE_OUTER_BOUND ( 'NONE', #691, .T. ) ;
#1714 = SURFACE_STYLE_USAGE ( .BOTH. , #5145 ) ;
#1715 = CYLINDRICAL_SURFACE ( 'NONE', #2183, 0.07499999999999998335 ) ;
#1716 = ORIENTED_EDGE ( 'NONE', *, *, #2100, .T. ) ;
#1717 = MECHANICAL_DESIGN_GEOMETRIC_PRESENTATION_REPRESENTATION (  '', ( #4341 ), #154 ) ;
#1718 = AXIS2_PLACEMENT_3D ( 'NONE', #6839, #7515, #1606 ) ;
#1719 = FACE_OUTER_BOUND ( 'NONE', #2957, .T. ) ;
#1720 = LINE ( 'NONE', #5148, #4202 ) ;
#1721 = COLOUR_RGB ( '',0.8039215686274510109, 0.8039215686274510109, 0.8039215686274510109 ) ;
#1722 = FACE_OUTER_BOUND ( 'NONE', #1599, .T. ) ;
#1723 = SURFACE_STYLE_FILL_AREA ( #3759 ) ;
#1724 = FILL_AREA_STYLE_COLOUR ( '', #2927 ) ;
#1725 = PRESENTATION_STYLE_ASSIGNMENT (( #4550 ) ) ;
#1726 = MECHANICAL_DESIGN_GEOMETRIC_PRESENTATION_REPRESENTATION (  '', ( #4122 ), #5963 ) ;
#1727 = FILL_AREA_STYLE_COLOUR ( '', #2653 ) ;
#1728 =( LENGTH_UNIT ( ) NAMED_UNIT ( * ) SI_UNIT ( .MILLI., .METRE. ) );
#1729 = EDGE_LOOP ( 'NONE', ( #3084, #7093, #255, #344 ) ) ;
#1730 = MECHANICAL_DESIGN_GEOMETRIC_PRESENTATION_REPRESENTATION (  '', ( #5231 ), #5715 ) ;
#1731 = DIRECTION ( 'NONE',  ( 0.000000000000000000, -1.000000000000000000, 0.000000000000000000 ) ) ;
#1732 = EDGE_CURVE ( 'NONE', #2084, #7326, #1524, .T. ) ;
#1733 = STYLED_ITEM ( 'NONE', ( #345 ), #6921 ) ;
#1734 = CARTESIAN_POINT ( 'NONE',  ( -2.311524337873329671, 1.811524337873330115, -0.6999999999999999556 ) ) ;
#1735 = LINE ( 'NONE', #4051, #4938 ) ;
#1736 =( NAMED_UNIT ( * ) SI_UNIT ( $, .STERADIAN. ) SOLID_ANGLE_UNIT ( ) );
#1737 = ADVANCED_FACE ( 'NONE', ( #3734 ), #7362, .T. ) ;
#1738 = VERTEX_POINT ( 'NONE', #7507 ) ;
#1739 = MECHANICAL_DESIGN_GEOMETRIC_PRESENTATION_REPRESENTATION (  '', ( #3416 ), #1007 ) ;
#1740 = PRESENTATION_STYLE_ASSIGNMENT (( #1166 ) ) ;
#1741 = UNCERTAINTY_MEASURE_WITH_UNIT (LENGTH_MEASURE( 1.000000000000000082E-05 ), #4294, 'distance_accuracy_value', 'NONE');
#1742 = DIRECTION ( 'NONE',  ( 0.000000000000000000, -0.9975640502598243087, -0.06975647374412557999 ) ) ;
#1743 = DIRECTION ( 'NONE',  ( -0.07411551268475129184, 0.7051619993942838116, 0.7051619993942758180 ) ) ;
#1744 =( NAMED_UNIT ( * ) SI_UNIT ( $, .STERADIAN. ) SOLID_ANGLE_UNIT ( ) );
#1745 = EDGE_LOOP ( 'NONE', ( #4267, #4839, #7044, #5556 ) ) ;
#1746 = LINE ( 'NONE', #1059, #4842 ) ;
#1747 = EDGE_LOOP ( 'NONE', ( #576, #2082, #1418, #4104 ) ) ;
#1748 = DIRECTION ( 'NONE',  ( 1.000000000000000000, 0.000000000000000000, 0.000000000000000000 ) ) ;
#1749 = ORIENTED_EDGE ( 'NONE', *, *, #2929, .F. ) ;
#1750 = FILL_AREA_STYLE_COLOUR ( '', #114 ) ;
#1751 = CARTESIAN_POINT ( 'NONE',  ( 0.4350000000000009415, 2.533419388043264942, -0.6918851256749790624 ) ) ;
#1752 = EDGE_CURVE ( 'NONE', #3545, #7194, #5754, .T. ) ;
#1753 = DIRECTION ( 'NONE',  ( -0.9945218953682732899, 0.000000000000000000, 0.1045284632676541231 ) ) ;
#1754 =( GEOMETRIC_REPRESENTATION_CONTEXT ( 3 ) GLOBAL_UNCERTAINTY_ASSIGNED_CONTEXT ( ( #519 ) ) GLOBAL_UNIT_ASSIGNED_CONTEXT ( ( #6397, #2268, #4069 ) ) REPRESENTATION_CONTEXT ( 'NONE', 'WORKASPACE' ) );
#1755 = SURFACE_SIDE_STYLE ('',( #6988 ) ) ;
#1756 = SURFACE_SIDE_STYLE ('',( #5229 ) ) ;
#1757 = CARTESIAN_POINT ( 'NONE',  ( -1.704999999999998961, 2.279999999999998028, -0.7547888812845857665 ) ) ;
#1758 = STYLED_ITEM ( 'NONE', ( #5398 ), #2750 ) ;
#1759 = CARTESIAN_POINT ( 'NONE',  ( 0.4350000000000009415, -2.069139944536888986, -0.1662706234479273959 ) ) ;
#1760 =( LENGTH_UNIT ( ) NAMED_UNIT ( * ) SI_UNIT ( .MILLI., .METRE. ) );
#1761 = EDGE_LOOP ( 'NONE', ( #1428, #4597, #824, #2669 ) ) ;
#1762 = FACE_OUTER_BOUND ( 'NONE', #7191, .T. ) ;
#1763 = PLANE ( 'NONE',  #5766 ) ;
#1764 =( NAMED_UNIT ( * ) PLANE_ANGLE_UNIT ( ) SI_UNIT ( $, .RADIAN. ) );
#1765 = PRESENTATION_STYLE_ASSIGNMENT (( #1836 ) ) ;
#1766 = AXIS2_PLACEMENT_3D ( 'NONE', #6250, #6174, #1026 ) ;
#1767 = DIRECTION ( 'NONE',  ( 1.000000000000000000, 0.000000000000000000, 0.000000000000000000 ) ) ;
#1768 = EDGE_CURVE ( 'NONE', #3369, #5880, #2472, .T. ) ;
#1769 = LINE ( 'NONE', #4045, #4449 ) ;
#1770 = CIRCLE ( 'NONE', #443, 0.07499999999999980294 ) ;
#1771 = SURFACE_STYLE_FILL_AREA ( #6300 ) ;
#1772 = DIRECTION ( 'NONE',  ( 0.000000000000000000, 0.000000000000000000, -1.000000000000000000 ) ) ;
#1773 = DIRECTION ( 'NONE',  ( 0.000000000000000000, 0.000000000000000000, -1.000000000000000000 ) ) ;
#1774 = SURFACE_SIDE_STYLE ('',( #3657 ) ) ;
#1775 = FILL_AREA_STYLE ('',( #1658 ) ) ;
#1776 = CARTESIAN_POINT ( 'NONE',  ( 2.449998880753508690, -1.875409738600887666, 0.1000106489190369929 ) ) ;
#1777 = VERTEX_POINT ( 'NONE', #3297 ) ;
#1778 = CARTESIAN_POINT ( 'NONE',  ( -0.8349999999999991873, -2.045395859880669409, 0.09999999999999999167 ) ) ;
#1779 = PRESENTATION_STYLE_ASSIGNMENT (( #6937 ) ) ;
#1780 = EDGE_CURVE ( 'NONE', #6755, #2841, #5097, .T. ) ;
#1781 =( NAMED_UNIT ( * ) PLANE_ANGLE_UNIT ( ) SI_UNIT ( $, .RADIAN. ) );
#1782 = DIRECTION ( 'NONE',  ( 1.000000000000000000, 0.000000000000000000, 0.000000000000000000 ) ) ;
#1783 = EDGE_CURVE ( 'NONE', #1546, #4484, #6870, .T. ) ;
#1784 = LINE ( 'NONE', #747, #4327 ) ;
#1785 = VERTEX_POINT ( 'NONE', #7470 ) ;
#1786 = COLOUR_RGB ( '',0.8039215686274510109, 0.8039215686274510109, 0.8039215686274510109 ) ;
#1787 = VERTEX_POINT ( 'NONE', #7432 ) ;
#1788 = CARTESIAN_POINT ( 'NONE',  ( 2.375409738600888776, -1.949998880753508246, -0.1000106489190368680 ) ) ;
#1789 = CYLINDRICAL_SURFACE ( 'NONE', #4844, 0.1999999999999995670 ) ;
#1790 =( LENGTH_UNIT ( ) NAMED_UNIT ( * ) SI_UNIT ( .MILLI., .METRE. ) );
#1791 = PRESENTATION_LAYER_ASSIGNMENT (  '', '', ( #6165 ) ) ;
#1792 = DIRECTION ( 'NONE',  ( -0.000000000000000000, -1.000000000000000000, -0.000000000000000000 ) ) ;
#1793 = LINE ( 'NONE', #4666, #2005 ) ;
#1794 = SURFACE_STYLE_USAGE ( .BOTH. , #4178 ) ;
#1795 = ORIENTED_EDGE ( 'NONE', *, *, #2992, .T. ) ;
#1796 = FILL_AREA_STYLE_COLOUR ( '', #6780 ) ;
#1797 = PRESENTATION_STYLE_ASSIGNMENT (( #4547 ) ) ;
#1798 = FACE_OUTER_BOUND ( 'NONE', #6729, .T. ) ;
#1799 = FILL_AREA_STYLE ('',( #652 ) ) ;
#1800 = DIRECTION ( 'NONE',  ( 0.000000000000000000, 0.000000000000000000, 1.000000000000000000 ) ) ;
#1801 =( GEOMETRIC_REPRESENTATION_CONTEXT ( 3 ) GLOBAL_UNCERTAINTY_ASSIGNED_CONTEXT ( ( #5542 ) ) GLOBAL_UNIT_ASSIGNED_CONTEXT ( ( #7268, #7479, #7031 ) ) REPRESENTATION_CONTEXT ( 'NONE', 'WORKASPACE' ) );
#1802 = STYLED_ITEM ( 'NONE', ( #718 ), #4609 ) ;
#1803 = VERTEX_POINT ( 'NONE', #4 ) ;
#1804 = CARTESIAN_POINT ( 'NONE',  ( -2.104999999999999094, 1.949999999999999956, 0.09999999999999999167 ) ) ;
#1805 = EDGE_LOOP ( 'NONE', ( #2596, #7047, #5602 ) ) ;
#1806 = COLOUR_RGB ( '',0.8039215686274510109, 0.8039215686274510109, 0.8039215686274510109 ) ;
#1807 = SURFACE_STYLE_FILL_AREA ( #2938 ) ;
#1808 = AXIS2_PLACEMENT_3D ( 'NONE', #3866, #6778, #5666 ) ;
#1809 = STYLED_ITEM ( 'NONE', ( #3443 ), #221 ) ;
#1810 = SURFACE_STYLE_USAGE ( .BOTH. , #1355 ) ;
#1811 = SURFACE_STYLE_USAGE ( .BOTH. , #5980 ) ;
#1812 = LINE ( 'NONE', #5788, #5030 ) ;
#1813 = ORIENTED_EDGE ( 'NONE', *, *, #259, .F. ) ;
#1814 = UNCERTAINTY_MEASURE_WITH_UNIT (LENGTH_MEASURE( 1.000000000000000082E-05 ), #2539, 'distance_accuracy_value', 'NONE');
#1815 = UNCERTAINTY_MEASURE_WITH_UNIT (LENGTH_MEASURE( 1.000000000000000082E-05 ), #5264, 'distance_accuracy_value', 'NONE');
#1816 =( GEOMETRIC_REPRESENTATION_CONTEXT ( 3 ) GLOBAL_UNCERTAINTY_ASSIGNED_CONTEXT ( ( #4821 ) ) GLOBAL_UNIT_ASSIGNED_CONTEXT ( ( #2894, #5825, #2814 ) ) REPRESENTATION_CONTEXT ( 'NONE', 'WORKASPACE' ) );
#1817 = FILL_AREA_STYLE ('',( #2825 ) ) ;
#1818 = STYLED_ITEM ( 'NONE', ( #1931 ), #4899 ) ;
#1819 = PLANE ( 'NONE',  #2301 ) ;
#1820 = CARTESIAN_POINT ( 'NONE',  ( 2.311524337873331003, 1.811524337873330115, 0.6999999999999999556 ) ) ;
#1821 =( NAMED_UNIT ( * ) PLANE_ANGLE_UNIT ( ) SI_UNIT ( $, .RADIAN. ) );
#1822 = ORIENTED_EDGE ( 'NONE', *, *, #2324, .T. ) ;
#1823 =( LENGTH_UNIT ( ) NAMED_UNIT ( * ) SI_UNIT ( .MILLI., .METRE. ) );
#1824 = CARTESIAN_POINT ( 'NONE',  ( 2.311524337873330559, -1.534775106360672492, 0.6999999999999999556 ) ) ;
#1825 = UNCERTAINTY_MEASURE_WITH_UNIT (LENGTH_MEASURE( 1.000000000000000082E-05 ), #909, 'distance_accuracy_value', 'NONE');
#1826 = EDGE_CURVE ( 'NONE', #6639, #4187, #2303, .T. ) ;
#1827 = STYLED_ITEM ( 'NONE', ( #4293 ), #5085 ) ;
#1828 = CARTESIAN_POINT ( 'NONE',  ( -1.704999999999998961, -2.280000000000000249, -0.7547888812845849893 ) ) ;
#1829 = PLANE ( 'NONE',  #3388 ) ;
#1830 = ORIENTED_EDGE ( 'NONE', *, *, #2375, .T. ) ;
#1831 =( NAMED_UNIT ( * ) PLANE_ANGLE_UNIT ( ) SI_UNIT ( $, .RADIAN. ) );
#1832 = FILL_AREA_STYLE ('',( #7073 ) ) ;
#1833 = CARTESIAN_POINT ( 'NONE',  ( 2.450000000000000178, -1.875000000000000000, 0.1000000000000000056 ) ) ;
#1834 = EDGE_CURVE ( 'NONE', #7007, #4919, #6387, .T. ) ;
#1835 = AXIS2_PLACEMENT_3D ( 'NONE', #7131, #1887, #5981 ) ;
#1836 = SURFACE_STYLE_USAGE ( .BOTH. , #7115 ) ;
#1837 = CIRCLE ( 'NONE', #614, 0.1000000000000002137 ) ;
#1838 = CARTESIAN_POINT ( 'NONE',  ( -1.704999999999998961, 2.233675748954446316, -0.03254124689585535107 ) ) ;
#1839 = LINE ( 'NONE', #4787, #3610 ) ;
#1840 = CARTESIAN_POINT ( 'NONE',  ( -2.386113480025949585, 1.811524337873330115, 0.7078396347450740533 ) ) ;
#1841 = VECTOR ( 'NONE', #5255, 1000.000000000000000 ) ;
#1842 = FILL_AREA_STYLE_COLOUR ( '', #2707 ) ;
#1843 = PLANE ( 'NONE',  #5876 ) ;
#1844 = VERTEX_POINT ( 'NONE', #1596 ) ;
#1845 = ORIENTED_EDGE ( 'NONE', *, *, #299, .F. ) ;
#1846 = CIRCLE ( 'NONE', #2073, 0.07499999999999998335 ) ;
#1847 = COLOUR_RGB ( '',0.8039215686274510109, 0.8039215686274510109, 0.8039215686274510109 ) ;
#1848 = LINE ( 'NONE', #2407, #2051 ) ;
#1849 = EDGE_CURVE ( 'NONE', #4485, #638, #3917, .T. ) ;
#1850 = MECHANICAL_DESIGN_GEOMETRIC_PRESENTATION_REPRESENTATION (  '', ( #1244 ), #5344 ) ;
#1851 = AXIS2_PLACEMENT_3D ( 'NONE', #1563, #4426, #6087 ) ;
#1852 =( LENGTH_UNIT ( ) NAMED_UNIT ( * ) SI_UNIT ( .MILLI., .METRE. ) );
#1853 = FILL_AREA_STYLE ('',( #3016 ) ) ;
#1854 = CARTESIAN_POINT ( 'NONE',  ( -2.311524337873329227, 1.811524337873330115, 0.6999999999999999556 ) ) ;
#1855 = DIRECTION ( 'NONE',  ( 0.000000000000000000, 1.000000000000000000, 0.000000000000000000 ) ) ;
#1856 = CARTESIAN_POINT ( 'NONE',  ( 1.705000000000000959, 2.045395859880669409, 0.09999999999999999167 ) ) ;
#1857 = EDGE_LOOP ( 'NONE', ( #207, #4876, #5135, #4826 ) ) ;
#1858 = VERTEX_POINT ( 'NONE', #4496 ) ;
#1859 = VERTEX_POINT ( 'NONE', #2721 ) ;
#1860 = FILL_AREA_STYLE_COLOUR ( '', #4354 ) ;
#1861 = PLANE ( 'NONE',  #3481 ) ;
#1862 = FILL_AREA_STYLE ('',( #678 ) ) ;
#1863 = ORIENTED_EDGE ( 'NONE', *, *, #3561, .T. ) ;
#1864 = AXIS2_PLACEMENT_3D ( 'NONE', #6456, #4789, #3003 ) ;
#1865 = CARTESIAN_POINT ( 'NONE',  ( 2.311524337873331447, -1.886113480025950695, -0.7078396347450740533 ) ) ;
#1866 = DIRECTION ( 'NONE',  ( 0.000000000000000000, 0.000000000000000000, -1.000000000000000000 ) ) ;
#1867 = ORIENTED_EDGE ( 'NONE', *, *, #839, .T. ) ;
#1868 = CARTESIAN_POINT ( 'NONE',  ( -1.704999999999998961, 2.454328594324949986, -0.8868429382324097832 ) ) ;
#1869 = DIRECTION ( 'NONE',  ( 1.000000000000000000, 0.000000000000000000, 0.000000000000000000 ) ) ;
#1870 = DIRECTION ( 'NONE',  ( 0.000000000000000000, 0.000000000000000000, -1.000000000000000000 ) ) ;
#1871 = DIRECTION ( 'NONE',  ( 1.000000000000000000, 0.000000000000000000, 0.000000000000000000 ) ) ;
#1872 = MECHANICAL_DESIGN_GEOMETRIC_PRESENTATION_REPRESENTATION (  '', ( #2110 ), #6753 ) ;
#1873 = FACE_OUTER_BOUND ( 'NONE', #975, .T. ) ;
#1874 = EDGE_CURVE ( 'NONE', #4718, #257, #2224, .T. ) ;
#1875 =( NAMED_UNIT ( * ) PLANE_ANGLE_UNIT ( ) SI_UNIT ( $, .RADIAN. ) );
#1876 = LINE ( 'NONE', #7153, #3905 ) ;
#1877 = VERTEX_POINT ( 'NONE', #3356 ) ;
#1878 = EDGE_CURVE ( 'NONE', #4919, #383, #2910, .T. ) ;
#1879 = CYLINDRICAL_SURFACE ( 'NONE', #6218, 0.1000000000000002137 ) ;
#1880 = EDGE_LOOP ( 'NONE', ( #6628, #331, #568, #4947, #3499, #556 ) ) ;
#1881 = MECHANICAL_DESIGN_GEOMETRIC_PRESENTATION_REPRESENTATION (  '', ( #5263 ), #7136 ) ;
#1882 = CARTESIAN_POINT ( 'NONE',  ( -2.376217025357842516, 1.876217025357843404, 0.08449019374921865055 ) ) ;
#1883 = DIRECTION ( 'NONE',  ( 0.000000000000000000, 0.000000000000000000, -1.000000000000000000 ) ) ;
#1884 = PLANE ( 'NONE',  #3970 ) ;
#1885 = EDGE_CURVE ( 'NONE', #7023, #725, #6905, .T. ) ;
#1886 = DIRECTION ( 'NONE',  ( 1.000000000000000000, 0.000000000000000000, 0.000000000000000000 ) ) ;
#1887 = DIRECTION ( 'NONE',  ( -1.000000000000000000, -0.000000000000000000, -0.000000000000000000 ) ) ;
#1888 = COLOUR_RGB ( '',0.2862745098039215508, 0.2862745098039215508, 0.2862745098039215508 ) ;
#1889 =( NAMED_UNIT ( * ) PLANE_ANGLE_UNIT ( ) SI_UNIT ( $, .RADIAN. ) );
#1890 = UNCERTAINTY_MEASURE_WITH_UNIT (LENGTH_MEASURE( 1.000000000000000082E-05 ), #5916, 'distance_accuracy_value', 'NONE');
#1891 = UNCERTAINTY_MEASURE_WITH_UNIT (LENGTH_MEASURE( 1.000000000000000082E-05 ), #1392, 'distance_accuracy_value', 'NONE');
#1892 =( GEOMETRIC_REPRESENTATION_CONTEXT ( 3 ) GLOBAL_UNCERTAINTY_ASSIGNED_CONTEXT ( ( #3094 ) ) GLOBAL_UNIT_ASSIGNED_CONTEXT ( ( #1852, #2939, #7129 ) ) REPRESENTATION_CONTEXT ( 'NONE', 'WORKASPACE' ) );
#1893 = DIRECTION ( 'NONE',  ( 1.000000000000000000, 0.000000000000000000, 0.000000000000000000 ) ) ;
#1894 = ORIENTED_EDGE ( 'NONE', *, *, #3428, .F. ) ;
#1895 = VERTEX_POINT ( 'NONE', #6432 ) ;
#1896 =( BOUNDED_CURVE ( )  B_SPLINE_CURVE ( 3, ( #248, #7266, #7149, #916 ),
 .UNSPECIFIED., .F., .F. ) 
 B_SPLINE_CURVE_WITH_KNOTS ( ( 4, 4 ),
 ( 6.277722098658046868, 6.283185307179586232 ),
 .UNSPECIFIED. ) 
 CURVE ( )  GEOMETRIC_REPRESENTATION_ITEM ( )  RATIONAL_B_SPLINE_CURVE ( ( 1.000000000000000000, 0.9999975127809339615, 0.9999975127809339615, 1.000000000000000000 ) ) 
 REPRESENTATION_ITEM ( '' )  );
#1897 = ORIENTED_EDGE ( 'NONE', *, *, #2701, .T. ) ;
#1898 = PRESENTATION_STYLE_ASSIGNMENT (( #6554 ) ) ;
#1899 = FILL_AREA_STYLE_COLOUR ( '', #4977 ) ;
#1900 = UNCERTAINTY_MEASURE_WITH_UNIT (LENGTH_MEASURE( 1.000000000000000082E-05 ), #5902, 'distance_accuracy_value', 'NONE');
#1901 = PRESENTATION_LAYER_ASSIGNMENT (  '', '', ( #6534 ) ) ;
#1902 = VECTOR ( 'NONE', #3774, 1000.000000000000000 ) ;
#1903 = FACE_OUTER_BOUND ( 'NONE', #3623, .T. ) ;
#1904 = CARTESIAN_POINT ( 'NONE',  ( 2.375409738600888332, -1.949998880753508246, 0.1000106489190368680 ) ) ;
#1905 = ORIENTED_EDGE ( 'NONE', *, *, #6725, .F. ) ;
#1906 = DIRECTION ( 'NONE',  ( 0.000000000000000000, -0.06975647374412557999, 0.9975640502598243087 ) ) ;
#1907 = VERTEX_POINT ( 'NONE', #7099 ) ;
#1908 = LINE ( 'NONE', #6565, #2641 ) ;
#1909 = SURFACE_STYLE_USAGE ( .BOTH. , #4290 ) ;
#1910 = VECTOR ( 'NONE', #5830, 1000.000000000000000 ) ;
#1911 = CARTESIAN_POINT ( 'NONE',  ( -2.236105862303340519, -0.1075479604380649573, 2.135066780667667530 ) ) ;
#1912 = LINE ( 'NONE', #4758, #6371 ) ;
#1913 = ORIENTED_EDGE ( 'NONE', *, *, #6503, .F. ) ;
#1914 = COLOUR_RGB ( '',0.8039215686274510109, 0.8039215686274510109, 0.8039215686274510109 ) ;
#1915 = ORIENTED_EDGE ( 'NONE', *, *, #5951, .T. ) ;
#1916 = EDGE_CURVE ( 'NONE', #7460, #4793, #2462, .T. ) ;
#1917 = VECTOR ( 'NONE', #6956, 1000.000000000000000 ) ;
#1918 =( NAMED_UNIT ( * ) SI_UNIT ( $, .STERADIAN. ) SOLID_ANGLE_UNIT ( ) );
#1919 = CARTESIAN_POINT ( 'NONE',  ( 1.705000000000000959, -1.974999999999999867, -0.1000000000000000194 ) ) ;
#1920 = LINE ( 'NONE', #1201, #3807 ) ;
#1921 = PRESENTATION_STYLE_ASSIGNMENT (( #1811 ) ) ;
#1922 = PRESENTATION_LAYER_ASSIGNMENT (  '', '', ( #2155 ) ) ;
#1923 = STYLED_ITEM ( 'NONE', ( #1588 ), #113 ) ;
#1924 = VERTEX_POINT ( 'NONE', #5333 ) ;
#1925 = EDGE_CURVE ( 'NONE', #335, #5021, #5879, .T. ) ;
#1926 = FILL_AREA_STYLE_COLOUR ( '', #821 ) ;
#1927 = CARTESIAN_POINT ( 'NONE',  ( -0.8349999999999991873, -2.540395035417677416, -0.5921287206489965760 ) ) ;
#1928 = COLOUR_RGB ( '',0.8039215686274510109, 0.8039215686274510109, 0.8039215686274510109 ) ;
#1929 = SURFACE_SIDE_STYLE ('',( #3552 ) ) ;
#1930 = ORIENTED_EDGE ( 'NONE', *, *, #5202, .T. ) ;
#1931 = PRESENTATION_STYLE_ASSIGNMENT (( #3588 ) ) ;
#1932 = VERTEX_POINT ( 'NONE', #5840 ) ;
#1933 = MECHANICAL_DESIGN_GEOMETRIC_PRESENTATION_REPRESENTATION (  '', ( #3267 ), #3146 ) ;
#1934 = CARTESIAN_POINT ( 'NONE',  ( 1.705000000000000959, 1.974999999999999867, -0.1999999999999999833 ) ) ;
#1935 = ORIENTED_EDGE ( 'NONE', *, *, #1752, .F. ) ;
#1936 = ORIENTED_EDGE ( 'NONE', *, *, #5281, .T. ) ;
#1937 = LINE ( 'NONE', #5461, #1195 ) ;
#1938 = DIRECTION ( 'NONE',  ( 0.000000000000000000, -1.000000000000000000, 0.000000000000000000 ) ) ;
#1939 = DIRECTION ( 'NONE',  ( 0.000000000000000000, 0.3372937655207292607, 0.9413994453688865338 ) ) ;
#1940 = STYLED_ITEM ( 'NONE', ( #7101 ), #1501 ) ;
#1941 = AXIS2_PLACEMENT_3D ( 'NONE', #3427, #5749, #1664 ) ;
#1942 = SURFACE_STYLE_USAGE ( .BOTH. , #6009 ) ;
#1943 =( NAMED_UNIT ( * ) PLANE_ANGLE_UNIT ( ) SI_UNIT ( $, .RADIAN. ) );
#1944 = SURFACE_SIDE_STYLE ('',( #2516 ) ) ;
#1945 = ORIENTED_EDGE ( 'NONE', *, *, #1925, .T. ) ;
#1946 = COLOUR_RGB ( '',0.8039215686274510109, 0.8039215686274510109, 0.8039215686274510109 ) ;
#1947 = PRESENTATION_LAYER_ASSIGNMENT (  '', '', ( #381 ) ) ;
#1948 = ORIENTED_EDGE ( 'NONE', *, *, #4654, .T. ) ;
#1949 = EDGE_CURVE ( 'NONE', #3459, #641, #5953, .T. ) ;
#1950 = DIRECTION ( 'NONE',  ( 0.000000000000000000, 0.000000000000000000, -1.000000000000000000 ) ) ;
#1951 = VECTOR ( 'NONE', #5217, 1000.000000000000000 ) ;
#1952 = STYLED_ITEM ( 'NONE', ( #6153 ), #5626 ) ;
#1953 = DIRECTION ( 'NONE',  ( 0.000000000000000000, 0.000000000000000000, 1.000000000000000000 ) ) ;
#1954 = PRESENTATION_STYLE_ASSIGNMENT (( #694 ) ) ;
#1955 = LINE ( 'NONE', #804, #7427 ) ;
#1956 = COLOUR_RGB ( '',0.2862745098039215508, 0.2862745098039215508, 0.2862745098039215508 ) ;
#1957 = DIRECTION ( 'NONE',  ( 0.000000000000000000, 0.000000000000000000, -1.000000000000000000 ) ) ;
#1958 = MECHANICAL_DESIGN_GEOMETRIC_PRESENTATION_REPRESENTATION (  '', ( #5595 ), #7450 ) ;
#1959 = SURFACE_SIDE_STYLE ('',( #1312 ) ) ;
#1960 = EDGE_CURVE ( 'NONE', #3053, #6728, #2501, .T. ) ;
#1961 = EDGE_CURVE ( 'NONE', #717, #4617, #3466, .T. ) ;
#1962 = UNCERTAINTY_MEASURE_WITH_UNIT (LENGTH_MEASURE( 1.000000000000000082E-05 ), #3377, 'distance_accuracy_value', 'NONE');
#1963 = UNCERTAINTY_MEASURE_WITH_UNIT (LENGTH_MEASURE( 1.000000000000000082E-05 ), #6233, 'distance_accuracy_value', 'NONE');
#1964 = DIRECTION ( 'NONE',  ( 0.000000000000000000, -0.9975640502598241977, 0.06975647374412528856 ) ) ;
#1965 = PRESENTATION_STYLE_ASSIGNMENT (( #4730 ) ) ;
#1966 = EDGE_CURVE ( 'NONE', #7309, #6630, #2987, .T. ) ;
#1967 = CARTESIAN_POINT ( 'NONE',  ( 0.8350000000000008527, -2.233675748954446316, -0.03254124689585535107 ) ) ;
#1968 = PRESENTATION_STYLE_ASSIGNMENT (( #4858 ) ) ;
#1969 = ADVANCED_FACE ( 'NONE', ( #3026 ), #4205, .T. ) ;
#1970 =( NAMED_UNIT ( * ) PLANE_ANGLE_UNIT ( ) SI_UNIT ( $, .RADIAN. ) );
#1971 = ORIENTED_EDGE ( 'NONE', *, *, #5448, .F. ) ;
#1972 = SURFACE_STYLE_USAGE ( .BOTH. , #1403 ) ;
#1973 = UNCERTAINTY_MEASURE_WITH_UNIT (LENGTH_MEASURE( 1.000000000000000082E-05 ), #5760, 'distance_accuracy_value', 'NONE');
#1974 = FILL_AREA_STYLE_COLOUR ( '', #2528 ) ;
#1975 = PRESENTATION_LAYER_ASSIGNMENT (  '', '', ( #4851 ) ) ;
#1976 = SURFACE_SIDE_STYLE ('',( #3698 ) ) ;
#1977 = DIRECTION ( 'NONE',  ( 1.000000000000000000, 0.000000000000000000, 0.000000000000000000 ) ) ;
#1978 = ORIENTED_EDGE ( 'NONE', *, *, #5192, .T. ) ;
#1979 = LINE ( 'NONE', #2474, #6824 ) ;
#1980 = LINE ( 'NONE', #4708, #7409 ) ;
#1981 = EDGE_CURVE ( 'NONE', #1249, #2656, #5795, .T. ) ;
#1982 = FACE_OUTER_BOUND ( 'NONE', #2765, .T. ) ;
#1983 =( GEOMETRIC_REPRESENTATION_CONTEXT ( 3 ) GLOBAL_UNCERTAINTY_ASSIGNED_CONTEXT ( ( #5833 ) ) GLOBAL_UNIT_ASSIGNED_CONTEXT ( ( #1194, #5816, #5898 ) ) REPRESENTATION_CONTEXT ( 'NONE', 'WORKASPACE' ) );
#1984 = CARTESIAN_POINT ( 'NONE',  ( -2.311524337873329227, -1.811524337873330115, -0.6999999999999999556 ) ) ;
#1985 = PRESENTATION_STYLE_ASSIGNMENT (( #7230 ) ) ;
#1986 = ORIENTED_EDGE ( 'NONE', *, *, #5752, .T. ) ;
#1987 = AXIS2_PLACEMENT_3D ( 'NONE', #7338, #947, #2801 ) ;
#1988 = VERTEX_POINT ( 'NONE', #3622 ) ;
#1989 = MECHANICAL_DESIGN_GEOMETRIC_PRESENTATION_REPRESENTATION (  '', ( #4369 ), #1983 ) ;
#1990 = PRESENTATION_STYLE_ASSIGNMENT (( #6108 ) ) ;
#1991 = EDGE_CURVE ( 'NONE', #2709, #5119, #1107, .T. ) ;
#1992 =( LENGTH_UNIT ( ) NAMED_UNIT ( * ) SI_UNIT ( .MILLI., .METRE. ) );
#1993 = MECHANICAL_DESIGN_GEOMETRIC_PRESENTATION_REPRESENTATION (  '', ( #4868 ), #654 ) ;
#1994 = DIRECTION ( 'NONE',  ( 0.000000000000000000, 0.000000000000000000, -1.000000000000000000 ) ) ;
#1995 = EDGE_LOOP ( 'NONE', ( #5905, #2075, #3431, #1544, #6981, #4231, #6239, #709 ) ) ;
#1996 = VECTOR ( 'NONE', #1855, 1000.000000000000000 ) ;
#1997 = VECTOR ( 'NONE', #6184, 1000.000000000000000 ) ;
#1998 = PRESENTATION_STYLE_ASSIGNMENT (( #1365 ) ) ;
#1999 = SURFACE_SIDE_STYLE ('',( #7244 ) ) ;
#2000 = CARTESIAN_POINT ( 'NONE',  ( -2.104999999999999094, -3.000000000000000000, -0.9250000000000000444 ) ) ;
#2001 = EDGE_CURVE ( 'NONE', #4555, #2934, #4102, .T. ) ;
#2002 = CARTESIAN_POINT ( 'NONE',  ( 0.4350000000000009415, -2.533419388043264942, -0.6918851256749790624 ) ) ;
#2003 =( NAMED_UNIT ( * ) SI_UNIT ( $, .STERADIAN. ) SOLID_ANGLE_UNIT ( ) );
#2004 =( NAMED_UNIT ( * ) SI_UNIT ( $, .STERADIAN. ) SOLID_ANGLE_UNIT ( ) );
#2005 = VECTOR ( 'NONE', #7071, 1000.000000000000000 ) ;
#2006 = SURFACE_SIDE_STYLE ('',( #857 ) ) ;
#2007 = ORIENTED_EDGE ( 'NONE', *, *, #1961, .F. ) ;
#2008 = STYLED_ITEM ( 'NONE', ( #5941 ), #3764 ) ;
#2009 = EDGE_CURVE ( 'NONE', #3176, #1895, #377, .T. ) ;
#2010 = EDGE_CURVE ( 'NONE', #4187, #5512, #4447, .T. ) ;
#2011 = CARTESIAN_POINT ( 'NONE',  ( 0.8350000000000008527, -2.280000000000000249, -0.7547888812845849893 ) ) ;
#2012 = DIRECTION ( 'NONE',  ( 0.000000000000000000, -0.9413994453688880881, 0.3372937655207250973 ) ) ;
#2013 = FACE_OUTER_BOUND ( 'NONE', #5452, .T. ) ;
#2014 = ORIENTED_EDGE ( 'NONE', *, *, #1780, .T. ) ;
#2015 = ORIENTED_EDGE ( 'NONE', *, *, #6968, .F. ) ;
#2016 = STYLED_ITEM ( 'NONE', ( #7372 ), #4042 ) ;
#2017 = LINE ( 'NONE', #4366, #5789 ) ;
#2018 = DIRECTION ( 'NONE',  ( 0.000000000000000000, 0.9975640502598241977, 0.06975647374412528856 ) ) ;
#2019 = ADVANCED_FACE ( 'NONE', ( #3725 ), #4358, .F. ) ;
#2020 = EDGE_CURVE ( 'NONE', #3819, #4338, #3750, .T. ) ;
#2021 = SURFACE_SIDE_STYLE ('',( #2627 ) ) ;
#2022 = DIRECTION ( 'NONE',  ( 0.000000000000000000, 0.000000000000000000, -1.000000000000000000 ) ) ;
#2023 = EDGE_LOOP ( 'NONE', ( #4402, #2715, #341, #4027, #942, #5276, #4937, #5629, #1000, #3606, #3232, #6024 ) ) ;
#2024 = FILL_AREA_STYLE ('',( #2631 ) ) ;
#2025 = ORIENTED_EDGE ( 'NONE', *, *, #3749, .T. ) ;
#2026 = STYLED_ITEM ( 'NONE', ( #101 ), #4207 ) ;
#2027 = FACE_OUTER_BOUND ( 'NONE', #5612, .T. ) ;
#2028 = CARTESIAN_POINT ( 'NONE',  ( 2.449760935694446751, 1.918963392251840760, 0.1022745449310354798 ) ) ;
#2029 = LINE ( 'NONE', #926, #4886 ) ;
#2030 = FILL_AREA_STYLE ('',( #1469 ) ) ;
#2031 = CARTESIAN_POINT ( 'NONE',  ( 0.8350000000000008527, 1.974999999999999867, -0.1999999999999999833 ) ) ;
#2032 = ORIENTED_EDGE ( 'NONE', *, *, #2701, .F. ) ;
#2033 =( LENGTH_UNIT ( ) NAMED_UNIT ( * ) SI_UNIT ( .MILLI., .METRE. ) );
#2034 = FILL_AREA_STYLE_COLOUR ( '', #5975 ) ;
#2035 = EDGE_CURVE ( 'NONE', #954, #5680, #238, .T. ) ;
#2036 = UNCERTAINTY_MEASURE_WITH_UNIT (LENGTH_MEASURE( 1.000000000000000082E-05 ), #3068, 'distance_accuracy_value', 'NONE');
#2037 = CARTESIAN_POINT ( 'NONE',  ( -2.104999999999999094, 3.000000000000000000, -0.9250000000000000444 ) ) ;
#2038 = PRESENTATION_LAYER_ASSIGNMENT (  '', '', ( #6661 ) ) ;
#2039 = CARTESIAN_POINT ( 'NONE',  ( 0.4350000000000009415, -2.540395035417677416, -0.5921287206489965760 ) ) ;
#2040 = CIRCLE ( 'NONE', #6928, 0.1999999999999978184 ) ;
#2041 = VECTOR ( 'NONE', #4005, 1000.000000000000227 ) ;
#2042 =( NAMED_UNIT ( * ) PLANE_ANGLE_UNIT ( ) SI_UNIT ( $, .RADIAN. ) );
#2043 = ORIENTED_EDGE ( 'NONE', *, *, #6643, .T. ) ;
#2044 = CARTESIAN_POINT ( 'NONE',  ( 0.4350000000000009415, 1.974999999999999867, -0.1000000000000000194 ) ) ;
#2045 = UNCERTAINTY_MEASURE_WITH_UNIT (LENGTH_MEASURE( 1.000000000000000082E-05 ), #5040, 'distance_accuracy_value', 'NONE');
#2046 = CLOSED_SHELL ( 'NONE', ( #2140, #2381, #7056, #4478, #6681, #6443, #5536, #1192, #2603, #3576, #3078, #163, #5242, #2517 ) ) ;
#2047 = DIRECTION ( 'NONE',  ( 1.000000000000000000, 0.000000000000000000, 0.000000000000000000 ) ) ;
#2048 =( NAMED_UNIT ( * ) PLANE_ANGLE_UNIT ( ) SI_UNIT ( $, .RADIAN. ) );
#2049 =( LENGTH_UNIT ( ) NAMED_UNIT ( * ) SI_UNIT ( .MILLI., .METRE. ) );
#2050 = EDGE_LOOP ( 'NONE', ( #460, #585, #6001, #2043 ) ) ;
#2051 = VECTOR ( 'NONE', #6508, 999.9999999999998863 ) ;
#2052 = COLOUR_RGB ( '',0.8039215686274510109, 0.8039215686274510109, 0.8039215686274510109 ) ;
#2053 = VERTEX_POINT ( 'NONE', #2534 ) ;
#2054 = EDGE_CURVE ( 'NONE', #1924, #7023, #6416, .T. ) ;
#2055 = EDGE_CURVE ( 'NONE', #257, #3536, #1399, .T. ) ;
#2056 = SURFACE_SIDE_STYLE ('',( #7337 ) ) ;
#2057 = SURFACE_STYLE_FILL_AREA ( #5967 ) ;
#2058 = MECHANICAL_DESIGN_GEOMETRIC_PRESENTATION_REPRESENTATION (  '', ( #4088 ), #3732 ) ;
#2059 = COLOUR_RGB ( '',0.8039215686274510109, 0.8039215686274510109, 0.8039215686274510109 ) ;
#2060 =( NAMED_UNIT ( * ) PLANE_ANGLE_UNIT ( ) SI_UNIT ( $, .RADIAN. ) );
#2061 = ORIENTED_EDGE ( 'NONE', *, *, #5095, .T. ) ;
#2062 = EDGE_CURVE ( 'NONE', #3540, #3508, #6121, .T. ) ;
#2063 = COLOUR_RGB ( '',0.8039215686274510109, 0.8039215686274510109, 0.8039215686274510109 ) ;
#2064 = EDGE_LOOP ( 'NONE', ( #6727, #149, #5701, #4559 ) ) ;
#2065 = VECTOR ( 'NONE', #1792, 1000.000000000000000 ) ;
#2066 = ORIENTED_EDGE ( 'NONE', *, *, #7255, .F. ) ;
#2067 = LINE ( 'NONE', #6805, #1579 ) ;
#2068 = VECTOR ( 'NONE', #7445, 1000.000000000000000 ) ;
#2069 = SURFACE_STYLE_USAGE ( .BOTH. , #5599 ) ;
#2070 = EDGE_CURVE ( 'NONE', #368, #139, #3769, .T. ) ;
#2071 = DIRECTION ( 'NONE',  ( 0.000000000000000000, -0.9975640502598241977, 0.06975647374412528856 ) ) ;
#2072 = PLANE ( 'NONE',  #5705 ) ;
#2073 = AXIS2_PLACEMENT_3D ( 'NONE', #5974, #2698, #2210 ) ;
#2074 =( GEOMETRIC_REPRESENTATION_CONTEXT ( 3 ) GLOBAL_UNCERTAINTY_ASSIGNED_CONTEXT ( ( #1825 ) ) GLOBAL_UNIT_ASSIGNED_CONTEXT ( ( #909, #3182, #5572 ) ) REPRESENTATION_CONTEXT ( 'NONE', 'WORKASPACE' ) );
#2075 = ORIENTED_EDGE ( 'NONE', *, *, #7343, .F. ) ;
#2076 = ORIENTED_EDGE ( 'NONE', *, *, #5388, .F. ) ;
#2077 = SURFACE_SIDE_STYLE ('',( #904 ) ) ;
#2078 = SPHERICAL_SURFACE ( 'NONE', #3400, 0.07499999999999999722 ) ;
#2079 =( GEOMETRIC_REPRESENTATION_CONTEXT ( 3 ) GLOBAL_UNCERTAINTY_ASSIGNED_CONTEXT ( ( #4811 ) ) GLOBAL_UNIT_ASSIGNED_CONTEXT ( ( #6324, #1764, #1230 ) ) REPRESENTATION_CONTEXT ( 'NONE', 'WORKASPACE' ) );
#2080 = CARTESIAN_POINT ( 'NONE',  ( 2.449998880753508690, 1.875409738600887888, -0.1000106489190328019 ) ) ;
#2081 = CARTESIAN_POINT ( 'NONE',  ( -2.449999999999998401, -1.875000000000000000, 0.1000000000000000056 ) ) ;
#2082 = ORIENTED_EDGE ( 'NONE', *, *, #6643, .F. ) ;
#2083 = PRESENTATION_LAYER_ASSIGNMENT (  '', '', ( #3766 ) ) ;
#2084 = VERTEX_POINT ( 'NONE', #6743 ) ;
#2085 = LINE ( 'NONE', #6756, #4525 ) ;
#2086 = CARTESIAN_POINT ( 'NONE',  ( 2.311524337873331003, 1.811524337873330115, -0.7750000000000000222 ) ) ;
#2087 = UNCERTAINTY_MEASURE_WITH_UNIT (LENGTH_MEASURE( 1.000000000000000082E-05 ), #1526, 'distance_accuracy_value', 'NONE');
#2088 = MECHANICAL_DESIGN_GEOMETRIC_PRESENTATION_REPRESENTATION (  '', ( #6735 ), #3660 ) ;
#2089 = SURFACE_SIDE_STYLE ('',( #4875 ) ) ;
#2090 =( NAMED_UNIT ( * ) SI_UNIT ( $, .STERADIAN. ) SOLID_ANGLE_UNIT ( ) );
#2091 = ORIENTED_EDGE ( 'NONE', *, *, #1654, .T. ) ;
#2092 = PRESENTATION_LAYER_ASSIGNMENT (  '', '', ( #3303 ) ) ;
#2093 = CARTESIAN_POINT ( 'NONE',  ( -0.8349999999999991873, 2.045395859880669409, -0.1000000000000000194 ) ) ;
#2094 = ORIENTED_EDGE ( 'NONE', *, *, #3116, .F. ) ;
#2095 = ORIENTED_EDGE ( 'NONE', *, *, #3350, .T. ) ;
#2096 = DIRECTION ( 'NONE',  ( 1.000000000000000000, 0.000000000000000000, 0.000000000000000000 ) ) ;
#2097 = ADVANCED_FACE ( 'NONE', ( #340 ), #2730, .F. ) ;
#2098 = MECHANICAL_DESIGN_GEOMETRIC_PRESENTATION_REPRESENTATION (  '', ( #2951 ), #2343 ) ;
#2099 = CYLINDRICAL_SURFACE ( 'NONE', #5716, 0.07499999999999980294 ) ;
#2100 = EDGE_CURVE ( 'NONE', #1591, #806, #2918, .T. ) ;
#2101 =( NAMED_UNIT ( * ) PLANE_ANGLE_UNIT ( ) SI_UNIT ( $, .RADIAN. ) );
#2102 = MECHANICAL_DESIGN_GEOMETRIC_PRESENTATION_REPRESENTATION (  '', ( #5866 ), #1259 ) ;
#2103 = SURFACE_STYLE_FILL_AREA ( #5034 ) ;
#2104 = ORIENTED_EDGE ( 'NONE', *, *, #3841, .F. ) ;
#2105 = COLOUR_RGB ( '',0.8039215686274510109, 0.8039215686274510109, 0.8039215686274510109 ) ;
#2106 = UNCERTAINTY_MEASURE_WITH_UNIT (LENGTH_MEASURE( 1.000000000000000082E-05 ), #5812, 'distance_accuracy_value', 'NONE');
#2107 = PLANE ( 'NONE',  #3957 ) ;
#2108 = EDGE_CURVE ( 'NONE', #5843, #7471, #1064, .T. ) ;
#2109 = CARTESIAN_POINT ( 'NONE',  ( -1.704999999999998961, 1.974999999999999867, -0.1999999999999999833 ) ) ;
#2110 = STYLED_ITEM ( 'NONE', ( #1130 ), #2738 ) ;
#2111 = DIRECTION ( 'NONE',  ( 0.000000000000000000, 0.000000000000000000, -1.000000000000000000 ) ) ;
#2112 =( NAMED_UNIT ( * ) PLANE_ANGLE_UNIT ( ) SI_UNIT ( $, .RADIAN. ) );
#2113 =( GEOMETRIC_REPRESENTATION_CONTEXT ( 3 ) GLOBAL_UNCERTAINTY_ASSIGNED_CONTEXT ( ( #6381 ) ) GLOBAL_UNIT_ASSIGNED_CONTEXT ( ( #6365, #3972, #5237 ) ) REPRESENTATION_CONTEXT ( 'NONE', 'WORKASPACE' ) );
#2114 = VERTEX_POINT ( 'NONE', #6247 ) ;
#2115 = DIRECTION ( 'NONE',  ( -0.000000000000000000, 1.000000000000000000, -0.000000000000000000 ) ) ;
#2116 = UNCERTAINTY_MEASURE_WITH_UNIT (LENGTH_MEASURE( 1.000000000000000082E-05 ), #4406, 'distance_accuracy_value', 'NONE');
#2117 = DIRECTION ( 'NONE',  ( 1.000000000000000000, 0.000000000000000000, 0.000000000000000000 ) ) ;
#2118 = PRESENTATION_LAYER_ASSIGNMENT (  '', '', ( #77 ) ) ;
#2119 = STYLED_ITEM ( 'NONE', ( #2753 ), #3352 ) ;
#2120 = CARTESIAN_POINT ( 'NONE',  ( -2.375409738600887444, 1.949998880753508246, -0.1000106489190368680 ) ) ;
#2121 = EDGE_LOOP ( 'NONE', ( #3273, #1582, #5098, #5232, #5055, #3871, #1913, #7498, #2489, #3119, #4781, #7426 ) ) ;
#2122 = PLANE ( 'NONE',  #4803 ) ;
#2123 =( LENGTH_UNIT ( ) NAMED_UNIT ( * ) SI_UNIT ( .MILLI., .METRE. ) );
#2124 = SURFACE_STYLE_FILL_AREA ( #2689 ) ;
#2125 = COLOUR_RGB ( '',0.8039215686274510109, 0.8039215686274510109, 0.8039215686274510109 ) ;
#2126 = CARTESIAN_POINT ( 'NONE',  ( -2.161516720150720161, -0.1075479604380649573, 2.127227145922593099 ) ) ;
#2127 = PRESENTATION_STYLE_ASSIGNMENT (( #3959 ) ) ;
#2128 = ADVANCED_FACE ( 'NONE', ( #1025 ), #5143, .T. ) ;
#2129 = DIRECTION ( 'NONE',  ( 1.000000000000000000, 0.000000000000000000, 0.000000000000000000 ) ) ;
#2130 =( NAMED_UNIT ( * ) SI_UNIT ( $, .STERADIAN. ) SOLID_ANGLE_UNIT ( ) );
#2131 = MECHANICAL_DESIGN_GEOMETRIC_PRESENTATION_REPRESENTATION (  '', ( #2008 ), #3575 ) ;
#2132 = ORIENTED_EDGE ( 'NONE', *, *, #2974, .T. ) ;
#2133 = FILL_AREA_STYLE_COLOUR ( '', #501 ) ;
#2134 = ORIENTED_EDGE ( 'NONE', *, *, #1087, .T. ) ;
#2135 = VERTEX_POINT ( 'NONE', #1182 ) ;
#2136 = FACE_OUTER_BOUND ( 'NONE', #3310, .T. ) ;
#2137 = ORIENTED_EDGE ( 'NONE', *, *, #1508, .F. ) ;
#2138 = FILL_AREA_STYLE ('',( #3279 ) ) ;
#2139 = ORIENTED_EDGE ( 'NONE', *, *, #5627, .T. ) ;
#2140 = ADVANCED_FACE ( 'NONE', ( #1713 ), #2391, .F. ) ;
#2141 = PLANE ( 'NONE',  #5311 ) ;
#2142 = CIRCLE ( 'NONE', #3112, 0.2781781074703490453 ) ;
#2143 = FACE_OUTER_BOUND ( 'NONE', #4976, .T. ) ;
#2144 =( NAMED_UNIT ( * ) PLANE_ANGLE_UNIT ( ) SI_UNIT ( $, .RADIAN. ) );
#2145 = EDGE_CURVE ( 'NONE', #7460, #3545, #5850, .T. ) ;
#2146 = COLOUR_RGB ( '',0.8039215686274510109, 0.8039215686274510109, 0.8039215686274510109 ) ;
#2147 = ORIENTED_EDGE ( 'NONE', *, *, #699, .F. ) ;
#2148 = FILL_AREA_STYLE_COLOUR ( '', #3760 ) ;
#2149 = MECHANICAL_DESIGN_GEOMETRIC_PRESENTATION_REPRESENTATION (  '', ( #7051 ), #4077 ) ;
#2150 = SURFACE_SIDE_STYLE ('',( #5503 ) ) ;
#2151 = ORIENTED_EDGE ( 'NONE', *, *, #4237, .F. ) ;
#2152 = DIRECTION ( 'NONE',  ( 0.000000000000000000, 0.000000000000000000, -1.000000000000000000 ) ) ;
#2153 = ORIENTED_EDGE ( 'NONE', *, *, #6599, .T. ) ;
#2154 = FILL_AREA_STYLE_COLOUR ( '', #1045 ) ;
#2155 = STYLED_ITEM ( 'NONE', ( #3882 ), #447 ) ;
#2156 =( GEOMETRIC_REPRESENTATION_CONTEXT ( 3 ) GLOBAL_UNCERTAINTY_ASSIGNED_CONTEXT ( ( #7475 ) ) GLOBAL_UNIT_ASSIGNED_CONTEXT ( ( #5710, #2144, #1736 ) ) REPRESENTATION_CONTEXT ( 'NONE', 'WORKASPACE' ) );
#2157 = DIRECTION ( 'NONE',  ( 1.000000000000000000, 0.000000000000000000, -0.000000000000000000 ) ) ;
#2158 = SURFACE_STYLE_FILL_AREA ( #4291 ) ;
#2159 = CIRCLE ( 'NONE', #4307, 0.07500000000000010825 ) ;
#2160 = CIRCLE ( 'NONE', #6440, 0.2781781074703490453 ) ;
#2161 = EDGE_LOOP ( 'NONE', ( #2007, #6329, #2621, #1172 ) ) ;
#2162 = CARTESIAN_POINT ( 'NONE',  ( -1.704999999999998961, -2.279999999999998028, -0.7547888812845857665 ) ) ;
#2163 = PRESENTATION_STYLE_ASSIGNMENT (( #2733 ) ) ;
#2164 = VERTEX_POINT ( 'NONE', #1258 ) ;
#2165 = VERTEX_POINT ( 'NONE', #3562 ) ;
#2166 = AXIS2_PLACEMENT_3D ( 'NONE', #6145, #3233, #4999 ) ;
#2167 = CARTESIAN_POINT ( 'NONE',  ( -1.704999999999998961, -2.045395859880669409, -0.1000000000000000194 ) ) ;
#2168 = CIRCLE ( 'NONE', #7070, 0.07499999999999998335 ) ;
#2169 = DIRECTION ( 'NONE',  ( 0.000000000000000000, 1.000000000000000000, 0.000000000000000000 ) ) ;
#2170 =( LENGTH_UNIT ( ) NAMED_UNIT ( * ) SI_UNIT ( .MILLI., .METRE. ) );
#2171 = VECTOR ( 'NONE', #628, 1000.000000000000227 ) ;
#2172 = STYLED_ITEM ( 'NONE', ( #3113 ), #5002 ) ;
#2173 = ORIENTED_EDGE ( 'NONE', *, *, #3533, .F. ) ;
#2174 = FACE_OUTER_BOUND ( 'NONE', #7183, .T. ) ;
#2175 = AXIS2_PLACEMENT_3D ( 'NONE', #1255, #3625, #3028 ) ;
#2176 = AXIS2_PLACEMENT_3D ( 'NONE', #3353, #6341, #47 ) ;
#2177 = FACE_OUTER_BOUND ( 'NONE', #1379, .T. ) ;
#2178 =( LENGTH_UNIT ( ) NAMED_UNIT ( * ) SI_UNIT ( .MILLI., .METRE. ) );
#2179 = FACE_OUTER_BOUND ( 'NONE', #4848, .T. ) ;
#2180 = EDGE_CURVE ( 'NONE', #6078, #4545, #3644, .T. ) ;
#2181 = CARTESIAN_POINT ( 'NONE',  ( -0.8349999999999991873, -2.454328594324949986, -0.8868429382324097832 ) ) ;
#2182 = VECTOR ( 'NONE', #5325, 1000.000000000000000 ) ;
#2183 = AXIS2_PLACEMENT_3D ( 'NONE', #2433, #4075, #60 ) ;
#2184 = STYLED_ITEM ( 'NONE', ( #1167 ), #5490 ) ;
#2185 = ORIENTED_EDGE ( 'NONE', *, *, #321, .F. ) ;
#2186 = UNCERTAINTY_MEASURE_WITH_UNIT (LENGTH_MEASURE( 1.000000000000000082E-05 ), #939, 'distance_accuracy_value', 'NONE');
#2187 =( NAMED_UNIT ( * ) PLANE_ANGLE_UNIT ( ) SI_UNIT ( $, .RADIAN. ) );
#2188 = EDGE_CURVE ( 'NONE', #4555, #3272, #3999, .T. ) ;
#2189 =( GEOMETRIC_REPRESENTATION_CONTEXT ( 3 ) GLOBAL_UNCERTAINTY_ASSIGNED_CONTEXT ( ( #6620 ) ) GLOBAL_UNIT_ASSIGNED_CONTEXT ( ( #3539, #4157, #4012 ) ) REPRESENTATION_CONTEXT ( 'NONE', 'WORKASPACE' ) );
#2190 = CARTESIAN_POINT ( 'NONE',  ( 2.375000000000000888, 1.949999999999999956, 0.1000000000000000056 ) ) ;
#2191 = VECTOR ( 'NONE', #4773, 1000.000000000000000 ) ;
#2192 = AXIS2_PLACEMENT_3D ( 'NONE', #2039, #1317, #741 ) ;
#2193 = EDGE_CURVE ( 'NONE', #1859, #1877, #6399, .T. ) ;
#2194 = DIRECTION ( 'NONE',  ( 1.000000000000000000, 0.000000000000000000, 0.000000000000000000 ) ) ;
#2195 = FACE_OUTER_BOUND ( 'NONE', #6479, .T. ) ;
#2196 = ORIENTED_EDGE ( 'NONE', *, *, #7080, .F. ) ;
#2197 = SURFACE_SIDE_STYLE ('',( #5056 ) ) ;
#2198 = STYLED_ITEM ( 'NONE', ( #3083 ), #6444 ) ;
#2199 = STYLED_ITEM ( 'NONE', ( #2270 ), #2128 ) ;
#2200 = LINE ( 'NONE', #4068, #245 ) ;
#2201 = LINE ( 'NONE', #4398, #764 ) ;
#2202 = CARTESIAN_POINT ( 'NONE',  ( -2.104999999999999094, -1.974999999999999867, -0.1999999999999999833 ) ) ;
#2203 = DIRECTION ( 'NONE',  ( 1.000000000000000000, 0.000000000000000000, 0.000000000000000000 ) ) ;
#2204 = MECHANICAL_DESIGN_GEOMETRIC_PRESENTATION_REPRESENTATION (  '', ( #7103 ), #5091 ) ;
#2205 = MECHANICAL_DESIGN_GEOMETRIC_PRESENTATION_REPRESENTATION (  '', ( #3531 ), #6856 ) ;
#2206 = AXIS2_PLACEMENT_3D ( 'NONE', #6390, #2263, #6982 ) ;
#2207 = ADVANCED_FACE ( 'NONE', ( #2874 ), #3439, .T. ) ;
#2208 = ORIENTED_EDGE ( 'NONE', *, *, #839, .F. ) ;
#2209 = SURFACE_STYLE_USAGE ( .BOTH. , #6405 ) ;
#2210 = DIRECTION ( 'NONE',  ( -5.782411586589358033E-15, 0.000000000000000000, -1.000000000000000000 ) ) ;
#2211 = SURFACE_STYLE_FILL_AREA ( #7448 ) ;
#2212 = STYLED_ITEM ( 'NONE', ( #2389 ), #6726 ) ;
#2213 = FILL_AREA_STYLE_COLOUR ( '', #3322 ) ;
#2214 = PRESENTATION_LAYER_ASSIGNMENT (  '', '', ( #4598 ) ) ;
#2215 = ADVANCED_FACE ( 'NONE', ( #3320 ), #3171, .T. ) ;
#2216 = SURFACE_SIDE_STYLE ('',( #2334 ) ) ;
#2217 = SURFACE_STYLE_FILL_AREA ( #6375 ) ;
#2218 = VECTOR ( 'NONE', #2481, 1000.000000000000000 ) ;
#2219 = ORIENTED_EDGE ( 'NONE', *, *, #6299, .T. ) ;
#2220 =( NAMED_UNIT ( * ) PLANE_ANGLE_UNIT ( ) SI_UNIT ( $, .RADIAN. ) );
#2221 = AXIS2_PLACEMENT_3D ( 'NONE', #6853, #3276, #1615 ) ;
#2222 = SURFACE_STYLE_FILL_AREA ( #3210 ) ;
#2223 = CARTESIAN_POINT ( 'NONE',  ( -0.4349999999999991651, 2.533419388043264942, -0.6918851256749790624 ) ) ;
#2224 = LINE ( 'NONE', #459, #2557 ) ;
#2225 = ORIENTED_EDGE ( 'NONE', *, *, #5531, .F. ) ;
#2226 = COLOUR_RGB ( '',0.8039215686274510109, 0.8039215686274510109, 0.8039215686274510109 ) ;
#2227 = CARTESIAN_POINT ( 'NONE',  ( 2.105000000000000870, 1.949999999999999956, 0.09999999999999999167 ) ) ;
#2228 = ORIENTED_EDGE ( 'NONE', *, *, #2284, .F. ) ;
#2229 = FILL_AREA_STYLE ('',( #4618 ) ) ;
#2230 =( LENGTH_UNIT ( ) NAMED_UNIT ( * ) SI_UNIT ( .MILLI., .METRE. ) );
#2231 = LINE ( 'NONE', #102, #2810 ) ;
#2232 = DIRECTION ( 'NONE',  ( 0.000000000000000000, 0.000000000000000000, 1.000000000000000000 ) ) ;
#2233 = DIRECTION ( 'NONE',  ( 0.000000000000000000, -0.000000000000000000, -1.000000000000000000 ) ) ;
#2234 = LINE ( 'NONE', #532, #6798 ) ;
#2235 = EDGE_CURVE ( 'NONE', #4955, #2165, #3284, .T. ) ;
#2236 =( GEOMETRIC_REPRESENTATION_CONTEXT ( 3 ) GLOBAL_UNCERTAINTY_ASSIGNED_CONTEXT ( ( #3985 ) ) GLOBAL_UNIT_ASSIGNED_CONTEXT ( ( #2302, #2952, #6276 ) ) REPRESENTATION_CONTEXT ( 'NONE', 'WORKASPACE' ) );
#2237 = EDGE_CURVE ( 'NONE', #1186, #5994, #4356, .T. ) ;
#2238 = VECTOR ( 'NONE', #5108, 1000.000000000000227 ) ;
#2239 = DIRECTION ( 'NONE',  ( 1.000000000000000000, 0.000000000000000000, 0.000000000000000000 ) ) ;
#2240 = ORIENTED_EDGE ( 'NONE', *, *, #4643, .T. ) ;
#2241 = DIRECTION ( 'NONE',  ( 0.000000000000000000, 0.3372937655207250973, -0.9413994453688879771 ) ) ;
#2242 = STYLED_ITEM ( 'NONE', ( #7172 ), #3526 ) ;
#2243 = EDGE_CURVE ( 'NONE', #7059, #3636, #1512, .T. ) ;
#2244 = CARTESIAN_POINT ( 'NONE',  ( 2.418963392251841427, -1.949760935694445418, -0.1022745449310490246 ) ) ;
#2245 = SURFACE_STYLE_USAGE ( .BOTH. , #7490 ) ;
#2246 = EDGE_CURVE ( 'NONE', #7456, #6212, #4704, .T. ) ;
#2247 = ORIENTED_EDGE ( 'NONE', *, *, #1378, .F. ) ;
#2248 = ORIENTED_EDGE ( 'NONE', *, *, #1752, .T. ) ;
#2249 = CARTESIAN_POINT ( 'NONE',  ( -2.375136580382890106, 1.950000000000000178, 0.09999999999999993616 ) ) ;
#2250 =( NAMED_UNIT ( * ) PLANE_ANGLE_UNIT ( ) SI_UNIT ( $, .RADIAN. ) );
#2251 = DIRECTION ( 'NONE',  ( 0.000000000000000000, 1.000000000000000000, 0.000000000000000000 ) ) ;
#2252 = FILL_AREA_STYLE_COLOUR ( '', #5552 ) ;
#2253 = CARTESIAN_POINT ( 'NONE',  ( -0.8349999999999991873, -3.000000000000000000, -0.9250000000000000444 ) ) ;
#2254 = ORIENTED_EDGE ( 'NONE', *, *, #2998, .F. ) ;
#2255 =( LENGTH_UNIT ( ) NAMED_UNIT ( * ) SI_UNIT ( .MILLI., .METRE. ) );
#2256 = UNCERTAINTY_MEASURE_WITH_UNIT (LENGTH_MEASURE( 1.000000000000000082E-05 ), #826, 'distance_accuracy_value', 'NONE');
#2257 = UNCERTAINTY_MEASURE_WITH_UNIT (LENGTH_MEASURE( 1.000000000000000082E-05 ), #962, 'distance_accuracy_value', 'NONE');
#2258 = AXIS2_PLACEMENT_3D ( 'NONE', #5915, #5172, #5222 ) ;
#2259 =( LENGTH_UNIT ( ) NAMED_UNIT ( * ) SI_UNIT ( .MILLI., .METRE. ) );
#2260 = DIRECTION ( 'NONE',  ( 0.07411551268475133347, -0.7051619993942825904, -0.7051619993942769282 ) ) ;
#2261 = CIRCLE ( 'NONE', #6548, 0.07499999999999998335 ) ;
#2262 = ORIENTED_EDGE ( 'NONE', *, *, #2055, .T. ) ;
#2263 = DIRECTION ( 'NONE',  ( 0.000000000000000000, 0.000000000000000000, 1.000000000000000000 ) ) ;
#2264 = ORIENTED_EDGE ( 'NONE', *, *, #407, .F. ) ;
#2265 = LINE ( 'NONE', #3921, #590 ) ;
#2266 = LINE ( 'NONE', #4501, #4280 ) ;
#2267 = FILL_AREA_STYLE ('',( #4108 ) ) ;
#2268 =( NAMED_UNIT ( * ) PLANE_ANGLE_UNIT ( ) SI_UNIT ( $, .RADIAN. ) );
#2269 = MECHANICAL_DESIGN_GEOMETRIC_PRESENTATION_REPRESENTATION (  '', ( #1674 ), #237 ) ;
#2270 = PRESENTATION_STYLE_ASSIGNMENT (( #7480 ) ) ;
#2271 = CARTESIAN_POINT ( 'NONE',  ( 2.323257295734051819, -1.897846437886671955, 0.5962079975321371572 ) ) ;
#2272 = ORIENTED_EDGE ( 'NONE', *, *, #4058, .T. ) ;
#2273 = CARTESIAN_POINT ( 'NONE',  ( 0.4350000000000009415, 2.533419388043264942, -0.6918851256749790624 ) ) ;
#2274 = CARTESIAN_POINT ( 'NONE',  ( 2.311524337873331003, 1.886113480025950695, 0.7078396347450740533 ) ) ;
#2275 = EDGE_CURVE ( 'NONE', #7383, #5155, #7287, .T. ) ;
#2276 = DIRECTION ( 'NONE',  ( 0.000000000000000000, 0.000000000000000000, -1.000000000000000000 ) ) ;
#2277 = CLOSED_SHELL ( 'NONE', ( #6014, #7187, #1690, #7022 ) ) ;
#2278 = ADVANCED_FACE ( 'NONE', ( #2609 ), #2291, .T. ) ;
#2279 = FILL_AREA_STYLE_COLOUR ( '', #1662 ) ;
#2280 = CARTESIAN_POINT ( 'NONE',  ( 0.8350000000000008527, 2.468279889073774935, -0.6873301281804449214 ) ) ;
#2281 =( NAMED_UNIT ( * ) SI_UNIT ( $, .STERADIAN. ) SOLID_ANGLE_UNIT ( ) );
#2282 = STYLED_ITEM ( 'NONE', ( #4504 ), #565 ) ;
#2283 = PRESENTATION_STYLE_ASSIGNMENT (( #1193 ) ) ;
#2284 = EDGE_CURVE ( 'NONE', #3540, #6403, #931, .T. ) ;
#2285 = FILL_AREA_STYLE ('',( #5861 ) ) ;
#2286 = ORIENTED_EDGE ( 'NONE', *, *, #3833, .T. ) ;
#2287 = CARTESIAN_POINT ( 'NONE',  ( 2.408654545973160310, 1.834065403820539286, -0.4933757181366587585 ) ) ;
#2288 = MECHANICAL_DESIGN_GEOMETRIC_PRESENTATION_REPRESENTATION (  '', ( #959 ), #714 ) ;
#2289 = AXIS2_PLACEMENT_3D ( 'NONE', #7339, #1605, #6096 ) ;
#2290 = VECTOR ( 'NONE', #1309, 1000.000000000000000 ) ;
#2291 = SPHERICAL_SURFACE ( 'NONE', #3056, 0.07499999999999999722 ) ;
#2292 = CARTESIAN_POINT ( 'NONE',  ( -2.104999999999999094, 2.468279889073774935, -0.6873301281804449214 ) ) ;
#2293 = LINE ( 'NONE', #6972, #3137 ) ;
#2294 = ADVANCED_FACE ( 'NONE', ( #2177 ), #2853, .T. ) ;
#2295 = CARTESIAN_POINT ( 'NONE',  ( -2.449998880753506914, 1.875409738600887666, -0.1000106489190369929 ) ) ;
#2296 = CARTESIAN_POINT ( 'NONE',  ( 1.705000000000000959, -1.949999999999999956, 0.09999999999999999167 ) ) ;
#2297 = ORIENTED_EDGE ( 'NONE', *, *, #7345, .T. ) ;
#2298 = CIRCLE ( 'NONE', #2175, 0.1000000000000002137 ) ;
#2299 = FACE_OUTER_BOUND ( 'NONE', #5051, .T. ) ;
#2300 = FILL_AREA_STYLE_COLOUR ( '', #4137 ) ;
#2301 = AXIS2_PLACEMENT_3D ( 'NONE', #4771, #2949, #5212 ) ;
#2302 =( LENGTH_UNIT ( ) NAMED_UNIT ( * ) SI_UNIT ( .MILLI., .METRE. ) );
#2303 = LINE ( 'NONE', #6236, #5704 ) ;
#2304 = CYLINDRICAL_SURFACE ( 'NONE', #2206, 0.2781781074703490453 ) ;
#2305 = ORIENTED_EDGE ( 'NONE', *, *, #2235, .T. ) ;
#2306 = ORIENTED_EDGE ( 'NONE', *, *, #1874, .F. ) ;
#2307 = DIRECTION ( 'NONE',  ( 0.000000000000000000, 1.000000000000000000, 0.000000000000000000 ) ) ;
#2308 = CARTESIAN_POINT ( 'NONE',  ( 0.4350000000000009415, 1.974999999999999867, -0.1000000000000000194 ) ) ;
#2309 = DIRECTION ( 'NONE',  ( 0.000000000000000000, 0.000000000000000000, -1.000000000000000000 ) ) ;
#2310 = FILL_AREA_STYLE ('',( #12 ) ) ;
#2311 = DIRECTION ( 'NONE',  ( 1.000000000000000000, 0.000000000000000000, 0.000000000000000000 ) ) ;
#2312 = CARTESIAN_POINT ( 'NONE',  ( 0.8350000000000008527, 1.974999999999999867, -0.1999999999999999833 ) ) ;
#2313 = VERTEX_POINT ( 'NONE', #6969 ) ;
#2314 = AXIS2_PLACEMENT_3D ( 'NONE', #2809, #4995, #5590 ) ;
#2315 = DIRECTION ( 'NONE',  ( 0.000000000000000000, 0.06975647374412557999, 0.9975640502598243087 ) ) ;
#2316 =( LENGTH_UNIT ( ) NAMED_UNIT ( * ) SI_UNIT ( .MILLI., .METRE. ) );
#2317 = CIRCLE ( 'NONE', #2921, 0.07499999999999980294 ) ;
#2318 = LINE ( 'NONE', #4590, #7216 ) ;
#2319 = CARTESIAN_POINT ( 'NONE',  ( -2.104999999999999094, 1.949999999999999956, -0.1000000000000000194 ) ) ;
#2320 = DIRECTION ( 'NONE',  ( 1.000000000000000000, 0.000000000000000000, 0.000000000000000000 ) ) ;
#2321 = CARTESIAN_POINT ( 'NONE',  ( 1.705000000000000959, -1.949999999999999956, -0.1000000000000000194 ) ) ;
#2322 = STYLED_ITEM ( 'NONE', ( #1341 ), #6625 ) ;
#2323 = COLOUR_RGB ( '',0.2862745098039215508, 0.2862745098039215508, 0.2862745098039215508 ) ;
#2324 = EDGE_CURVE ( 'NONE', #3952, #845, #2453, .T. ) ;
#2325 = FACE_OUTER_BOUND ( 'NONE', #2931, .T. ) ;
#2326 = FILL_AREA_STYLE ('',( #5117 ) ) ;
#2327 = ORIENTED_EDGE ( 'NONE', *, *, #1688, .T. ) ;
#2328 = ORIENTED_EDGE ( 'NONE', *, *, #4639, .F. ) ;
#2329 = EDGE_CURVE ( 'NONE', #4677, #5181, #2804, .T. ) ;
#2330 = EDGE_CURVE ( 'NONE', #6630, #7220, #3942, .T. ) ;
#2331 =( BOUNDED_CURVE ( )  B_SPLINE_CURVE ( 3, ( #6979, #458, #7428, #2190 ),
 .UNSPECIFIED., .F., .F. ) 
 B_SPLINE_CURVE_WITH_KNOTS ( ( 4, 4 ),
 ( 6.277722098658046868, 6.283185307179586232 ),
 .UNSPECIFIED. ) 
 CURVE ( )  GEOMETRIC_REPRESENTATION_ITEM ( )  RATIONAL_B_SPLINE_CURVE ( ( 1.000000000000000000, 0.9999975127809339615, 0.9999975127809339615, 1.000000000000000000 ) ) 
 REPRESENTATION_ITEM ( '' )  );
#2332 = AXIS2_PLACEMENT_3D ( 'NONE', #6379, #2859, #586 ) ;
#2333 = FILL_AREA_STYLE_COLOUR ( '', #2571 ) ;
#2334 = SURFACE_STYLE_FILL_AREA ( #2818 ) ;
#2335 = FILL_AREA_STYLE_COLOUR ( '', #3496 ) ;
#2336 = LINE ( 'NONE', #4130, #3718 ) ;
#2337 = CARTESIAN_POINT ( 'NONE',  ( 0.4350000000000009415, 1.949999999999999956, 0.09999999999999999167 ) ) ;
#2338 = VERTEX_POINT ( 'NONE', #38 ) ;
#2339 = FILL_AREA_STYLE_COLOUR ( '', #5613 ) ;
#2340 = UNCERTAINTY_MEASURE_WITH_UNIT (LENGTH_MEASURE( 1.000000000000000082E-05 ), #1292, 'distance_accuracy_value', 'NONE');
#2341 = DIRECTION ( 'NONE',  ( 0.000000000000000000, 0.000000000000000000, 1.000000000000000000 ) ) ;
#2342 = ADVANCED_FACE ( 'NONE', ( #480 ), #2778, .T. ) ;
#2343 =( GEOMETRIC_REPRESENTATION_CONTEXT ( 3 ) GLOBAL_UNCERTAINTY_ASSIGNED_CONTEXT ( ( #6934 ) ) GLOBAL_UNIT_ASSIGNED_CONTEXT ( ( #5684, #1023, #6761 ) ) REPRESENTATION_CONTEXT ( 'NONE', 'WORKASPACE' ) );
#2344 = LINE ( 'NONE', #4495, #7256 ) ;
#2345 = ORIENTED_EDGE ( 'NONE', *, *, #1834, .F. ) ;
#2346 = ORIENTED_EDGE ( 'NONE', *, *, #1421, .F. ) ;
#2347 = ORIENTED_EDGE ( 'NONE', *, *, #6566, .F. ) ;
#2348 = PLANE ( 'NONE',  #4404 ) ;
#2349 = CARTESIAN_POINT ( 'NONE',  ( -2.104999999999999094, -1.949999999999999956, 0.09999999999999999167 ) ) ;
#2350 = STYLED_ITEM ( 'NONE', ( #1138 ), #7533 ) ;
#2351 =( LENGTH_UNIT ( ) NAMED_UNIT ( * ) SI_UNIT ( .MILLI., .METRE. ) );
#2352 = DIRECTION ( 'NONE',  ( -1.000000000000000000, 0.000000000000000000, 0.000000000000000000 ) ) ;
#2353 = AXIS2_PLACEMENT_3D ( 'NONE', #522, #2788, #6939 ) ;
#2354 =( NAMED_UNIT ( * ) PLANE_ANGLE_UNIT ( ) SI_UNIT ( $, .RADIAN. ) );
#2355 = EDGE_LOOP ( 'NONE', ( #6140, #1058, #4761, #5486, #688, #3727, #5259, #3509, #3469, #7015, #746, #2240 ) ) ;
#2356 = CARTESIAN_POINT ( 'NONE',  ( 2.311524337873330559, -1.534775106360672492, 0.6999999999999999556 ) ) ;
#2357 = SURFACE_SIDE_STYLE ('',( #4081 ) ) ;
#2358 = PRESENTATION_STYLE_ASSIGNMENT (( #7114 ) ) ;
#2359 = SURFACE_SIDE_STYLE ('',( #7076 ) ) ;
#2360 = EDGE_CURVE ( 'NONE', #725, #3952, #5359, .T. ) ;
#2361 = MECHANICAL_DESIGN_GEOMETRIC_PRESENTATION_REPRESENTATION (  '', ( #202 ), #1154 ) ;
#2362 = FACE_OUTER_BOUND ( 'NONE', #1086, .T. ) ;
#2363 = AXIS2_PLACEMENT_3D ( 'NONE', #7043, #1689, #5273 ) ;
#2364 = SURFACE_SIDE_STYLE ('',( #1074 ) ) ;
#2365 = VECTOR ( 'NONE', #3173, 1000.000000000000000 ) ;
#2366 =( LENGTH_UNIT ( ) NAMED_UNIT ( * ) SI_UNIT ( .MILLI., .METRE. ) );
#2367 = COLOUR_RGB ( '',0.8039215686274510109, 0.8039215686274510109, 0.8039215686274510109 ) ;
#2368 = ORIENTED_EDGE ( 'NONE', *, *, #3886, .F. ) ;
#2369 = SURFACE_STYLE_USAGE ( .BOTH. , #577 ) ;
#2370 = VERTEX_POINT ( 'NONE', #1353 ) ;
#2371 =( GEOMETRIC_REPRESENTATION_CONTEXT ( 3 ) GLOBAL_UNCERTAINTY_ASSIGNED_CONTEXT ( ( #2415 ) ) GLOBAL_UNIT_ASSIGNED_CONTEXT ( ( #2394, #17, #4629 ) ) REPRESENTATION_CONTEXT ( 'NONE', 'WORKASPACE' ) );
#2372 = DIRECTION ( 'NONE',  ( 1.000000000000000000, 0.000000000000000000, 0.000000000000000000 ) ) ;
#2373 =( NAMED_UNIT ( * ) PLANE_ANGLE_UNIT ( ) SI_UNIT ( $, .RADIAN. ) );
#2374 = CARTESIAN_POINT ( 'NONE',  ( 2.418963392251841871, -1.949760935694446307, 0.1022745449310376309 ) ) ;
#2375 = EDGE_CURVE ( 'NONE', #318, #6553, #2451, .T. ) ;
#2376 = VERTEX_POINT ( 'NONE', #7196 ) ;
#2377 = CARTESIAN_POINT ( 'NONE',  ( 0.8350000000000008527, -1.974999999999999867, -0.1999999999999999833 ) ) ;
#2378 = CARTESIAN_POINT ( 'NONE',  ( -2.104999999999999094, 2.045395859880669409, 0.09999999999999999167 ) ) ;
#2379 = CARTESIAN_POINT ( 'NONE',  ( 2.344028141651122610, -1.844028141651121722, 0.3907469647095541676 ) ) ;
#2380 = CARTESIAN_POINT ( 'NONE',  ( 2.449998880753508690, 1.875409738600887888, 0.1000106489190328019 ) ) ;
#2381 = ADVANCED_FACE ( 'NONE', ( #4089 ), #4191, .T. ) ;
#2382 = SURFACE_SIDE_STYLE ('',( #7135 ) ) ;
#2383 = ORIENTED_EDGE ( 'NONE', *, *, #83, .F. ) ;
#2384 = SURFACE_STYLE_USAGE ( .BOTH. , #1929 ) ;
#2385 = AXIS2_PLACEMENT_3D ( 'NONE', #7512, #463, #5022 ) ;
#2386 = CARTESIAN_POINT ( 'NONE',  ( -2.376217025357842516, -1.950806167510463762, 0.09232982849429272054 ) ) ;
#2387 = ORIENTED_EDGE ( 'NONE', *, *, #2879, .T. ) ;
#2388 = CARTESIAN_POINT ( 'NONE',  ( 2.375136580382892326, -1.950000000000000178, -0.09999999999999983902 ) ) ;
#2389 = PRESENTATION_STYLE_ASSIGNMENT (( #1176 ) ) ;
#2390 = SURFACE_SIDE_STYLE ('',( #4029 ) ) ;
#2391 = CYLINDRICAL_SURFACE ( 'NONE', #3757, 0.1000000000000002137 ) ;
#2392 = MECHANICAL_DESIGN_GEOMETRIC_PRESENTATION_REPRESENTATION (  '', ( #6165 ), #3939 ) ;
#2393 = LINE ( 'NONE', #5767, #2238 ) ;
#2394 =( LENGTH_UNIT ( ) NAMED_UNIT ( * ) SI_UNIT ( .MILLI., .METRE. ) );
#2395 =( LENGTH_UNIT ( ) NAMED_UNIT ( * ) SI_UNIT ( .MILLI., .METRE. ) );
#2396 = CYLINDRICAL_SURFACE ( 'NONE', #3996, 0.1999999999999995670 ) ;
#2397 = LINE ( 'NONE', #6886, #1917 ) ;
#2398 = EDGE_CURVE ( 'NONE', #7194, #5219, #284, .T. ) ;
#2399 = DIRECTION ( 'NONE',  ( 5.782411586589358033E-15, -1.000000000000000000, 0.000000000000000000 ) ) ;
#2400 = PRESENTATION_LAYER_ASSIGNMENT (  '', '', ( #1302 ) ) ;
#2401 = LINE ( 'NONE', #1911, #3786 ) ;
#2402 = MECHANICAL_DESIGN_GEOMETRIC_PRESENTATION_REPRESENTATION (  '', ( #4790 ), #6297 ) ;
#2403 = AXIS2_PLACEMENT_3D ( 'NONE', #1489, #6207, #5577 ) ;
#2404 = FILL_AREA_STYLE ('',( #2213 ) ) ;
#2405 = EDGE_LOOP ( 'NONE', ( #4105, #7063, #4405, #4916 ) ) ;
#2406 = ORIENTED_EDGE ( 'NONE', *, *, #7386, .F. ) ;
#2407 = CARTESIAN_POINT ( 'NONE',  ( 0.8350000000000008527, 2.533419388043264942, -0.6918851256749790624 ) ) ;
#2408 = COLOUR_RGB ( '',0.8039215686274510109, 0.8039215686274510109, 0.8039215686274510109 ) ;
#2409 = CARTESIAN_POINT ( 'NONE',  ( -0.4349999999999991651, 2.540395035417677416, -0.5921287206489965760 ) ) ;
#2410 = AXIS2_PLACEMENT_3D ( 'NONE', #3935, #7459, #5126 ) ;
#2411 = DIRECTION ( 'NONE',  ( 0.000000000000000000, 0.000000000000000000, -1.000000000000000000 ) ) ;
#2412 = SURFACE_STYLE_FILL_AREA ( #4603 ) ;
#2413 = EDGE_LOOP ( 'NONE', ( #1361, #4657, #3359, #220 ) ) ;
#2414 = SURFACE_STYLE_FILL_AREA ( #5402 ) ;
#2415 = UNCERTAINTY_MEASURE_WITH_UNIT (LENGTH_MEASURE( 1.000000000000000082E-05 ), #2394, 'distance_accuracy_value', 'NONE');
#2416 =( GEOMETRIC_REPRESENTATION_CONTEXT ( 3 ) GLOBAL_UNCERTAINTY_ASSIGNED_CONTEXT ( ( #3252 ) ) GLOBAL_UNIT_ASSIGNED_CONTEXT ( ( #6453, #5775, #6892 ) ) REPRESENTATION_CONTEXT ( 'NONE', 'WORKASPACE' ) );
#2417 = DIRECTION ( 'NONE',  ( -0.9945218953682734009, 0.000000000000000000, 0.1045284632676537068 ) ) ;
#2418 = SURFACE_STYLE_FILL_AREA ( #125 ) ;
#2419 = ORIENTED_EDGE ( 'NONE', *, *, #7171, .F. ) ;
#2420 = STYLED_ITEM ( 'NONE', ( #6064 ), #1169 ) ;
#2421 = FILL_AREA_STYLE ('',( #5291 ) ) ;
#2422 = MECHANICAL_DESIGN_GEOMETRIC_PRESENTATION_REPRESENTATION (  '', ( #2172 ), #4319 ) ;
#2423 =( BOUNDED_CURVE ( )  B_SPLINE_CURVE ( 3, ( #5815, #2769, #2846, #5735 ),
 .UNSPECIFIED., .F., .F. ) 
 B_SPLINE_CURVE_WITH_KNOTS ( ( 4, 4 ),
 ( 5.503250352303673765, 7.063120262055489817 ),
 .UNSPECIFIED. ) 
 CURVE ( )  GEOMETRIC_REPRESENTATION_ITEM ( )  RATIONAL_B_SPLINE_CURVE ( ( 1.000000000000000000, 0.8073061876036318196, 0.8073061876036318196, 1.000000000000000000 ) ) 
 REPRESENTATION_ITEM ( '' )  );
#2424 = ORIENTED_EDGE ( 'NONE', *, *, #2479, .T. ) ;
#2425 = CARTESIAN_POINT ( 'NONE',  ( 2.105000000000000870, 2.280000000000000249, -0.7547888812845849893 ) ) ;
#2426 = PRESENTATION_STYLE_ASSIGNMENT (( #4695 ) ) ;
#2427 = UNCERTAINTY_MEASURE_WITH_UNIT (LENGTH_MEASURE( 1.000000000000000082E-05 ), #5842, 'distance_accuracy_value', 'NONE');
#2428 = CARTESIAN_POINT ( 'NONE',  ( 0.4350000000000009415, -2.454328594324949986, -0.8868429382324097832 ) ) ;
#2429 = ADVANCED_FACE ( 'NONE', ( #6543 ), #6614, .F. ) ;
#2430 = EDGE_CURVE ( 'NONE', #5611, #6280, #4377, .T. ) ;
#2431 = CARTESIAN_POINT ( 'NONE',  ( -0.4349999999999991651, -2.540395035417677416, -0.5921287206489965760 ) ) ;
#2432 =( NAMED_UNIT ( * ) PLANE_ANGLE_UNIT ( ) SI_UNIT ( $, .RADIAN. ) );
#2433 = CARTESIAN_POINT ( 'NONE',  ( 0.000000000000000000, 1.811524337873330115, 0.6999999999999999556 ) ) ;
#2434 = EDGE_LOOP ( 'NONE', ( #6469, #4124, #4996, #3125 ) ) ;
#2435 = ORIENTED_EDGE ( 'NONE', *, *, #1981, .T. ) ;
#2436 = DIRECTION ( 'NONE',  ( 1.000000000000000000, 0.000000000000000000, -0.000000000000000000 ) ) ;
#2437 =( NAMED_UNIT ( * ) PLANE_ANGLE_UNIT ( ) SI_UNIT ( $, .RADIAN. ) );
#2438 =( GEOMETRIC_REPRESENTATION_CONTEXT ( 3 ) GLOBAL_UNCERTAINTY_ASSIGNED_CONTEXT ( ( #6482 ) ) GLOBAL_UNIT_ASSIGNED_CONTEXT ( ( #2471, #1335, #4780 ) ) REPRESENTATION_CONTEXT ( 'NONE', 'WORKASPACE' ) );
#2439 = AXIS2_PLACEMENT_3D ( 'NONE', #2379, #1743, #4652 ) ;
#2440 = DIRECTION ( 'NONE',  ( 0.000000000000000000, 0.000000000000000000, 1.000000000000000000 ) ) ;
#2441 = FACE_OUTER_BOUND ( 'NONE', #6225, .T. ) ;
#2442 = CARTESIAN_POINT ( 'NONE',  ( -2.449998880753506469, -1.875409738600887444, 0.1000106489190368680 ) ) ;
#2443 = VECTOR ( 'NONE', #5990, 1000.000000000000227 ) ;
#2444 = DIRECTION ( 'NONE',  ( 0.000000000000000000, 0.000000000000000000, -1.000000000000000000 ) ) ;
#2445 = STYLED_ITEM ( 'NONE', ( #7327 ), #5659 ) ;
#2446 = PRESENTATION_STYLE_ASSIGNMENT (( #2369 ) ) ;
#2447 = ORIENTED_EDGE ( 'NONE', *, *, #5998, .T. ) ;
#2448 = EDGE_LOOP ( 'NONE', ( #6055, #3175, #1293, #2644 ) ) ;
#2449 = MECHANICAL_DESIGN_GEOMETRIC_PRESENTATION_REPRESENTATION (  '', ( #3291 ), #3399 ) ;
#2450 = CARTESIAN_POINT ( 'NONE',  ( -2.311524337873329227, 1.811524337873330115, 0.6999999999999999556 ) ) ;
#2451 = LINE ( 'NONE', #4800, #1245 ) ;
#2452 = VECTOR ( 'NONE', #1708, 1000.000000000000000 ) ;
#2453 = CIRCLE ( 'NONE', #5352, 0.07499999999999980294 ) ;
#2454 = FACE_OUTER_BOUND ( 'NONE', #1745, .T. ) ;
#2455 =( NAMED_UNIT ( * ) SI_UNIT ( $, .STERADIAN. ) SOLID_ANGLE_UNIT ( ) );
#2456 = CARTESIAN_POINT ( 'NONE',  ( 1.705000000000000959, 2.540395035417677416, -0.5921287206489965760 ) ) ;
#2457 = VERTEX_POINT ( 'NONE', #6772 ) ;
#2458 =( NAMED_UNIT ( * ) SI_UNIT ( $, .STERADIAN. ) SOLID_ANGLE_UNIT ( ) );
#2459 = AXIS2_PLACEMENT_3D ( 'NONE', #711, #2579, #173 ) ;
#2460 = DIRECTION ( 'NONE',  ( -1.000000000000000000, -0.000000000000000000, -0.000000000000000000 ) ) ;
#2461 = SURFACE_STYLE_USAGE ( .BOTH. , #2382 ) ;
#2462 = LINE ( 'NONE', #2953, #3395 ) ;
#2463 = ORIENTED_EDGE ( 'NONE', *, *, #2468, .T. ) ;
#2464 = AXIS2_PLACEMENT_3D ( 'NONE', #6865, #1623, #3910 ) ;
#2465 = ORIENTED_EDGE ( 'NONE', *, *, #3980, .F. ) ;
#2466 = DIRECTION ( 'NONE',  ( -0.1039620511844979306, -0.1039620511844979306, -0.9891328443778538704 ) ) ;
#2467 = ORIENTED_EDGE ( 'NONE', *, *, #493, .T. ) ;
#2468 = EDGE_CURVE ( 'NONE', #3747, #1557, #3274, .T. ) ;
#2469 = COLOUR_RGB ( '',0.8039215686274510109, 0.8039215686274510109, 0.8039215686274510109 ) ;
#2470 = CARTESIAN_POINT ( 'NONE',  ( -2.323257295734050931, 1.897846437886671955, -0.5962079975321372682 ) ) ;
#2471 =( LENGTH_UNIT ( ) NAMED_UNIT ( * ) SI_UNIT ( .MILLI., .METRE. ) );
#2472 =( BOUNDED_CURVE ( )  B_SPLINE_CURVE ( 3, ( #5720, #4460, #6828, #5050 ),
 .UNSPECIFIED., .F., .F. ) 
 B_SPLINE_CURVE_WITH_KNOTS ( ( 4, 4 ),
 ( 3.136129445068242649, 3.141592653589793116 ),
 .UNSPECIFIED. ) 
 CURVE ( )  GEOMETRIC_REPRESENTATION_ITEM ( )  RATIONAL_B_SPLINE_CURVE ( ( 1.000000000000000000, 0.9999975127809339615, 0.9999975127809339615, 1.000000000000000000 ) ) 
 REPRESENTATION_ITEM ( '' )  );
#2473 = ORIENTED_EDGE ( 'NONE', *, *, #3350, .F. ) ;
#2474 = CARTESIAN_POINT ( 'NONE',  ( 2.105000000000000870, 3.000000000000000000, -0.7245116203837658198 ) ) ;
#2475 = SURFACE_STYLE_FILL_AREA ( #755 ) ;
#2476 =( GEOMETRIC_REPRESENTATION_CONTEXT ( 3 ) GLOBAL_UNCERTAINTY_ASSIGNED_CONTEXT ( ( #2498 ) ) GLOBAL_UNIT_ASSIGNED_CONTEXT ( ( #356, #432, #1672 ) ) REPRESENTATION_CONTEXT ( 'NONE', 'WORKASPACE' ) );
#2477 =( NAMED_UNIT ( * ) SI_UNIT ( $, .STERADIAN. ) SOLID_ANGLE_UNIT ( ) );
#2478 = SURFACE_STYLE_USAGE ( .BOTH. , #215 ) ;
#2479 = EDGE_CURVE ( 'NONE', #6403, #6927, #1581, .T. ) ;
#2480 = ADVANCED_FACE ( 'NONE', ( #366 ), #2099, .T. ) ;
#2481 = DIRECTION ( 'NONE',  ( -0.000000000000000000, 1.000000000000000000, -0.000000000000000000 ) ) ;
#2482 = PRESENTATION_STYLE_ASSIGNMENT (( #1942 ) ) ;
#2483 = PLANE ( 'NONE',  #138 ) ;
#2484 = CARTESIAN_POINT ( 'NONE',  ( -2.449998880753506914, 1.875409738600887666, 0.1000106489190369929 ) ) ;
#2485 = EDGE_LOOP ( 'NONE', ( #1535, #3889, #6925, #2783 ) ) ;
#2486 = ADVANCED_FACE ( 'NONE', ( #2027 ), #2558, .T. ) ;
#2487 = SURFACE_STYLE_USAGE ( .BOTH. , #4877 ) ;
#2488 = ORIENTED_EDGE ( 'NONE', *, *, #1925, .F. ) ;
#2489 = ORIENTED_EDGE ( 'NONE', *, *, #3212, .F. ) ;
#2490 = LINE ( 'NONE', #4762, #5052 ) ;
#2491 = STYLED_ITEM ( 'NONE', ( #2508 ), #3309 ) ;
#2492 = CARTESIAN_POINT ( 'NONE',  ( 0.8350000000000008527, 2.045395859880669409, -0.1000000000000000194 ) ) ;
#2493 = DIRECTION ( 'NONE',  ( 0.000000000000000000, -0.9413994453688880881, 0.3372937655207250973 ) ) ;
#2494 = FACE_OUTER_BOUND ( 'NONE', #4993, .T. ) ;
#2495 = SURFACE_SIDE_STYLE ('',( #4024 ) ) ;
#2496 =( NAMED_UNIT ( * ) SI_UNIT ( $, .STERADIAN. ) SOLID_ANGLE_UNIT ( ) );
#2497 = ORIENTED_EDGE ( 'NONE', *, *, #6542, .F. ) ;
#2498 = UNCERTAINTY_MEASURE_WITH_UNIT (LENGTH_MEASURE( 1.000000000000000082E-05 ), #356, 'distance_accuracy_value', 'NONE');
#2499 = CARTESIAN_POINT ( 'NONE',  ( -2.449999999999998401, -1.949999999999999956, -0.1000000000000000056 ) ) ;
#2500 = DIRECTION ( 'NONE',  ( -0.1039620511844983192, -0.1039620511844980277, 0.9891328443778538704 ) ) ;
#2501 = LINE ( 'NONE', #7173, #619 ) ;
#2502 = VERTEX_POINT ( 'NONE', #6292 ) ;
#2503 = LINE ( 'NONE', #6657, #2898 ) ;
#2504 = DIRECTION ( 'NONE',  ( 0.000000000000000000, -0.9413994453688866448, -0.3372937655207293162 ) ) ;
#2505 = ORIENTED_EDGE ( 'NONE', *, *, #4097, .F. ) ;
#2506 = FILL_AREA_STYLE_COLOUR ( '', #1613 ) ;
#2507 =( NAMED_UNIT ( * ) SI_UNIT ( $, .STERADIAN. ) SOLID_ANGLE_UNIT ( ) );
#2508 = PRESENTATION_STYLE_ASSIGNMENT (( #3634 ) ) ;
#2509 = VERTEX_POINT ( 'NONE', #1649 ) ;
#2510 = VERTEX_POINT ( 'NONE', #444 ) ;
#2511 = CARTESIAN_POINT ( 'NONE',  ( -1.704999999999998961, -3.000000000000000000, -0.7245116203837658198 ) ) ;
#2512 = SURFACE_STYLE_FILL_AREA ( #6090 ) ;
#2513 = PRESENTATION_STYLE_ASSIGNMENT (( #1909 ) ) ;
#2514 = FILL_AREA_STYLE ('',( #796 ) ) ;
#2515 = SURFACE_STYLE_USAGE ( .BOTH. , #4153 ) ;
#2516 = SURFACE_STYLE_FILL_AREA ( #5393 ) ;
#2517 = ADVANCED_FACE ( 'NONE', ( #2890 ), #5660, .T. ) ;
#2518 = EDGE_LOOP ( 'NONE', ( #3007, #5937, #158, #6819 ) ) ;
#2519 = PRESENTATION_STYLE_ASSIGNMENT (( #4297 ) ) ;
#2520 = ORIENTED_EDGE ( 'NONE', *, *, #5998, .F. ) ;
#2521 = ADVANCED_FACE ( 'NONE', ( #5699 ), #3345, .T. ) ;
#2522 = VECTOR ( 'NONE', #3925, 1000.000000000000000 ) ;
#2523 = VECTOR ( 'NONE', #5350, 1000.000000000000000 ) ;
#2524 = CARTESIAN_POINT ( 'NONE',  ( -2.449999999999998401, -1.886113480025950695, -0.7078396347450740533 ) ) ;
#2525 = EDGE_CURVE ( 'NONE', #2971, #368, #4756, .T. ) ;
#2526 = CARTESIAN_POINT ( 'NONE',  ( 1.705000000000000959, -1.974999999999999867, -0.1999999999999999833 ) ) ;
#2527 = FACE_OUTER_BOUND ( 'NONE', #7272, .T. ) ;
#2528 = COLOUR_RGB ( '',0.8039215686274510109, 0.8039215686274510109, 0.8039215686274510109 ) ;
#2529 = ORIENTED_EDGE ( 'NONE', *, *, #4292, .F. ) ;
#2530 = SURFACE_STYLE_USAGE ( .BOTH. , #772 ) ;
#2531 = CARTESIAN_POINT ( 'NONE',  ( -2.408654545973158534, -1.834065403820539286, -0.4933757181366587585 ) ) ;
#2532 = ADVANCED_FACE ( 'NONE', ( #7151 ), #1300, .T. ) ;
#2533 = CARTESIAN_POINT ( 'NONE',  ( 1.705000000000000959, 2.468279889073774935, -0.6873301281804449214 ) ) ;
#2534 = CARTESIAN_POINT ( 'NONE',  ( -1.473346230402979629, -0.9747751063606726607, 0.7750000000000000222 ) ) ;
#2535 = ORIENTED_EDGE ( 'NONE', *, *, #1369, .T. ) ;
#2536 = ORIENTED_EDGE ( 'NONE', *, *, #4956, .F. ) ;
#2537 = ORIENTED_EDGE ( 'NONE', *, *, #3379, .T. ) ;
#2538 = VECTOR ( 'NONE', #1950, 1000.000000000000000 ) ;
#2539 =( LENGTH_UNIT ( ) NAMED_UNIT ( * ) SI_UNIT ( .MILLI., .METRE. ) );
#2540 =( NAMED_UNIT ( * ) PLANE_ANGLE_UNIT ( ) SI_UNIT ( $, .RADIAN. ) );
#2541 = PRESENTATION_LAYER_ASSIGNMENT (  '', '', ( #3852 ) ) ;
#2542 = FILL_AREA_STYLE ('',( #4177 ) ) ;
#2543 = ORIENTED_EDGE ( 'NONE', *, *, #7395, .T. ) ;
#2544 = VERTEX_POINT ( 'NONE', #186 ) ;
#2545 = DIRECTION ( 'NONE',  ( 0.000000000000000000, 0.000000000000000000, -1.000000000000000000 ) ) ;
#2546 = PRESENTATION_STYLE_ASSIGNMENT (( #4367 ) ) ;
#2547 = SURFACE_SIDE_STYLE ('',( #3110 ) ) ;
#2548 = CARTESIAN_POINT ( 'NONE',  ( -2.311524337873328783, 1.811524337873330115, 0.7750000000000000222 ) ) ;
#2549 = CARTESIAN_POINT ( 'NONE',  ( 1.705000000000000959, 2.045395859880669409, -0.1000000000000000194 ) ) ;
#2550 = FILL_AREA_STYLE_COLOUR ( '', #2226 ) ;
#2551 = ORIENTED_EDGE ( 'NONE', *, *, #2565, .F. ) ;
#2552 = VECTOR ( 'NONE', #3062, 1000.000000000000000 ) ;
#2553 = AXIS2_PLACEMENT_3D ( 'NONE', #3440, #6401, #500 ) ;
#2554 = AXIS2_PLACEMENT_3D ( 'NONE', #7205, #2169, #6851 ) ;
#2555 = ORIENTED_EDGE ( 'NONE', *, *, #206, .F. ) ;
#2556 = DIRECTION ( 'NONE',  ( 1.000000000000000000, 0.000000000000000000, 0.000000000000000000 ) ) ;
#2557 = VECTOR ( 'NONE', #1057, 1000.000000000000000 ) ;
#2558 = PLANE ( 'NONE',  #1505 ) ;
#2559 =( LENGTH_UNIT ( ) NAMED_UNIT ( * ) SI_UNIT ( .MILLI., .METRE. ) );
#2560 = LINE ( 'NONE', #3658, #627 ) ;
#2561 = COLOUR_RGB ( '',0.2862745098039215508, 0.2862745098039215508, 0.2862745098039215508 ) ;
#2562 = STYLED_ITEM ( 'NONE', ( #4364 ), #5862 ) ;
#2563 = ORIENTED_EDGE ( 'NONE', *, *, #1207, .F. ) ;
#2564 = FILL_AREA_STYLE_COLOUR ( '', #523 ) ;
#2565 = EDGE_CURVE ( 'NONE', #4238, #4241, #2401, .T. ) ;
#2566 = SURFACE_SIDE_STYLE ('',( #1475 ) ) ;
#2567 = EDGE_CURVE ( 'NONE', #2724, #632, #4863, .T. ) ;
#2568 = DIRECTION ( 'NONE',  ( 0.000000000000000000, 0.000000000000000000, -1.000000000000000000 ) ) ;
#2569 = CIRCLE ( 'NONE', #1366, 0.1999999999999978184 ) ;
#2570 = FILL_AREA_STYLE ('',( #270 ) ) ;
#2571 = COLOUR_RGB ( '',0.2862745098039215508, 0.2862745098039215508, 0.2862745098039215508 ) ;
#2572 = CARTESIAN_POINT ( 'NONE',  ( -0.8349999999999991873, 2.233675748954446760, -0.03254124689585519842 ) ) ;
#2573 = STYLED_ITEM ( 'NONE', ( #3162 ), #6115 ) ;
#2574 = DIRECTION ( 'NONE',  ( 1.000000000000000000, 0.000000000000000000, 0.000000000000000000 ) ) ;
#2575 = DIRECTION ( 'NONE',  ( 0.000000000000000000, 0.000000000000000000, -1.000000000000000000 ) ) ;
#2576 = CARTESIAN_POINT ( 'NONE',  ( -1.751524337873328729, -0.9747751063606726607, 0.7750000000000000222 ) ) ;
#2577 = FILL_AREA_STYLE ('',( #5450 ) ) ;
#2578 = ORIENTED_EDGE ( 'NONE', *, *, #6541, .F. ) ;
#2579 = DIRECTION ( 'NONE',  ( 0.000000000000000000, 0.9945218953682734009, -0.1045284632676537068 ) ) ;
#2580 = UNCERTAINTY_MEASURE_WITH_UNIT (LENGTH_MEASURE( 1.000000000000000082E-05 ), #604, 'distance_accuracy_value', 'NONE');
#2581 = EDGE_CURVE ( 'NONE', #7275, #1347, #3548, .T. ) ;
#2582 = SURFACE_STYLE_USAGE ( .BOTH. , #6747 ) ;
#2583 =( NAMED_UNIT ( * ) SI_UNIT ( $, .STERADIAN. ) SOLID_ANGLE_UNIT ( ) );
#2584 = PRESENTATION_LAYER_ASSIGNMENT (  '', '', ( #1733 ) ) ;
#2585 = CARTESIAN_POINT ( 'NONE',  ( 2.105000000000000870, -2.279999999999998028, -0.7547888812845857665 ) ) ;
#2586 =( NAMED_UNIT ( * ) SI_UNIT ( $, .STERADIAN. ) SOLID_ANGLE_UNIT ( ) );
#2587 = SURFACE_STYLE_USAGE ( .BOTH. , #5460 ) ;
#2588 = DIRECTION ( 'NONE',  ( 0.000000000000000000, 0.000000000000000000, -1.000000000000000000 ) ) ;
#2589 = UNCERTAINTY_MEASURE_WITH_UNIT (LENGTH_MEASURE( 1.000000000000000082E-05 ), #7013, 'distance_accuracy_value', 'NONE');
#2590 = CARTESIAN_POINT ( 'NONE',  ( 2.105000000000000870, 1.949999999999999956, 0.09999999999999999167 ) ) ;
#2591 = CIRCLE ( 'NONE', #4981, 0.1999999999999995670 ) ;
#2592 = DIRECTION ( 'NONE',  ( 0.000000000000000000, -2.891205793294679017E-15, 1.000000000000000000 ) ) ;
#2593 = CARTESIAN_POINT ( 'NONE',  ( -2.104999999999999094, -1.949999999999999956, 0.09999999999999999167 ) ) ;
#2594 = COLOUR_RGB ( '',0.2862745098039215508, 0.2862745098039215508, 0.2862745098039215508 ) ;
#2595 = CARTESIAN_POINT ( 'NONE',  ( -2.375409738600886556, 1.949998880753508246, 0.1000106489190368680 ) ) ;
#2596 = ORIENTED_EDGE ( 'NONE', *, *, #4709, .F. ) ;
#2597 = SURFACE_STYLE_FILL_AREA ( #6101 ) ;
#2598 = ORIENTED_EDGE ( 'NONE', *, *, #1949, .T. ) ;
#2599 = STYLED_ITEM ( 'NONE', ( #2714 ), #2695 ) ;
#2600 = ORIENTED_EDGE ( 'NONE', *, *, #536, .F. ) ;
#2601 =( NAMED_UNIT ( * ) SI_UNIT ( $, .STERADIAN. ) SOLID_ANGLE_UNIT ( ) );
#2602 =( GEOMETRIC_REPRESENTATION_CONTEXT ( 3 ) GLOBAL_UNCERTAINTY_ASSIGNED_CONTEXT ( ( #3462 ) ) GLOBAL_UNIT_ASSIGNED_CONTEXT ( ( #2670, #2101, #4345 ) ) REPRESENTATION_CONTEXT ( 'NONE', 'WORKASPACE' ) );
#2603 = ADVANCED_FACE ( 'NONE', ( #4675 ), #3600, .T. ) ;
#2604 = CARTESIAN_POINT ( 'NONE',  ( -0.4349999999999991651, 2.045395859880669409, 0.09999999999999999167 ) ) ;
#2605 = ORIENTED_EDGE ( 'NONE', *, *, #3086, .F. ) ;
#2606 = LINE ( 'NONE', #893, #5496 ) ;
#2607 = AXIS2_PLACEMENT_3D ( 'NONE', #6354, #2961, #6952 ) ;
#2608 = SURFACE_SIDE_STYLE ('',( #200 ) ) ;
#2609 = FACE_OUTER_BOUND ( 'NONE', #1805, .T. ) ;
#2610 = ADVANCED_FACE ( 'NONE', ( #951 ), #328, .T. ) ;
#2611 = CARTESIAN_POINT ( 'NONE',  ( 0.4350000000000009415, -1.949999999999999956, 0.09999999999999999167 ) ) ;
#2612 = EDGE_CURVE ( 'NONE', #7004, #836, #6677, .T. ) ;
#2613 = DIRECTION ( 'NONE',  ( -1.000000000000000000, -0.000000000000000000, -0.000000000000000000 ) ) ;
#2614 = VERTEX_POINT ( 'NONE', #4254 ) ;
#2615 = LINE ( 'NONE', #1778, #879 ) ;
#2616 = CARTESIAN_POINT ( 'NONE',  ( -2.104999999999999094, -1.974999999999999867, -0.1999999999999999833 ) ) ;
#2617 = COLOUR_RGB ( '',0.8039215686274510109, 0.8039215686274510109, 0.8039215686274510109 ) ;
#2618 = EDGE_CURVE ( 'NONE', #1932, #4774, #4370, .T. ) ;
#2619 = DIRECTION ( 'NONE',  ( 0.000000000000000000, 0.000000000000000000, -1.000000000000000000 ) ) ;
#2620 =( NAMED_UNIT ( * ) SI_UNIT ( $, .STERADIAN. ) SOLID_ANGLE_UNIT ( ) );
#2621 = ORIENTED_EDGE ( 'NONE', *, *, #6295, .T. ) ;
#2622 = VERTEX_POINT ( 'NONE', #797 ) ;
#2623 = CARTESIAN_POINT ( 'NONE',  ( 0.4350000000000009415, 3.000000000000000000, -0.7245116203837658198 ) ) ;
#2624 = SURFACE_STYLE_USAGE ( .BOTH. , #2547 ) ;
#2625 = FILL_AREA_STYLE_COLOUR ( '', #3004 ) ;
#2626 =( LENGTH_UNIT ( ) NAMED_UNIT ( * ) SI_UNIT ( .MILLI., .METRE. ) );
#2627 = SURFACE_STYLE_FILL_AREA ( #6173 ) ;
#2628 = CARTESIAN_POINT ( 'NONE',  ( -1.704999999999998961, 1.949999999999999956, -0.1000000000000000194 ) ) ;
#2629 = EDGE_CURVE ( 'NONE', #335, #7201, #4601, .T. ) ;
#2630 = ORIENTED_EDGE ( 'NONE', *, *, #3801, .T. ) ;
#2631 = FILL_AREA_STYLE_COLOUR ( '', #3519 ) ;
#2632 = ORIENTED_EDGE ( 'NONE', *, *, #5249, .F. ) ;
#2633 = AXIS2_PLACEMENT_3D ( 'NONE', #6242, #1670, #4465 ) ;
#2634 = ORIENTED_EDGE ( 'NONE', *, *, #105, .T. ) ;
#2635 = SURFACE_SIDE_STYLE ('',( #4227 ) ) ;
#2636 = ORIENTED_EDGE ( 'NONE', *, *, #6388, .T. ) ;
#2637 =( LENGTH_UNIT ( ) NAMED_UNIT ( * ) SI_UNIT ( .MILLI., .METRE. ) );
#2638 =( NAMED_UNIT ( * ) PLANE_ANGLE_UNIT ( ) SI_UNIT ( $, .RADIAN. ) );
#2639 = UNCERTAINTY_MEASURE_WITH_UNIT (LENGTH_MEASURE( 1.000000000000000082E-05 ), #1380, 'distance_accuracy_value', 'NONE');
#2640 = FILL_AREA_STYLE ('',( #7319 ) ) ;
#2641 = VECTOR ( 'NONE', #287, 1000.000000000000227 ) ;
#2642 = ADVANCED_FACE ( 'NONE', ( #3148 ), #253, .T. ) ;
#2643 = DIRECTION ( 'NONE',  ( 1.000000000000000000, 0.000000000000000000, 0.000000000000000000 ) ) ;
#2644 = ORIENTED_EDGE ( 'NONE', *, *, #6880, .T. ) ;
#2645 =( NAMED_UNIT ( * ) PLANE_ANGLE_UNIT ( ) SI_UNIT ( $, .RADIAN. ) );
#2646 = PRESENTATION_STYLE_ASSIGNMENT (( #3249 ) ) ;
#2647 = ORIENTED_EDGE ( 'NONE', *, *, #3099, .F. ) ;
#2648 = UNCERTAINTY_MEASURE_WITH_UNIT (LENGTH_MEASURE( 1.000000000000000082E-05 ), #5160, 'distance_accuracy_value', 'NONE');
#2649 = STYLED_ITEM ( 'NONE', ( #3064 ), #659 ) ;
#2650 = SURFACE_STYLE_USAGE ( .BOTH. , #3842 ) ;
#2651 = SURFACE_STYLE_FILL_AREA ( #3257 ) ;
#2652 = MECHANICAL_DESIGN_GEOMETRIC_PRESENTATION_REPRESENTATION (  '', ( #712 ), #4311 ) ;
#2653 = COLOUR_RGB ( '',0.8039215686274510109, 0.8039215686274510109, 0.8039215686274510109 ) ;
#2654 = LINE ( 'NONE', #4323, #6106 ) ;
#2655 = STYLED_ITEM ( 'NONE', ( #7302 ), #308 ) ;
#2656 = VERTEX_POINT ( 'NONE', #5423 ) ;
#2657 = EDGE_CURVE ( 'NONE', #2614, #7220, #996, .T. ) ;
#2658 =( NAMED_UNIT ( * ) PLANE_ANGLE_UNIT ( ) SI_UNIT ( $, .RADIAN. ) );
#2659 = CARTESIAN_POINT ( 'NONE',  ( -2.029702445343677830, -0.9747751063606726607, 0.7649999999999999023 ) ) ;
#2660 = CYLINDRICAL_SURFACE ( 'NONE', #574, 0.1000000000000002137 ) ;
#2661 = EDGE_CURVE ( 'NONE', #5641, #7086, #7482, .T. ) ;
#2662 = VECTOR ( 'NONE', #6994, 1000.000000000000000 ) ;
#2663 = MECHANICAL_DESIGN_GEOMETRIC_PRESENTATION_REPRESENTATION (  '', ( #6312 ), #4098 ) ;
#2664 = FACE_OUTER_BOUND ( 'NONE', #2746, .T. ) ;
#2665 =( NAMED_UNIT ( * ) PLANE_ANGLE_UNIT ( ) SI_UNIT ( $, .RADIAN. ) );
#2666 = EDGE_LOOP ( 'NONE', ( #2463, #5475, #3216, #2153 ) ) ;
#2667 = EDGE_CURVE ( 'NONE', #2971, #5219, #5765, .T. ) ;
#2668 = CARTESIAN_POINT ( 'NONE',  ( 2.449998880753508690, -1.875409738600887666, -0.1000106489190369929 ) ) ;
#2669 = ORIENTED_EDGE ( 'NONE', *, *, #478, .T. ) ;
#2670 =( LENGTH_UNIT ( ) NAMED_UNIT ( * ) SI_UNIT ( .MILLI., .METRE. ) );
#2671 = LINE ( 'NONE', #3716, #5826 ) ;
#2672 = FILL_AREA_STYLE_COLOUR ( '', #417 ) ;
#2673 = CARTESIAN_POINT ( 'NONE',  ( -2.029702445343677830, -0.9747751063606726607, 0.7649999999999999023 ) ) ;
#2674 = CARTESIAN_POINT ( 'NONE',  ( -2.104999999999999094, 3.000000000000000000, -0.7245116203837658198 ) ) ;
#2675 = AXIS2_PLACEMENT_3D ( 'NONE', #2431, #5888, #4853 ) ;
#2676 =( LENGTH_UNIT ( ) NAMED_UNIT ( * ) SI_UNIT ( .MILLI., .METRE. ) );
#2677 = FILL_AREA_STYLE_COLOUR ( '', #4308 ) ;
#2678 = ORIENTED_EDGE ( 'NONE', *, *, #6256, .F. ) ;
#2679 = DIRECTION ( 'NONE',  ( -1.000000000000000000, -0.000000000000000000, 0.000000000000000000 ) ) ;
#2680 = PRESENTATION_LAYER_ASSIGNMENT (  '', '', ( #7222 ) ) ;
#2681 = CARTESIAN_POINT ( 'NONE',  ( -2.104999999999999094, -1.949999999999999956, -0.1000000000000000194 ) ) ;
#2682 = MECHANICAL_DESIGN_GEOMETRIC_PRESENTATION_REPRESENTATION (  '', ( #2573 ), #3532 ) ;
#2683 = SURFACE_STYLE_USAGE ( .BOTH. , #1523 ) ;
#2684 = CARTESIAN_POINT ( 'NONE',  ( -0.8349999999999991873, 2.279999999999998028, -0.7547888812845857665 ) ) ;
#2685 = VECTOR ( 'NONE', #4580, 1000.000000000000000 ) ;
#2686 = CARTESIAN_POINT ( 'NONE',  ( -2.449999999999998401, -1.918617283803742302, 0.3985865994546281543 ) ) ;
#2687 = VERTEX_POINT ( 'NONE', #3172 ) ;
#2688 =( LENGTH_UNIT ( ) NAMED_UNIT ( * ) SI_UNIT ( .MILLI., .METRE. ) );
#2689 = FILL_AREA_STYLE ('',( #7298 ) ) ;
#2690 = UNCERTAINTY_MEASURE_WITH_UNIT (LENGTH_MEASURE( 1.000000000000000082E-05 ), #880, 'distance_accuracy_value', 'NONE');
#2691 = SURFACE_STYLE_FILL_AREA ( #7439 ) ;
#2692 = DIRECTION ( 'NONE',  ( 1.000000000000000000, 0.000000000000000000, 0.000000000000000000 ) ) ;
#2693 = SURFACE_SIDE_STYLE ('',( #584 ) ) ;
#2694 = ORIENTED_EDGE ( 'NONE', *, *, #1826, .T. ) ;
#2695 = ADVANCED_FACE ( 'NONE', ( #1762 ), #6234, .F. ) ;
#2696 = CYLINDRICAL_SURFACE ( 'NONE', #7419, 0.07499999999999980294 ) ;
#2697 = EDGE_CURVE ( 'NONE', #1584, #6734, #769, .T. ) ;
#2698 = DIRECTION ( 'NONE',  ( -1.000000000000000000, -6.077559477998633644E-16, 5.782411586589358822E-15 ) ) ;
#2699 = ORIENTED_EDGE ( 'NONE', *, *, #3485, .T. ) ;
#2700 = ORIENTED_EDGE ( 'NONE', *, *, #1826, .F. ) ;
#2701 = EDGE_CURVE ( 'NONE', #6829, #1858, #194, .T. ) ;
#2702 = AXIS2_PLACEMENT_3D ( 'NONE', #7228, #5389, #183 ) ;
#2703 = CARTESIAN_POINT ( 'NONE',  ( -2.323257295734050931, 1.823257295734051375, -0.5883683627870630595 ) ) ;
#2704 = DIRECTION ( 'NONE',  ( -1.000000000000000000, -0.000000000000000000, -0.000000000000000000 ) ) ;
#2705 = ORIENTED_EDGE ( 'NONE', *, *, #4623, .F. ) ;
#2706 = SURFACE_SIDE_STYLE ('',( #3237 ) ) ;
#2707 = COLOUR_RGB ( '',0.8039215686274510109, 0.8039215686274510109, 0.8039215686274510109 ) ;
#2708 = SURFACE_STYLE_FILL_AREA ( #2138 ) ;
#2709 = VERTEX_POINT ( 'NONE', #5794 ) ;
#2710 = UNCERTAINTY_MEASURE_WITH_UNIT (LENGTH_MEASURE( 1.000000000000000082E-05 ), #3425, 'distance_accuracy_value', 'NONE');
#2711 =( NAMED_UNIT ( * ) PLANE_ANGLE_UNIT ( ) SI_UNIT ( $, .RADIAN. ) );
#2712 = CARTESIAN_POINT ( 'NONE',  ( -1.704999999999998961, -1.949999999999999956, 0.09999999999999999167 ) ) ;
#2713 = FACE_OUTER_BOUND ( 'NONE', #2666, .T. ) ;
#2714 = PRESENTATION_STYLE_ASSIGNMENT (( #379 ) ) ;
#2715 = ORIENTED_EDGE ( 'NONE', *, *, #7349, .F. ) ;
#2716 =( NAMED_UNIT ( * ) PLANE_ANGLE_UNIT ( ) SI_UNIT ( $, .RADIAN. ) );
#2717 = UNCERTAINTY_MEASURE_WITH_UNIT (LENGTH_MEASURE( 1.000000000000000082E-05 ), #1160, 'distance_accuracy_value', 'NONE');
#2718 = SURFACE_STYLE_FILL_AREA ( #4423 ) ;
#2719 = LINE ( 'NONE', #7396, #559 ) ;
#2720 = DIRECTION ( 'NONE',  ( 0.000000000000000000, 0.9975640502598241977, 0.06975647374412528856 ) ) ;
#2721 = CARTESIAN_POINT ( 'NONE',  ( -2.104999999999999094, -1.949999999999999956, -0.1000000000000000194 ) ) ;
#2722 = EDGE_LOOP ( 'NONE', ( #2600, #7541, #1019, #7504 ) ) ;
#2723 = CYLINDRICAL_SURFACE ( 'NONE', #6226, 0.07499999999999998335 ) ;
#2724 = VERTEX_POINT ( 'NONE', #1054 ) ;
#2725 = SURFACE_STYLE_FILL_AREA ( #5620 ) ;
#2726 = LINE ( 'NONE', #4662, #7348 ) ;
#2727 = MECHANICAL_DESIGN_GEOMETRIC_PRESENTATION_REPRESENTATION (  '', ( #5639 ), #4757 ) ;
#2728 = CARTESIAN_POINT ( 'NONE',  ( 2.449998880753508690, -1.875409738600887666, -0.1000106489190369929 ) ) ;
#2729 = FACE_OUTER_BOUND ( 'NONE', #3909, .T. ) ;
#2730 = PLANE ( 'NONE',  #3049 ) ;
#2731 = CARTESIAN_POINT ( 'NONE',  ( 2.105000000000000870, 2.045395859880669409, 0.09999999999999999167 ) ) ;
#2732 = ORIENTED_EDGE ( 'NONE', *, *, #2001, .F. ) ;
#2733 = SURFACE_STYLE_USAGE ( .BOTH. , #1029 ) ;
#2734 =( NAMED_UNIT ( * ) SI_UNIT ( $, .STERADIAN. ) SOLID_ANGLE_UNIT ( ) );
#2735 = EDGE_LOOP ( 'NONE', ( #5302, #3051, #3250, #5485, #6231, #2196, #2219, #3248 ) ) ;
#2736 = ORIENTED_EDGE ( 'NONE', *, *, #5665, .F. ) ;
#2737 = DIRECTION ( 'NONE',  ( 1.000000000000000000, 0.000000000000000000, 0.000000000000000000 ) ) ;
#2738 = ADVANCED_FACE ( 'NONE', ( #3950 ), #4458, .T. ) ;
#2739 = DIRECTION ( 'NONE',  ( -0.000000000000000000, -0.000000000000000000, 1.000000000000000000 ) ) ;
#2740 = EDGE_CURVE ( 'NONE', #3615, #2544, #3900, .T. ) ;
#2741 = EDGE_CURVE ( 'NONE', #427, #1336, #4843, .T. ) ;
#2742 = DIRECTION ( 'NONE',  ( -0.1039620511844979306, 0.1039620511844979306, -0.9891328443778538704 ) ) ;
#2743 =( NAMED_UNIT ( * ) SI_UNIT ( $, .STERADIAN. ) SOLID_ANGLE_UNIT ( ) );
#2744 =( LENGTH_UNIT ( ) NAMED_UNIT ( * ) SI_UNIT ( .MILLI., .METRE. ) );
#2745 =( GEOMETRIC_REPRESENTATION_CONTEXT ( 3 ) GLOBAL_UNCERTAINTY_ASSIGNED_CONTEXT ( ( #6547 ) ) GLOBAL_UNIT_ASSIGNED_CONTEXT ( ( #2033, #4926, #4349 ) ) REPRESENTATION_CONTEXT ( 'NONE', 'WORKASPACE' ) );
#2746 = EDGE_LOOP ( 'NONE', ( #6908, #4945, #537, #2139 ) ) ;
#2747 = EDGE_CURVE ( 'NONE', #3793, #4065, #3655, .T. ) ;
#2748 = SURFACE_STYLE_USAGE ( .BOTH. , #2077 ) ;
#2749 = FILL_AREA_STYLE_COLOUR ( '', #1721 ) ;
#2750 = ADVANCED_FACE ( 'NONE', ( #1211 ), #3714, .T. ) ;
#2751 = AXIS2_PLACEMENT_3D ( 'NONE', #564, #1062, #5228 ) ;
#2752 =( GEOMETRIC_REPRESENTATION_CONTEXT ( 3 ) GLOBAL_UNCERTAINTY_ASSIGNED_CONTEXT ( ( #2106 ) ) GLOBAL_UNIT_ASSIGNED_CONTEXT ( ( #5812, #5234, #2999 ) ) REPRESENTATION_CONTEXT ( 'NONE', 'WORKASPACE' ) );
#2753 = PRESENTATION_STYLE_ASSIGNMENT (( #6711 ) ) ;
#2754 = LINE ( 'NONE', #2227, #2805 ) ;
#2755 = ORIENTED_EDGE ( 'NONE', *, *, #7116, .F. ) ;
#2756 = PLANE ( 'NONE',  #2385 ) ;
#2757 = DIRECTION ( 'NONE',  ( 0.000000000000000000, -1.000000000000000000, 0.000000000000000000 ) ) ;
#2758 = MECHANICAL_DESIGN_GEOMETRIC_PRESENTATION_REPRESENTATION (  '', ( #4301 ), #2880 ) ;
#2759 = COLOUR_RGB ( '',0.8039215686274510109, 0.8039215686274510109, 0.8039215686274510109 ) ;
#2760 = DIRECTION ( 'NONE',  ( 0.07411551268475130572, 0.7051619993942830344, 0.7051619993942765952 ) ) ;
#2761 = CARTESIAN_POINT ( 'NONE',  ( 2.311524337873330559, 1.811524337873330115, 0.6999999999999999556 ) ) ;
#2762 = CARTESIAN_POINT ( 'NONE',  ( -2.104999999999999094, -2.279999999999998028, -0.7547888812845857665 ) ) ;
#2763 = FILL_AREA_STYLE_COLOUR ( '', #398 ) ;
#2764 = CARTESIAN_POINT ( 'NONE',  ( 2.450000000000000178, 1.886113480025950695, -0.7078396347450740533 ) ) ;
#2765 = EDGE_LOOP ( 'NONE', ( #3101, #4534, #1863, #2327 ) ) ;
#2766 = FILL_AREA_STYLE_COLOUR ( '', #13 ) ;
#2767 = CARTESIAN_POINT ( 'NONE',  ( -1.704999999999998961, -2.454328594324949986, -0.8868429382324097832 ) ) ;
#2768 = ORIENTED_EDGE ( 'NONE', *, *, #2930, .F. ) ;
#2769 = CARTESIAN_POINT ( 'NONE',  ( -2.449760935694444974, -1.918963392251840316, 0.1022745449310376031 ) ) ;
#2770 = FACE_OUTER_BOUND ( 'NONE', #647, .T. ) ;
#2771 = CARTESIAN_POINT ( 'NONE',  ( 2.105000000000000870, -1.974999999999999867, -0.1000000000000000194 ) ) ;
#2772 = ORIENTED_EDGE ( 'NONE', *, *, #6738, .T. ) ;
#2773 = PRESENTATION_LAYER_ASSIGNMENT (  '', '', ( #137 ) ) ;
#2774 = FACE_OUTER_BOUND ( 'NONE', #2434, .T. ) ;
#2775 =( LENGTH_UNIT ( ) NAMED_UNIT ( * ) SI_UNIT ( .MILLI., .METRE. ) );
#2776 = COLOUR_RGB ( '',0.2862745098039215508, 0.2862745098039215508, 0.2862745098039215508 ) ;
#2777 = VECTOR ( 'NONE', #533, 1000.000000000000000 ) ;
#2778 = CYLINDRICAL_SURFACE ( 'NONE', #3650, 0.07499999999999980294 ) ;
#2779 = PRESENTATION_LAYER_ASSIGNMENT (  '', '', ( #266 ) ) ;
#2780 = AXIS2_PLACEMENT_3D ( 'NONE', #4611, #5790, #2863 ) ;
#2781 = EDGE_CURVE ( 'NONE', #5611, #5779, #3238, .T. ) ;
#2782 = EDGE_CURVE ( 'NONE', #4905, #3735, #4021, .T. ) ;
#2783 = ORIENTED_EDGE ( 'NONE', *, *, #3034, .T. ) ;
#2784 = SURFACE_SIDE_STYLE ('',( #6901 ) ) ;
#2785 = SURFACE_SIDE_STYLE ('',( #6274 ) ) ;
#2786 = STYLED_ITEM ( 'NONE', ( #3247 ), #2019 ) ;
#2787 =( GEOMETRIC_REPRESENTATION_CONTEXT ( 3 ) GLOBAL_UNCERTAINTY_ASSIGNED_CONTEXT ( ( #3762 ) ) GLOBAL_UNIT_ASSIGNED_CONTEXT ( ( #7243, #850, #4889 ) ) REPRESENTATION_CONTEXT ( 'NONE', 'WORKASPACE' ) );
#2788 = DIRECTION ( 'NONE',  ( 1.000000000000000000, 0.000000000000000000, 0.000000000000000000 ) ) ;
#2789 = CARTESIAN_POINT ( 'NONE',  ( 0.4350000000000009415, 1.974999999999999867, -0.1999999999999999833 ) ) ;
#2790 = CARTESIAN_POINT ( 'NONE',  ( -2.376217025357842516, -1.950806167510463762, -0.09232982849429269279 ) ) ;
#2791 = ORIENTED_EDGE ( 'NONE', *, *, #6052, .T. ) ;
#2792 =( NAMED_UNIT ( * ) PLANE_ANGLE_UNIT ( ) SI_UNIT ( $, .RADIAN. ) );
#2793 = VERTEX_POINT ( 'NONE', #4303 ) ;
#2794 = DIRECTION ( 'NONE',  ( 1.000000000000000000, 0.000000000000000000, 0.000000000000000000 ) ) ;
#2795 = LINE ( 'NONE', #1631, #3106 ) ;
#2796 = VECTOR ( 'NONE', #7376, 999.9999999999998863 ) ;
#2797 = CARTESIAN_POINT ( 'NONE',  ( 1.705000000000000959, 3.000000000000000000, -0.7245116203837658198 ) ) ;
#2798 = PRESENTATION_LAYER_ASSIGNMENT (  '', '', ( #2199 ) ) ;
#2799 = UNCERTAINTY_MEASURE_WITH_UNIT (LENGTH_MEASURE( 1.000000000000000082E-05 ), #812, 'distance_accuracy_value', 'NONE');
#2800 = SURFACE_STYLE_USAGE ( .BOTH. , #1671 ) ;
#2801 = DIRECTION ( 'NONE',  ( 0.000000000000000000, 0.000000000000000000, -1.000000000000000000 ) ) ;
#2802 = LINE ( 'NONE', #5103, #2522 ) ;
#2803 = SURFACE_STYLE_FILL_AREA ( #3404 ) ;
#2804 = CIRCLE ( 'NONE', #6731, 0.1999999999999978184 ) ;
#2805 = VECTOR ( 'NONE', #3613, 1000.000000000000000 ) ;
#2806 = SURFACE_SIDE_STYLE ('',( #1104 ) ) ;
#2807 = CARTESIAN_POINT ( 'NONE',  ( -2.449760935694444530, 1.918963392251840094, -0.1022745449310490246 ) ) ;
#2808 = LINE ( 'NONE', #7524, #1306 ) ;
#2809 = CARTESIAN_POINT ( 'NONE',  ( 2.344028141651122610, -1.844028141651121722, 0.3907469647095542231 ) ) ;
#2810 = VECTOR ( 'NONE', #4067, 1000.000000000000227 ) ;
#2811 = SURFACE_SIDE_STYLE ('',( #7528 ) ) ;
#2812 = EDGE_CURVE ( 'NONE', #6560, #3053, #6688, .T. ) ;
#2813 = ORIENTED_EDGE ( 'NONE', *, *, #2062, .T. ) ;
#2814 =( NAMED_UNIT ( * ) SI_UNIT ( $, .STERADIAN. ) SOLID_ANGLE_UNIT ( ) );
#2815 =( GEOMETRIC_REPRESENTATION_CONTEXT ( 3 ) GLOBAL_UNCERTAINTY_ASSIGNED_CONTEXT ( ( #1128 ) ) GLOBAL_UNIT_ASSIGNED_CONTEXT ( ( #7527, #5896, #2281 ) ) REPRESENTATION_CONTEXT ( 'NONE', 'WORKASPACE' ) );
#2816 =( NAMED_UNIT ( * ) PLANE_ANGLE_UNIT ( ) SI_UNIT ( $, .RADIAN. ) );
#2817 = PRESENTATION_LAYER_ASSIGNMENT (  '', '', ( #3670 ) ) ;
#2818 = FILL_AREA_STYLE ('',( #3724 ) ) ;
#2819 = SURFACE_STYLE_USAGE ( .BOTH. , #1587 ) ;
#2820 = CIRCLE ( 'NONE', #7126, 0.07499999999999980294 ) ;
#2821 = LINE ( 'NONE', #3458, #1910 ) ;
#2822 = ORIENTED_EDGE ( 'NONE', *, *, #938, .T. ) ;
#2823 = SURFACE_STYLE_FILL_AREA ( #5250 ) ;
#2824 = AXIS2_PLACEMENT_3D ( 'NONE', #1919, #5520, #5435 ) ;
#2825 = FILL_AREA_STYLE_COLOUR ( '', #5457 ) ;
#2826 = CARTESIAN_POINT ( 'NONE',  ( -2.449998880753506469, -1.875409738600887444, -0.1000106489190369236 ) ) ;
#2827 = ADVANCED_FACE ( 'NONE', ( #5977 ), #885, .T. ) ;
#2828 = ADVANCED_FACE ( 'NONE', ( #5118 ), #1503, .T. ) ;
#2829 = FILL_AREA_STYLE ('',( #2300 ) ) ;
#2830 = DIRECTION ( 'NONE',  ( 0.1039620511844979306, 0.1039620511844979306, -0.9891328443778538704 ) ) ;
#2831 = ORIENTED_EDGE ( 'NONE', *, *, #6126, .T. ) ;
#2832 = LINE ( 'NONE', #2867, #3151 ) ;
#2833 = ORIENTED_EDGE ( 'NONE', *, *, #3839, .T. ) ;
#2834 = FILL_AREA_STYLE ('',( #5683 ) ) ;
#2835 = CARTESIAN_POINT ( 'NONE',  ( -1.704999999999998961, 2.045395859880669409, 0.09999999999999999167 ) ) ;
#2836 = EDGE_CURVE ( 'NONE', #1612, #5630, #4408, .T. ) ;
#2837 = PRODUCT_RELATED_PRODUCT_CATEGORY ( 'part', '', ( #5633 ) ) ;
#2838 = LINE ( 'NONE', #14, #7084 ) ;
#2839 = LINE ( 'NONE', #5852, #1153 ) ;
#2840 = FILL_AREA_STYLE ('',( #7484 ) ) ;
#2841 = VERTEX_POINT ( 'NONE', #3794 ) ;
#2842 = CARTESIAN_POINT ( 'NONE',  ( 1.705000000000000959, 3.000000000000000000, -0.9250000000000000444 ) ) ;
#2843 = FILL_AREA_STYLE ('',( #3408 ) ) ;
#2844 = MECHANICAL_DESIGN_GEOMETRIC_PRESENTATION_REPRESENTATION (  '', ( #1159 ), #3913 ) ;
#2845 = SURFACE_STYLE_FILL_AREA ( #6917 ) ;
#2846 = CARTESIAN_POINT ( 'NONE',  ( -2.418963392251839650, -1.949760935694445863, 0.1022745449310376031 ) ) ;
#2847 = EDGE_CURVE ( 'NONE', #6038, #1895, #5999, .T. ) ;
#2848 = SURFACE_SIDE_STYLE ('',( #4595 ) ) ;
#2849 =( NAMED_UNIT ( * ) SI_UNIT ( $, .STERADIAN. ) SOLID_ANGLE_UNIT ( ) );
#2850 = ORIENTED_EDGE ( 'NONE', *, *, #4552, .F. ) ;
#2851 = DIRECTION ( 'NONE',  ( 0.000000000000000000, -1.000000000000000000, 0.000000000000000000 ) ) ;
#2852 = AXIS2_PLACEMENT_3D ( 'NONE', #1407, #1291, #4705 ) ;
#2853 = PLANE ( 'NONE',  #3170 ) ;
#2854 =( GEOMETRIC_REPRESENTATION_CONTEXT ( 3 ) GLOBAL_UNCERTAINTY_ASSIGNED_CONTEXT ( ( #5909 ) ) GLOBAL_UNIT_ASSIGNED_CONTEXT ( ( #2230, #395, #491 ) ) REPRESENTATION_CONTEXT ( 'NONE', 'WORKASPACE' ) );
#2855 = PRESENTATION_STYLE_ASSIGNMENT (( #2819 ) ) ;
#2856 =( NAMED_UNIT ( * ) PLANE_ANGLE_UNIT ( ) SI_UNIT ( $, .RADIAN. ) );
#2857 = DIRECTION ( 'NONE',  ( 0.000000000000000000, -0.9975640502598241977, 0.06975647374412528856 ) ) ;
#2858 = ORIENTED_EDGE ( 'NONE', *, *, #264, .F. ) ;
#2859 = DIRECTION ( 'NONE',  ( 1.000000000000000000, 0.000000000000000000, 0.000000000000000000 ) ) ;
#2860 = UNCERTAINTY_MEASURE_WITH_UNIT (LENGTH_MEASURE( 1.000000000000000082E-05 ), #5101, 'distance_accuracy_value', 'NONE');
#2861 = UNCERTAINTY_MEASURE_WITH_UNIT (LENGTH_MEASURE( 1.000000000000000082E-05 ), #2178, 'distance_accuracy_value', 'NONE');
#2862 = VECTOR ( 'NONE', #4066, 1000.000000000000227 ) ;
#2863 = DIRECTION ( 'NONE',  ( 0.000000000000000000, 0.000000000000000000, -1.000000000000000000 ) ) ;
#2864 = CIRCLE ( 'NONE', #1431, 0.2781781074703490453 ) ;
#2865 = DIRECTION ( 'NONE',  ( 1.000000000000000000, 0.000000000000000000, 0.000000000000000000 ) ) ;
#2866 = ORIENTED_EDGE ( 'NONE', *, *, #794, .T. ) ;
#2867 = CARTESIAN_POINT ( 'NONE',  ( -0.8349999999999991873, -1.974999999999999867, -0.1000000000000000194 ) ) ;
#2868 = ORIENTED_EDGE ( 'NONE', *, *, #1439, .F. ) ;
#2869 = SURFACE_STYLE_USAGE ( .BOTH. , #3435 ) ;
#2870 = LINE ( 'NONE', #2308, #2685 ) ;
#2871 = DIRECTION ( 'NONE',  ( 0.000000000000000000, -0.3372937655207250973, -0.9413994453688879771 ) ) ;
#2872 = LINE ( 'NONE', #5685, #236 ) ;
#2873 = CIRCLE ( 'NONE', #5546, 0.1999999999999995670 ) ;
#2874 = FACE_OUTER_BOUND ( 'NONE', #1880, .T. ) ;
#2875 = CARTESIAN_POINT ( 'NONE',  ( -0.8349999999999991873, 2.533419388043264942, -0.6918851256749790624 ) ) ;
#2876 = DIRECTION ( 'NONE',  ( 1.000000000000000000, -0.000000000000000000, 0.000000000000000000 ) ) ;
#2877 = SURFACE_STYLE_USAGE ( .BOTH. , #607 ) ;
#2878 = VERTEX_POINT ( 'NONE', #5597 ) ;
#2879 = EDGE_CURVE ( 'NONE', #4575, #1669, #6262, .T. ) ;
#2880 =( GEOMETRIC_REPRESENTATION_CONTEXT ( 3 ) GLOBAL_UNCERTAINTY_ASSIGNED_CONTEXT ( ( #7106 ) ) GLOBAL_UNIT_ASSIGNED_CONTEXT ( ( #1151, #6290, #4475 ) ) REPRESENTATION_CONTEXT ( 'NONE', 'WORKASPACE' ) );
#2881 = SURFACE_STYLE_FILL_AREA ( #5855 ) ;
#2882 = LINE ( 'NONE', #5185, #4963 ) ;
#2883 = PRESENTATION_STYLE_ASSIGNMENT (( #1295 ) ) ;
#2884 = DIRECTION ( 'NONE',  ( -1.000000000000000000, -0.000000000000000000, -0.000000000000000000 ) ) ;
#2885 = ADVANCED_FACE ( 'NONE', ( #2136 ), #7452, .T. ) ;
#2886 =( NAMED_UNIT ( * ) PLANE_ANGLE_UNIT ( ) SI_UNIT ( $, .RADIAN. ) );
#2887 = MECHANICAL_DESIGN_GEOMETRIC_PRESENTATION_REPRESENTATION (  '', ( #6187 ), #6439 ) ;
#2888 = MECHANICAL_DESIGN_GEOMETRIC_PRESENTATION_REPRESENTATION (  '', ( #6678 ), #6564 ) ;
#2889 =( NAMED_UNIT ( * ) SI_UNIT ( $, .STERADIAN. ) SOLID_ANGLE_UNIT ( ) );
#2890 = FACE_OUTER_BOUND ( 'NONE', #6774, .T. ) ;
#2891 = EDGE_LOOP ( 'NONE', ( #5035, #5669, #312, #6067 ) ) ;
#2892 = VECTOR ( 'NONE', #1748, 1000.000000000000000 ) ;
#2893 = AXIS2_PLACEMENT_3D ( 'NONE', #5025, #1532, #3815 ) ;
#2894 =( LENGTH_UNIT ( ) NAMED_UNIT ( * ) SI_UNIT ( .MILLI., .METRE. ) );
#2895 = PRESENTATION_LAYER_ASSIGNMENT (  '', '', ( #5062 ) ) ;
#2896 = DIRECTION ( 'NONE',  ( 0.000000000000000000, 0.000000000000000000, -1.000000000000000000 ) ) ;
#2897 = ORIENTED_EDGE ( 'NONE', *, *, #1783, .T. ) ;
#2898 = VECTOR ( 'NONE', #5497, 1000.000000000000000 ) ;
#2899 =( GEOMETRIC_REPRESENTATION_CONTEXT ( 3 ) GLOBAL_UNCERTAINTY_ASSIGNED_CONTEXT ( ( #807 ) ) GLOBAL_UNIT_ASSIGNED_CONTEXT ( ( #2259, #3, #4493 ) ) REPRESENTATION_CONTEXT ( 'NONE', 'WORKASPACE' ) );
#2900 = SURFACE_STYLE_USAGE ( .BOTH. , #702 ) ;
#2901 = STYLED_ITEM ( 'NONE', ( #5537 ), #1737 ) ;
#2902 = EDGE_CURVE ( 'NONE', #6188, #3545, #543, .T. ) ;
#2903 = AXIS2_PLACEMENT_3D ( 'NONE', #1854, #2984, #2341 ) ;
#2904 = VERTEX_POINT ( 'NONE', #3413 ) ;
#2905 = PLANE ( 'NONE',  #3134 ) ;
#2906 = ORIENTED_EDGE ( 'NONE', *, *, #6491, .F. ) ;
#2907 =( NAMED_UNIT ( * ) PLANE_ANGLE_UNIT ( ) SI_UNIT ( $, .RADIAN. ) );
#2908 = FILL_AREA_STYLE ('',( #3475 ) ) ;
#2909 = PRESENTATION_LAYER_ASSIGNMENT (  '', '', ( #6213 ) ) ;
#2910 = CIRCLE ( 'NONE', #4342, 0.1999999999999978184 ) ;
#2911 = CARTESIAN_POINT ( 'NONE',  ( -2.104999999999999094, 1.949999999999999956, 0.09999999999999999167 ) ) ;
#2912 = DIRECTION ( 'NONE',  ( 0.000000000000000000, 0.000000000000000000, -1.000000000000000000 ) ) ;
#2913 = LINE ( 'NONE', #7033, #2065 ) ;
#2914 = FILL_AREA_STYLE_COLOUR ( '', #2367 ) ;
#2915 = CARTESIAN_POINT ( 'NONE',  ( -2.104999999999999094, 2.279999999999998028, -0.7547888812845857665 ) ) ;
#2916 = EDGE_LOOP ( 'NONE', ( #1228, #2346, #5006, #2822 ) ) ;
#2917 = MECHANICAL_DESIGN_GEOMETRIC_PRESENTATION_REPRESENTATION (  '', ( #2198 ), #4697 ) ;
#2918 = CIRCLE ( 'NONE', #1718, 0.1000000000000002137 ) ;
#2919 = DIRECTION ( 'NONE',  ( 0.000000000000000000, -0.3372937655207292607, 0.9413994453688865338 ) ) ;
#2920 =( LENGTH_UNIT ( ) NAMED_UNIT ( * ) SI_UNIT ( .MILLI., .METRE. ) );
#2921 = AXIS2_PLACEMENT_3D ( 'NONE', #6232, #3394, #7394 ) ;
#2922 = DIRECTION ( 'NONE',  ( 1.000000000000000000, 0.000000000000000000, 0.000000000000000000 ) ) ;
#2923 = PRESENTATION_STYLE_ASSIGNMENT (( #4549 ) ) ;
#2924 = CARTESIAN_POINT ( 'NONE',  ( 0.4350000000000009415, 3.000000000000000000, -0.7245116203837658198 ) ) ;
#2925 = DIRECTION ( 'NONE',  ( 0.000000000000000000, 1.000000000000000000, 0.000000000000000000 ) ) ;
#2926 = DIRECTION ( 'NONE',  ( 0.1039620511844979445, 0.1039620511844979445, -0.9891328443778539814 ) ) ;
#2927 = COLOUR_RGB ( '',0.8039215686274510109, 0.8039215686274510109, 0.8039215686274510109 ) ;
#2928 = COLOUR_RGB ( '',0.2862745098039215508, 0.2862745098039215508, 0.2862745098039215508 ) ;
#2929 = EDGE_CURVE ( 'NONE', #1419, #4428, #6457, .T. ) ;
#2930 = EDGE_CURVE ( 'NONE', #4359, #4485, #7257, .T. ) ;
#2931 = EDGE_LOOP ( 'NONE', ( #1049, #3713, #7155, #3317 ) ) ;
#2932 = STYLED_ITEM ( 'NONE', ( #3070 ), #6826 ) ;
#2933 = FILL_AREA_STYLE_COLOUR ( '', #5206 ) ;
#2934 = VERTEX_POINT ( 'NONE', #5817 ) ;
#2935 = FACE_OUTER_BOUND ( 'NONE', #6964, .T. ) ;
#2936 = ADVANCED_FACE ( 'NONE', ( #6961 ), #1843, .T. ) ;
#2937 = COLOUR_RGB ( '',0.8039215686274510109, 0.8039215686274510109, 0.8039215686274510109 ) ;
#2938 = FILL_AREA_STYLE ('',( #7127 ) ) ;
#2939 =( NAMED_UNIT ( * ) PLANE_ANGLE_UNIT ( ) SI_UNIT ( $, .RADIAN. ) );
#2940 = CARTESIAN_POINT ( 'NONE',  ( 0.8350000000000008527, 2.045395859880669409, 0.09999999999999999167 ) ) ;
#2941 = DIRECTION ( 'NONE',  ( 1.000000000000000000, 0.000000000000000000, 0.000000000000000000 ) ) ;
#2942 = ORIENTED_EDGE ( 'NONE', *, *, #1874, .T. ) ;
#2943 = MECHANICAL_DESIGN_GEOMETRIC_PRESENTATION_REPRESENTATION (  '', ( #4239 ), #5239 ) ;
#2944 = CARTESIAN_POINT ( 'NONE',  ( -2.375409738600887000, -1.949998880753508246, -0.1000106489190369929 ) ) ;
#2945 = UNCERTAINTY_MEASURE_WITH_UNIT (LENGTH_MEASURE( 1.000000000000000082E-05 ), #5442, 'distance_accuracy_value', 'NONE');
#2946 = UNCERTAINTY_MEASURE_WITH_UNIT (LENGTH_MEASURE( 1.000000000000000082E-05 ), #1015, 'distance_accuracy_value', 'NONE');
#2947 =( NAMED_UNIT ( * ) SI_UNIT ( $, .STERADIAN. ) SOLID_ANGLE_UNIT ( ) );
#2948 = PRESENTATION_LAYER_ASSIGNMENT (  '', '', ( #5989 ) ) ;
#2949 = DIRECTION ( 'NONE',  ( 0.000000000000000000, -1.000000000000000000, 0.000000000000000000 ) ) ;
#2950 = DIRECTION ( 'NONE',  ( 0.9945218953682732899, 0.000000000000000000, -0.1045284632676541231 ) ) ;
#2951 = STYLED_ITEM ( 'NONE', ( #2127 ), #7436 ) ;
#2952 =( NAMED_UNIT ( * ) PLANE_ANGLE_UNIT ( ) SI_UNIT ( $, .RADIAN. ) );
#2953 = CARTESIAN_POINT ( 'NONE',  ( -0.8349999999999991873, 2.233675748954446316, -0.03254124689585535107 ) ) ;
#2954 = ORIENTED_EDGE ( 'NONE', *, *, #6822, .F. ) ;
#2955 = ORIENTED_EDGE ( 'NONE', *, *, #5578, .T. ) ;
#2956 = SURFACE_SIDE_STYLE ('',( #4737 ) ) ;
#2957 = EDGE_LOOP ( 'NONE', ( #517, #3185, #1274, #2014 ) ) ;
#2958 = FACE_OUTER_BOUND ( 'NONE', #7333, .T. ) ;
#2959 = UNCERTAINTY_MEASURE_WITH_UNIT (LENGTH_MEASURE( 1.000000000000000082E-05 ), #3217, 'distance_accuracy_value', 'NONE');
#2960 =( NAMED_UNIT ( * ) SI_UNIT ( $, .STERADIAN. ) SOLID_ANGLE_UNIT ( ) );
#2961 = DIRECTION ( 'NONE',  ( 1.000000000000000000, -0.000000000000000000, 0.000000000000000000 ) ) ;
#2962 = ORIENTED_EDGE ( 'NONE', *, *, #1654, .F. ) ;
#2963 = PRESENTATION_STYLE_ASSIGNMENT (( #3522 ) ) ;
#2964 = PLANE ( 'NONE',  #3286 ) ;
#2965 =( NAMED_UNIT ( * ) PLANE_ANGLE_UNIT ( ) SI_UNIT ( $, .RADIAN. ) );
#2966 = STYLED_ITEM ( 'NONE', ( #7098 ), #3478 ) ;
#2967 =( NAMED_UNIT ( * ) PLANE_ANGLE_UNIT ( ) SI_UNIT ( $, .RADIAN. ) );
#2968 = SURFACE_STYLE_USAGE ( .BOTH. , #6535 ) ;
#2969 = SURFACE_STYLE_FILL_AREA ( #2404 ) ;
#2970 =( GEOMETRIC_REPRESENTATION_CONTEXT ( 3 ) GLOBAL_UNCERTAINTY_ASSIGNED_CONTEXT ( ( #1815 ) ) GLOBAL_UNIT_ASSIGNED_CONTEXT ( ( #5264, #2354, #1184 ) ) REPRESENTATION_CONTEXT ( 'NONE', 'WORKASPACE' ) );
#2971 = VERTEX_POINT ( 'NONE', #687 ) ;
#2972 = PLANE ( 'NONE',  #853 ) ;
#2973 = ORIENTED_EDGE ( 'NONE', *, *, #1457, .T. ) ;
#2974 = EDGE_CURVE ( 'NONE', #5747, #6271, #5739, .T. ) ;
#2975 =( LENGTH_UNIT ( ) NAMED_UNIT ( * ) SI_UNIT ( .MILLI., .METRE. ) );
#2976 = CARTESIAN_POINT ( 'NONE',  ( 0.8350000000000008527, -1.974999999999999867, -0.1000000000000000194 ) ) ;
#2977 = PRESENTATION_LAYER_ASSIGNMENT (  '', '', ( #2016 ) ) ;
#2978 =( NAMED_UNIT ( * ) SI_UNIT ( $, .STERADIAN. ) SOLID_ANGLE_UNIT ( ) );
#2979 = FILL_AREA_STYLE_COLOUR ( '', #2408 ) ;
#2980 = EDGE_CURVE ( 'NONE', #5641, #2165, #7213, .T. ) ;
#2981 = ORIENTED_EDGE ( 'NONE', *, *, #7526, .T. ) ;
#2982 = FILL_AREA_STYLE_COLOUR ( '', #5732 ) ;
#2983 = EDGE_CURVE ( 'NONE', #6829, #5891, #1876, .T. ) ;
#2984 = DIRECTION ( 'NONE',  ( -0.000000000000000000, -1.000000000000000000, 0.000000000000000000 ) ) ;
#2985 = PLANE ( 'NONE',  #2554 ) ;
#2986 = LINE ( 'NONE', #6742, #5887 ) ;
#2987 = LINE ( 'NONE', #706, #28 ) ;
#2988 =( GEOMETRIC_REPRESENTATION_CONTEXT ( 3 ) GLOBAL_UNCERTAINTY_ASSIGNED_CONTEXT ( ( #1891 ) ) GLOBAL_UNIT_ASSIGNED_CONTEXT ( ( #1392, #4808, #2496 ) ) REPRESENTATION_CONTEXT ( 'NONE', 'WORKASPACE' ) );
#2989 = ORIENTED_EDGE ( 'NONE', *, *, #2275, .F. ) ;
#2990 = SURFACE_SIDE_STYLE ('',( #3512 ) ) ;
#2991 = CARTESIAN_POINT ( 'NONE',  ( 1.705000000000000959, -1.949999999999999956, 0.09999999999999999167 ) ) ;
#2992 = EDGE_CURVE ( 'NONE', #6684, #1075, #1912, .T. ) ;
#2993 = CARTESIAN_POINT ( 'NONE',  ( -0.8349999999999991873, -1.949999999999999956, -0.1000000000000000194 ) ) ;
#2994 = PRESENTATION_LAYER_ASSIGNMENT (  '', '', ( #689 ) ) ;
#2995 = DIRECTION ( 'NONE',  ( 0.000000000000000000, -0.9413994453688880881, 0.3372937655207250973 ) ) ;
#2996 = FILL_AREA_STYLE_COLOUR ( '', #3152 ) ;
#2997 = FILL_AREA_STYLE_COLOUR ( '', #4041 ) ;
#2998 = EDGE_CURVE ( 'NONE', #4509, #4485, #7122, .T. ) ;
#2999 =( NAMED_UNIT ( * ) SI_UNIT ( $, .STERADIAN. ) SOLID_ANGLE_UNIT ( ) );
#3000 =( NAMED_UNIT ( * ) PLANE_ANGLE_UNIT ( ) SI_UNIT ( $, .RADIAN. ) );
#3001 = MECHANICAL_DESIGN_GEOMETRIC_PRESENTATION_REPRESENTATION (  '', ( #6661 ), #4413 ) ;
#3002 = CYLINDRICAL_SURFACE ( 'NONE', #189, 0.2781781074703490453 ) ;
#3003 = DIRECTION ( 'NONE',  ( -0.9945218953682732899, 0.000000000000000000, 0.1045284632676539427 ) ) ;
#3004 = COLOUR_RGB ( '',0.8039215686274510109, 0.8039215686274510109, 0.8039215686274510109 ) ;
#3005 = AXIS2_PLACEMENT_3D ( 'NONE', #541, #20, #4592 ) ;
#3006 = SURFACE_STYLE_FILL_AREA ( #2285 ) ;
#3007 = ORIENTED_EDGE ( 'NONE', *, *, #7395, .F. ) ;
#3008 = CARTESIAN_POINT ( 'NONE',  ( 0.4350000000000009415, 2.279999999999998028, -0.7547888812845857665 ) ) ;
#3009 = VERTEX_POINT ( 'NONE', #1301 ) ;
#3010 = PRESENTATION_LAYER_ASSIGNMENT (  '', '', ( #6187 ) ) ;
#3011 = CARTESIAN_POINT ( 'NONE',  ( -1.704999999999998961, 1.949999999999999956, 0.09999999999999999167 ) ) ;
#3012 = CIRCLE ( 'NONE', #3961, 0.1999999999999995670 ) ;
#3013 = AXIS2_PLACEMENT_3D ( 'NONE', #42, #695, #4052 ) ;
#3014 = DIRECTION ( 'NONE',  ( 0.000000000000000000, 0.000000000000000000, -1.000000000000000000 ) ) ;
#3015 = DIRECTION ( 'NONE',  ( 0.000000000000000000, 0.000000000000000000, 1.000000000000000000 ) ) ;
#3016 = FILL_AREA_STYLE_COLOUR ( '', #5673 ) ;
#3017 = CARTESIAN_POINT ( 'NONE',  ( -0.8349999999999991873, -2.045395859880669409, 0.09999999999999999167 ) ) ;
#3018 = CARTESIAN_POINT ( 'NONE',  ( -2.449999999999998401, 1.875000000000000000, 0.1000000000000000056 ) ) ;
#3019 = UNCERTAINTY_MEASURE_WITH_UNIT (LENGTH_MEASURE( 1.000000000000000082E-05 ), #4275, 'distance_accuracy_value', 'NONE');
#3020 = UNCERTAINTY_MEASURE_WITH_UNIT (LENGTH_MEASURE( 1.000000000000000082E-05 ), #2123, 'distance_accuracy_value', 'NONE');
#3021 = SURFACE_SIDE_STYLE ('',( #7204 ) ) ;
#3022 = PRESENTATION_LAYER_ASSIGNMENT (  '', '', ( #6312 ) ) ;
#3023 =( NAMED_UNIT ( * ) SI_UNIT ( $, .STERADIAN. ) SOLID_ANGLE_UNIT ( ) );
#3024 = ADVANCED_FACE ( 'NONE', ( #3149 ), #4255, .T. ) ;
#3025 =( LENGTH_UNIT ( ) NAMED_UNIT ( * ) SI_UNIT ( .MILLI., .METRE. ) );
#3026 = FACE_OUTER_BOUND ( 'NONE', #468, .T. ) ;
#3027 = ORIENTED_EDGE ( 'NONE', *, *, #5674, .F. ) ;
#3028 = DIRECTION ( 'NONE',  ( 0.000000000000000000, 0.000000000000000000, -1.000000000000000000 ) ) ;
#3029 = ORIENTED_EDGE ( 'NONE', *, *, #6243, .T. ) ;
#3030 = EDGE_LOOP ( 'NONE', ( #6942, #4739, #4961, #7112 ) ) ;
#3031 = CARTESIAN_POINT ( 'NONE',  ( -1.751524337873328729, -0.9747751063606726607, 0.7750000000000000222 ) ) ;
#3032 = CARTESIAN_POINT ( 'NONE',  ( 2.386113480025951361, -1.534775106360672492, 0.7078396347450740533 ) ) ;
#3033 = SURFACE_STYLE_FILL_AREA ( #5298 ) ;
#3034 = EDGE_CURVE ( 'NONE', #2793, #6078, #4792, .T. ) ;
#3035 = MECHANICAL_DESIGN_GEOMETRIC_PRESENTATION_REPRESENTATION (  '', ( #266 ), #7087 ) ;
#3036 =( GEOMETRIC_REPRESENTATION_CONTEXT ( 3 ) GLOBAL_UNCERTAINTY_ASSIGNED_CONTEXT ( ( #2710 ) ) GLOBAL_UNIT_ASSIGNED_CONTEXT ( ( #3425, #6426, #3986 ) ) REPRESENTATION_CONTEXT ( 'NONE', 'WORKASPACE' ) );
#3037 = CARTESIAN_POINT ( 'NONE',  ( -0.4349999999999991651, 1.949999999999999956, 0.09999999999999999167 ) ) ;
#3038 =( NAMED_UNIT ( * ) SI_UNIT ( $, .STERADIAN. ) SOLID_ANGLE_UNIT ( ) );
#3039 = ORIENTED_EDGE ( 'NONE', *, *, #4859, .F. ) ;
#3040 = LINE ( 'NONE', #5346, #1043 ) ;
#3041 = LINE ( 'NONE', #5856, #5069 ) ;
#3042 = LINE ( 'NONE', #2511, #2523 ) ;
#3043 = FACE_OUTER_BOUND ( 'NONE', #6217, .T. ) ;
#3044 =( NAMED_UNIT ( * ) SI_UNIT ( $, .STERADIAN. ) SOLID_ANGLE_UNIT ( ) );
#3045 = VECTOR ( 'NONE', #2575, 1000.000000000000000 ) ;
#3046 =( LENGTH_UNIT ( ) NAMED_UNIT ( * ) SI_UNIT ( .MILLI., .METRE. ) );
#3047 = FACE_OUTER_BOUND ( 'NONE', #5077, .T. ) ;
#3048 = STYLED_ITEM ( 'NONE', ( #5395 ), #6402 ) ;
#3049 = AXIS2_PLACEMENT_3D ( 'NONE', #2202, #4399, #4433 ) ;
#3050 =( NAMED_UNIT ( * ) SI_UNIT ( $, .STERADIAN. ) SOLID_ANGLE_UNIT ( ) );
#3051 = ORIENTED_EDGE ( 'NONE', *, *, #5281, .F. ) ;
#3052 =( LENGTH_UNIT ( ) NAMED_UNIT ( * ) SI_UNIT ( .MILLI., .METRE. ) );
#3053 = VERTEX_POINT ( 'NONE', #6679 ) ;
#3054 = ORIENTED_EDGE ( 'NONE', *, *, #7465, .F. ) ;
#3055 = AXIS2_PLACEMENT_3D ( 'NONE', #1450, #1938, #2588 ) ;
#3056 = AXIS2_PLACEMENT_3D ( 'NONE', #4487, #7457, #3417 ) ;
#3057 = STYLED_ITEM ( 'NONE', ( #6867 ), #5718 ) ;
#3058 =( GEOMETRIC_REPRESENTATION_CONTEXT ( 3 ) GLOBAL_UNCERTAINTY_ASSIGNED_CONTEXT ( ( #2860 ) ) GLOBAL_UNIT_ASSIGNED_CONTEXT ( ( #5101, #6986, #5845 ) ) REPRESENTATION_CONTEXT ( 'NONE', 'WORKASPACE' ) );
#3059 = CARTESIAN_POINT ( 'NONE',  ( -2.349292219121299485, -1.947145501806659240, 0.3936956217319992346 ) ) ;
#3060 = DIRECTION ( 'NONE',  ( 0.000000000000000000, 0.9975640502598241977, 0.06975647374412528856 ) ) ;
#3061 = LINE ( 'NONE', #5361, #5931 ) ;
#3062 = DIRECTION ( 'NONE',  ( -1.000000000000000000, -0.000000000000000000, -0.000000000000000000 ) ) ;
#3063 = ORIENTED_EDGE ( 'NONE', *, *, #6517, .T. ) ;
#3064 = PRESENTATION_STYLE_ASSIGNMENT (( #3763 ) ) ;
#3065 = SURFACE_STYLE_FILL_AREA ( #7055 ) ;
#3066 = CARTESIAN_POINT ( 'NONE',  ( 0.000000000000000000, 0.000000000000000000, -0.7750000000000000222 ) ) ;
#3067 = ORIENTED_EDGE ( 'NONE', *, *, #3577, .T. ) ;
#3068 =( LENGTH_UNIT ( ) NAMED_UNIT ( * ) SI_UNIT ( .MILLI., .METRE. ) );
#3069 = EDGE_LOOP ( 'NONE', ( #3239, #6102, #442, #578 ) ) ;
#3070 = PRESENTATION_STYLE_ASSIGNMENT (( #1972 ) ) ;
#3071 = EDGE_CURVE ( 'NONE', #5854, #7023, #6230, .T. ) ;
#3072 = FILL_AREA_STYLE_COLOUR ( '', #5513 ) ;
#3073 = ORIENTED_EDGE ( 'NONE', *, *, #3071, .T. ) ;
#3074 = AXIS2_PLACEMENT_3D ( 'NONE', #1494, #4834, #3193 ) ;
#3075 = DIRECTION ( 'NONE',  ( 0.000000000000000000, 0.000000000000000000, -1.000000000000000000 ) ) ;
#3076 = DIRECTION ( 'NONE',  ( 0.000000000000000000, 0.9975640502598241977, 0.06975647374412528856 ) ) ;
#3077 =( NAMED_UNIT ( * ) SI_UNIT ( $, .STERADIAN. ) SOLID_ANGLE_UNIT ( ) );
#3078 = ADVANCED_FACE ( 'NONE', ( #6013 ), #1417, .T. ) ;
#3079 =( GEOMETRIC_REPRESENTATION_CONTEXT ( 3 ) GLOBAL_UNCERTAINTY_ASSIGNED_CONTEXT ( ( #4132 ) ) GLOBAL_UNIT_ASSIGNED_CONTEXT ( ( #1992, #7278, #6430 ) ) REPRESENTATION_CONTEXT ( 'NONE', 'WORKASPACE' ) );
#3080 = SURFACE_STYLE_FILL_AREA ( #145 ) ;
#3081 = VERTEX_POINT ( 'NONE', #5065 ) ;
#3082 = COLOUR_RGB ( '',0.8039215686274510109, 0.8039215686274510109, 0.8039215686274510109 ) ;
#3083 = PRESENTATION_STYLE_ASSIGNMENT (( #2487 ) ) ;
#3084 = ORIENTED_EDGE ( 'NONE', *, *, #2612, .T. ) ;
#3085 = APPLICATION_CONTEXT ( 'automotive_design' ) ;
#3086 = EDGE_CURVE ( 'NONE', #5122, #7004, #7444, .T. ) ;
#3087 = STYLED_ITEM ( 'NONE', ( #3517 ), #3301 ) ;
#3088 = CARTESIAN_POINT ( 'NONE',  ( 0.4350000000000009415, -2.280000000000000249, -0.7547888812845849893 ) ) ;
#3089 = DIRECTION ( 'NONE',  ( 0.000000000000000000, 0.000000000000000000, -1.000000000000000000 ) ) ;
#3090 = SURFACE_STYLE_FILL_AREA ( #4305 ) ;
#3091 = CARTESIAN_POINT ( 'NONE',  ( 2.375000000000000888, -1.949999999999999956, -0.1000000000000000056 ) ) ;
#3092 =( LENGTH_UNIT ( ) NAMED_UNIT ( * ) SI_UNIT ( .MILLI., .METRE. ) );
#3093 = UNCERTAINTY_MEASURE_WITH_UNIT (LENGTH_MEASURE( 1.000000000000000082E-05 ), #231, 'distance_accuracy_value', 'NONE');
#3094 = UNCERTAINTY_MEASURE_WITH_UNIT (LENGTH_MEASURE( 1.000000000000000082E-05 ), #1852, 'distance_accuracy_value', 'NONE');
#3095 = DIRECTION ( 'NONE',  ( 0.000000000000000000, 0.9975640502598243087, -0.06975647374412557999 ) ) ;
#3096 = AXIS2_PLACEMENT_3D ( 'NONE', #370, #1468, #887 ) ;
#3097 = DIRECTION ( 'NONE',  ( 1.000000000000000000, 0.000000000000000000, 0.000000000000000000 ) ) ;
#3098 = EDGE_LOOP ( 'NONE', ( #1174, #2254, #5477, #5934 ) ) ;
#3099 = EDGE_CURVE ( 'NONE', #2338, #2084, #3194, .T. ) ;
#3100 = EDGE_LOOP ( 'NONE', ( #903, #3299, #3603, #2345, #2328, #608, #7157, #6311, #2755, #363, #5591, #1400 ) ) ;
#3101 = ORIENTED_EDGE ( 'NONE', *, *, #4019, .F. ) ;
#3102 = DIRECTION ( 'NONE',  ( 1.000000000000000000, 0.000000000000000000, 0.000000000000000000 ) ) ;
#3103 = UNCERTAINTY_MEASURE_WITH_UNIT (LENGTH_MEASURE( 1.000000000000000082E-05 ), #4240, 'distance_accuracy_value', 'NONE');
#3104 = DIRECTION ( 'NONE',  ( 1.000000000000000000, 0.000000000000000000, 0.000000000000000000 ) ) ;
#3105 = FILL_AREA_STYLE ('',( #3515 ) ) ;
#3106 = VECTOR ( 'NONE', #4396, 1000.000000000000000 ) ;
#3107 = LINE ( 'NONE', #3700, #4395 ) ;
#3108 = FACE_OUTER_BOUND ( 'NONE', #5416, .T. ) ;
#3109 =( NAMED_UNIT ( * ) PLANE_ANGLE_UNIT ( ) SI_UNIT ( $, .RADIAN. ) );
#3110 = SURFACE_STYLE_FILL_AREA ( #5386 ) ;
#3111 = DIRECTION ( 'NONE',  ( 0.000000000000000000, -1.000000000000000000, 0.000000000000000000 ) ) ;
#3112 = AXIS2_PLACEMENT_3D ( 'NONE', #5733, #5150, #1471 ) ;
#3113 = PRESENTATION_STYLE_ASSIGNMENT (( #2968 ) ) ;
#3114 = DIRECTION ( 'NONE',  ( 0.000000000000000000, -0.3372937655207250973, -0.9413994453688879771 ) ) ;
#3115 = ORIENTED_EDGE ( 'NONE', *, *, #5306, .F. ) ;
#3116 = EDGE_CURVE ( 'NONE', #1669, #4338, #2839, .T. ) ;
#3117 = EDGE_CURVE ( 'NONE', #198, #6078, #2393, .T. ) ;
#3118 =( NAMED_UNIT ( * ) SI_UNIT ( $, .STERADIAN. ) SOLID_ANGLE_UNIT ( ) );
#3119 = ORIENTED_EDGE ( 'NONE', *, *, #5877, .F. ) ;
#3120 =( GEOMETRIC_REPRESENTATION_CONTEXT ( 3 ) GLOBAL_UNCERTAINTY_ASSIGNED_CONTEXT ( ( #1451 ) ) GLOBAL_UNIT_ASSIGNED_CONTEXT ( ( #3046, #249, #290 ) ) REPRESENTATION_CONTEXT ( 'NONE', 'WORKASPACE' ) );
#3121 = VECTOR ( 'NONE', #4248, 1000.000000000000000 ) ;
#3122 = FACE_OUTER_BOUND ( 'NONE', #5171, .T. ) ;
#3123 = LINE ( 'NONE', #4306, #4333 ) ;
#3124 =( GEOMETRIC_REPRESENTATION_CONTEXT ( 3 ) GLOBAL_UNCERTAINTY_ASSIGNED_CONTEXT ( ( #5848 ) ) GLOBAL_UNIT_ASSIGNED_CONTEXT ( ( #5466, #4325, #1569 ) ) REPRESENTATION_CONTEXT ( 'NONE', 'WORKASPACE' ) );
#3125 = ORIENTED_EDGE ( 'NONE', *, *, #4854, .T. ) ;
#3126 =( NAMED_UNIT ( * ) SI_UNIT ( $, .STERADIAN. ) SOLID_ANGLE_UNIT ( ) );
#3127 = LINE ( 'NONE', #4234, #7206 ) ;
#3128 = STYLED_ITEM ( 'NONE', ( #7420 ), #752 ) ;
#3129 = CARTESIAN_POINT ( 'NONE',  ( 2.105000000000000870, -2.454328594324949986, -0.8868429382324097832 ) ) ;
#3130 = CARTESIAN_POINT ( 'NONE',  ( -0.8349999999999991873, 3.000000000000000000, -0.7245116203837658198 ) ) ;
#3131 =( NAMED_UNIT ( * ) PLANE_ANGLE_UNIT ( ) SI_UNIT ( $, .RADIAN. ) );
#3132 = ORIENTED_EDGE ( 'NONE', *, *, #3702, .T. ) ;
#3133 = DIRECTION ( 'NONE',  ( 1.000000000000000000, 0.000000000000000000, 0.000000000000000000 ) ) ;
#3134 = AXIS2_PLACEMENT_3D ( 'NONE', #5373, #2504, #1284 ) ;
#3135 =( GEOMETRIC_REPRESENTATION_CONTEXT ( 3 ) GLOBAL_UNCERTAINTY_ASSIGNED_CONTEXT ( ( #3189 ) ) GLOBAL_UNIT_ASSIGNED_CONTEXT ( ( #3226, #7369, #4329 ) ) REPRESENTATION_CONTEXT ( 'NONE', 'WORKASPACE' ) );
#3136 = FILL_AREA_STYLE ('',( #907 ) ) ;
#3137 = VECTOR ( 'NONE', #1773, 1000.000000000000000 ) ;
#3138 = DIRECTION ( 'NONE',  ( -0.9945218953682734009, 0.000000000000000000, -0.1045284632676537068 ) ) ;
#3139 = ORIENTED_EDGE ( 'NONE', *, *, #4514, .F. ) ;
#3140 = CARTESIAN_POINT ( 'NONE',  ( 0.8350000000000008527, 2.540395035417677416, -0.5921287206489965760 ) ) ;
#3141 = SURFACE_STYLE_FILL_AREA ( #5964 ) ;
#3142 = CYLINDRICAL_SURFACE ( 'NONE', #4184, 0.07499999999999980294 ) ;
#3143 = FACE_OUTER_BOUND ( 'NONE', #3198, .T. ) ;
#3144 = SURFACE_STYLE_FILL_AREA ( #7226 ) ;
#3145 = LINE ( 'NONE', #3783, #6127 ) ;
#3146 =( GEOMETRIC_REPRESENTATION_CONTEXT ( 3 ) GLOBAL_UNCERTAINTY_ASSIGNED_CONTEXT ( ( #6161 ) ) GLOBAL_UNIT_ASSIGNED_CONTEXT ( ( #2316, #4079, #4036 ) ) REPRESENTATION_CONTEXT ( 'NONE', 'WORKASPACE' ) );
#3147 =( GEOMETRIC_REPRESENTATION_CONTEXT ( 3 ) GLOBAL_UNCERTAINTY_ASSIGNED_CONTEXT ( ( #6777 ) ) GLOBAL_UNIT_ASSIGNED_CONTEXT ( ( #4914, #2060, #4330 ) ) REPRESENTATION_CONTEXT ( 'NONE', 'WORKASPACE' ) );
#3148 = FACE_OUTER_BOUND ( 'NONE', #5358, .T. ) ;
#3149 = FACE_OUTER_BOUND ( 'NONE', #3991, .T. ) ;
#3150 = ORIENTED_EDGE ( 'NONE', *, *, #3633, .T. ) ;
#3151 = VECTOR ( 'NONE', #5679, 1000.000000000000000 ) ;
#3152 = COLOUR_RGB ( '',0.2862745098039215508, 0.2862745098039215508, 0.2862745098039215508 ) ;
#3153 = STYLED_ITEM ( 'NONE', ( #1210 ), #5387 ) ;
#3154 = ORIENTED_EDGE ( 'NONE', *, *, #7477, .F. ) ;
#3155 = ORIENTED_EDGE ( 'NONE', *, *, #4468, .T. ) ;
#3156 = AXIS2_PLACEMENT_3D ( 'NONE', #1213, #96, #593 ) ;
#3157 = EDGE_CURVE ( 'NONE', #1858, #4181, #1793, .T. ) ;
#3158 = CARTESIAN_POINT ( 'NONE',  ( 2.408654545973160310, 1.834065403820539286, 0.4933757181366587585 ) ) ;
#3159 = PRESENTATION_STYLE_ASSIGNMENT (( #2069 ) ) ;
#3160 = PLANE ( 'NONE',  #6198 ) ;
#3161 = MECHANICAL_DESIGN_GEOMETRIC_PRESENTATION_REPRESENTATION (  '', ( #6082 ), #5703 ) ;
#3162 = PRESENTATION_STYLE_ASSIGNMENT (( #4265 ) ) ;
#3163 =( GEOMETRIC_REPRESENTATION_CONTEXT ( 3 ) GLOBAL_UNCERTAINTY_ASSIGNED_CONTEXT ( ( #5614 ) ) GLOBAL_UNIT_ASSIGNED_CONTEXT ( ( #2626, #5468, #217 ) ) REPRESENTATION_CONTEXT ( 'NONE', 'WORKASPACE' ) );
#3164 = ORIENTED_EDGE ( 'NONE', *, *, #842, .F. ) ;
#3165 = EDGE_CURVE ( 'NONE', #6185, #716, #107, .T. ) ;
#3166 = CARTESIAN_POINT ( 'NONE',  ( -2.104999999999999094, -2.045395859880669409, -0.1000000000000000194 ) ) ;
#3167 = UNCERTAINTY_MEASURE_WITH_UNIT (LENGTH_MEASURE( 1.000000000000000082E-05 ), #5469, 'distance_accuracy_value', 'NONE');
#3168 = SURFACE_STYLE_USAGE ( .BOTH. , #849 ) ;
#3169 = DIRECTION ( 'NONE',  ( 1.000000000000000000, 0.000000000000000000, 0.000000000000000000 ) ) ;
#3170 = AXIS2_PLACEMENT_3D ( 'NONE', #5668, #5158, #4048 ) ;
#3171 = PLANE ( 'NONE',  #624 ) ;
#3172 = CARTESIAN_POINT ( 'NONE',  ( -2.104999999999999094, 2.454328594324949986, -0.8868429382324097832 ) ) ;
#3173 = DIRECTION ( 'NONE',  ( 1.000000000000000000, 0.000000000000000000, 0.000000000000000000 ) ) ;
#3174 = CARTESIAN_POINT ( 'NONE',  ( -2.449998880753506469, -1.875409738600887444, -0.1000106489190369236 ) ) ;
#3175 = ORIENTED_EDGE ( 'NONE', *, *, #5104, .F. ) ;
#3176 = VERTEX_POINT ( 'NONE', #6915 ) ;
#3177 = CARTESIAN_POINT ( 'NONE',  ( 2.105000000000000870, -2.233675748954446316, -0.03254124689585535107 ) ) ;
#3178 = EDGE_CURVE ( 'NONE', #6613, #6863, #3963, .T. ) ;
#3179 = EDGE_CURVE ( 'NONE', #1214, #4451, #4074, .T. ) ;
#3180 = CARTESIAN_POINT ( 'NONE',  ( -2.104999999999999094, 2.233675748954446316, -0.03254124689585535107 ) ) ;
#3181 = CARTESIAN_POINT ( 'NONE',  ( -2.104999999999999094, -3.000000000000000000, -0.9250000000000000444 ) ) ;
#3182 =( NAMED_UNIT ( * ) PLANE_ANGLE_UNIT ( ) SI_UNIT ( $, .RADIAN. ) );
#3183 = ORIENTED_EDGE ( 'NONE', *, *, #4376, .T. ) ;
#3184 = CARTESIAN_POINT ( 'NONE',  ( -1.704999999999998961, 3.000000000000000000, -0.9250000000000000444 ) ) ;
#3185 = ORIENTED_EDGE ( 'NONE', *, *, #6583, .F. ) ;
#3186 = CARTESIAN_POINT ( 'NONE',  ( -0.4349999999999991651, -2.045395859880669409, -0.1000000000000000194 ) ) ;
#3187 = SURFACE_SIDE_STYLE ('',( #288 ) ) ;
#3188 = CARTESIAN_POINT ( 'NONE',  ( -0.8349999999999991873, -2.533419388043264942, -0.6918851256749790624 ) ) ;
#3189 = UNCERTAINTY_MEASURE_WITH_UNIT (LENGTH_MEASURE( 1.000000000000000082E-05 ), #3226, 'distance_accuracy_value', 'NONE');
#3190 = CARTESIAN_POINT ( 'NONE',  ( 1.705000000000000959, -1.974999999999999867, -0.1000000000000000194 ) ) ;
#3191 =( GEOMETRIC_REPRESENTATION_CONTEXT ( 3 ) GLOBAL_UNCERTAINTY_ASSIGNED_CONTEXT ( ( #738 ) ) GLOBAL_UNIT_ASSIGNED_CONTEXT ( ( #5525, #6737, #7491 ) ) REPRESENTATION_CONTEXT ( 'NONE', 'WORKASPACE' ) );
#3192 = DIRECTION ( 'NONE',  ( 0.000000000000000000, 0.3372937655207250973, -0.9413994453688880881 ) ) ;
#3193 = DIRECTION ( 'NONE',  ( 0.000000000000000000, 0.000000000000000000, -1.000000000000000000 ) ) ;
#3194 = LINE ( 'NONE', #5511, #5743 ) ;
#3195 = VERTEX_POINT ( 'NONE', #15 ) ;
#3196 = COLOUR_RGB ( '',0.8039215686274510109, 0.8039215686274510109, 0.8039215686274510109 ) ;
#3197 =( NAMED_UNIT ( * ) PLANE_ANGLE_UNIT ( ) SI_UNIT ( $, .RADIAN. ) );
#3198 = EDGE_LOOP ( 'NONE', ( #1156, #1105, #3280, #223 ) ) ;
#3199 =( BOUNDED_CURVE ( )  B_SPLINE_CURVE ( 3, ( #6586, #7242, #6622, #773 ),
 .UNSPECIFIED., .F., .F. ) 
 B_SPLINE_CURVE_WITH_KNOTS ( ( 4, 4 ),
 ( 6.277722098658041538, 6.283185307179586232 ),
 .UNSPECIFIED. ) 
 CURVE ( )  GEOMETRIC_REPRESENTATION_ITEM ( )  RATIONAL_B_SPLINE_CURVE ( ( 1.000000000000000000, 0.9999975127809339615, 0.9999975127809339615, 1.000000000000000000 ) ) 
 REPRESENTATION_ITEM ( '' )  );
#3200 = COLOUR_RGB ( '',0.8039215686274510109, 0.8039215686274510109, 0.8039215686274510109 ) ;
#3201 = VERTEX_POINT ( 'NONE', #4587 ) ;
#3202 = DIRECTION ( 'NONE',  ( 1.000000000000000000, 0.000000000000000000, 0.000000000000000000 ) ) ;
#3203 = FILL_AREA_STYLE ('',( #1542 ) ) ;
#3204 = STYLED_ITEM ( 'NONE', ( #5933 ), #3024 ) ;
#3205 = CARTESIAN_POINT ( 'NONE',  ( -2.104999999999999094, -2.454328594324949986, -0.8868429382324097832 ) ) ;
#3206 = CARTESIAN_POINT ( 'NONE',  ( 2.105000000000000870, -2.468279889073774935, -0.6873301281804449214 ) ) ;
#3207 = ORIENTED_EDGE ( 'NONE', *, *, #76, .T. ) ;
#3208 = CARTESIAN_POINT ( 'NONE',  ( -2.104999999999999094, 1.949999999999999956, -0.1000000000000000194 ) ) ;
#3209 = CIRCLE ( 'NONE', #3802, 0.1000000000000002137 ) ;
#3210 = FILL_AREA_STYLE ('',( #5606 ) ) ;
#3211 = FILL_AREA_STYLE ('',( #1433 ) ) ;
#3212 = EDGE_CURVE ( 'NONE', #6884, #5218, #1636, .T. ) ;
#3213 = FACE_OUTER_BOUND ( 'NONE', #87, .T. ) ;
#3214 = CIRCLE ( 'NONE', #5751, 0.07499999999999998335 ) ;
#3215 = SURFACE_SIDE_STYLE ('',( #7289 ) ) ;
#3216 = ORIENTED_EDGE ( 'NONE', *, *, #6776, .F. ) ;
#3217 =( LENGTH_UNIT ( ) NAMED_UNIT ( * ) SI_UNIT ( .MILLI., .METRE. ) );
#3218 = EDGE_CURVE ( 'NONE', #6884, #4324, #4507, .T. ) ;
#3219 = ORIENTED_EDGE ( 'NONE', *, *, #6880, .F. ) ;
#3220 = PRESENTATION_LAYER_ASSIGNMENT (  '', '', ( #791 ) ) ;
#3221 = CARTESIAN_POINT ( 'NONE',  ( 2.449999626916908646, -1.875273160256224703, 0.1000035496485076753 ) ) ;
#3222 = FILL_AREA_STYLE_COLOUR ( '', #5837 ) ;
#3223 = ORIENTED_EDGE ( 'NONE', *, *, #2020, .T. ) ;
#3224 = CARTESIAN_POINT ( 'NONE',  ( -2.449999999999998401, -1.949999999999999956, 0.1000000000000000056 ) ) ;
#3225 = PRESENTATION_STYLE_ASSIGNMENT (( #397 ) ) ;
#3226 =( LENGTH_UNIT ( ) NAMED_UNIT ( * ) SI_UNIT ( .MILLI., .METRE. ) );
#3227 = STYLED_ITEM ( 'NONE', ( #7258 ), #4047 ) ;
#3228 = PRESENTATION_STYLE_ASSIGNMENT (( #918 ) ) ;
#3229 = DIRECTION ( 'NONE',  ( -1.000000000000000000, 0.000000000000000000, 0.000000000000000000 ) ) ;
#3230 = EDGE_LOOP ( 'NONE', ( #5831, #1749, #4260, #3511 ) ) ;
#3231 = ORIENTED_EDGE ( 'NONE', *, *, #1604, .F. ) ;
#3232 = ORIENTED_EDGE ( 'NONE', *, *, #4701, .F. ) ;
#3233 = DIRECTION ( 'NONE',  ( 1.000000000000000000, 0.000000000000000000, 0.000000000000000000 ) ) ;
#3234 = EDGE_CURVE ( 'NONE', #5598, #3659, #3209, .T. ) ;
#3235 = AXIS2_PLACEMENT_3D ( 'NONE', #651, #1869, #3527 ) ;
#3236 = ORIENTED_EDGE ( 'NONE', *, *, #6005, .T. ) ;
#3237 = SURFACE_STYLE_FILL_AREA ( #3797 ) ;
#3238 =( BOUNDED_CURVE ( )  B_SPLINE_CURVE ( 3, ( #2380, #2028, #4653, #4923 ),
 .UNSPECIFIED., .F., .F. ) 
 B_SPLINE_CURVE_WITH_KNOTS ( ( 4, 4 ),
 ( 5.503250352303677317, 7.063120262055495147 ),
 .UNSPECIFIED. ) 
 CURVE ( )  GEOMETRIC_REPRESENTATION_ITEM ( )  RATIONAL_B_SPLINE_CURVE ( ( 1.000000000000000000, 0.8073061876036311535, 0.8073061876036311535, 1.000000000000000000 ) ) 
 REPRESENTATION_ITEM ( '' )  );
#3239 = ORIENTED_EDGE ( 'NONE', *, *, #2781, .T. ) ;
#3240 = FACE_OUTER_BOUND ( 'NONE', #2916, .T. ) ;
#3241 = PRESENTATION_LAYER_ASSIGNMENT (  '', '', ( #1802 ) ) ;
#3242 = SURFACE_SIDE_STYLE ('',( #4382 ) ) ;
#3243 = FILL_AREA_STYLE_COLOUR ( '', #6849 ) ;
#3244 = COLOUR_RGB ( '',0.8039215686274510109, 0.8039215686274510109, 0.8039215686274510109 ) ;
#3245 = STYLED_ITEM ( 'NONE', ( #6029 ), #31 ) ;
#3246 = CARTESIAN_POINT ( 'NONE',  ( 0.8350000000000008527, -2.045395859880669409, -0.1000000000000000194 ) ) ;
#3247 = PRESENTATION_STYLE_ASSIGNMENT (( #933 ) ) ;
#3248 = ORIENTED_EDGE ( 'NONE', *, *, #6031, .F. ) ;
#3249 = SURFACE_STYLE_USAGE ( .BOTH. , #343 ) ;
#3250 = ORIENTED_EDGE ( 'NONE', *, *, #2781, .F. ) ;
#3251 =( NAMED_UNIT ( * ) SI_UNIT ( $, .STERADIAN. ) SOLID_ANGLE_UNIT ( ) );
#3252 = UNCERTAINTY_MEASURE_WITH_UNIT (LENGTH_MEASURE( 1.000000000000000082E-05 ), #6453, 'distance_accuracy_value', 'NONE');
#3253 = COLOUR_RGB ( '',0.2862745098039215508, 0.2862745098039215508, 0.2862745098039215508 ) ;
#3254 = EDGE_CURVE ( 'NONE', #5680, #1803, #1031, .T. ) ;
#3255 = EDGE_CURVE ( 'NONE', #6271, #3541, #7483, .T. ) ;
#3256 = FILL_AREA_STYLE ('',( #3329 ) ) ;
#3257 = FILL_AREA_STYLE ('',( #864 ) ) ;
#3258 = PRESENTATION_LAYER_ASSIGNMENT (  '', '', ( #1694 ) ) ;
#3259 = SURFACE_STYLE_USAGE ( .BOTH. , #1018 ) ;
#3260 = MECHANICAL_DESIGN_GEOMETRIC_PRESENTATION_REPRESENTATION (  '', ( #5560 ), #1801 ) ;
#3261 = ORIENTED_EDGE ( 'NONE', *, *, #622, .T. ) ;
#3262 = SURFACE_STYLE_USAGE ( .BOTH. , #1021 ) ;
#3263 = CARTESIAN_POINT ( 'NONE',  ( 2.449999626916908646, -1.875273160256224703, -0.1000035496485075642 ) ) ;
#3264 = DIRECTION ( 'NONE',  ( 0.000000000000000000, 1.000000000000000000, 0.000000000000000000 ) ) ;
#3265 = EDGE_CURVE ( 'NONE', #958, #2376, #204, .T. ) ;
#3266 = CARTESIAN_POINT ( 'NONE',  ( 2.311524337873331003, 1.811524337873329893, -0.6999999999999999556 ) ) ;
#3267 = STYLED_ITEM ( 'NONE', ( #1147 ), #1315 ) ;
#3268 = FACE_OUTER_BOUND ( 'NONE', #547, .T. ) ;
#3269 = FILL_AREA_STYLE_COLOUR ( '', #2594 ) ;
#3270 = ORIENTED_EDGE ( 'NONE', *, *, #7271, .T. ) ;
#3271 =( GEOMETRIC_REPRESENTATION_CONTEXT ( 3 ) GLOBAL_UNCERTAINTY_ASSIGNED_CONTEXT ( ( #3103 ) ) GLOBAL_UNIT_ASSIGNED_CONTEXT ( ( #4240, #6629, #6030 ) ) REPRESENTATION_CONTEXT ( 'NONE', 'WORKASPACE' ) );
#3272 = VERTEX_POINT ( 'NONE', #1759 ) ;
#3273 = ORIENTED_EDGE ( 'NONE', *, *, #2740, .F. ) ;
#3274 = LINE ( 'NONE', #1422, #510 ) ;
#3275 = CIRCLE ( 'NONE', #2439, 0.07499999999999995559 ) ;
#3276 = DIRECTION ( 'NONE',  ( 1.000000000000000000, 0.000000000000000000, 0.000000000000000000 ) ) ;
#3277 = ORIENTED_EDGE ( 'NONE', *, *, #5631, .F. ) ;
#3278 = CARTESIAN_POINT ( 'NONE',  ( 2.386113480025951361, 1.811524337873329893, -0.7078396347450740533 ) ) ;
#3279 = FILL_AREA_STYLE_COLOUR ( '', #5698 ) ;
#3280 = ORIENTED_EDGE ( 'NONE', *, *, #3537, .T. ) ;
#3281 = AXIS2_PLACEMENT_3D ( 'NONE', #297, #7282, #1470 ) ;
#3282 = MECHANICAL_DESIGN_GEOMETRIC_PRESENTATION_REPRESENTATION (  '', ( #2445 ), #3523 ) ;
#3283 = SURFACE_STYLE_FILL_AREA ( #5007 ) ;
#3284 = LINE ( 'NONE', #851, #4114 ) ;
#3285 = VECTOR ( 'NONE', #6154, 1000.000000000000000 ) ;
#3286 = AXIS2_PLACEMENT_3D ( 'NONE', #5894, #213, #5348 ) ;
#3287 =( LENGTH_UNIT ( ) NAMED_UNIT ( * ) SI_UNIT ( .MILLI., .METRE. ) );
#3288 =( NAMED_UNIT ( * ) SI_UNIT ( $, .STERADIAN. ) SOLID_ANGLE_UNIT ( ) );
#3289 = DIRECTION ( 'NONE',  ( 0.000000000000000000, 0.9413994453688866448, -0.3372937655207293162 ) ) ;
#3290 = ORIENTED_EDGE ( 'NONE', *, *, #1885, .T. ) ;
#3291 = STYLED_ITEM ( 'NONE', ( #1266 ), #6571 ) ;
#3292 =( LENGTH_UNIT ( ) NAMED_UNIT ( * ) SI_UNIT ( .MILLI., .METRE. ) );
#3293 = PRESENTATION_LAYER_ASSIGNMENT (  '', '', ( #6462 ) ) ;
#3294 = CARTESIAN_POINT ( 'NONE',  ( 0.4350000000000009415, -1.949999999999999956, 0.09999999999999999167 ) ) ;
#3295 =( NAMED_UNIT ( * ) PLANE_ANGLE_UNIT ( ) SI_UNIT ( $, .RADIAN. ) );
#3296 = PRESENTATION_STYLE_ASSIGNMENT (( #1016 ) ) ;
#3297 = CARTESIAN_POINT ( 'NONE',  ( -0.4349999999999991651, 2.069139944536888986, -0.1662706234479273959 ) ) ;
#3298 =( NAMED_UNIT ( * ) PLANE_ANGLE_UNIT ( ) SI_UNIT ( $, .RADIAN. ) );
#3299 = ORIENTED_EDGE ( 'NONE', *, *, #5813, .F. ) ;
#3300 = SURFACE_STYLE_FILL_AREA ( #4397 ) ;
#3301 = ADVANCED_FACE ( 'NONE', ( #1227 ), #1103, .T. ) ;
#3302 = DIRECTION ( 'NONE',  ( -3.038779738999325697E-16, -1.000000000000000000, 2.891205793294679411E-15 ) ) ;
#3303 = STYLED_ITEM ( 'NONE', ( #159 ), #7057 ) ;
#3304 = CARTESIAN_POINT ( 'NONE',  ( 1.705000000000000959, 2.533419388043264942, -0.6918851256749790624 ) ) ;
#3305 = ORIENTED_EDGE ( 'NONE', *, *, #1124, .F. ) ;
#3306 = EDGE_CURVE ( 'NONE', #7275, #3369, #679, .T. ) ;
#3307 =( NAMED_UNIT ( * ) SI_UNIT ( $, .STERADIAN. ) SOLID_ANGLE_UNIT ( ) );
#3308 = VERTEX_POINT ( 'NONE', #5458 ) ;
#3309 = ADVANCED_FACE ( 'NONE', ( #1903 ), #6600, .F. ) ;
#3310 = EDGE_LOOP ( 'NONE', ( #5372, #2497, #5722, #3946 ) ) ;
#3311 = CARTESIAN_POINT ( 'NONE',  ( 0.4350000000000009415, -2.446255090880788519, -0.6258580972010689969 ) ) ;
#3312 = VECTOR ( 'NONE', #827, 1000.000000000000000 ) ;
#3313 =( NAMED_UNIT ( * ) SI_UNIT ( $, .STERADIAN. ) SOLID_ANGLE_UNIT ( ) );
#3314 = CARTESIAN_POINT ( 'NONE',  ( -0.8349999999999991873, 2.468279889073774935, -0.6873301281804449214 ) ) ;
#3315 = VECTOR ( 'NONE', #219, 999.9999999999998863 ) ;
#3316 = CARTESIAN_POINT ( 'NONE',  ( -1.473346230402979629, -0.9747751063606726607, 0.7649999999999999023 ) ) ;
#3317 = ORIENTED_EDGE ( 'NONE', *, *, #129, .T. ) ;
#3318 = ADVANCED_FACE ( 'NONE', ( #7180 ), #6637, .T. ) ;
#3319 =( GEOMETRIC_REPRESENTATION_CONTEXT ( 3 ) GLOBAL_UNCERTAINTY_ASSIGNED_CONTEXT ( ( #1814 ) ) GLOBAL_UNIT_ASSIGNED_CONTEXT ( ( #2539, #6035, #2507 ) ) REPRESENTATION_CONTEXT ( 'NONE', 'WORKASPACE' ) );
#3320 = FACE_OUTER_BOUND ( 'NONE', #4046, .T. ) ;
#3321 = PLANE ( 'NONE',  #5566 ) ;
#3322 = COLOUR_RGB ( '',0.8039215686274510109, 0.8039215686274510109, 0.8039215686274510109 ) ;
#3323 = VERTEX_POINT ( 'NONE', #3037 ) ;
#3324 = LINE ( 'NONE', #4389, #1254 ) ;
#3325 = UNCERTAINTY_MEASURE_WITH_UNIT (LENGTH_MEASURE( 1.000000000000000082E-05 ), #1370, 'distance_accuracy_value', 'NONE');
#3326 = CARTESIAN_POINT ( 'NONE',  ( -2.449999999999998401, -1.875136580382891438, -0.09999999999999982514 ) ) ;
#3327 =( GEOMETRIC_REPRESENTATION_CONTEXT ( 3 ) GLOBAL_UNCERTAINTY_ASSIGNED_CONTEXT ( ( #3325 ) ) GLOBAL_UNIT_ASSIGNED_CONTEXT ( ( #1370, #1397, #4688 ) ) REPRESENTATION_CONTEXT ( 'NONE', 'WORKASPACE' ) );
#3328 = VECTOR ( 'NONE', #5808, 1000.000000000000000 ) ;
#3329 = FILL_AREA_STYLE_COLOUR ( '', #4031 ) ;
#3330 = DIRECTION ( 'NONE',  ( 0.000000000000000000, 0.9975640502598241977, 0.06975647374412528856 ) ) ;
#3331 = ORIENTED_EDGE ( 'NONE', *, *, #4701, .T. ) ;
#3332 =( LENGTH_UNIT ( ) NAMED_UNIT ( * ) SI_UNIT ( .MILLI., .METRE. ) );
#3333 = EDGE_LOOP ( 'NONE', ( #7292, #1525, #814, #3342, #3672, #5769, #800, #2104, #4094, #3954, #3894, #2151 ) ) ;
#3334 = SURFACE_STYLE_USAGE ( .BOTH. , #1020 ) ;
#3335 = CARTESIAN_POINT ( 'NONE',  ( -1.473346230402979629, -0.9747751063606726607, 0.7649999999999999023 ) ) ;
#3336 = VECTOR ( 'NONE', #7279, 1000.000000000000000 ) ;
#3337 = PRESENTATION_STYLE_ASSIGNMENT (( #4470 ) ) ;
#3338 = CARTESIAN_POINT ( 'NONE',  ( 1.705000000000000959, 2.446255090880788519, -0.6258580972010689969 ) ) ;
#3339 = EDGE_LOOP ( 'NONE', ( #3712, #3039, #3270, #729 ) ) ;
#3340 = CYLINDRICAL_SURFACE ( 'NONE', #6689, 0.1999999999999995670 ) ;
#3341 = DIRECTION ( 'NONE',  ( 0.1039620511844979445, -0.1039620511844979445, -0.9891328443778539814 ) ) ;
#3342 = ORIENTED_EDGE ( 'NONE', *, *, #3561, .F. ) ;
#3343 = SURFACE_STYLE_USAGE ( .BOTH. , #1035 ) ;
#3344 = VECTOR ( 'NONE', #2919, 1000.000000000000227 ) ;
#3345 = PLANE ( 'NONE',  #888 ) ;
#3346 = EDGE_CURVE ( 'NONE', #1669, #1591, #6486, .T. ) ;
#3347 = ADVANCED_FACE ( 'NONE', ( #7143 ), #1334, .T. ) ;
#3348 = PRESENTATION_STYLE_ASSIGNMENT (( #5702 ) ) ;
#3349 = ORIENTED_EDGE ( 'NONE', *, *, #6635, .F. ) ;
#3350 = EDGE_CURVE ( 'NONE', #7007, #318, #3876, .T. ) ;
#3351 = ORIENTED_EDGE ( 'NONE', *, *, #1878, .T. ) ;
#3352 = ADVANCED_FACE ( 'NONE', ( #389 ), #5049, .T. ) ;
#3353 = CARTESIAN_POINT ( 'NONE',  ( 0.4350000000000009415, 2.540395035417677416, -0.5921287206489965760 ) ) ;
#3354 = AXIS2_PLACEMENT_3D ( 'NONE', #1263, #3673, #1411 ) ;
#3355 = FILL_AREA_STYLE ('',( #4459 ) ) ;
#3356 = CARTESIAN_POINT ( 'NONE',  ( -1.704999999999998961, -1.949999999999999956, -0.1000000000000000194 ) ) ;
#3357 = ORIENTED_EDGE ( 'NONE', *, *, #6349, .T. ) ;
#3358 = LINE ( 'NONE', #3919, #2552 ) ;
#3359 = ORIENTED_EDGE ( 'NONE', *, *, #5813, .T. ) ;
#3360 = VECTOR ( 'NONE', #1316, 1000.000000000000114 ) ;
#3361 = PRESENTATION_LAYER_ASSIGNMENT (  '', '', ( #6678 ) ) ;
#3362 = PRESENTATION_STYLE_ASSIGNMENT (( #6834 ) ) ;
#3363 = CARTESIAN_POINT ( 'NONE',  ( 0.4350000000000009415, 1.949999999999999956, -0.1000000000000000194 ) ) ;
#3364 = DIRECTION ( 'NONE',  ( 1.000000000000000000, 0.000000000000000000, 0.000000000000000000 ) ) ;
#3365 =( NAMED_UNIT ( * ) SI_UNIT ( $, .STERADIAN. ) SOLID_ANGLE_UNIT ( ) );
#3366 = STYLED_ITEM ( 'NONE', ( #5153 ), #4928 ) ;
#3367 = DIRECTION ( 'NONE',  ( 0.000000000000000000, 0.000000000000000000, -1.000000000000000000 ) ) ;
#3368 = LINE ( 'NONE', #3964, #2068 ) ;
#3369 = VERTEX_POINT ( 'NONE', #2120 ) ;
#3370 = LINE ( 'NONE', #3967, #2041 ) ;
#3371 = CARTESIAN_POINT ( 'NONE',  ( 0.8350000000000008527, 1.974999999999999867, -0.1000000000000000194 ) ) ;
#3372 = DIRECTION ( 'NONE',  ( 0.000000000000000000, -0.000000000000000000, 1.000000000000000000 ) ) ;
#3373 = VECTOR ( 'NONE', #1680, 1000.000000000000000 ) ;
#3374 = PRESENTATION_LAYER_ASSIGNMENT (  '', '', ( #3366 ) ) ;
#3375 = DIRECTION ( 'NONE',  ( 0.000000000000000000, 0.000000000000000000, -1.000000000000000000 ) ) ;
#3376 = ORIENTED_EDGE ( 'NONE', *, *, #953, .T. ) ;
#3377 =( LENGTH_UNIT ( ) NAMED_UNIT ( * ) SI_UNIT ( .MILLI., .METRE. ) );
#3378 = ORIENTED_EDGE ( 'NONE', *, *, #5904, .T. ) ;
#3379 = EDGE_CURVE ( 'NONE', #4348, #1546, #6750, .T. ) ;
#3380 = PRESENTATION_LAYER_ASSIGNMENT (  '', '', ( #260 ) ) ;
#3381 = COLOUR_RGB ( '',0.2862745098039215508, 0.2862745098039215508, 0.2862745098039215508 ) ;
#3382 =( NAMED_UNIT ( * ) SI_UNIT ( $, .STERADIAN. ) SOLID_ANGLE_UNIT ( ) );
#3383 = LINE ( 'NONE', #4016, #1398 ) ;
#3384 = FACE_OUTER_BOUND ( 'NONE', #3434, .T. ) ;
#3385 = PRESENTATION_STYLE_ASSIGNMENT (( #6973 ) ) ;
#3386 = ADVANCED_FACE ( 'NONE', ( #1444 ), #4362, .F. ) ;
#3387 = MECHANICAL_DESIGN_GEOMETRIC_PRESENTATION_REPRESENTATION (  '', ( #1473 ), #3513 ) ;
#3388 = AXIS2_PLACEMENT_3D ( 'NONE', #6037, #3138, #6166 ) ;
#3389 = DIRECTION ( 'NONE',  ( 1.000000000000000000, 0.000000000000000000, 0.000000000000000000 ) ) ;
#3390 = COLOUR_RGB ( '',0.2862745098039215508, 0.2862745098039215508, 0.2862745098039215508 ) ;
#3391 = VERTEX_POINT ( 'NONE', #5839 ) ;
#3392 = FILL_AREA_STYLE_COLOUR ( '', #2937 ) ;
#3393 = UNCERTAINTY_MEASURE_WITH_UNIT (LENGTH_MEASURE( 1.000000000000000082E-05 ), #3849, 'distance_accuracy_value', 'NONE');
#3394 = DIRECTION ( 'NONE',  ( -0.1039620511844979445, -0.1039620511844979445, -0.9891328443778539814 ) ) ;
#3395 = VECTOR ( 'NONE', #5911, 1000.000000000000227 ) ;
#3396 = DIRECTION ( 'NONE',  ( 0.000000000000000000, 0.000000000000000000, -1.000000000000000000 ) ) ;
#3397 = ORIENTED_EDGE ( 'NONE', *, *, #7424, .T. ) ;
#3398 = DIRECTION ( 'NONE',  ( 0.000000000000000000, 0.06975647374412557999, 0.9975640502598243087 ) ) ;
#3399 =( GEOMETRIC_REPRESENTATION_CONTEXT ( 3 ) GLOBAL_UNCERTAINTY_ASSIGNED_CONTEXT ( ( #5907 ) ) GLOBAL_UNIT_ASSIGNED_CONTEXT ( ( #1110, #1189, #142 ) ) REPRESENTATION_CONTEXT ( 'NONE', 'WORKASPACE' ) );
#3400 = AXIS2_PLACEMENT_3D ( 'NONE', #5568, #6273, #2117 ) ;
#3401 = FILL_AREA_STYLE_COLOUR ( '', #5555 ) ;
#3402 = EDGE_CURVE ( 'NONE', #4619, #6728, #555, .T. ) ;
#3403 = CARTESIAN_POINT ( 'NONE',  ( -2.104999999999999094, -2.540395035417677416, -0.5921287206489965760 ) ) ;
#3404 = FILL_AREA_STYLE ('',( #2763 ) ) ;
#3405 = CARTESIAN_POINT ( 'NONE',  ( -2.323257295734050043, 1.897846437886671955, 0.5962079975321371572 ) ) ;
#3406 = DIRECTION ( 'NONE',  ( 1.000000000000000000, 0.000000000000000000, 0.000000000000000000 ) ) ;
#3407 = LINE ( 'NONE', #5111, #3373 ) ;
#3408 = FILL_AREA_STYLE_COLOUR ( '', #5046 ) ;
#3409 = DIRECTION ( 'NONE',  ( 0.000000000000000000, 0.000000000000000000, 1.000000000000000000 ) ) ;
#3410 = DIRECTION ( 'NONE',  ( 0.000000000000000000, 0.000000000000000000, -1.000000000000000000 ) ) ;
#3411 = FILL_AREA_STYLE ('',( #2034 ) ) ;
#3412 = MECHANICAL_DESIGN_GEOMETRIC_PRESENTATION_REPRESENTATION (  '', ( #1733 ), #4469 ) ;
#3413 = CARTESIAN_POINT ( 'NONE',  ( -0.4349999999999991651, -3.000000000000000000, -0.7245116203837658198 ) ) ;
#3414 = ORIENTED_EDGE ( 'NONE', *, *, #3801, .F. ) ;
#3415 = STYLED_ITEM ( 'NONE', ( #1191 ), #7202 ) ;
#3416 = STYLED_ITEM ( 'NONE', ( #6585 ), #7067 ) ;
#3417 = DIRECTION ( 'NONE',  ( 0.000000000000000000, 0.7071067811865512365, 0.7071067811865439090 ) ) ;
#3418 =( NAMED_UNIT ( * ) PLANE_ANGLE_UNIT ( ) SI_UNIT ( $, .RADIAN. ) );
#3419 =( NAMED_UNIT ( * ) PLANE_ANGLE_UNIT ( ) SI_UNIT ( $, .RADIAN. ) );
#3420 =( NAMED_UNIT ( * ) SI_UNIT ( $, .STERADIAN. ) SOLID_ANGLE_UNIT ( ) );
#3421 = FACE_OUTER_BOUND ( 'NONE', #5401, .T. ) ;
#3422 = DIRECTION ( 'NONE',  ( 0.000000000000000000, 1.000000000000000000, 0.000000000000000000 ) ) ;
#3423 = EDGE_LOOP ( 'NONE', ( #2700, #4003, #2134, #664 ) ) ;
#3424 = FILL_AREA_STYLE ('',( #1127 ) ) ;
#3425 =( LENGTH_UNIT ( ) NAMED_UNIT ( * ) SI_UNIT ( .MILLI., .METRE. ) );
#3426 = ADVANCED_FACE ( 'NONE', ( #7469 ), #3916, .F. ) ;
#3427 = CARTESIAN_POINT ( 'NONE',  ( 0.4350000000000009415, -1.974999999999999867, -0.1999999999999999833 ) ) ;
#3428 = EDGE_CURVE ( 'NONE', #1591, #1777, #2344, .T. ) ;
#3429 =( NAMED_UNIT ( * ) SI_UNIT ( $, .STERADIAN. ) SOLID_ANGLE_UNIT ( ) );
#3430 = CARTESIAN_POINT ( 'NONE',  ( 0.4350000000000009415, -2.233675748954446760, -0.03254124689585519842 ) ) ;
#3431 = ORIENTED_EDGE ( 'NONE', *, *, #2980, .F. ) ;
#3432 = PRESENTATION_LAYER_ASSIGNMENT (  '', '', ( #4616 ) ) ;
#3433 = CARTESIAN_POINT ( 'NONE',  ( 0.4350000000000009415, 2.233675748954446760, -0.03254124689585519842 ) ) ;
#3434 = EDGE_LOOP ( 'NONE', ( #5407, #1597, #4054, #5971, #656, #6527 ) ) ;
#3435 = SURFACE_SIDE_STYLE ('',( #3510 ) ) ;
#3436 = DIRECTION ( 'NONE',  ( 0.000000000000000000, 0.7071067811865512365, 0.7071067811865439090 ) ) ;
#3437 = AXIS2_PLACEMENT_3D ( 'NONE', #2789, #6342, #1056 ) ;
#3438 =( GEOMETRIC_REPRESENTATION_CONTEXT ( 3 ) GLOBAL_UNCERTAINTY_ASSIGNED_CONTEXT ( ( #1129 ) ) GLOBAL_UNIT_ASSIGNED_CONTEXT ( ( #7108, #7218, #281 ) ) REPRESENTATION_CONTEXT ( 'NONE', 'WORKASPACE' ) );
#3439 = PLANE ( 'NONE',  #5836 ) ;
#3440 = CARTESIAN_POINT ( 'NONE',  ( 2.344028141651122610, -1.844028141651121722, 0.3907469647095541676 ) ) ;
#3441 = VERTEX_POINT ( 'NONE', #5753 ) ;
#3442 = LINE ( 'NONE', #7522, #1162 ) ;
#3443 = PRESENTATION_STYLE_ASSIGNMENT (( #7523 ) ) ;
#3444 = PRESENTATION_LAYER_ASSIGNMENT (  '', '', ( #6771 ) ) ;
#3445 = FACE_OUTER_BOUND ( 'NONE', #6449, .T. ) ;
#3446 = SURFACE_STYLE_FILL_AREA ( #6177 ) ;
#3447 =( LENGTH_UNIT ( ) NAMED_UNIT ( * ) SI_UNIT ( .MILLI., .METRE. ) );
#3448 = MECHANICAL_DESIGN_GEOMETRIC_PRESENTATION_REPRESENTATION (  '', ( #1648 ), #1280 ) ;
#3449 = DIRECTION ( 'NONE',  ( 0.000000000000000000, 0.000000000000000000, -1.000000000000000000 ) ) ;
#3450 = DIRECTION ( 'NONE',  ( 0.000000000000000000, 0.000000000000000000, -1.000000000000000000 ) ) ;
#3451 = ORIENTED_EDGE ( 'NONE', *, *, #7466, .T. ) ;
#3452 = SURFACE_STYLE_FILL_AREA ( #4125 ) ;
#3453 = EDGE_LOOP ( 'NONE', ( #5523, #7082, #2537, #2897 ) ) ;
#3454 = SURFACE_SIDE_STYLE ('',( #7008 ) ) ;
#3455 = ADVANCED_FACE ( 'NONE', ( #6904 ), #6431, .T. ) ;
#3456 = DIRECTION ( 'NONE',  ( 0.1039620511844983330, -0.1039620511844974449, 0.9891328443778539814 ) ) ;
#3457 = PLANE ( 'NONE',  #4415 ) ;
#3458 = CARTESIAN_POINT ( 'NONE',  ( 0.4350000000000009415, -1.974999999999999867, -0.1000000000000000194 ) ) ;
#3459 = VERTEX_POINT ( 'NONE', #166 ) ;
#3460 = DIRECTION ( 'NONE',  ( 1.000000000000000000, 0.000000000000000000, -0.000000000000000000 ) ) ;
#3461 = UNCERTAINTY_MEASURE_WITH_UNIT (LENGTH_MEASURE( 1.000000000000000082E-05 ), #5455, 'distance_accuracy_value', 'NONE');
#3462 = UNCERTAINTY_MEASURE_WITH_UNIT (LENGTH_MEASURE( 1.000000000000000082E-05 ), #2670, 'distance_accuracy_value', 'NONE');
#3463 = VECTOR ( 'NONE', #5208, 1000.000000000000000 ) ;
#3464 =( NAMED_UNIT ( * ) PLANE_ANGLE_UNIT ( ) SI_UNIT ( $, .RADIAN. ) );
#3465 =( GEOMETRIC_REPRESENTATION_CONTEXT ( 3 ) GLOBAL_UNCERTAINTY_ASSIGNED_CONTEXT ( ( #4887 ) ) GLOBAL_UNIT_ASSIGNED_CONTEXT ( ( #6757, #352, #4871 ) ) REPRESENTATION_CONTEXT ( 'NONE', 'WORKASPACE' ) );
#3466 = LINE ( 'NONE', #6476, #6720 ) ;
#3467 = EDGE_LOOP ( 'NONE', ( #881, #4615, #3349, #4256 ) ) ;
#3468 = CARTESIAN_POINT ( 'NONE',  ( 2.375409738600888332, 1.949998880753508246, -0.1000106489190369929 ) ) ;
#3469 = ORIENTED_EDGE ( 'NONE', *, *, #4127, .T. ) ;
#3470 = CARTESIAN_POINT ( 'NONE',  ( -0.8349999999999991873, 2.533419388043264942, -0.6918851256749790624 ) ) ;
#3471 = VERTEX_POINT ( 'NONE', #5332 ) ;
#3472 = PLANE ( 'NONE',  #2258 ) ;
#3473 = DIRECTION ( 'NONE',  ( 1.000000000000000000, -0.000000000000000000, 0.000000000000000000 ) ) ;
#3474 = SURFACE_SIDE_STYLE ('',( #1099 ) ) ;
#3475 = FILL_AREA_STYLE_COLOUR ( '', #2105 ) ;
#3476 = VECTOR ( 'NONE', #57, 1000.000000000000000 ) ;
#3477 = EDGE_CURVE ( 'NONE', #1393, #1068, #6518, .T. ) ;
#3478 = ADVANCED_FACE ( 'NONE', ( #3621 ), #4236, .T. ) ;
#3479 = CARTESIAN_POINT ( 'NONE',  ( -2.104999999999999094, -1.949999999999999956, -0.1000000000000000194 ) ) ;
#3480 = ORIENTED_EDGE ( 'NONE', *, *, #6732, .F. ) ;
#3481 = AXIS2_PLACEMENT_3D ( 'NONE', #2993, #5997, #4142 ) ;
#3482 = CARTESIAN_POINT ( 'NONE',  ( -2.104999999999999094, -2.280000000000000249, -0.7547888812845849893 ) ) ;
#3483 = CIRCLE ( 'NONE', #1681, 0.2781781074703490453 ) ;
#3484 = PLANE ( 'NONE',  #3354 ) ;
#3485 = EDGE_CURVE ( 'NONE', #6280, #1314, #1770, .T. ) ;
#3486 =( NAMED_UNIT ( * ) SI_UNIT ( $, .STERADIAN. ) SOLID_ANGLE_UNIT ( ) );
#3487 =( LENGTH_UNIT ( ) NAMED_UNIT ( * ) SI_UNIT ( .MILLI., .METRE. ) );
#3488 = FILL_AREA_STYLE_COLOUR ( '', #6428 ) ;
#3489 = SURFACE_STYLE_USAGE ( .BOTH. , #6999 ) ;
#3490 = VECTOR ( 'NONE', #3827, 1000.000000000000000 ) ;
#3491 = MECHANICAL_DESIGN_GEOMETRIC_PRESENTATION_REPRESENTATION (  '', ( #3607 ), #5431 ) ;
#3492 = ORIENTED_EDGE ( 'NONE', *, *, #1960, .T. ) ;
#3493 = CARTESIAN_POINT ( 'NONE',  ( -2.104999999999999094, 2.045395859880669409, 0.09999999999999999167 ) ) ;
#3494 = VECTOR ( 'NONE', #75, 1000.000000000000114 ) ;
#3495 = ORIENTED_EDGE ( 'NONE', *, *, #1500, .T. ) ;
#3496 = COLOUR_RGB ( '',0.8039215686274510109, 0.8039215686274510109, 0.8039215686274510109 ) ;
#3497 = CARTESIAN_POINT ( 'NONE',  ( -0.8349999999999991873, 1.974999999999999867, -0.1999999999999999833 ) ) ;
#3498 = CARTESIAN_POINT ( 'NONE',  ( -2.386113480025949585, -1.534775106360672492, 0.7078396347450740533 ) ) ;
#3499 = ORIENTED_EDGE ( 'NONE', *, *, #5161, .T. ) ;
#3500 = CARTESIAN_POINT ( 'NONE',  ( -2.104999999999999094, -3.000000000000000000, -0.9250000000000000444 ) ) ;
#3501 =( GEOMETRIC_REPRESENTATION_CONTEXT ( 3 ) GLOBAL_UNCERTAINTY_ASSIGNED_CONTEXT ( ( #2427 ) ) GLOBAL_UNIT_ASSIGNED_CONTEXT ( ( #5842, #5913, #4736 ) ) REPRESENTATION_CONTEXT ( 'NONE', 'WORKASPACE' ) );
#3502 = VECTOR ( 'NONE', #1704, 999.9999999999998863 ) ;
#3503 = DIRECTION ( 'NONE',  ( -1.000000000000000000, -0.000000000000000000, -0.000000000000000000 ) ) ;
#3504 = CIRCLE ( 'NONE', #265, 0.2781781074703490453 ) ;
#3505 = AXIS2_PLACEMENT_3D ( 'NONE', #4686, #3619, #5948 ) ;
#3506 =( LENGTH_UNIT ( ) NAMED_UNIT ( * ) SI_UNIT ( .MILLI., .METRE. ) );
#3507 =( NAMED_UNIT ( * ) SI_UNIT ( $, .STERADIAN. ) SOLID_ANGLE_UNIT ( ) );
#3508 = VERTEX_POINT ( 'NONE', #1319 ) ;
#3509 = ORIENTED_EDGE ( 'NONE', *, *, #5583, .T. ) ;
#3510 = SURFACE_STYLE_FILL_AREA ( #4535 ) ;
#3511 = ORIENTED_EDGE ( 'NONE', *, *, #2193, .T. ) ;
#3512 = SURFACE_STYLE_FILL_AREA ( #674 ) ;
#3513 =( GEOMETRIC_REPRESENTATION_CONTEXT ( 3 ) GLOBAL_UNCERTAINTY_ASSIGNED_CONTEXT ( ( #7168 ) ) GLOBAL_UNIT_ASSIGNED_CONTEXT ( ( #7416, #1692, #1041 ) ) REPRESENTATION_CONTEXT ( 'NONE', 'WORKASPACE' ) );
#3514 = PRESENTATION_LAYER_ASSIGNMENT (  '', '', ( #5207 ) ) ;
#3515 = FILL_AREA_STYLE_COLOUR ( '', #816 ) ;
#3516 = SURFACE_STYLE_FILL_AREA ( #4073 ) ;
#3517 = PRESENTATION_STYLE_ASSIGNMENT (( #1714 ) ) ;
#3518 = VERTEX_POINT ( 'NONE', #3585 ) ;
#3519 = COLOUR_RGB ( '',0.8039215686274510109, 0.8039215686274510109, 0.8039215686274510109 ) ;
#3520 = STYLED_ITEM ( 'NONE', ( #5608 ), #2278 ) ;
#3521 =( NAMED_UNIT ( * ) SI_UNIT ( $, .STERADIAN. ) SOLID_ANGLE_UNIT ( ) );
#3522 = SURFACE_STYLE_USAGE ( .BOTH. , #7181 ) ;
#3523 =( GEOMETRIC_REPRESENTATION_CONTEXT ( 3 ) GLOBAL_UNCERTAINTY_ASSIGNED_CONTEXT ( ( #4056 ) ) GLOBAL_UNIT_ASSIGNED_CONTEXT ( ( #3292, #2187, #4390 ) ) REPRESENTATION_CONTEXT ( 'NONE', 'WORKASPACE' ) );
#3524 = LINE ( 'NONE', #4037, #745 ) ;
#3525 =( LENGTH_UNIT ( ) NAMED_UNIT ( * ) SI_UNIT ( .MILLI., .METRE. ) );
#3526 = ADVANCED_FACE ( 'NONE', ( #3550 ), #5878, .T. ) ;
#3527 = DIRECTION ( 'NONE',  ( 0.000000000000000000, 0.000000000000000000, -1.000000000000000000 ) ) ;
#3528 =( NAMED_UNIT ( * ) PLANE_ANGLE_UNIT ( ) SI_UNIT ( $, .RADIAN. ) );
#3529 = DIRECTION ( 'NONE',  ( 0.000000000000000000, -0.9975640502598241977, 0.06975647374412528856 ) ) ;
#3530 =( GEOMETRIC_REPRESENTATION_CONTEXT ( 3 ) GLOBAL_UNCERTAINTY_ASSIGNED_CONTEXT ( ( #587 ) ) GLOBAL_UNIT_ASSIGNED_CONTEXT ( ( #6531, #4783, #1381 ) ) REPRESENTATION_CONTEXT ( 'NONE', 'WORKASPACE' ) );
#3531 = STYLED_ITEM ( 'NONE', ( #3653 ), #2381 ) ;
#3532 =( GEOMETRIC_REPRESENTATION_CONTEXT ( 3 ) GLOBAL_UNCERTAINTY_ASSIGNED_CONTEXT ( ( #6380 ) ) GLOBAL_UNIT_ASSIGNED_CONTEXT ( ( #229, #2638, #6148 ) ) REPRESENTATION_CONTEXT ( 'NONE', 'WORKASPACE' ) );
#3533 = EDGE_CURVE ( 'NONE', #4484, #4107, #7207, .T. ) ;
#3534 = SURFACE_STYLE_FILL_AREA ( #5932 ) ;
#3535 = SURFACE_STYLE_USAGE ( .BOTH. , #5194 ) ;
#3536 = VERTEX_POINT ( 'NONE', #3129 ) ;
#3537 = EDGE_CURVE ( 'NONE', #5854, #6185, #2986, .T. ) ;
#3538 =( GEOMETRIC_REPRESENTATION_CONTEXT ( 3 ) GLOBAL_UNCERTAINTY_ASSIGNED_CONTEXT ( ( #1890 ) ) GLOBAL_UNIT_ASSIGNED_CONTEXT ( ( #5916, #6079, #1377 ) ) REPRESENTATION_CONTEXT ( 'NONE', 'WORKASPACE' ) );
#3539 =( LENGTH_UNIT ( ) NAMED_UNIT ( * ) SI_UNIT ( .MILLI., .METRE. ) );
#3540 = VERTEX_POINT ( 'NONE', #2002 ) ;
#3541 = VERTEX_POINT ( 'NONE', #932 ) ;
#3542 = DIRECTION ( 'NONE',  ( 0.000000000000000000, -0.000000000000000000, -1.000000000000000000 ) ) ;
#3543 = EDGE_CURVE ( 'NONE', #1126, #6212, #6700, .T. ) ;
#3544 = CARTESIAN_POINT ( 'NONE',  ( 1.705000000000000959, -3.000000000000000000, -0.7245116203837658198 ) ) ;
#3545 = VERTEX_POINT ( 'NONE', #1552 ) ;
#3546 = STYLED_ITEM ( 'NONE', ( #5557 ), #7152 ) ;
#3547 = PRESENTATION_STYLE_ASSIGNMENT (( #2530 ) ) ;
#3548 = CIRCLE ( 'NONE', #6125, 0.07499999999999980294 ) ;
#3549 =( LENGTH_UNIT ( ) NAMED_UNIT ( * ) SI_UNIT ( .MILLI., .METRE. ) );
#3550 = FACE_OUTER_BOUND ( 'NONE', #391, .T. ) ;
#3551 = DIRECTION ( 'NONE',  ( 1.000000000000000000, 0.000000000000000000, 0.000000000000000000 ) ) ;
#3552 = SURFACE_STYLE_FILL_AREA ( #98 ) ;
#3553 = CARTESIAN_POINT ( 'NONE',  ( -2.449999626916906870, 1.875273160256224703, -0.1000035496485075642 ) ) ;
#3554 = PRESENTATION_LAYER_ASSIGNMENT (  '', '', ( #2599 ) ) ;
#3555 = ORIENTED_EDGE ( 'NONE', *, *, #1275, .F. ) ;
#3556 = DIRECTION ( 'NONE',  ( 1.000000000000000000, 0.000000000000000000, 0.000000000000000000 ) ) ;
#3557 =( NAMED_UNIT ( * ) SI_UNIT ( $, .STERADIAN. ) SOLID_ANGLE_UNIT ( ) );
#3558 = UNCERTAINTY_MEASURE_WITH_UNIT (LENGTH_MEASURE( 1.000000000000000082E-05 ), #4437, 'distance_accuracy_value', 'NONE');
#3559 = DIRECTION ( 'NONE',  ( 0.000000000000000000, 0.000000000000000000, 1.000000000000000000 ) ) ;
#3560 = AXIS2_PLACEMENT_3D ( 'NONE', #1178, #4539, #1100 ) ;
#3561 = EDGE_CURVE ( 'NONE', #1907, #7497, #4892, .T. ) ;
#3562 = CARTESIAN_POINT ( 'NONE',  ( -2.449998880753506914, 1.875409738600887666, 0.1000106489190369929 ) ) ;
#3563 = AXIS2_PLACEMENT_3D ( 'NONE', #1196, #7003, #6924 ) ;
#3564 = DIRECTION ( 'NONE',  ( 1.000000000000000000, 0.000000000000000000, 0.000000000000000000 ) ) ;
#3565 = PRESENTATION_STYLE_ASSIGNMENT (( #108 ) ) ;
#3566 = DIRECTION ( 'NONE',  ( 0.000000000000000000, 0.000000000000000000, 1.000000000000000000 ) ) ;
#3567 = CARTESIAN_POINT ( 'NONE',  ( 0.4350000000000009415, 2.045395859880669409, 0.09999999999999999167 ) ) ;
#3568 = VERTEX_POINT ( 'NONE', #2712 ) ;
#3569 = CARTESIAN_POINT ( 'NONE',  ( -2.311524337873328783, -1.534775106360672492, 0.6999999999999999556 ) ) ;
#3570 = AXIS2_PLACEMENT_3D ( 'NONE', #2312, #2876, #499 ) ;
#3571 = PRESENTATION_LAYER_ASSIGNMENT (  '', '', ( #1159 ) ) ;
#3572 =( NAMED_UNIT ( * ) PLANE_ANGLE_UNIT ( ) SI_UNIT ( $, .RADIAN. ) );
#3573 = ORIENTED_EDGE ( 'NONE', *, *, #357, .T. ) ;
#3574 = ORIENTED_EDGE ( 'NONE', *, *, #7296, .T. ) ;
#3575 =( GEOMETRIC_REPRESENTATION_CONTEXT ( 3 ) GLOBAL_UNCERTAINTY_ASSIGNED_CONTEXT ( ( #6470 ) ) GLOBAL_UNIT_ASSIGNED_CONTEXT ( ( #2637, #6111, #1424 ) ) REPRESENTATION_CONTEXT ( 'NONE', 'WORKASPACE' ) );
#3576 = ADVANCED_FACE ( 'NONE', ( #3213 ), #4384, .T. ) ;
#3577 = EDGE_CURVE ( 'NONE', #3541, #4484, #1530, .T. ) ;
#3578 = CIRCLE ( 'NONE', #104, 0.1000000000000002137 ) ;
#3579 = ORIENTED_EDGE ( 'NONE', *, *, #6155, .T. ) ;
#3580 = ADVANCED_FACE ( 'NONE', ( #3869 ), #5609, .T. ) ;
#3581 = FILL_AREA_STYLE ('',( #2564 ) ) ;
#3582 = LINE ( 'NONE', #7506, #7325 ) ;
#3583 = ADVANCED_FACE ( 'NONE', ( #6655 ), #1436, .T. ) ;
#3584 = SURFACE_STYLE_USAGE ( .BOTH. , #1279 ) ;
#3585 = CARTESIAN_POINT ( 'NONE',  ( -0.4349999999999991651, 1.974999999999999867, -0.1000000000000000194 ) ) ;
#3586 = EDGE_LOOP ( 'NONE', ( #6143, #6804, #5545, #484 ) ) ;
#3587 = EDGE_LOOP ( 'NONE', ( #2467, #4767, #1629, #5742 ) ) ;
#3588 = SURFACE_STYLE_USAGE ( .BOTH. , #2956 ) ;
#3589 = EDGE_LOOP ( 'NONE', ( #6896, #2858, #5647, #1374 ) ) ;
#3590 = PLANE ( 'NONE',  #1298 ) ;
#3591 =( NAMED_UNIT ( * ) PLANE_ANGLE_UNIT ( ) SI_UNIT ( $, .RADIAN. ) );
#3592 = SURFACE_STYLE_FILL_AREA ( #5300 ) ;
#3593 = EDGE_LOOP ( 'NONE', ( #4499, #6366, #16, #2833, #5476, #1679, #2791, #1622, #4518, #4726, #4116, #116 ) ) ;
#3594 = DIRECTION ( 'NONE',  ( 1.000000000000000000, -0.000000000000000000, 0.000000000000000000 ) ) ;
#3595 = DIRECTION ( 'NONE',  ( 0.000000000000000000, 0.000000000000000000, -1.000000000000000000 ) ) ;
#3596 = CIRCLE ( 'NONE', #6800, 0.07499999999999998335 ) ;
#3597 = SURFACE_STYLE_USAGE ( .BOTH. , #7118 ) ;
#3598 = FILL_AREA_STYLE_COLOUR ( '', #4193 ) ;
#3599 = DIRECTION ( 'NONE',  ( 0.000000000000000000, 0.000000000000000000, -1.000000000000000000 ) ) ;
#3600 = CYLINDRICAL_SURFACE ( 'NONE', #3074, 0.1999999999999995670 ) ;
#3601 =( GEOMETRIC_REPRESENTATION_CONTEXT ( 3 ) GLOBAL_UNCERTAINTY_ASSIGNED_CONTEXT ( ( #1221 ) ) GLOBAL_UNIT_ASSIGNED_CONTEXT ( ( #1011, #2856, #1700 ) ) REPRESENTATION_CONTEXT ( 'NONE', 'WORKASPACE' ) );
#3602 = SURFACE_STYLE_USAGE ( .BOTH. , #1944 ) ;
#3603 = ORIENTED_EDGE ( 'NONE', *, *, #1878, .F. ) ;
#3604 = DIRECTION ( 'NONE',  ( 0.000000000000000000, -1.000000000000000000, 0.000000000000000000 ) ) ;
#3605 = ORIENTED_EDGE ( 'NONE', *, *, #4336, .F. ) ;
#3606 = ORIENTED_EDGE ( 'NONE', *, *, #5037, .F. ) ;
#3607 = STYLED_ITEM ( 'NONE', ( #2163 ), #192 ) ;
#3608 = DIRECTION ( 'NONE',  ( 1.000000000000000000, -0.000000000000000000, 0.000000000000000000 ) ) ;
#3609 = AXIS2_PLACEMENT_3D ( 'NONE', #3943, #4386, #1083 ) ;
#3610 = VECTOR ( 'NONE', #5310, 1000.000000000000000 ) ;
#3611 = LINE ( 'NONE', #6545, #7385 ) ;
#3612 = CARTESIAN_POINT ( 'NONE',  ( -0.8349999999999991873, -3.000000000000000000, -0.9250000000000000444 ) ) ;
#3613 = DIRECTION ( 'NONE',  ( 0.000000000000000000, 1.000000000000000000, 0.000000000000000000 ) ) ;
#3614 = EDGE_CURVE ( 'NONE', #7275, #4509, #3214, .T. ) ;
#3615 = VERTEX_POINT ( 'NONE', #548 ) ;
#3616 = UNCERTAINTY_MEASURE_WITH_UNIT (LENGTH_MEASURE( 1.000000000000000082E-05 ), #5565, 'distance_accuracy_value', 'NONE');
#3617 =( GEOMETRIC_REPRESENTATION_CONTEXT ( 3 ) GLOBAL_UNCERTAINTY_ASSIGNED_CONTEXT ( ( #4276 ) ) GLOBAL_UNIT_ASSIGNED_CONTEXT ( ( #120, #2373, #4091 ) ) REPRESENTATION_CONTEXT ( 'NONE', 'WORKASPACE' ) );
#3618 = FACE_OUTER_BOUND ( 'NONE', #5515, .T. ) ;
#3619 = DIRECTION ( 'NONE',  ( -1.000000000000000000, 6.077559477998633644E-16, -5.782411586589358822E-15 ) ) ;
#3620 = EDGE_CURVE ( 'NONE', #429, #1612, #5518, .T. ) ;
#3621 = FACE_OUTER_BOUND ( 'NONE', #6391, .T. ) ;
#3622 = CARTESIAN_POINT ( 'NONE',  ( -2.029702445343677830, -0.9747751063606726607, 0.7649999999999999023 ) ) ;
#3623 = EDGE_LOOP ( 'NONE', ( #6782, #1652, #6159, #2598 ) ) ;
#3624 = AXIS2_PLACEMENT_3D ( 'NONE', #6885, #1641, #1229 ) ;
#3625 = DIRECTION ( 'NONE',  ( -1.000000000000000000, -0.000000000000000000, -0.000000000000000000 ) ) ;
#3626 = STYLED_ITEM ( 'NONE', ( #3337 ), #5149 ) ;
#3627 = ORIENTED_EDGE ( 'NONE', *, *, #2657, .F. ) ;
#3628 = PLANE ( 'NONE',  #365 ) ;
#3629 = VERTEX_POINT ( 'NONE', #3907 ) ;
#3630 =( NAMED_UNIT ( * ) SI_UNIT ( $, .STERADIAN. ) SOLID_ANGLE_UNIT ( ) );
#3631 = UNCERTAINTY_MEASURE_WITH_UNIT (LENGTH_MEASURE( 1.000000000000000082E-05 ), #1171, 'distance_accuracy_value', 'NONE');
#3632 = PRESENTATION_LAYER_ASSIGNMENT (  '', '', ( #2184 ) ) ;
#3633 = EDGE_CURVE ( 'NONE', #6692, #2510, #3383, .T. ) ;
#3634 = SURFACE_STYLE_USAGE ( .BOTH. , #4825 ) ;
#3635 =( NAMED_UNIT ( * ) SI_UNIT ( $, .STERADIAN. ) SOLID_ANGLE_UNIT ( ) );
#3636 = VERTEX_POINT ( 'NONE', #6897 ) ;
#3637 = LINE ( 'NONE', #3567, #6951 ) ;
#3638 = EDGE_CURVE ( 'NONE', #4188, #3081, #5638, .T. ) ;
#3639 = CARTESIAN_POINT ( 'NONE',  ( 0.4350000000000009415, -2.468279889073774935, -0.6873301281804449214 ) ) ;
#3640 = VECTOR ( 'NONE', #889, 1000.000000000000114 ) ;
#3641 =( GEOMETRIC_REPRESENTATION_CONTEXT ( 3 ) GLOBAL_UNCERTAINTY_ASSIGNED_CONTEXT ( ( #895 ) ) GLOBAL_UNIT_ASSIGNED_CONTEXT ( ( #418, #897, #970 ) ) REPRESENTATION_CONTEXT ( 'NONE', 'WORKASPACE' ) );
#3642 = FACE_OUTER_BOUND ( 'NONE', #3587, .T. ) ;
#3643 =( GEOMETRIC_REPRESENTATION_CONTEXT ( 3 ) GLOBAL_UNCERTAINTY_ASSIGNED_CONTEXT ( ( #1206 ) ) GLOBAL_UNIT_ASSIGNED_CONTEXT ( ( #6888, #1576, #2734 ) ) REPRESENTATION_CONTEXT ( 'NONE', 'WORKASPACE' ) );
#3644 = CIRCLE ( 'NONE', #2675, 0.1000000000000000472 ) ;
#3645 = FILL_AREA_STYLE_COLOUR ( '', #68 ) ;
#3646 = CARTESIAN_POINT ( 'NONE',  ( -2.374999999999998668, -1.949999999999999956, -0.1000000000000000056 ) ) ;
#3647 = ORIENTED_EDGE ( 'NONE', *, *, #478, .F. ) ;
#3648 = PLANE ( 'NONE',  #1106 ) ;
#3649 = ORIENTED_EDGE ( 'NONE', *, *, #665, .F. ) ;
#3650 = AXIS2_PLACEMENT_3D ( 'NONE', #1882, #6510, #7048 ) ;
#3651 = VECTOR ( 'NONE', #3778, 1000.000000000000000 ) ;
#3652 = LINE ( 'NONE', #801, #3844 ) ;
#3653 = PRESENTATION_STYLE_ASSIGNMENT (( #4226 ) ) ;
#3654 = ADVANCED_FACE ( 'NONE', ( #1657 ), #6931, .T. ) ;
#3655 = LINE ( 'NONE', #6109, #6368 ) ;
#3656 = CARTESIAN_POINT ( 'NONE',  ( 0.4350000000000009415, -2.233675748954446316, -0.03254124689585535107 ) ) ;
#3657 = SURFACE_STYLE_FILL_AREA ( #7130 ) ;
#3658 = CARTESIAN_POINT ( 'NONE',  ( -2.104999999999999094, 1.949999999999999956, -0.1000000000000000194 ) ) ;
#3659 = VERTEX_POINT ( 'NONE', #1046 ) ;
#3660 =( GEOMETRIC_REPRESENTATION_CONTEXT ( 3 ) GLOBAL_UNCERTAINTY_ASSIGNED_CONTEXT ( ( #4131 ) ) GLOBAL_UNIT_ASSIGNED_CONTEXT ( ( #7016, #2220, #5670 ) ) REPRESENTATION_CONTEXT ( 'NONE', 'WORKASPACE' ) );
#3661 =( NAMED_UNIT ( * ) PLANE_ANGLE_UNIT ( ) SI_UNIT ( $, .RADIAN. ) );
#3662 = SURFACE_STYLE_USAGE ( .BOTH. , #201 ) ;
#3663 = ORIENTED_EDGE ( 'NONE', *, *, #6694, .F. ) ;
#3664 = PRESENTATION_LAYER_ASSIGNMENT (  '', '', ( #4239 ) ) ;
#3665 = CARTESIAN_POINT ( 'NONE',  ( -0.8349999999999991873, 3.000000000000000000, -0.9250000000000000444 ) ) ;
#3666 = ORIENTED_EDGE ( 'NONE', *, *, #3799, .T. ) ;
#3667 = SURFACE_STYLE_USAGE ( .BOTH. , #4175 ) ;
#3668 = EDGE_CURVE ( 'NONE', #6728, #5611, #5721, .T. ) ;
#3669 = EDGE_CURVE ( 'NONE', #4340, #1858, #5978, .T. ) ;
#3670 = STYLED_ITEM ( 'NONE', ( #5193 ), #2517 ) ;
#3671 = CARTESIAN_POINT ( 'NONE',  ( 0.4350000000000009415, 1.949999999999999956, 0.09999999999999999167 ) ) ;
#3672 = ORIENTED_EDGE ( 'NONE', *, *, #3709, .F. ) ;
#3673 = DIRECTION ( 'NONE',  ( 0.000000000000000000, -0.9945218953682734009, -0.1045284632676537068 ) ) ;
#3674 = FACE_OUTER_BOUND ( 'NONE', #7364, .T. ) ;
#3675 = DIRECTION ( 'NONE',  ( 0.000000000000000000, -0.9975640502598241977, 0.06975647374412528856 ) ) ;
#3676 = VECTOR ( 'NONE', #803, 1000.000000000000000 ) ;
#3677 = EDGE_CURVE ( 'NONE', #6206, #5747, #4804, .T. ) ;
#3678 = CARTESIAN_POINT ( 'NONE',  ( -2.375409738600887000, -1.949998880753508246, -0.1000106489190369929 ) ) ;
#3679 = EDGE_LOOP ( 'NONE', ( #7324, #4274, #5619 ) ) ;
#3680 = FILL_AREA_STYLE_COLOUR ( '', #1956 ) ;
#3681 = ORIENTED_EDGE ( 'NONE', *, *, #300, .F. ) ;
#3682 = COLOUR_RGB ( '',0.8039215686274510109, 0.8039215686274510109, 0.8039215686274510109 ) ;
#3683 =( LENGTH_UNIT ( ) NAMED_UNIT ( * ) SI_UNIT ( .MILLI., .METRE. ) );
#3684 =( NAMED_UNIT ( * ) PLANE_ANGLE_UNIT ( ) SI_UNIT ( $, .RADIAN. ) );
#3685 = SURFACE_SIDE_STYLE ('',( #3090 ) ) ;
#3686 = CARTESIAN_POINT ( 'NONE',  ( 0.4350000000000009415, 3.000000000000000000, -0.7245116203837658198 ) ) ;
#3687 = PRESENTATION_LAYER_ASSIGNMENT (  '', '', ( #2242 ) ) ;
#3688 = VERTEX_POINT ( 'NONE', #4764 ) ;
#3689 = DIRECTION ( 'NONE',  ( -0.000000000000000000, 0.000000000000000000, 1.000000000000000000 ) ) ;
#3690 = UNCERTAINTY_MEASURE_WITH_UNIT (LENGTH_MEASURE( 1.000000000000000082E-05 ), #2255, 'distance_accuracy_value', 'NONE');
#3691 = UNCERTAINTY_MEASURE_WITH_UNIT (LENGTH_MEASURE( 1.000000000000000082E-05 ), #1299, 'distance_accuracy_value', 'NONE');
#3692 = DIRECTION ( 'NONE',  ( 0.000000000000000000, -0.3372937655207250973, -0.9413994453688879771 ) ) ;
#3693 = ORIENTED_EDGE ( 'NONE', *, *, #2902, .T. ) ;
#3694 = LINE ( 'NONE', #7250, #3856 ) ;
#3695 = EDGE_LOOP ( 'NONE', ( #4638, #2634, #3776 ) ) ;
#3696 = UNCERTAINTY_MEASURE_WITH_UNIT (LENGTH_MEASURE( 1.000000000000000082E-05 ), #2351, 'distance_accuracy_value', 'NONE');
#3697 = AXIS2_PLACEMENT_3D ( 'NONE', #3140, #7261, #5923 ) ;
#3698 = SURFACE_STYLE_FILL_AREA ( #2542 ) ;
#3699 = ORIENTED_EDGE ( 'NONE', *, *, #3885, .T. ) ;
#3700 = CARTESIAN_POINT ( 'NONE',  ( 1.705000000000000959, 2.279999999999998028, -0.7547888812845857665 ) ) ;
#3701 = DIRECTION ( 'NONE',  ( -1.000000000000000000, -0.000000000000000000, -0.000000000000000000 ) ) ;
#3702 = EDGE_CURVE ( 'NONE', #1068, #2509, #1036, .T. ) ;
#3703 = EDGE_CURVE ( 'NONE', #4181, #2709, #4683, .T. ) ;
#3704 = PLANE ( 'NONE',  #5438 ) ;
#3705 = PRESENTATION_LAYER_ASSIGNMENT (  '', '', ( #5156 ) ) ;
#3706 = DIRECTION ( 'NONE',  ( 0.000000000000000000, 0.000000000000000000, 1.000000000000000000 ) ) ;
#3707 =( LENGTH_UNIT ( ) NAMED_UNIT ( * ) SI_UNIT ( .MILLI., .METRE. ) );
#3708 = ORIENTED_EDGE ( 'NONE', *, *, #6052, .F. ) ;
#3709 = EDGE_CURVE ( 'NONE', #3508, #1907, #1920, .T. ) ;
#3710 = COLOUR_RGB ( '',0.8039215686274510109, 0.8039215686274510109, 0.8039215686274510109 ) ;
#3711 = DIRECTION ( 'NONE',  ( 1.000000000000000000, 0.000000000000000000, 0.000000000000000000 ) ) ;
#3712 = ORIENTED_EDGE ( 'NONE', *, *, #2836, .F. ) ;
#3713 = ORIENTED_EDGE ( 'NONE', *, *, #3218, .F. ) ;
#3714 = CYLINDRICAL_SURFACE ( 'NONE', #6883, 0.07499999999999980294 ) ;
#3715 = DIRECTION ( 'NONE',  ( 1.000000000000000000, 0.000000000000000000, 0.000000000000000000 ) ) ;
#3716 = CARTESIAN_POINT ( 'NONE',  ( -0.4349999999999991651, -1.949999999999999956, 0.09999999999999999167 ) ) ;
#3717 = SURFACE_STYLE_USAGE ( .BOTH. , #1959 ) ;
#3718 = VECTOR ( 'NONE', #5828, 1000.000000000000000 ) ;
#3719 = ADVANCED_FACE ( 'NONE', ( #7198 ), #6512, .F. ) ;
#3720 = ORIENTED_EDGE ( 'NONE', *, *, #4300, .T. ) ;
#3721 = CARTESIAN_POINT ( 'NONE',  ( 0.4350000000000009415, 3.000000000000000000, -0.9250000000000000444 ) ) ;
#3722 = FILL_AREA_STYLE ('',( #1430 ) ) ;
#3723 = SURFACE_STYLE_USAGE ( .BOTH. , #3767 ) ;
#3724 = FILL_AREA_STYLE_COLOUR ( '', #4494 ) ;
#3725 = FACE_OUTER_BOUND ( 'NONE', #241, .T. ) ;
#3726 = PLANE ( 'NONE',  #355 ) ;
#3727 = ORIENTED_EDGE ( 'NONE', *, *, #407, .T. ) ;
#3728 = SURFACE_STYLE_FILL_AREA ( #7212 ) ;
#3729 = PRESENTATION_LAYER_ASSIGNMENT (  '', '', ( #1818 ) ) ;
#3730 = PRODUCT_CONTEXT ( 'NONE', #6764, 'mechanical' ) ;
#3731 =( NAMED_UNIT ( * ) SI_UNIT ( $, .STERADIAN. ) SOLID_ANGLE_UNIT ( ) );
#3732 =( GEOMETRIC_REPRESENTATION_CONTEXT ( 3 ) GLOBAL_UNCERTAINTY_ASSIGNED_CONTEXT ( ( #1900 ) ) GLOBAL_UNIT_ASSIGNED_CONTEXT ( ( #5902, #1163, #2978 ) ) REPRESENTATION_CONTEXT ( 'NONE', 'WORKASPACE' ) );
#3733 = FILL_AREA_STYLE ('',( #908 ) ) ;
#3734 = FACE_OUTER_BOUND ( 'NONE', #3589, .T. ) ;
#3735 = VERTEX_POINT ( 'NONE', #6465 ) ;
#3736 = CARTESIAN_POINT ( 'NONE',  ( 1.705000000000000959, 2.468279889073774935, -0.6873301281804449214 ) ) ;
#3737 = PRESENTATION_STYLE_ASSIGNMENT (( #984 ) ) ;
#3738 = ORIENTED_EDGE ( 'NONE', *, *, #2360, .T. ) ;
#3739 = CARTESIAN_POINT ( 'NONE',  ( -0.8349999999999991873, -2.468279889073774935, -0.6873301281804449214 ) ) ;
#3740 = DIRECTION ( 'NONE',  ( 1.000000000000000000, 0.000000000000000000, 0.000000000000000000 ) ) ;
#3741 = COLOUR_RGB ( '',0.2862745098039215508, 0.2862745098039215508, 0.2862745098039215508 ) ;
#3742 =( NAMED_UNIT ( * ) SI_UNIT ( $, .STERADIAN. ) SOLID_ANGLE_UNIT ( ) );
#3743 = CARTESIAN_POINT ( 'NONE',  ( -0.8349999999999991873, -2.446255090880788519, -0.6258580972010689969 ) ) ;
#3744 = VERTEX_POINT ( 'NONE', #5901 ) ;
#3745 = STYLED_ITEM ( 'NONE', ( #3565 ), #1635 ) ;
#3746 = STYLED_ITEM ( 'NONE', ( #1998 ), #5536 ) ;
#3747 = VERTEX_POINT ( 'NONE', #4163 ) ;
#3748 = ORIENTED_EDGE ( 'NONE', *, *, #6517, .F. ) ;
#3749 = EDGE_CURVE ( 'NONE', #1420, #6038, #3611, .T. ) ;
#3750 = CIRCLE ( 'NONE', #156, 0.1999999999999978184 ) ;
#3751 = AXIS2_PLACEMENT_3D ( 'NONE', #6623, #2460, #2568 ) ;
#3752 = EDGE_CURVE ( 'NONE', #1075, #1249, #5524, .T. ) ;
#3753 = CARTESIAN_POINT ( 'NONE',  ( 2.450000000000000178, -1.949999999999999956, -0.1000000000000000056 ) ) ;
#3754 = CYLINDRICAL_SURFACE ( 'NONE', #6775, 0.2781781074703490453 ) ;
#3755 = SURFACE_STYLE_FILL_AREA ( #2030 ) ;
#3756 = VECTOR ( 'NONE', #7046, 1000.000000000000000 ) ;
#3757 = AXIS2_PLACEMENT_3D ( 'NONE', #6484, #271, #2912 ) ;
#3758 = ORIENTED_EDGE ( 'NONE', *, *, #949, .T. ) ;
#3759 = FILL_AREA_STYLE ('',( #2279 ) ) ;
#3760 = COLOUR_RGB ( '',0.8039215686274510109, 0.8039215686274510109, 0.8039215686274510109 ) ;
#3761 = SURFACE_STYLE_FILL_AREA ( #3411 ) ;
#3762 = UNCERTAINTY_MEASURE_WITH_UNIT (LENGTH_MEASURE( 1.000000000000000082E-05 ), #7243, 'distance_accuracy_value', 'NONE');
#3763 = SURFACE_STYLE_USAGE ( .BOTH. , #2566 ) ;
#3764 = ADVANCED_FACE ( 'NONE', ( #2454 ), #80, .F. ) ;
#3765 = CARTESIAN_POINT ( 'NONE',  ( 0.4350000000000009415, 2.468279889073774935, -0.6873301281804449214 ) ) ;
#3766 = STYLED_ITEM ( 'NONE', ( #1307 ), #2429 ) ;
#3767 = SURFACE_SIDE_STYLE ('',( #1551 ) ) ;
#3768 = SURFACE_SIDE_STYLE ('',( #854 ) ) ;
#3769 = LINE ( 'NONE', #3130, #3045 ) ;
#3770 = ORIENTED_EDGE ( 'NONE', *, *, #6201, .T. ) ;
#3771 = PRESENTATION_LAYER_ASSIGNMENT (  '', '', ( #5231 ) ) ;
#3772 = UNCERTAINTY_MEASURE_WITH_UNIT (LENGTH_MEASURE( 1.000000000000000082E-05 ), #1760, 'distance_accuracy_value', 'NONE');
#3773 = ADVANCED_FACE ( 'NONE', ( #5521 ), #3754, .F. ) ;
#3774 = DIRECTION ( 'NONE',  ( 1.000000000000000000, 0.000000000000000000, 0.000000000000000000 ) ) ;
#3775 = DIRECTION ( 'NONE',  ( 0.000000000000000000, 0.000000000000000000, 1.000000000000000000 ) ) ;
#3776 = ORIENTED_EDGE ( 'NONE', *, *, #2324, .F. ) ;
#3777 = LINE ( 'NONE', #4136, #5196 ) ;
#3778 = DIRECTION ( 'NONE',  ( 0.000000000000000000, -1.000000000000000000, 0.000000000000000000 ) ) ;
#3779 = PRESENTATION_STYLE_ASSIGNMENT (( #3334 ) ) ;
#3780 = CARTESIAN_POINT ( 'NONE',  ( -2.311524337873329227, 1.811524337873330115, -0.7750000000000000222 ) ) ;
#3781 = CARTESIAN_POINT ( 'NONE',  ( 2.375409738600888332, 1.949998880753508246, -0.1000106489190369929 ) ) ;
#3782 = UNCERTAINTY_MEASURE_WITH_UNIT (LENGTH_MEASURE( 1.000000000000000082E-05 ), #5293, 'distance_accuracy_value', 'NONE');
#3783 = CARTESIAN_POINT ( 'NONE',  ( -2.386113480025949585, 1.949999999999999956, -0.7078396347450740533 ) ) ;
#3784 =( GEOMETRIC_REPRESENTATION_CONTEXT ( 3 ) GLOBAL_UNCERTAINTY_ASSIGNED_CONTEXT ( ( #7094 ) ) GLOBAL_UNIT_ASSIGNED_CONTEXT ( ( #3092, #666, #123 ) ) REPRESENTATION_CONTEXT ( 'NONE', 'WORKASPACE' ) );
#3785 = PLANE ( 'NONE',  #5197 ) ;
#3786 = VECTOR ( 'NONE', #724, 1000.000000000000114 ) ;
#3787 = PRESENTATION_STYLE_ASSIGNMENT (( #6724 ) ) ;
#3788 = VERTEX_POINT ( 'NONE', #3278 ) ;
#3789 =( GEOMETRIC_REPRESENTATION_CONTEXT ( 3 ) GLOBAL_UNCERTAINTY_ASSIGNED_CONTEXT ( ( #5365 ) ) GLOBAL_UNIT_ASSIGNED_CONTEXT ( ( #4832, #873, #6674 ) ) REPRESENTATION_CONTEXT ( 'NONE', 'WORKASPACE' ) );
#3790 = PLANE ( 'NONE',  #734 ) ;
#3791 = ORIENTED_EDGE ( 'NONE', *, *, #2667, .T. ) ;
#3792 = AXIS2_PLACEMENT_3D ( 'NONE', #1984, #7269, #5688 ) ;
#3793 = VERTEX_POINT ( 'NONE', #4883 ) ;
#3794 = CARTESIAN_POINT ( 'NONE',  ( 0.8350000000000008527, 2.533419388043264942, -0.6918851256749790624 ) ) ;
#3795 =( GEOMETRIC_REPRESENTATION_CONTEXT ( 3 ) GLOBAL_UNCERTAINTY_ASSIGNED_CONTEXT ( ( #667 ) ) GLOBAL_UNIT_ASSIGNED_CONTEXT ( ( #5474, #7270, #2090 ) ) REPRESENTATION_CONTEXT ( 'NONE', 'WORKASPACE' ) );
#3796 = ORIENTED_EDGE ( 'NONE', *, *, #2581, .T. ) ;
#3797 = FILL_AREA_STYLE ('',( #4845 ) ) ;
#3798 = DIRECTION ( 'NONE',  ( 0.000000000000000000, 0.000000000000000000, -1.000000000000000000 ) ) ;
#3799 = EDGE_CURVE ( 'NONE', #4919, #6553, #4965, .T. ) ;
#3800 = COLOUR_RGB ( '',0.8039215686274510109, 0.8039215686274510109, 0.8039215686274510109 ) ;
#3801 = EDGE_CURVE ( 'NONE', #4126, #4284, #2029, .T. ) ;
#3802 = AXIS2_PLACEMENT_3D ( 'NONE', #6447, #1143, #5689 ) ;
#3803 = DIRECTION ( 'NONE',  ( 1.000000000000000000, 0.000000000000000000, 0.000000000000000000 ) ) ;
#3804 = CARTESIAN_POINT ( 'NONE',  ( -2.311524337873328783, -1.879054641195668118, 0.7750000000000000222 ) ) ;
#3805 = CARTESIAN_POINT ( 'NONE',  ( 1.705000000000000959, -2.533419388043264942, -0.6918851256749790624 ) ) ;
#3806 = ORIENTED_EDGE ( 'NONE', *, *, #7393, .T. ) ;
#3807 = VECTOR ( 'NONE', #3089, 1000.000000000000000 ) ;
#3808 = DIRECTION ( 'NONE',  ( 1.000000000000000000, 0.000000000000000000, 0.000000000000000000 ) ) ;
#3809 = VERTEX_POINT ( 'NONE', #6021 ) ;
#3810 =( NAMED_UNIT ( * ) PLANE_ANGLE_UNIT ( ) SI_UNIT ( $, .RADIAN. ) );
#3811 = ORIENTED_EDGE ( 'NONE', *, *, #7095, .T. ) ;
#3812 = DIRECTION ( 'NONE',  ( 1.000000000000000000, -0.000000000000000000, -0.000000000000000000 ) ) ;
#3813 = DIRECTION ( 'NONE',  ( 1.000000000000000000, 0.000000000000000000, 0.000000000000000000 ) ) ;
#3814 = DIRECTION ( 'NONE',  ( 0.000000000000000000, -1.000000000000000000, 0.000000000000000000 ) ) ;
#3815 = DIRECTION ( 'NONE',  ( 0.000000000000000000, 0.7071067811865431318, -0.7071067811865517916 ) ) ;
#3816 = COLOUR_RGB ( '',0.8039215686274510109, 0.8039215686274510109, 0.8039215686274510109 ) ;
#3817 = DIRECTION ( 'NONE',  ( 0.000000000000000000, 0.000000000000000000, -1.000000000000000000 ) ) ;
#3818 = DIRECTION ( 'NONE',  ( 0.000000000000000000, 0.000000000000000000, -1.000000000000000000 ) ) ;
#3819 = VERTEX_POINT ( 'NONE', #4304 ) ;
#3820 = FILL_AREA_STYLE_COLOUR ( '', #1607 ) ;
#3821 = ORIENTED_EDGE ( 'NONE', *, *, #3749, .F. ) ;
#3822 = VECTOR ( 'NONE', #7540, 1000.000000000000227 ) ;
#3823 = ORIENTED_EDGE ( 'NONE', *, *, #5432, .F. ) ;
#3824 = FILL_AREA_STYLE_COLOUR ( '', #5961 ) ;
#3825 = DIRECTION ( 'NONE',  ( 0.000000000000000000, 0.000000000000000000, -1.000000000000000000 ) ) ;
#3826 = ORIENTED_EDGE ( 'NONE', *, *, #2001, .T. ) ;
#3827 = DIRECTION ( 'NONE',  ( 1.000000000000000000, 0.000000000000000000, 0.000000000000000000 ) ) ;
#3828 = PRESENTATION_LAYER_ASSIGNMENT (  '', '', ( #1674 ) ) ;
#3829 = CARTESIAN_POINT ( 'NONE',  ( -2.375409738600886556, 1.949998880753508246, 0.1000106489190368680 ) ) ;
#3830 = DIRECTION ( 'NONE',  ( 0.000000000000000000, 0.000000000000000000, -1.000000000000000000 ) ) ;
#3831 = ADVANCED_FACE ( 'NONE', ( #6690 ), #336, .T. ) ;
#3832 =( NAMED_UNIT ( * ) SI_UNIT ( $, .STERADIAN. ) SOLID_ANGLE_UNIT ( ) );
#3833 = EDGE_CURVE ( 'NONE', #1186, #1387, #1108, .T. ) ;
#3834 = CARTESIAN_POINT ( 'NONE',  ( 0.4350000000000009415, 2.045395859880669409, -0.1000000000000000194 ) ) ;
#3835 = ORIENTED_EDGE ( 'NONE', *, *, #2180, .T. ) ;
#3836 = DIRECTION ( 'NONE',  ( 0.000000000000000000, -0.9975640502598243087, -0.06975647374412557999 ) ) ;
#3837 = STYLED_ITEM ( 'NONE', ( #3362 ), #566 ) ;
#3838 = CARTESIAN_POINT ( 'NONE',  ( 2.386113480025951361, -1.879054641195668118, 0.7078396347450740533 ) ) ;
#3839 = EDGE_CURVE ( 'NONE', #3629, #335, #3442, .T. ) ;
#3840 = SURFACE_STYLE_FILL_AREA ( #3136 ) ;
#3841 = EDGE_CURVE ( 'NONE', #1546, #5164, #5770, .T. ) ;
#3842 = SURFACE_SIDE_STYLE ('',( #348 ) ) ;
#3843 = CARTESIAN_POINT ( 'NONE',  ( 0.4350000000000009415, -2.454328594324949986, -0.8868429382324097832 ) ) ;
#3844 = VECTOR ( 'NONE', #258, 999.9999999999998863 ) ;
#3845 = MECHANICAL_DESIGN_GEOMETRIC_PRESENTATION_REPRESENTATION (  '', ( #1818 ), #481 ) ;
#3846 = LINE ( 'NONE', #392, #3651 ) ;
#3847 = COLOUR_RGB ( '',0.8039215686274510109, 0.8039215686274510109, 0.8039215686274510109 ) ;
#3848 = ORIENTED_EDGE ( 'NONE', *, *, #2525, .F. ) ;
#3849 =( LENGTH_UNIT ( ) NAMED_UNIT ( * ) SI_UNIT ( .MILLI., .METRE. ) );
#3850 = CARTESIAN_POINT ( 'NONE',  ( -0.8349999999999991873, -3.000000000000000000, -0.7245116203837658198 ) ) ;
#3851 = SURFACE_STYLE_FILL_AREA ( #1452 ) ;
#3852 = STYLED_ITEM ( 'NONE', ( #6022 ), #1192 ) ;
#3853 = ADVANCED_FACE ( 'NONE', ( #1719 ), #1763, .T. ) ;
#3854 = ORIENTED_EDGE ( 'NONE', *, *, #921, .T. ) ;
#3855 = FACE_OUTER_BOUND ( 'NONE', #6985, .T. ) ;
#3856 = VECTOR ( 'NONE', #813, 1000.000000000000000 ) ;
#3857 = ORIENTED_EDGE ( 'NONE', *, *, #6031, .T. ) ;
#3858 = PRESENTATION_LAYER_ASSIGNMENT (  '', '', ( #3626 ) ) ;
#3859 = EDGE_LOOP ( 'NONE', ( #7037, #7392, #263, #3881 ) ) ;
#3860 = PRESENTATION_LAYER_ASSIGNMENT (  '', '', ( #2901 ) ) ;
#3861 = MECHANICAL_DESIGN_GEOMETRIC_PRESENTATION_REPRESENTATION (  '', ( #2184 ), #615 ) ;
#3862 = DIRECTION ( 'NONE',  ( 0.000000000000000000, 0.000000000000000000, -1.000000000000000000 ) ) ;
#3863 = ORIENTED_EDGE ( 'NONE', *, *, #4643, .F. ) ;
#3864 = VECTOR ( 'NONE', #2865, 1000.000000000000000 ) ;
#3865 = COLOUR_RGB ( '',0.2862745098039215508, 0.2862745098039215508, 0.2862745098039215508 ) ;
#3866 = CARTESIAN_POINT ( 'NONE',  ( -2.104999999999999094, 1.974999999999999867, -0.1999999999999999833 ) ) ;
#3867 =( NAMED_UNIT ( * ) SI_UNIT ( $, .STERADIAN. ) SOLID_ANGLE_UNIT ( ) );
#3868 = MECHANICAL_DESIGN_GEOMETRIC_PRESENTATION_REPRESENTATION (  '', ( #5594 ), #3643 ) ;
#3869 = FACE_OUTER_BOUND ( 'NONE', #71, .T. ) ;
#3870 = CARTESIAN_POINT ( 'NONE',  ( 1.705000000000000959, 2.233675748954446316, -0.03254124689585535107 ) ) ;
#3871 = ORIENTED_EDGE ( 'NONE', *, *, #5286, .F. ) ;
#3872 = COLOUR_RGB ( '',0.8039215686274510109, 0.8039215686274510109, 0.8039215686274510109 ) ;
#3873 = COLOUR_RGB ( '',0.8039215686274510109, 0.8039215686274510109, 0.8039215686274510109 ) ;
#3874 = CIRCLE ( 'NONE', #7455, 0.1000000000000000472 ) ;
#3875 = CARTESIAN_POINT ( 'NONE',  ( -0.8349999999999991873, 1.949999999999999956, 0.09999999999999999167 ) ) ;
#3876 = LINE ( 'NONE', #3181, #5637 ) ;
#3877 = CARTESIAN_POINT ( 'NONE',  ( -0.4349999999999991651, 2.233675748954446316, -0.03254124689585535107 ) ) ;
#3878 = ORIENTED_EDGE ( 'NONE', *, *, #1207, .T. ) ;
#3879 = AXIS2_PLACEMENT_3D ( 'NONE', #5649, #4986, #6134 ) ;
#3880 = CARTESIAN_POINT ( 'NONE',  ( -2.104999999999999094, -2.446255090880788519, -0.6258580972010689969 ) ) ;
#3881 = ORIENTED_EDGE ( 'NONE', *, *, #228, .T. ) ;
#3882 = PRESENTATION_STYLE_ASSIGNMENT (( #2582 ) ) ;
#3883 = SURFACE_STYLE_USAGE ( .BOTH. , #6795 ) ;
#3884 = CARTESIAN_POINT ( 'NONE',  ( -2.374999999999998668, -1.949999999999999956, 0.1000000000000000056 ) ) ;
#3885 = EDGE_CURVE ( 'NONE', #5900, #6829, #5528, .T. ) ;
#3886 = EDGE_CURVE ( 'NONE', #5181, #1574, #4035, .T. ) ;
#3887 = CARTESIAN_POINT ( 'NONE',  ( 1.705000000000000959, 2.533419388043264942, -0.6918851256749790624 ) ) ;
#3888 = CARTESIAN_POINT ( 'NONE',  ( -2.104999999999999094, 2.446255090880788519, -0.6258580972010689969 ) ) ;
#3889 = ORIENTED_EDGE ( 'NONE', *, *, #4243, .F. ) ;
#3890 = FACE_OUTER_BOUND ( 'NONE', #6434, .T. ) ;
#3891 =( LENGTH_UNIT ( ) NAMED_UNIT ( * ) SI_UNIT ( .MILLI., .METRE. ) );
#3892 = VECTOR ( 'NONE', #6409, 1000.000000000000227 ) ;
#3893 = DIRECTION ( 'NONE',  ( 0.000000000000000000, 0.000000000000000000, -1.000000000000000000 ) ) ;
#3894 = ORIENTED_EDGE ( 'NONE', *, *, #5500, .F. ) ;
#3895 = FILL_AREA_STYLE ('',( #1614 ) ) ;
#3896 = STYLED_ITEM ( 'NONE', ( #3787 ), #2610 ) ;
#3897 = CARTESIAN_POINT ( 'NONE',  ( 0.4350000000000009415, 2.280000000000000249, -0.7547888812845849893 ) ) ;
#3898 = VECTOR ( 'NONE', #795, 1000.000000000000000 ) ;
#3899 = AXIS2_PLACEMENT_3D ( 'NONE', #7361, #6128, #7431 ) ;
#3900 = CIRCLE ( 'NONE', #1142, 0.1000000000000002137 ) ;
#3901 = CARTESIAN_POINT ( 'NONE',  ( 2.449760935694446751, 1.918963392251840538, -0.1022745449310356880 ) ) ;
#3902 = VERTEX_POINT ( 'NONE', #109 ) ;
#3903 = VECTOR ( 'NONE', #6483, 1000.000000000000114 ) ;
#3904 = DIRECTION ( 'NONE',  ( 0.000000000000000000, 0.9413994453688866448, -0.3372937655207293162 ) ) ;
#3905 = VECTOR ( 'NONE', #6050, 1000.000000000000114 ) ;
#3906 = SURFACE_STYLE_FILL_AREA ( #6372 ) ;
#3907 = CARTESIAN_POINT ( 'NONE',  ( 1.705000000000000959, 1.949999999999999956, 0.09999999999999999167 ) ) ;
#3908 = PRESENTATION_LAYER_ASSIGNMENT (  '', '', ( #2966 ) ) ;
#3909 = EDGE_LOOP ( 'NONE', ( #6539, #1706, #4641, #1406 ) ) ;
#3910 = DIRECTION ( 'NONE',  ( 0.000000000000000000, 0.000000000000000000, -1.000000000000000000 ) ) ;
#3911 = UNCERTAINTY_MEASURE_WITH_UNIT (LENGTH_MEASURE( 1.000000000000000082E-05 ), #3025, 'distance_accuracy_value', 'NONE');
#3912 = FILL_AREA_STYLE ('',( #4456 ) ) ;
#3913 =( GEOMETRIC_REPRESENTATION_CONTEXT ( 3 ) GLOBAL_UNCERTAINTY_ASSIGNED_CONTEXT ( ( #5748 ) ) GLOBAL_UNIT_ASSIGNED_CONTEXT ( ( #3287, #2042, #4357 ) ) REPRESENTATION_CONTEXT ( 'NONE', 'WORKASPACE' ) );
#3914 = AXIS2_PLACEMENT_3D ( 'NONE', #177, #2995, #4146 ) ;
#3915 =( NAMED_UNIT ( * ) SI_UNIT ( $, .STERADIAN. ) SOLID_ANGLE_UNIT ( ) );
#3916 = PLANE ( 'NONE',  #434 ) ;
#3917 = LINE ( 'NONE', #1095, #4830 ) ;
#3918 = ORIENTED_EDGE ( 'NONE', *, *, #7345, .F. ) ;
#3919 = CARTESIAN_POINT ( 'NONE',  ( 0.000000000000000000, -1.811524337873330115, -0.7750000000000000222 ) ) ;
#3920 = ORIENTED_EDGE ( 'NONE', *, *, #4639, .T. ) ;
#3921 = CARTESIAN_POINT ( 'NONE',  ( -0.8349999999999991873, 1.949999999999999956, -0.1000000000000000194 ) ) ;
#3922 = CARTESIAN_POINT ( 'NONE',  ( 1.705000000000000959, 1.949999999999999956, -0.1000000000000000194 ) ) ;
#3923 = MECHANICAL_DESIGN_GEOMETRIC_PRESENTATION_REPRESENTATION (  '', ( #669 ), #5759 ) ;
#3924 = CARTESIAN_POINT ( 'NONE',  ( -2.311524337873329227, -1.811524337873329893, -0.6999999999999999556 ) ) ;
#3925 = DIRECTION ( 'NONE',  ( 1.000000000000000000, 0.000000000000000000, 0.000000000000000000 ) ) ;
#3926 = LINE ( 'NONE', #6285, #1466 ) ;
#3927 = CIRCLE ( 'NONE', #3697, 0.1000000000000000472 ) ;
#3928 = ORIENTED_EDGE ( 'NONE', *, *, #2020, .F. ) ;
#3929 = CARTESIAN_POINT ( 'NONE',  ( -2.449998880753506914, 1.875409738600887666, -0.1000106489190369929 ) ) ;
#3930 = FILL_AREA_STYLE_COLOUR ( '', #3253 ) ;
#3931 = DIRECTION ( 'NONE',  ( 1.000000000000000000, 0.000000000000000000, 0.000000000000000000 ) ) ;
#3932 = ADVANCED_FACE ( 'NONE', ( #7038 ), #648, .T. ) ;
#3933 = DIRECTION ( 'NONE',  ( 1.000000000000000000, 0.000000000000000000, 0.000000000000000000 ) ) ;
#3934 = PRESENTATION_STYLE_ASSIGNMENT (( #4476 ) ) ;
#3935 = CARTESIAN_POINT ( 'NONE',  ( 0.000000000000000000, -1.534775106360672492, 0.6999999999999999556 ) ) ;
#3936 = AXIS2_PLACEMENT_3D ( 'NONE', #3180, #1559, #280 ) ;
#3937 = EDGE_CURVE ( 'NONE', #6602, #5294, #7150, .T. ) ;
#3938 = VERTEX_POINT ( 'NONE', #7110 ) ;
#3939 =( GEOMETRIC_REPRESENTATION_CONTEXT ( 3 ) GLOBAL_UNCERTAINTY_ASSIGNED_CONTEXT ( ( #161 ) ) GLOBAL_UNIT_ASSIGNED_CONTEXT ( ( #1175, #5757, #4578 ) ) REPRESENTATION_CONTEXT ( 'NONE', 'WORKASPACE' ) );
#3940 = FACE_OUTER_BOUND ( 'NONE', #3695, .T. ) ;
#3941 = STYLED_ITEM ( 'NONE', ( #2883 ), #4445 ) ;
#3942 = LINE ( 'NONE', #5203, #744 ) ;
#3943 = CARTESIAN_POINT ( 'NONE',  ( 2.311524337873331003, 1.811524337873330115, -0.6999999999999999556 ) ) ;
#3944 = EDGE_CURVE ( 'NONE', #5336, #4677, #868, .T. ) ;
#3945 = CARTESIAN_POINT ( 'NONE',  ( 2.311524337873331003, 1.886113480025950695, -0.7078396347450740533 ) ) ;
#3946 = ORIENTED_EDGE ( 'NONE', *, *, #1124, .T. ) ;
#3947 =( BOUNDED_CURVE ( )  B_SPLINE_CURVE ( 3, ( #7499, #2249, #37, #4128 ),
 .UNSPECIFIED., .F., .F. ) 
 B_SPLINE_CURVE_WITH_KNOTS ( ( 4, 4 ),
 ( 0.000000000000000000, 0.005463208521539028757 ),
 .UNSPECIFIED. ) 
 CURVE ( )  GEOMETRIC_REPRESENTATION_ITEM ( )  RATIONAL_B_SPLINE_CURVE ( ( 1.000000000000000000, 0.9999975127809339615, 0.9999975127809339615, 1.000000000000000000 ) ) 
 REPRESENTATION_ITEM ( '' )  );
#3948 = MECHANICAL_DESIGN_GEOMETRIC_PRESENTATION_REPRESENTATION (  '', ( #4528 ), #1566 ) ;
#3949 = CIRCLE ( 'NONE', #575, 0.1999999999999995670 ) ;
#3950 = FACE_OUTER_BOUND ( 'NONE', #3339, .T. ) ;
#3951 = DIRECTION ( 'NONE',  ( 1.000000000000000000, 0.000000000000000000, 0.000000000000000000 ) ) ;
#3952 = VERTEX_POINT ( 'NONE', #1865 ) ;
#3953 = CARTESIAN_POINT ( 'NONE',  ( 2.375273160256226035, 1.949999626916908424, -0.1000035496485075642 ) ) ;
#3954 = ORIENTED_EDGE ( 'NONE', *, *, #5243, .F. ) ;
#3955 = FACE_OUTER_BOUND ( 'NONE', #708, .T. ) ;
#3956 = DIRECTION ( 'NONE',  ( 0.000000000000000000, 0.9975640502598243087, -0.06975647374412557999 ) ) ;
#3957 = AXIS2_PLACEMENT_3D ( 'NONE', #930, #3904, #416 ) ;
#3958 = CLOSED_SHELL ( 'NONE', ( #3309, #4992, #3526, #447, #2486, #5002, #6500, #89, #2827, #2521, #1047, #4207, #3426, #1079 ) ) ;
#3959 = SURFACE_STYLE_USAGE ( .BOTH. , #6244 ) ;
#3960 = DIRECTION ( 'NONE',  ( 1.000000000000000000, 0.000000000000000000, 0.000000000000000000 ) ) ;
#3961 = AXIS2_PLACEMENT_3D ( 'NONE', #2167, #5517, #4921 ) ;
#3962 = VECTOR ( 'NONE', #2466, 1000.000000000000114 ) ;
#3963 = LINE ( 'NONE', #2271, #6520 ) ;
#3964 = CARTESIAN_POINT ( 'NONE',  ( -2.104999999999999094, -1.949999999999999956, 0.09999999999999999167 ) ) ;
#3965 = ORIENTED_EDGE ( 'NONE', *, *, #3669, .F. ) ;
#3966 = CARTESIAN_POINT ( 'NONE',  ( -2.449999999999998401, 1.949999999999999956, 0.1000000000000000056 ) ) ;
#3967 = CARTESIAN_POINT ( 'NONE',  ( 2.105000000000000870, -2.280000000000000249, -0.7547888812845849893 ) ) ;
#3968 = FACE_OUTER_BOUND ( 'NONE', #4076, .T. ) ;
#3969 = CARTESIAN_POINT ( 'NONE',  ( 0.4350000000000009415, 2.279999999999998028, -0.7547888812845857665 ) ) ;
#3970 = AXIS2_PLACEMENT_3D ( 'NONE', #4129, #6513, #1202 ) ;
#3971 = FILL_AREA_STYLE_COLOUR ( '', #7312 ) ;
#3972 =( NAMED_UNIT ( * ) PLANE_ANGLE_UNIT ( ) SI_UNIT ( $, .RADIAN. ) );
#3973 = ORIENTED_EDGE ( 'NONE', *, *, #1646, .T. ) ;
#3974 = AXIS2_PLACEMENT_3D ( 'NONE', #1322, #5956, #205 ) ;
#3975 = CARTESIAN_POINT ( 'NONE',  ( 2.449998880753508690, 1.875409738600887888, -0.1000106489190328019 ) ) ;
#3976 = ORIENTED_EDGE ( 'NONE', *, *, #6965, .F. ) ;
#3977 = EDGE_CURVE ( 'NONE', #1844, #1419, #3578, .T. ) ;
#3978 = PRESENTATION_STYLE_ASSIGNMENT (( #6370 ) ) ;
#3979 = CIRCLE ( 'NONE', #2553, 0.07499999999999998335 ) ;
#3980 = EDGE_CURVE ( 'NONE', #5294, #7283, #3107, .T. ) ;
#3981 = COLOUR_RGB ( '',0.8039215686274510109, 0.8039215686274510109, 0.8039215686274510109 ) ;
#3982 = CARTESIAN_POINT ( 'NONE',  ( -2.449999999999998401, -1.875000000000000000, 0.1000000000000000056 ) ) ;
#3983 = AXIS2_PLACEMENT_3D ( 'NONE', #1927, #3169, #269 ) ;
#3984 = ORIENTED_EDGE ( 'NONE', *, *, #5627, .F. ) ;
#3985 = UNCERTAINTY_MEASURE_WITH_UNIT (LENGTH_MEASURE( 1.000000000000000082E-05 ), #2302, 'distance_accuracy_value', 'NONE');
#3986 =( NAMED_UNIT ( * ) SI_UNIT ( $, .STERADIAN. ) SOLID_ANGLE_UNIT ( ) );
#3987 = PRESENTATION_LAYER_ASSIGNMENT (  '', '', ( #3048 ) ) ;
#3988 = CARTESIAN_POINT ( 'NONE',  ( 1.705000000000000959, 2.279999999999998028, -0.7547888812845857665 ) ) ;
#3989 =( GEOMETRIC_REPRESENTATION_CONTEXT ( 3 ) GLOBAL_UNCERTAINTY_ASSIGNED_CONTEXT ( ( #2580 ) ) GLOBAL_UNIT_ASSIGNED_CONTEXT ( ( #604, #6352, #6990 ) ) REPRESENTATION_CONTEXT ( 'NONE', 'WORKASPACE' ) );
#3990 = SURFACE_STYLE_USAGE ( .BOTH. , #7021 ) ;
#3991 = EDGE_LOOP ( 'NONE', ( #7249, #834, #5922, #2636 ) ) ;
#3992 = VERTEX_POINT ( 'NONE', #4869 ) ;
#3993 =( NAMED_UNIT ( * ) PLANE_ANGLE_UNIT ( ) SI_UNIT ( $, .RADIAN. ) );
#3994 = PRESENTATION_LAYER_ASSIGNMENT (  '', '', ( #4840 ) ) ;
#3995 = FACE_OUTER_BOUND ( 'NONE', #1440, .T. ) ;
#3996 = AXIS2_PLACEMENT_3D ( 'NONE', #5112, #2922, #540 ) ;
#3997 = DIRECTION ( 'NONE',  ( 0.000000000000000000, 0.000000000000000000, 1.000000000000000000 ) ) ;
#3998 =( LENGTH_UNIT ( ) NAMED_UNIT ( * ) SI_UNIT ( .MILLI., .METRE. ) );
#3999 = LINE ( 'NONE', #1140, #6966 ) ;
#4000 = STYLED_ITEM ( 'NONE', ( #3225 ), #6681 ) ;
#4001 = DIRECTION ( 'NONE',  ( 0.1039620511844979306, -0.1039620511844979306, 0.9891328443778538704 ) ) ;
#4002 = SURFACE_STYLE_FILL_AREA ( #2840 ) ;
#4003 = ORIENTED_EDGE ( 'NONE', *, *, #4278, .F. ) ;
#4004 = FACE_OUTER_BOUND ( 'NONE', #5349, .T. ) ;
#4005 = DIRECTION ( 'NONE',  ( 0.000000000000000000, 0.3372937655207292607, 0.9413994453688865338 ) ) ;
#4006 = EDGE_CURVE ( 'NONE', #3902, #2841, #3927, .T. ) ;
#4007 = CARTESIAN_POINT ( 'NONE',  ( 0.4350000000000009415, -1.949999999999999956, 0.09999999999999999167 ) ) ;
#4008 =( LENGTH_UNIT ( ) NAMED_UNIT ( * ) SI_UNIT ( .MILLI., .METRE. ) );
#4009 = DIRECTION ( 'NONE',  ( 0.000000000000000000, 0.000000000000000000, 1.000000000000000000 ) ) ;
#4010 =( NAMED_UNIT ( * ) SI_UNIT ( $, .STERADIAN. ) SOLID_ANGLE_UNIT ( ) );
#4011 = ORIENTED_EDGE ( 'NONE', *, *, #1573, .F. ) ;
#4012 =( NAMED_UNIT ( * ) SI_UNIT ( $, .STERADIAN. ) SOLID_ANGLE_UNIT ( ) );
#4013 = ORIENTED_EDGE ( 'NONE', *, *, #4514, .T. ) ;
#4014 = LINE ( 'NONE', #6461, #3494 ) ;
#4015 = MECHANICAL_DESIGN_GEOMETRIC_PRESENTATION_REPRESENTATION (  '', ( #4864 ), #2476 ) ;
#4016 = CARTESIAN_POINT ( 'NONE',  ( 0.4350000000000009415, 3.000000000000000000, -0.9250000000000000444 ) ) ;
#4017 = LINE ( 'NONE', #6420, #2171 ) ;
#4018 =( NAMED_UNIT ( * ) SI_UNIT ( $, .STERADIAN. ) SOLID_ANGLE_UNIT ( ) );
#4019 = EDGE_CURVE ( 'NONE', #3391, #2457, #3040, .T. ) ;
#4020 = EDGE_LOOP ( 'NONE', ( #4441, #1894, #4332, #6993 ) ) ;
#4021 = CIRCLE ( 'NONE', #5993, 0.2781781074703490453 ) ;
#4022 = SURFACE_STYLE_FILL_AREA ( #1817 ) ;
#4023 = PRESENTATION_LAYER_ASSIGNMENT (  '', '', ( #3204 ) ) ;
#4024 = SURFACE_STYLE_FILL_AREA ( #197 ) ;
#4025 = ORIENTED_EDGE ( 'NONE', *, *, #657, .T. ) ;
#4026 = DIRECTION ( 'NONE',  ( -1.000000000000000000, -0.000000000000000000, 0.000000000000000000 ) ) ;
#4027 = ORIENTED_EDGE ( 'NONE', *, *, #1087, .F. ) ;
#4028 = DIRECTION ( 'NONE',  ( 0.000000000000000000, 0.000000000000000000, 1.000000000000000000 ) ) ;
#4029 = SURFACE_STYLE_FILL_AREA ( #530 ) ;
#4030 = PLANE ( 'NONE',  #5297 ) ;
#4031 = COLOUR_RGB ( '',0.8039215686274510109, 0.8039215686274510109, 0.8039215686274510109 ) ;
#4032 = LINE ( 'NONE', #6400, #6705 ) ;
#4033 = CARTESIAN_POINT ( 'NONE',  ( -0.8349999999999991873, 2.069139944536888986, -0.1662706234479273959 ) ) ;
#4034 = ORIENTED_EDGE ( 'NONE', *, *, #76, .F. ) ;
#4035 = LINE ( 'NONE', #609, #3344 ) ;
#4036 =( NAMED_UNIT ( * ) SI_UNIT ( $, .STERADIAN. ) SOLID_ANGLE_UNIT ( ) );
#4037 = CARTESIAN_POINT ( 'NONE',  ( 0.8350000000000008527, 2.233675748954446316, -0.03254124689585535107 ) ) ;
#4038 = CARTESIAN_POINT ( 'NONE',  ( -0.4349999999999991651, -2.533419388043264942, -0.6918851256749790624 ) ) ;
#4039 = DIRECTION ( 'NONE',  ( -1.000000000000000000, -5.814262726159606044E-15, 0.000000000000000000 ) ) ;
#4040 = DIRECTION ( 'NONE',  ( 1.000000000000000000, 0.000000000000000000, 0.000000000000000000 ) ) ;
#4041 = COLOUR_RGB ( '',0.8039215686274510109, 0.8039215686274510109, 0.8039215686274510109 ) ;
#4042 = ADVANCED_FACE ( 'NONE', ( #3421 ), #1085, .T. ) ;
#4043 = CARTESIAN_POINT ( 'NONE',  ( 0.8350000000000008527, -1.949999999999999956, -0.1000000000000000194 ) ) ;
#4044 = ORIENTED_EDGE ( 'NONE', *, *, #1991, .T. ) ;
#4045 = CARTESIAN_POINT ( 'NONE',  ( -2.104999999999999094, 1.974999999999999867, -0.1000000000000000194 ) ) ;
#4046 = EDGE_LOOP ( 'NONE', ( #4410, #2473, #1349, #3666 ) ) ;
#4047 = MANIFOLD_SOLID_BREP ( 'LPattern1[5]', #7536 ) ;
#4048 = DIRECTION ( 'NONE',  ( 1.000000000000000000, 0.000000000000000000, -0.000000000000000000 ) ) ;
#4049 = PRESENTATION_LAYER_ASSIGNMENT (  '', '', ( #6162 ) ) ;
#4050 = SURFACE_STYLE_USAGE ( .BOTH. , #4602 ) ;
#4051 = CARTESIAN_POINT ( 'NONE',  ( -0.8349999999999991873, 3.000000000000000000, -0.7245116203837658198 ) ) ;
#4052 = DIRECTION ( 'NONE',  ( -1.000000000000000000, 0.000000000000000000, -0.000000000000000000 ) ) ;
#4053 = CARTESIAN_POINT ( 'NONE',  ( 0.4350000000000009415, 2.233675748954446316, -0.03254124689585535107 ) ) ;
#4054 = ORIENTED_EDGE ( 'NONE', *, *, #4910, .T. ) ;
#4055 = FACE_OUTER_BOUND ( 'NONE', #1499, .T. ) ;
#4056 = UNCERTAINTY_MEASURE_WITH_UNIT (LENGTH_MEASURE( 1.000000000000000082E-05 ), #3292, 'distance_accuracy_value', 'NONE');
#4057 = UNCERTAINTY_MEASURE_WITH_UNIT (LENGTH_MEASURE( 1.000000000000000082E-05 ), #3506, 'distance_accuracy_value', 'NONE');
#4058 = EDGE_CURVE ( 'NONE', #2934, #3744, #4941, .T. ) ;
#4059 = EDGE_CURVE ( 'NONE', #5218, #1420, #2719, .T. ) ;
#4060 = SURFACE_STYLE_FILL_AREA ( #7314 ) ;
#4061 = CARTESIAN_POINT ( 'NONE',  ( 1.705000000000000959, 2.069139944536888986, -0.1662706234479273959 ) ) ;
#4062 = EDGE_LOOP ( 'NONE', ( #2543, #920, #925, #7061, #7307, #4013, #319, #9, #1480, #1830, #6306, #4138 ) ) ;
#4063 = SURFACE_SIDE_STYLE ('',( #5335 ) ) ;
#4064 = EDGE_LOOP ( 'NONE', ( #5882, #208, #61, #2025 ) ) ;
#4065 = VERTEX_POINT ( 'NONE', #3875 ) ;
#4066 = DIRECTION ( 'NONE',  ( 0.000000000000000000, -0.3372937655207292607, 0.9413994453688865338 ) ) ;
#4067 = DIRECTION ( 'NONE',  ( 0.000000000000000000, 0.3372937655207250973, -0.9413994453688879771 ) ) ;
#4068 = CARTESIAN_POINT ( 'NONE',  ( 1.705000000000000959, 1.974999999999999867, -0.1000000000000000194 ) ) ;
#4069 =( NAMED_UNIT ( * ) SI_UNIT ( $, .STERADIAN. ) SOLID_ANGLE_UNIT ( ) );
#4070 = EDGE_CURVE ( 'NONE', #4716, #3441, #1173, .T. ) ;
#4071 = CARTESIAN_POINT ( 'NONE',  ( -1.704999999999998961, -3.000000000000000000, -0.9250000000000000444 ) ) ;
#4072 = EDGE_CURVE ( 'NONE', #1785, #3902, #4900, .T. ) ;
#4073 = FILL_AREA_STYLE ('',( #5851 ) ) ;
#4074 = LINE ( 'NONE', #1828, #6268 ) ;
#4075 = DIRECTION ( 'NONE',  ( -1.000000000000000000, 0.000000000000000000, 0.000000000000000000 ) ) ;
#4076 = EDGE_LOOP ( 'NONE', ( #5334, #2551, #3681, #6945 ) ) ;
#4077 =( GEOMETRIC_REPRESENTATION_CONTEXT ( 3 ) GLOBAL_UNCERTAINTY_ASSIGNED_CONTEXT ( ( #324 ) ) GLOBAL_UNIT_ASSIGNED_CONTEXT ( ( #3998, #6879, #5061 ) ) REPRESENTATION_CONTEXT ( 'NONE', 'WORKASPACE' ) );
#4078 = FILL_AREA_STYLE ('',( #1796 ) ) ;
#4079 =( NAMED_UNIT ( * ) PLANE_ANGLE_UNIT ( ) SI_UNIT ( $, .RADIAN. ) );
#4080 = AXIS2_PLACEMENT_3D ( 'NONE', #4387, #3289, #5562 ) ;
#4081 = SURFACE_STYLE_FILL_AREA ( #756 ) ;
#4082 = CARTESIAN_POINT ( 'NONE',  ( -1.704999999999998961, -2.069139944536888986, -0.1662706234479273959 ) ) ;
#4083 = EDGE_CURVE ( 'NONE', #97, #4187, #6710, .T. ) ;
#4084 = SURFACE_STYLE_FILL_AREA ( #7042 ) ;
#4085 = DIRECTION ( 'NONE',  ( 0.000000000000000000, 1.000000000000000000, 0.000000000000000000 ) ) ;
#4086 = VERTEX_POINT ( 'NONE', #2080 ) ;
#4087 = VERTEX_POINT ( 'NONE', #6163 ) ;
#4088 = STYLED_ITEM ( 'NONE', ( #5827 ), #1047 ) ;
#4089 = FACE_OUTER_BOUND ( 'NONE', #5778, .T. ) ;
#4090 = SURFACE_SIDE_STYLE ('',( #4724 ) ) ;
#4091 =( NAMED_UNIT ( * ) SI_UNIT ( $, .STERADIAN. ) SOLID_ANGLE_UNIT ( ) );
#4092 =( LENGTH_UNIT ( ) NAMED_UNIT ( * ) SI_UNIT ( .MILLI., .METRE. ) );
#4093 = CARTESIAN_POINT ( 'NONE',  ( -0.8349999999999991873, 1.974999999999999867, -0.1000000000000000194 ) ) ;
#4094 = ORIENTED_EDGE ( 'NONE', *, *, #3379, .F. ) ;
#4095 = SURFACE_STYLE_FILL_AREA ( #3581 ) ;
#4096 = COLOUR_RGB ( '',0.2862745098039215508, 0.2862745098039215508, 0.2862745098039215508 ) ;
#4097 = EDGE_CURVE ( 'NONE', #3009, #2338, #2795, .T. ) ;
#4098 =( GEOMETRIC_REPRESENTATION_CONTEXT ( 3 ) GLOBAL_UNCERTAINTY_ASSIGNED_CONTEXT ( ( #3167 ) ) GLOBAL_UNIT_ASSIGNED_CONTEXT ( ( #5469, #6097, #2130 ) ) REPRESENTATION_CONTEXT ( 'NONE', 'WORKASPACE' ) );
#4099 = PLANE ( 'NONE',  #2780 ) ;
#4100 = MECHANICAL_DESIGN_GEOMETRIC_PRESENTATION_REPRESENTATION (  '', ( #1474 ), #2438 ) ;
#4101 = DIRECTION ( 'NONE',  ( 1.000000000000000000, 0.000000000000000000, 0.000000000000000000 ) ) ;
#4102 = LINE ( 'NONE', #1252, #1236 ) ;
#4103 =( BOUNDED_CURVE ( )  B_SPLINE_CURVE ( 3, ( #5312, #6569, #5271, #2442 ),
 .UNSPECIFIED., .F., .F. ) 
 B_SPLINE_CURVE_WITH_KNOTS ( ( 4, 4 ),
 ( 0.000000000000000000, 0.005463208521536136973 ),
 .UNSPECIFIED. ) 
 CURVE ( )  GEOMETRIC_REPRESENTATION_ITEM ( )  RATIONAL_B_SPLINE_CURVE ( ( 1.000000000000000000, 0.9999975127809339615, 0.9999975127809339615, 1.000000000000000000 ) ) 
 REPRESENTATION_ITEM ( '' )  );
#4104 = ORIENTED_EDGE ( 'NONE', *, *, #4278, .T. ) ;
#4105 = ORIENTED_EDGE ( 'NONE', *, *, #6738, .F. ) ;
#4106 = CARTESIAN_POINT ( 'NONE',  ( -2.449999999999998401, 1.875136580382891438, -0.09999999999999982514 ) ) ;
#4107 = VERTEX_POINT ( 'NONE', #7403 ) ;
#4108 = FILL_AREA_STYLE_COLOUR ( '', #4972 ) ;
#4109 = CARTESIAN_POINT ( 'NONE',  ( 2.450806167510464650, -1.876217025357843404, 0.09232982849429266503 ) ) ;
#4110 = PRESENTATION_LAYER_ASSIGNMENT (  '', '', ( #6094 ) ) ;
#4111 = FACE_OUTER_BOUND ( 'NONE', #928, .T. ) ;
#4112 = ORIENTED_EDGE ( 'NONE', *, *, #4058, .F. ) ;
#4113 = VECTOR ( 'NONE', #472, 1000.000000000000000 ) ;
#4114 = VECTOR ( 'NONE', #2742, 1000.000000000000114 ) ;
#4115 = CARTESIAN_POINT ( 'NONE',  ( 0.8350000000000008527, -1.949999999999999956, -0.1000000000000000194 ) ) ;
#4116 = ORIENTED_EDGE ( 'NONE', *, *, #3937, .T. ) ;
#4117 = DIRECTION ( 'NONE',  ( 0.000000000000000000, 0.000000000000000000, 1.000000000000000000 ) ) ;
#4118 = ADVANCED_FACE ( 'NONE', ( #5681 ), #2756, .T. ) ;
#4119 = EDGE_CURVE ( 'NONE', #5459, #1738, #2266, .T. ) ;
#4120 = SURFACE_STYLE_FILL_AREA ( #5929 ) ;
#4121 = AXIS2_PLACEMENT_3D ( 'NONE', #3088, #5869, #4162 ) ;
#4122 = STYLED_ITEM ( 'NONE', ( #3737 ), #5908 ) ;
#4123 = SURFACE_STYLE_FILL_AREA ( #5391 ) ;
#4124 = ORIENTED_EDGE ( 'NONE', *, *, #180, .F. ) ;
#4125 = FILL_AREA_STYLE ('',( #7123 ) ) ;
#4126 = VERTEX_POINT ( 'NONE', #4985 ) ;
#4127 = EDGE_CURVE ( 'NONE', #477, #4087, #6910, .T. ) ;
#4128 = CARTESIAN_POINT ( 'NONE',  ( -2.375409738600886556, 1.949998880753508246, 0.1000106489190368680 ) ) ;
#4129 = CARTESIAN_POINT ( 'NONE',  ( 2.105000000000000870, 1.974999999999999867, -0.1999999999999999833 ) ) ;
#4130 = CARTESIAN_POINT ( 'NONE',  ( 1.705000000000000959, -2.233675748954446760, -0.03254124689585519842 ) ) ;
#4131 = UNCERTAINTY_MEASURE_WITH_UNIT (LENGTH_MEASURE( 1.000000000000000082E-05 ), #7016, 'distance_accuracy_value', 'NONE');
#4132 = UNCERTAINTY_MEASURE_WITH_UNIT (LENGTH_MEASURE( 1.000000000000000082E-05 ), #1992, 'distance_accuracy_value', 'NONE');
#4133 = CIRCLE ( 'NONE', #4479, 0.07499999999999998335 ) ;
#4134 = FILL_AREA_STYLE ('',( #6027 ) ) ;
#4135 = CARTESIAN_POINT ( 'NONE',  ( -0.4349999999999991651, -1.974999999999999867, -0.1999999999999999833 ) ) ;
#4136 = CARTESIAN_POINT ( 'NONE',  ( -2.104999999999999094, -2.533419388043264942, -0.6918851256749790624 ) ) ;
#4137 = COLOUR_RGB ( '',0.8039215686274510109, 0.8039215686274510109, 0.8039215686274510109 ) ;
#4138 = ORIENTED_EDGE ( 'NONE', *, *, #3179, .T. ) ;
#4139 = SURFACE_STYLE_USAGE ( .BOTH. , #2990 ) ;
#4140 = FACE_OUTER_BOUND ( 'NONE', #2518, .T. ) ;
#4141 = STYLED_ITEM ( 'NONE', ( #106 ), #7521 ) ;
#4142 = DIRECTION ( 'NONE',  ( 0.000000000000000000, -0.000000000000000000, 1.000000000000000000 ) ) ;
#4143 = PRESENTATION_STYLE_ASSIGNMENT (( #5176 ) ) ;
#4144 =( BOUNDED_CURVE ( )  B_SPLINE_CURVE ( 3, ( #1788, #1219, #2388, #132 ),
 .UNSPECIFIED., .F., .F. ) 
 B_SPLINE_CURVE_WITH_KNOTS ( ( 4, 4 ),
 ( 3.136129445068242649, 3.141592653589787343 ),
 .UNSPECIFIED. ) 
 CURVE ( )  GEOMETRIC_REPRESENTATION_ITEM ( )  RATIONAL_B_SPLINE_CURVE ( ( 1.000000000000000000, 0.9999975127809339615, 0.9999975127809339615, 1.000000000000000000 ) ) 
 REPRESENTATION_ITEM ( '' )  );
#4145 = VECTOR ( 'NONE', #4154, 1000.000000000000000 ) ;
#4146 = DIRECTION ( 'NONE',  ( 0.000000000000000000, -0.3372937655207250973, -0.9413994453688880881 ) ) ;
#4147 = CARTESIAN_POINT ( 'NONE',  ( -2.104999999999999094, -2.533419388043264942, -0.6918851256749790624 ) ) ;
#4148 = CARTESIAN_POINT ( 'NONE',  ( -0.8349999999999991873, -1.949999999999999956, -0.1000000000000000194 ) ) ;
#4149 = CARTESIAN_POINT ( 'NONE',  ( 1.705000000000000959, -1.974999999999999867, -0.1999999999999999833 ) ) ;
#4150 = LINE ( 'NONE', #1838, #3892 ) ;
#4151 = STYLED_ITEM ( 'NONE', ( #3296 ), #3347 ) ;
#4152 = DIRECTION ( 'NONE',  ( 0.000000000000000000, -0.9413994453688866448, -0.3372937655207293162 ) ) ;
#4153 = SURFACE_SIDE_STYLE ('',( #4084 ) ) ;
#4154 = DIRECTION ( 'NONE',  ( 1.000000000000000000, -0.000000000000000000, -0.000000000000000000 ) ) ;
#4155 = ADVANCED_FACE ( 'NONE', ( #5648 ), #6832, .T. ) ;
#4156 = ORIENTED_EDGE ( 'NONE', *, *, #6155, .F. ) ;
#4157 =( NAMED_UNIT ( * ) PLANE_ANGLE_UNIT ( ) SI_UNIT ( $, .RADIAN. ) );
#4158 = ORIENTED_EDGE ( 'NONE', *, *, #2010, .T. ) ;
#4159 = DIRECTION ( 'NONE',  ( 0.9945218953682732899, 0.000000000000000000, -0.1045284632676541231 ) ) ;
#4160 = AXIS2_PLACEMENT_3D ( 'NONE', #2292, #4563, #1772 ) ;
#4161 = EDGE_CURVE ( 'NONE', #2338, #3629, #6875, .T. ) ;
#4162 = DIRECTION ( 'NONE',  ( 0.000000000000000000, 0.3372937655207292607, 0.9413994453688865338 ) ) ;
#4163 = CARTESIAN_POINT ( 'NONE',  ( 2.105000000000000870, 2.233675748954446760, -0.03254124689585519842 ) ) ;
#4164 = MECHANICAL_DESIGN_GEOMETRIC_PRESENTATION_REPRESENTATION (  '', ( #6534 ), #7034 ) ;
#4165 = CARTESIAN_POINT ( 'NONE',  ( 0.4350000000000009415, 2.069139944536888986, -0.1662706234479273959 ) ) ;
#4166 =( NAMED_UNIT ( * ) PLANE_ANGLE_UNIT ( ) SI_UNIT ( $, .RADIAN. ) );
#4167 = ORIENTED_EDGE ( 'NONE', *, *, #6541, .T. ) ;
#4168 = CARTESIAN_POINT ( 'NONE',  ( 2.449998880753508690, 1.875409738600887888, 0.1000106489190328019 ) ) ;
#4169 = FILL_AREA_STYLE_COLOUR ( '', #848 ) ;
#4170 = EDGE_CURVE ( 'NONE', #512, #6185, #4144, .T. ) ;
#4171 = ORIENTED_EDGE ( 'NONE', *, *, #6566, .T. ) ;
#4172 = DIRECTION ( 'NONE',  ( 0.000000000000000000, -0.06975647374412530244, -0.9975640502598243087 ) ) ;
#4173 = ORIENTED_EDGE ( 'NONE', *, *, #4417, .F. ) ;
#4174 = SURFACE_STYLE_FILL_AREA ( #4861 ) ;
#4175 = SURFACE_SIDE_STYLE ('',( #3033 ) ) ;
#4176 = VECTOR ( 'NONE', #4749, 1000.000000000000000 ) ;
#4177 = FILL_AREA_STYLE_COLOUR ( '', #3682 ) ;
#4178 = SURFACE_SIDE_STYLE ('',( #4743 ) ) ;
#4179 = ORIENTED_EDGE ( 'NONE', *, *, #1849, .T. ) ;
#4180 = DIRECTION ( 'NONE',  ( 0.000000000000000000, 0.000000000000000000, -1.000000000000000000 ) ) ;
#4181 = VERTEX_POINT ( 'NONE', #5883 ) ;
#4182 = DIRECTION ( 'NONE',  ( 0.000000000000000000, 0.000000000000000000, -1.000000000000000000 ) ) ;
#4183 = CARTESIAN_POINT ( 'NONE',  ( -2.104999999999999094, 2.468279889073774935, -0.6873301281804449214 ) ) ;
#4184 = AXIS2_PLACEMENT_3D ( 'NONE', #7148, #5417, #4748 ) ;
#4185 = CARTESIAN_POINT ( 'NONE',  ( 2.311524337873330559, 1.879054641195668118, 0.7750000000000000222 ) ) ;
#4186 = SURFACE_STYLE_USAGE ( .BOTH. , #4636 ) ;
#4187 = VERTEX_POINT ( 'NONE', #6437 ) ;
#4188 = VERTEX_POINT ( 'NONE', #1135 ) ;
#4189 = AXIS2_PLACEMENT_3D ( 'NONE', #199, #5987, #7169 ) ;
#4190 = EDGE_CURVE ( 'NONE', #3735, #4905, #338, .T. ) ;
#4191 = PLANE ( 'NONE',  #4121 ) ;
#4192 = MECHANICAL_DESIGN_GEOMETRIC_PRESENTATION_REPRESENTATION (  '', ( #5436 ), #2416 ) ;
#4193 = COLOUR_RGB ( '',0.8039215686274510109, 0.8039215686274510109, 0.8039215686274510109 ) ;
#4194 =( NAMED_UNIT ( * ) PLANE_ANGLE_UNIT ( ) SI_UNIT ( $, .RADIAN. ) );
#4195 = ADVANCED_FACE ( 'NONE', ( #10 ), #3590, .T. ) ;
#4196 = DIRECTION ( 'NONE',  ( 0.000000000000000000, 0.000000000000000000, 1.000000000000000000 ) ) ;
#4197 = EDGE_LOOP ( 'NONE', ( #3693, #7378, #5664, #6847 ) ) ;
#4198 = PLANE ( 'NONE',  #759 ) ;
#4199 = EDGE_CURVE ( 'NONE', #7283, #641, #561, .T. ) ;
#4200 = UNCERTAINTY_MEASURE_WITH_UNIT (LENGTH_MEASURE( 1.000000000000000082E-05 ), #2170, 'distance_accuracy_value', 'NONE');
#4201 = DIRECTION ( 'NONE',  ( -0.000000000000000000, -1.000000000000000000, -0.000000000000000000 ) ) ;
#4202 = VECTOR ( 'NONE', #7486, 1000.000000000000000 ) ;
#4203 = DIRECTION ( 'NONE',  ( -0.000000000000000000, -0.000000000000000000, 1.000000000000000000 ) ) ;
#4204 =( NAMED_UNIT ( * ) PLANE_ANGLE_UNIT ( ) SI_UNIT ( $, .RADIAN. ) );
#4205 = PLANE ( 'NONE',  #1593 ) ;
#4206 = ORIENTED_EDGE ( 'NONE', *, *, #6491, .T. ) ;
#4207 = ADVANCED_FACE ( 'NONE', ( #2958 ), #3472, .T. ) ;
#4208 = FILL_AREA_STYLE_COLOUR ( '', #4096 ) ;
#4209 = STYLED_ITEM ( 'NONE', ( #5017 ), #5242 ) ;
#4210 =( LENGTH_UNIT ( ) NAMED_UNIT ( * ) SI_UNIT ( .MILLI., .METRE. ) );
#4211 = ORIENTED_EDGE ( 'NONE', *, *, #2565, .T. ) ;
#4212 = CARTESIAN_POINT ( 'NONE',  ( 2.105000000000000870, -2.045395859880669409, -0.1000000000000000194 ) ) ;
#4213 = AXIS2_PLACEMENT_3D ( 'NONE', #6204, #4245, #4982 ) ;
#4214 = ORIENTED_EDGE ( 'NONE', *, *, #135, .T. ) ;
#4215 = ORIENTED_EDGE ( 'NONE', *, *, #6822, .T. ) ;
#4216 = AXIS2_PLACEMENT_3D ( 'NONE', #7453, #6223, #6773 ) ;
#4217 = DIRECTION ( 'NONE',  ( 0.000000000000000000, 0.000000000000000000, -1.000000000000000000 ) ) ;
#4218 = MECHANICAL_DESIGN_GEOMETRIC_PRESENTATION_REPRESENTATION (  '', ( #5207 ), #5586 ) ;
#4219 = DIRECTION ( 'NONE',  ( 1.000000000000000000, 0.000000000000000000, 0.000000000000000000 ) ) ;
#4220 = PRESENTATION_LAYER_ASSIGNMENT (  '', '', ( #2198 ) ) ;
#4221 = MECHANICAL_DESIGN_GEOMETRIC_PRESENTATION_REPRESENTATION (  '', ( #6723 ), #3989 ) ;
#4222 = COLOUR_RGB ( '',0.8039215686274510109, 0.8039215686274510109, 0.8039215686274510109 ) ;
#4223 =( NAMED_UNIT ( * ) SI_UNIT ( $, .STERADIAN. ) SOLID_ANGLE_UNIT ( ) );
#4224 = ORIENTED_EDGE ( 'NONE', *, *, #3709, .T. ) ;
#4225 = ORIENTED_EDGE ( 'NONE', *, *, #5488, .F. ) ;
#4226 = SURFACE_STYLE_USAGE ( .BOTH. , #6576 ) ;
#4227 = SURFACE_STYLE_FILL_AREA ( #7238 ) ;
#4228 = MECHANICAL_DESIGN_GEOMETRIC_PRESENTATION_REPRESENTATION (  '', ( #2212 ), #3058 ) ;
#4229 = DIRECTION ( 'NONE',  ( -1.000000000000000000, -0.000000000000000000, -0.000000000000000000 ) ) ;
#4230 = LINE ( 'NONE', #3686, #4444 ) ;
#4231 = ORIENTED_EDGE ( 'NONE', *, *, #1768, .F. ) ;
#4232 = CARTESIAN_POINT ( 'NONE',  ( -2.379054641195666786, 1.811524337873330115, 0.7750000000000000222 ) ) ;
#4233 = CIRCLE ( 'NONE', #5105, 0.1000000000000002137 ) ;
#4234 = CARTESIAN_POINT ( 'NONE',  ( -2.374999999999998668, 1.949999999999999956, 0.1000000000000000056 ) ) ;
#4235 = ADVANCED_FACE ( 'NONE', ( #54 ), #2348, .T. ) ;
#4236 = PLANE ( 'NONE',  #4385 ) ;
#4237 = EDGE_CURVE ( 'NONE', #3195, #1650, #2821, .T. ) ;
#4238 = VERTEX_POINT ( 'NONE', #4489 ) ;
#4239 = STYLED_ITEM ( 'NONE', ( #3547 ), #7068 ) ;
#4240 =( LENGTH_UNIT ( ) NAMED_UNIT ( * ) SI_UNIT ( .MILLI., .METRE. ) );
#4241 = VERTEX_POINT ( 'NONE', #3498 ) ;
#4242 = PLANE ( 'NONE',  #2459 ) ;
#4243 = EDGE_CURVE ( 'NONE', #2313, #198, #1812, .T. ) ;
#4244 = PRESENTATION_LAYER_ASSIGNMENT (  '', '', ( #4864 ) ) ;
#4245 = DIRECTION ( 'NONE',  ( 0.000000000000000000, 0.000000000000000000, 1.000000000000000000 ) ) ;
#4246 = ORIENTED_EDGE ( 'NONE', *, *, #6588, .F. ) ;
#4247 = AXIS2_PLACEMENT_3D ( 'NONE', #70, #6411, #2444 ) ;
#4248 = DIRECTION ( 'NONE',  ( 0.000000000000000000, 0.000000000000000000, 1.000000000000000000 ) ) ;
#4249 = CYLINDRICAL_SURFACE ( 'NONE', #3055, 0.07499999999999998335 ) ;
#4250 = DIRECTION ( 'NONE',  ( 0.000000000000000000, -0.9413994453688866448, -0.3372937655207293162 ) ) ;
#4251 = DIRECTION ( 'NONE',  ( -1.000000000000000000, 0.000000000000000000, -0.000000000000000000 ) ) ;
#4252 = PRESENTATION_LAYER_ASSIGNMENT (  '', '', ( #4868 ) ) ;
#4253 = LINE ( 'NONE', #185, #4939 ) ;
#4254 = CARTESIAN_POINT ( 'NONE',  ( -0.8349999999999991873, -1.949999999999999956, 0.09999999999999999167 ) ) ;
#4255 = CYLINDRICAL_SURFACE ( 'NONE', #6516, 0.1999999999999995670 ) ;
#4256 = ORIENTED_EDGE ( 'NONE', *, *, #5094, .T. ) ;
#4257 = MECHANICAL_DESIGN_GEOMETRIC_PRESENTATION_REPRESENTATION (  '', ( #77 ), #778 ) ;
#4258 = MECHANICAL_DESIGN_GEOMETRIC_PRESENTATION_REPRESENTATION (  '', ( #435 ), #2602 ) ;
#4259 = SURFACE_SIDE_STYLE ('',( #190 ) ) ;
#4260 = ORIENTED_EDGE ( 'NONE', *, *, #5041, .T. ) ;
#4261 = ORIENTED_EDGE ( 'NONE', *, *, #5187, .T. ) ;
#4262 = AXIS2_PLACEMENT_3D ( 'NONE', #2611, #6816, #6156 ) ;
#4263 = PRESENTATION_LAYER_ASSIGNMENT (  '', '', ( #3087 ) ) ;
#4264 = PLANE ( 'NONE',  #6573 ) ;
#4265 = SURFACE_STYLE_USAGE ( .BOTH. , #5522 ) ;
#4266 = MECHANICAL_DESIGN_GEOMETRIC_PRESENTATION_REPRESENTATION (  '', ( #329 ), #1892 ) ;
#4267 = ORIENTED_EDGE ( 'NONE', *, *, #32, .F. ) ;
#4268 = UNCERTAINTY_MEASURE_WITH_UNIT (LENGTH_MEASURE( 1.000000000000000082E-05 ), #560, 'distance_accuracy_value', 'NONE');
#4269 = PLANE ( 'NONE',  #1808 ) ;
#4270 = CARTESIAN_POINT ( 'NONE',  ( -2.449999999999998401, 1.875000000000000000, 0.1000000000000000056 ) ) ;
#4271 = DIRECTION ( 'NONE',  ( 0.000000000000000000, -0.1045284632676537068, 0.9945218953682734009 ) ) ;
#4272 = CARTESIAN_POINT ( 'NONE',  ( 1.705000000000000959, -2.540395035417677416, -0.5921287206489965760 ) ) ;
#4273 = CARTESIAN_POINT ( 'NONE',  ( -1.751524337873328729, -0.9747751063606726607, 0.7649999999999999023 ) ) ;
#4274 = ORIENTED_EDGE ( 'NONE', *, *, #6256, .T. ) ;
#4275 =( LENGTH_UNIT ( ) NAMED_UNIT ( * ) SI_UNIT ( .MILLI., .METRE. ) );
#4276 = UNCERTAINTY_MEASURE_WITH_UNIT (LENGTH_MEASURE( 1.000000000000000082E-05 ), #120, 'distance_accuracy_value', 'NONE');
#4277 = VECTOR ( 'NONE', #943, 1000.000000000000000 ) ;
#4278 = EDGE_CURVE ( 'NONE', #4896, #6639, #631, .T. ) ;
#4279 = DIRECTION ( 'NONE',  ( 0.000000000000000000, -0.3372937655207250973, -0.9413994453688879771 ) ) ;
#4280 = VECTOR ( 'NONE', #3956, 999.9999999999998863 ) ;
#4281 = DIRECTION ( 'NONE',  ( 0.000000000000000000, 0.000000000000000000, -1.000000000000000000 ) ) ;
#4282 = EDGE_LOOP ( 'NONE', ( #1948, #7146, #5282, #7399 ) ) ;
#4283 = DIRECTION ( 'NONE',  ( -1.000000000000000000, -0.000000000000000000, -0.000000000000000000 ) ) ;
#4284 = VERTEX_POINT ( 'NONE', #4524 ) ;
#4285 =( NAMED_UNIT ( * ) SI_UNIT ( $, .STERADIAN. ) SOLID_ANGLE_UNIT ( ) );
#4286 = EDGE_CURVE ( 'NONE', #2114, #4896, #43, .T. ) ;
#4287 = LINE ( 'NONE', #1490, #994 ) ;
#4288 = UNCERTAINTY_MEASURE_WITH_UNIT (LENGTH_MEASURE( 1.000000000000000082E-05 ), #7079, 'distance_accuracy_value', 'NONE');
#4289 = SURFACE_STYLE_USAGE ( .BOTH. , #2056 ) ;
#4290 = SURFACE_SIDE_STYLE ('',( #2057 ) ) ;
#4291 = FILL_AREA_STYLE ('',( #6838 ) ) ;
#4292 = EDGE_CURVE ( 'NONE', #806, #3518, #6899, .T. ) ;
#4293 = PRESENTATION_STYLE_ASSIGNMENT (( #1454 ) ) ;
#4294 =( LENGTH_UNIT ( ) NAMED_UNIT ( * ) SI_UNIT ( .MILLI., .METRE. ) );
#4295 = SURFACE_SIDE_STYLE ('',( #3080 ) ) ;
#4296 = ORIENTED_EDGE ( 'NONE', *, *, #5954, .F. ) ;
#4297 = SURFACE_STYLE_USAGE ( .BOTH. , #4259 ) ;
#4298 = ORIENTED_EDGE ( 'NONE', *, *, #4755, .T. ) ;
#4299 = CARTESIAN_POINT ( 'NONE',  ( 2.105000000000000870, 3.000000000000000000, -0.9250000000000000444 ) ) ;
#4300 = EDGE_CURVE ( 'NONE', #1387, #6651, #84, .T. ) ;
#4301 = STYLED_ITEM ( 'NONE', ( #5189 ), #483 ) ;
#4302 = MECHANICAL_DESIGN_GEOMETRIC_PRESENTATION_REPRESENTATION (  '', ( #4785 ), #6176 ) ;
#4303 = CARTESIAN_POINT ( 'NONE',  ( -0.8349999999999991873, -2.446255090880788519, -0.6258580972010689969 ) ) ;
#4304 = CARTESIAN_POINT ( 'NONE',  ( -0.4349999999999991651, 2.454328594324949986, -0.8868429382324097832 ) ) ;
#4305 = FILL_AREA_STYLE ('',( #7281 ) ) ;
#4306 = CARTESIAN_POINT ( 'NONE',  ( 2.311524337873330559, -1.534775106360672492, 0.7750000000000000222 ) ) ;
#4307 = AXIS2_PLACEMENT_3D ( 'NONE', #1602, #2760, #7438 ) ;
#4308 = COLOUR_RGB ( '',0.8039215686274510109, 0.8039215686274510109, 0.8039215686274510109 ) ;
#4309 = CYLINDRICAL_SURFACE ( 'NONE', #7236, 0.07499999999999980294 ) ;
#4310 = CARTESIAN_POINT ( 'NONE',  ( 2.105000000000000870, 2.069139944536888986, -0.1662706234479273959 ) ) ;
#4311 =( GEOMETRIC_REPRESENTATION_CONTEXT ( 3 ) GLOBAL_UNCERTAINTY_ASSIGNED_CONTEXT ( ( #5996 ) ) GLOBAL_UNIT_ASSIGNED_CONTEXT ( ( #6332, #1120, #7535 ) ) REPRESENTATION_CONTEXT ( 'NONE', 'WORKASPACE' ) );
#4312 =( GEOMETRIC_REPRESENTATION_CONTEXT ( 3 ) GLOBAL_UNCERTAINTY_ASSIGNED_CONTEXT ( ( #968 ) ) GLOBAL_UNIT_ASSIGNED_CONTEXT ( ( #7451, #5777, #2889 ) ) REPRESENTATION_CONTEXT ( 'NONE', 'WORKASPACE' ) );
#4313 = FILL_AREA_STYLE ('',( #2677 ) ) ;
#4314 = CARTESIAN_POINT ( 'NONE',  ( 0.4350000000000009415, -2.233675748954446760, -0.03254124689585519842 ) ) ;
#4315 = ORIENTED_EDGE ( 'NONE', *, *, #4344, .T. ) ;
#4316 = VECTOR ( 'NONE', #3715, 1000.000000000000000 ) ;
#4317 = CARTESIAN_POINT ( 'NONE',  ( -2.104999999999999094, 1.974999999999999867, -0.1999999999999999833 ) ) ;
#4318 = VECTOR ( 'NONE', #3076, 1000.000000000000114 ) ;
#4319 =( GEOMETRIC_REPRESENTATION_CONTEXT ( 3 ) GLOBAL_UNCERTAINTY_ASSIGNED_CONTEXT ( ( #3691 ) ) GLOBAL_UNIT_ASSIGNED_CONTEXT ( ( #1299, #6011, #1416 ) ) REPRESENTATION_CONTEXT ( 'NONE', 'WORKASPACE' ) );
#4320 =( NAMED_UNIT ( * ) SI_UNIT ( $, .STERADIAN. ) SOLID_ANGLE_UNIT ( ) );
#4321 = FILL_AREA_STYLE_COLOUR ( '', #1946 ) ;
#4322 = EDGE_LOOP ( 'NONE', ( #4214, #6584, #6122, #1945 ) ) ;
#4323 = CARTESIAN_POINT ( 'NONE',  ( 1.705000000000000959, 2.533419388043264942, -0.6918851256749790624 ) ) ;
#4324 = VERTEX_POINT ( 'NONE', #7014 ) ;
#4325 =( NAMED_UNIT ( * ) PLANE_ANGLE_UNIT ( ) SI_UNIT ( $, .RADIAN. ) );
#4326 = CYLINDRICAL_SURFACE ( 'NONE', #1264, 0.1999999999999978184 ) ;
#4327 = VECTOR ( 'NONE', #6552, 1000.000000000000000 ) ;
#4328 = MECHANICAL_DESIGN_GEOMETRIC_PRESENTATION_REPRESENTATION (  '', ( #7321 ), #722 ) ;
#4329 =( NAMED_UNIT ( * ) SI_UNIT ( $, .STERADIAN. ) SOLID_ANGLE_UNIT ( ) );
#4330 =( NAMED_UNIT ( * ) SI_UNIT ( $, .STERADIAN. ) SOLID_ANGLE_UNIT ( ) );
#4331 = SURFACE_STYLE_USAGE ( .BOTH. , #7305 ) ;
#4332 = ORIENTED_EDGE ( 'NONE', *, *, #3346, .F. ) ;
#4333 = VECTOR ( 'NONE', #4846, 1000.000000000000000 ) ;
#4334 = VECTOR ( 'NONE', #390, 1000.000000000000000 ) ;
#4335 = PRESENTATION_LAYER_ASSIGNMENT (  '', '', ( #3153 ) ) ;
#4336 = EDGE_CURVE ( 'NONE', #6613, #5337, #25, .T. ) ;
#4337 = SURFACE_STYLE_USAGE ( .BOTH. , #728 ) ;
#4338 = VERTEX_POINT ( 'NONE', #6468 ) ;
#4339 = DIRECTION ( 'NONE',  ( 0.000000000000000000, -0.9975640502598241977, 0.06975647374412528856 ) ) ;
#4340 = VERTEX_POINT ( 'NONE', #1659 ) ;
#4341 = STYLED_ITEM ( 'NONE', ( #2519 ), #6443 ) ;
#4342 = AXIS2_PLACEMENT_3D ( 'NONE', #5677, #5134, #488 ) ;
#4343 = PRESENTATION_LAYER_ASSIGNMENT (  '', '', ( #2445 ) ) ;
#4344 = EDGE_CURVE ( 'NONE', #5991, #1785, #5746, .T. ) ;
#4345 =( NAMED_UNIT ( * ) SI_UNIT ( $, .STERADIAN. ) SOLID_ANGLE_UNIT ( ) );
#4346 = VECTOR ( 'NONE', #4040, 1000.000000000000000 ) ;
#4347 = DIRECTION ( 'NONE',  ( 0.000000000000000000, 0.000000000000000000, -1.000000000000000000 ) ) ;
#4348 = VERTEX_POINT ( 'NONE', #4646 ) ;
#4349 =( NAMED_UNIT ( * ) SI_UNIT ( $, .STERADIAN. ) SOLID_ANGLE_UNIT ( ) );
#4350 =( GEOMETRIC_REPRESENTATION_CONTEXT ( 3 ) GLOBAL_UNCERTAINTY_ASSIGNED_CONTEXT ( ( #88 ) ) GLOBAL_UNIT_ASSIGNED_CONTEXT ( ( #5093, #7463, #1663 ) ) REPRESENTATION_CONTEXT ( 'NONE', 'WORKASPACE' ) );
#4351 = CARTESIAN_POINT ( 'NONE',  ( 2.449999626916909090, 1.875273160256224925, -0.1000035496485035397 ) ) ;
#4352 = UNCERTAINTY_MEASURE_WITH_UNIT (LENGTH_MEASURE( 1.000000000000000082E-05 ), #1637, 'distance_accuracy_value', 'NONE');
#4353 = FACE_OUTER_BOUND ( 'NONE', #5019, .T. ) ;
#4354 = COLOUR_RGB ( '',0.8039215686274510109, 0.8039215686274510109, 0.8039215686274510109 ) ;
#4355 = PRESENTATION_LAYER_ASSIGNMENT (  '', '', ( #3531 ) ) ;
#4356 = LINE ( 'NONE', #6741, #861 ) ;
#4357 =( NAMED_UNIT ( * ) SI_UNIT ( $, .STERADIAN. ) SOLID_ANGLE_UNIT ( ) );
#4358 = CYLINDRICAL_SURFACE ( 'NONE', #4698, 0.1000000000000000472 ) ;
#4359 = VERTEX_POINT ( 'NONE', #3945 ) ;
#4360 = PRESENTATION_LAYER_ASSIGNMENT (  '', '', ( #6735 ) ) ;
#4361 = DIRECTION ( 'NONE',  ( 0.000000000000000000, -0.9975640502598243087, -0.06975647374412557999 ) ) ;
#4362 = CYLINDRICAL_SURFACE ( 'NONE', #3437, 0.1000000000000002137 ) ;
#4363 = LINE ( 'NONE', #2686, #5694 ) ;
#4364 = PRESENTATION_STYLE_ASSIGNMENT (( #3259 ) ) ;
#4365 = VERTEX_POINT ( 'NONE', #3982 ) ;
#4366 = CARTESIAN_POINT ( 'NONE',  ( 2.376217025357844292, 1.950806167510463762, -0.09232982849429269279 ) ) ;
#4367 = SURFACE_STYLE_USAGE ( .BOTH. , #3187 ) ;
#4368 = CARTESIAN_POINT ( 'NONE',  ( 0.4350000000000009415, -3.000000000000000000, -0.7245116203837658198 ) ) ;
#4369 = STYLED_ITEM ( 'NONE', ( #655 ), #2603 ) ;
#4370 = LINE ( 'NONE', #6099, #423 ) ;
#4371 = ORIENTED_EDGE ( 'NONE', *, *, #4199, .T. ) ;
#4372 = ORIENTED_EDGE ( 'NONE', *, *, #3157, .T. ) ;
#4373 = AXIS2_PLACEMENT_3D ( 'NONE', #2549, #6047, #3818 ) ;
#4374 = ORIENTED_EDGE ( 'NONE', *, *, #1458, .T. ) ;
#4375 = LINE ( 'NONE', #6770, #1208 ) ;
#4376 = EDGE_CURVE ( 'NONE', #4774, #3819, #6422, .T. ) ;
#4377 = LINE ( 'NONE', #3158, #995 ) ;
#4378 = DIRECTION ( 'NONE',  ( 0.000000000000000000, 1.000000000000000000, 0.000000000000000000 ) ) ;
#4379 = VERTEX_POINT ( 'NONE', #5162 ) ;
#4380 = ADVANCED_FACE ( 'NONE', ( #4566 ), #6974, .F. ) ;
#4381 = PRESENTATION_LAYER_ASSIGNMENT (  '', '', ( #202 ) ) ;
#4382 = SURFACE_STYLE_FILL_AREA ( #6740 ) ;
#4383 = SURFACE_STYLE_USAGE ( .BOTH. , #5010 ) ;
#4384 = PLANE ( 'NONE',  #4262 ) ;
#4385 = AXIS2_PLACEMENT_3D ( 'NONE', #1251, #4772, #6551 ) ;
#4386 = DIRECTION ( 'NONE',  ( 0.000000000000000000, 1.000000000000000000, 0.000000000000000000 ) ) ;
#4387 = CARTESIAN_POINT ( 'NONE',  ( -0.8349999999999991873, -2.280000000000000249, -0.7547888812845849893 ) ) ;
#4388 = ORIENTED_EDGE ( 'NONE', *, *, #7095, .F. ) ;
#4389 = CARTESIAN_POINT ( 'NONE',  ( -0.8349999999999991873, -2.533419388043264942, -0.6918851256749790624 ) ) ;
#4390 =( NAMED_UNIT ( * ) SI_UNIT ( $, .STERADIAN. ) SOLID_ANGLE_UNIT ( ) );
#4391 = VECTOR ( 'NONE', #3566, 1000.000000000000000 ) ;
#4392 = EDGE_CURVE ( 'NONE', #2053, #4617, #2142, .T. ) ;
#4393 = SURFACE_STYLE_FILL_AREA ( #7332 ) ;
#4394 = EDGE_LOOP ( 'NONE', ( #5955, #1538, #6505, #5100 ) ) ;
#4395 = VECTOR ( 'NONE', #6039, 1000.000000000000000 ) ;
#4396 = DIRECTION ( 'NONE',  ( 0.000000000000000000, -1.000000000000000000, 0.000000000000000000 ) ) ;
#4397 = FILL_AREA_STYLE ('',( #5059 ) ) ;
#4398 = CARTESIAN_POINT ( 'NONE',  ( -0.4349999999999991651, -2.280000000000000249, -0.7547888812845849893 ) ) ;
#4399 = DIRECTION ( 'NONE',  ( 1.000000000000000000, 0.000000000000000000, 0.000000000000000000 ) ) ;
#4400 = CARTESIAN_POINT ( 'NONE',  ( -2.104999999999999094, -1.974999999999999867, -0.1000000000000000194 ) ) ;
#4401 = ORIENTED_EDGE ( 'NONE', *, *, #6583, .T. ) ;
#4402 = ORIENTED_EDGE ( 'NONE', *, *, #1500, .F. ) ;
#4403 = ADVANCED_FACE ( 'NONE', ( #3445 ), #6693, .F. ) ;
#4404 = AXIS2_PLACEMENT_3D ( 'NONE', #2296, #1701, #3389 ) ;
#4405 = ORIENTED_EDGE ( 'NONE', *, *, #5286, .T. ) ;
#4406 =( LENGTH_UNIT ( ) NAMED_UNIT ( * ) SI_UNIT ( .MILLI., .METRE. ) );
#4407 =( GEOMETRIC_REPRESENTATION_CONTEXT ( 3 ) GLOBAL_UNCERTAINTY_ASSIGNED_CONTEXT ( ( #2639 ) ) GLOBAL_UNIT_ASSIGNED_CONTEXT ( ( #1380, #5385, #247 ) ) REPRESENTATION_CONTEXT ( 'NONE', 'WORKASPACE' ) );
#4408 = LINE ( 'NONE', #2771, #1997 ) ;
#4409 = CARTESIAN_POINT ( 'NONE',  ( -1.704999999999998961, 3.000000000000000000, -0.7245116203837658198 ) ) ;
#4410 = ORIENTED_EDGE ( 'NONE', *, *, #2375, .F. ) ;
#4411 = COLOUR_RGB ( '',0.8039215686274510109, 0.8039215686274510109, 0.8039215686274510109 ) ;
#4412 = UNCERTAINTY_MEASURE_WITH_UNIT (LENGTH_MEASURE( 1.000000000000000082E-05 ), #1703, 'distance_accuracy_value', 'NONE');
#4413 =( GEOMETRIC_REPRESENTATION_CONTEXT ( 3 ) GLOBAL_UNCERTAINTY_ASSIGNED_CONTEXT ( ( #7241 ) ) GLOBAL_UNIT_ASSIGNED_CONTEXT ( ( #3525, #6996, #1643 ) ) REPRESENTATION_CONTEXT ( 'NONE', 'WORKASPACE' ) );
#4414 = MECHANICAL_DESIGN_GEOMETRIC_PRESENTATION_REPRESENTATION (  '', ( #2155 ), #6670 ) ;
#4415 = AXIS2_PLACEMENT_3D ( 'NONE', #7502, #1048, #6229 ) ;
#4416 = PLANE ( 'NONE',  #7078 ) ;
#4417 = EDGE_CURVE ( 'NONE', #489, #6271, #110, .T. ) ;
#4418 = FILL_AREA_STYLE ('',( #5992 ) ) ;
#4419 = EDGE_CURVE ( 'NONE', #7383, #7086, #2261, .T. ) ;
#4420 = VERTEX_POINT ( 'NONE', #2319 ) ;
#4421 = UNCERTAINTY_MEASURE_WITH_UNIT (LENGTH_MEASURE( 1.000000000000000082E-05 ), #2975, 'distance_accuracy_value', 'NONE');
#4422 = COLOUR_RGB ( '',0.2862745098039215508, 0.2862745098039215508, 0.2862745098039215508 ) ;
#4423 = FILL_AREA_STYLE ('',( #2749 ) ) ;
#4424 = DIRECTION ( 'NONE',  ( 0.000000000000000000, 0.3372937655207250973, -0.9413994453688879771 ) ) ;
#4425 = CIRCLE ( 'NONE', #1453, 0.07499999999999980294 ) ;
#4426 = DIRECTION ( 'NONE',  ( 0.000000000000000000, -0.9413994453688866448, -0.3372937655207293162 ) ) ;
#4427 = AXIS2_PLACEMENT_3D ( 'NONE', #2911, #6950, #7514 ) ;
#4428 = VERTEX_POINT ( 'NONE', #4593 ) ;
#4429 = SURFACE_STYLE_FILL_AREA ( #7262 ) ;
#4430 = ADVANCED_FACE ( 'NONE', ( #3043 ), #572, .T. ) ;
#4431 = DIRECTION ( 'NONE',  ( 0.000000000000000000, 0.000000000000000000, 1.000000000000000000 ) ) ;
#4432 = SURFACE_STYLE_USAGE ( .BOTH. , #327 ) ;
#4433 = DIRECTION ( 'NONE',  ( 0.000000000000000000, 0.000000000000000000, -1.000000000000000000 ) ) ;
#4434 = LINE ( 'NONE', #4400, #841 ) ;
#4435 = CARTESIAN_POINT ( 'NONE',  ( 2.105000000000000870, -1.974999999999999867, -0.1000000000000000194 ) ) ;
#4436 = ORIENTED_EDGE ( 'NONE', *, *, #6672, .F. ) ;
#4437 =( LENGTH_UNIT ( ) NAMED_UNIT ( * ) SI_UNIT ( .MILLI., .METRE. ) );
#4438 = AXIS2_PLACEMENT_3D ( 'NONE', #246, #4706, #6490 ) ;
#4439 = ORIENTED_EDGE ( 'NONE', *, *, #1181, .T. ) ;
#4440 = CIRCLE ( 'NONE', #2176, 0.1000000000000000472 ) ;
#4441 = ORIENTED_EDGE ( 'NONE', *, *, #1696, .T. ) ;
#4442 = CARTESIAN_POINT ( 'NONE',  ( 0.4350000000000009415, -1.949999999999999956, -0.1000000000000000194 ) ) ;
#4443 =( NAMED_UNIT ( * ) PLANE_ANGLE_UNIT ( ) SI_UNIT ( $, .RADIAN. ) );
#4444 = VECTOR ( 'NONE', #1957, 1000.000000000000000 ) ;
#4445 = ADVANCED_FACE ( 'NONE', ( #6530 ), #141, .T. ) ;
#4446 = ORIENTED_EDGE ( 'NONE', *, *, #7424, .F. ) ;
#4447 = CIRCLE ( 'NONE', #5465, 0.1999999999999978184 ) ;
#4448 = PRESENTATION_STYLE_ASSIGNMENT (( #1655 ) ) ;
#4449 = VECTOR ( 'NONE', #2851, 1000.000000000000000 ) ;
#4450 = PRESENTATION_LAYER_ASSIGNMENT (  '', '', ( #3520 ) ) ;
#4451 = VERTEX_POINT ( 'NONE', #4082 ) ;
#4452 = FACE_OUTER_BOUND ( 'NONE', #7411, .T. ) ;
#4453 = VECTOR ( 'NONE', #6361, 1000.000000000000000 ) ;
#4454 = SURFACE_STYLE_USAGE ( .BOTH. , #5045 ) ;
#4455 = VECTOR ( 'NONE', #6238, 1000.000000000000000 ) ;
#4456 = FILL_AREA_STYLE_COLOUR ( '', #6577 ) ;
#4457 = EDGE_CURVE ( 'NONE', #6664, #1988, #2864, .T. ) ;
#4458 = PLANE ( 'NONE',  #2824 ) ;
#4459 = FILL_AREA_STYLE_COLOUR ( '', #5127 ) ;
#4460 = CARTESIAN_POINT ( 'NONE',  ( -2.375273160256224259, 1.949999626916908424, -0.1000035496485075226 ) ) ;
#4461 = ORIENTED_EDGE ( 'NONE', *, *, #3620, .F. ) ;
#4462 = CARTESIAN_POINT ( 'NONE',  ( -2.374999999999998668, 1.949999999999999956, -0.1000000000000000056 ) ) ;
#4463 = ORIENTED_EDGE ( 'NONE', *, *, #4799, .F. ) ;
#4464 = SURFACE_STYLE_USAGE ( .BOTH. , #2197 ) ;
#4465 = DIRECTION ( 'NONE',  ( 0.000000000000000000, 0.9975640502598243087, -0.06975647374412557999 ) ) ;
#4466 = CARTESIAN_POINT ( 'NONE',  ( 2.105000000000000870, -1.949999999999999956, 0.09999999999999999167 ) ) ;
#4467 = DIRECTION ( 'NONE',  ( 0.000000000000000000, 0.000000000000000000, -1.000000000000000000 ) ) ;
#4468 = EDGE_CURVE ( 'NONE', #7497, #4555, #6417, .T. ) ;
#4469 =( GEOMETRIC_REPRESENTATION_CONTEXT ( 3 ) GLOBAL_UNCERTAINTY_ASSIGNED_CONTEXT ( ( #3616 ) ) GLOBAL_UNIT_ASSIGNED_CONTEXT ( ( #5565, #6745, #3251 ) ) REPRESENTATION_CONTEXT ( 'NONE', 'WORKASPACE' ) );
#4470 = SURFACE_STYLE_USAGE ( .BOTH. , #1102 ) ;
#4471 = CARTESIAN_POINT ( 'NONE',  ( -1.704999999999998961, 1.974999999999999867, -0.1000000000000000194 ) ) ;
#4472 = PRESENTATION_STYLE_ASSIGNMENT (( #5653 ) ) ;
#4473 = ORIENTED_EDGE ( 'NONE', *, *, #4336, .T. ) ;
#4474 = LINE ( 'NONE', #440, #2796 ) ;
#4475 =( NAMED_UNIT ( * ) SI_UNIT ( $, .STERADIAN. ) SOLID_ANGLE_UNIT ( ) );
#4476 = SURFACE_STYLE_USAGE ( .BOTH. , #6116 ) ;
#4477 = COLOUR_RGB ( '',0.8039215686274510109, 0.8039215686274510109, 0.8039215686274510109 ) ;
#4478 = ADVANCED_FACE ( 'NONE', ( #1982 ), #872, .T. ) ;
#4479 = AXIS2_PLACEMENT_3D ( 'NONE', #2761, #3264, #4431 ) ;
#4480 = DIRECTION ( 'NONE',  ( 0.000000000000000000, 1.000000000000000000, 0.000000000000000000 ) ) ;
#4481 = SURFACE_SIDE_STYLE ('',( #5662 ) ) ;
#4482 = VECTOR ( 'NONE', #1354, 1000.000000000000000 ) ;
#4483 = CARTESIAN_POINT ( 'NONE',  ( 2.418963392251841427, 1.949760935694446307, -0.1022745449310356880 ) ) ;
#4484 = VERTEX_POINT ( 'NONE', #6606 ) ;
#4485 = VERTEX_POINT ( 'NONE', #2086 ) ;
#4486 = SURFACE_STYLE_FILL_AREA ( #2640 ) ;
#4487 = CARTESIAN_POINT ( 'NONE',  ( -2.311524337873328783, -1.534775106360672492, 0.6999999999999999556 ) ) ;
#4488 = DIRECTION ( 'NONE',  ( 0.000000000000000000, 0.000000000000000000, -1.000000000000000000 ) ) ;
#4489 = CARTESIAN_POINT ( 'NONE',  ( -2.418617283803741191, -1.844028141651121500, 0.3985865994546282098 ) ) ;
#4490 = ORIENTED_EDGE ( 'NONE', *, *, #5000, .T. ) ;
#4491 = UNCERTAINTY_MEASURE_WITH_UNIT (LENGTH_MEASURE( 1.000000000000000082E-05 ), #5874, 'distance_accuracy_value', 'NONE');
#4492 = PRESENTATION_STYLE_ASSIGNMENT (( #1558 ) ) ;
#4493 =( NAMED_UNIT ( * ) SI_UNIT ( $, .STERADIAN. ) SOLID_ANGLE_UNIT ( ) );
#4494 = COLOUR_RGB ( '',0.2862745098039215508, 0.2862745098039215508, 0.2862745098039215508 ) ;
#4495 = CARTESIAN_POINT ( 'NONE',  ( -0.8349999999999991873, 2.069139944536888986, -0.1662706234479273959 ) ) ;
#4496 = CARTESIAN_POINT ( 'NONE',  ( 2.311524337873330559, -1.587808114949663452, 0.7530330085889914704 ) ) ;
#4497 = ORIENTED_EDGE ( 'NONE', *, *, #629, .F. ) ;
#4498 = FILL_AREA_STYLE_COLOUR ( '', #1589 ) ;
#4499 = ORIENTED_EDGE ( 'NONE', *, *, #6733, .T. ) ;
#4500 =( NAMED_UNIT ( * ) PLANE_ANGLE_UNIT ( ) SI_UNIT ( $, .RADIAN. ) );
#4501 = CARTESIAN_POINT ( 'NONE',  ( 2.105000000000000870, 2.533419388043264942, -0.6918851256749790624 ) ) ;
#4502 = ADVANCED_FACE ( 'NONE', ( #3143 ), #5506, .F. ) ;
#4503 = UNCERTAINTY_MEASURE_WITH_UNIT (LENGTH_MEASURE( 1.000000000000000082E-05 ), #3891, 'distance_accuracy_value', 'NONE');
#4504 = PRESENTATION_STYLE_ASSIGNMENT (( #2800 ) ) ;
#4505 = FACE_OUTER_BOUND ( 'NONE', #1497, .T. ) ;
#4506 = CARTESIAN_POINT ( 'NONE',  ( -0.4349999999999991651, -1.974999999999999867, -0.1000000000000000194 ) ) ;
#4507 = LINE ( 'NONE', #567, #7267 ) ;
#4508 = DIRECTION ( 'NONE',  ( -1.000000000000000000, 0.000000000000000000, 0.000000000000000000 ) ) ;
#4509 = VERTEX_POINT ( 'NONE', #3780 ) ;
#4510 = FILL_AREA_STYLE_COLOUR ( '', #3200 ) ;
#4511 = ADVANCED_FACE ( 'NONE', ( #6133 ), #5186, .F. ) ;
#4512 = CARTESIAN_POINT ( 'NONE',  ( -2.418963392251839650, 1.949760935694445418, -0.1022745449310490246 ) ) ;
#4513 = DIRECTION ( 'NONE',  ( -0.9945218953682732899, 0.000000000000000000, -0.1045284632676541231 ) ) ;
#4514 = EDGE_CURVE ( 'NONE', #6278, #5238, #2808, .T. ) ;
#4515 = FACE_OUTER_BOUND ( 'NONE', #2448, .T. ) ;
#4516 = DIRECTION ( 'NONE',  ( 0.000000000000000000, -0.9975640502598241977, 0.06975647374412528856 ) ) ;
#4517 = DIRECTION ( 'NONE',  ( 1.000000000000000000, 0.000000000000000000, 0.000000000000000000 ) ) ;
#4518 = ORIENTED_EDGE ( 'NONE', *, *, #842, .T. ) ;
#4519 = COLOUR_RGB ( '',0.8039215686274510109, 0.8039215686274510109, 0.8039215686274510109 ) ;
#4520 =( NAMED_UNIT ( * ) SI_UNIT ( $, .STERADIAN. ) SOLID_ANGLE_UNIT ( ) );
#4521 = ORIENTED_EDGE ( 'NONE', *, *, #7303, .T. ) ;
#4522 =( GEOMETRIC_REPRESENTATION_CONTEXT ( 3 ) GLOBAL_UNCERTAINTY_ASSIGNED_CONTEXT ( ( #6866 ) ) GLOBAL_UNIT_ASSIGNED_CONTEXT ( ( #1231, #2437, #3486 ) ) REPRESENTATION_CONTEXT ( 'NONE', 'WORKASPACE' ) );
#4523 = DIRECTION ( 'NONE',  ( 0.000000000000000000, -1.000000000000000000, 0.000000000000000000 ) ) ;
#4524 = CARTESIAN_POINT ( 'NONE',  ( -1.704999999999998961, -3.000000000000000000, -0.7245116203837658198 ) ) ;
#4525 = VECTOR ( 'NONE', #3812, 1000.000000000000000 ) ;
#4526 = ORIENTED_EDGE ( 'NONE', *, *, #6815, .F. ) ;
#4527 = CARTESIAN_POINT ( 'NONE',  ( -2.449999626916906870, -1.875273160256224703, -0.1000035496485074532 ) ) ;
#4528 = STYLED_ITEM ( 'NONE', ( #7141 ), #445 ) ;
#4529 = PRESENTATION_LAYER_ASSIGNMENT (  '', '', ( #1923 ) ) ;
#4530 = SURFACE_STYLE_FILL_AREA ( #2829 ) ;
#4531 = SURFACE_STYLE_FILL_AREA ( #1170 ) ;
#4532 = ORIENTED_EDGE ( 'NONE', *, *, #4161, .F. ) ;
#4533 = LINE ( 'NONE', #557, #5072 ) ;
#4534 = ORIENTED_EDGE ( 'NONE', *, *, #750, .F. ) ;
#4535 = FILL_AREA_STYLE ('',( #528 ) ) ;
#4536 = CARTESIAN_POINT ( 'NONE',  ( -2.104999999999999094, 3.000000000000000000, -0.7245116203837658198 ) ) ;
#4537 = PRESENTATION_LAYER_ASSIGNMENT (  '', '', ( #6301 ) ) ;
#4538 = AXIS2_PLACEMENT_3D ( 'NONE', #3544, #5943, #6421 ) ;
#4539 = DIRECTION ( 'NONE',  ( 1.000000000000000000, 0.000000000000000000, 0.000000000000000000 ) ) ;
#4540 = CARTESIAN_POINT ( 'NONE',  ( -2.334065403820538176, -1.834065403820539286, -0.4855360833915846053 ) ) ;
#4541 = VECTOR ( 'NONE', #5032, 1000.000000000000000 ) ;
#4542 = STYLED_ITEM ( 'NONE', ( #5756 ), #4865 ) ;
#4543 = PRESENTATION_LAYER_ASSIGNMENT (  '', '', ( #5036 ) ) ;
#4544 = CARTESIAN_POINT ( 'NONE',  ( 0.8350000000000008527, -1.949999999999999956, 0.09999999999999999167 ) ) ;
#4545 = VERTEX_POINT ( 'NONE', #4038 ) ;
#4546 = DIRECTION ( 'NONE',  ( 0.000000000000000000, 1.000000000000000000, 0.000000000000000000 ) ) ;
#4547 = SURFACE_STYLE_USAGE ( .BOTH. , #770 ) ;
#4548 = LINE ( 'NONE', #1148, #6597 ) ;
#4549 = SURFACE_STYLE_USAGE ( .BOTH. , #2357 ) ;
#4550 = SURFACE_STYLE_USAGE ( .BOTH. , #6998 ) ;
#4551 =( LENGTH_UNIT ( ) NAMED_UNIT ( * ) SI_UNIT ( .MILLI., .METRE. ) );
#4552 = EDGE_CURVE ( 'NONE', #4575, #3819, #1682, .T. ) ;
#4553 = SURFACE_SIDE_STYLE ('',( #3006 ) ) ;
#4554 = EDGE_CURVE ( 'NONE', #1667, #429, #3370, .T. ) ;
#4555 = VERTEX_POINT ( 'NONE', #1188 ) ;
#4556 = MECHANICAL_DESIGN_GEOMETRIC_PRESENTATION_REPRESENTATION (  '', ( #1940 ), #3501 ) ;
#4557 = VECTOR ( 'NONE', #5509, 1000.000000000000000 ) ;
#4558 = DIRECTION ( 'NONE',  ( 0.1039620511844979306, 0.1039620511844979306, 0.9891328443778538704 ) ) ;
#4559 = ORIENTED_EDGE ( 'NONE', *, *, #4072, .T. ) ;
#4560 = CARTESIAN_POINT ( 'NONE',  ( -2.104999999999999094, -3.000000000000000000, -0.7245116203837658198 ) ) ;
#4561 = MECHANICAL_DESIGN_GEOMETRIC_PRESENTATION_REPRESENTATION (  '', ( #5328 ), #23 ) ;
#4562 = VECTOR ( 'NONE', #4570, 1000.000000000000000 ) ;
#4563 = DIRECTION ( 'NONE',  ( 1.000000000000000000, 0.000000000000000000, 0.000000000000000000 ) ) ;
#4564 = LINE ( 'NONE', #3612, #4681 ) ;
#4565 = MECHANICAL_DESIGN_GEOMETRIC_PRESENTATION_REPRESENTATION (  '', ( #4957 ), #3163 ) ;
#4566 = FACE_OUTER_BOUND ( 'NONE', #5265, .T. ) ;
#4567 = ORIENTED_EDGE ( 'NONE', *, *, #3980, .T. ) ;
#4568 = UNCERTAINTY_MEASURE_WITH_UNIT (LENGTH_MEASURE( 1.000000000000000082E-05 ), #286, 'distance_accuracy_value', 'NONE');
#4569 = UNCERTAINTY_MEASURE_WITH_UNIT (LENGTH_MEASURE( 1.000000000000000082E-05 ), #6665, 'distance_accuracy_value', 'NONE');
#4570 = DIRECTION ( 'NONE',  ( 0.000000000000000000, 0.000000000000000000, 1.000000000000000000 ) ) ;
#4571 = VECTOR ( 'NONE', #923, 1000.000000000000000 ) ;
#4572 = PRESENTATION_LAYER_ASSIGNMENT (  '', '', ( #165 ) ) ;
#4573 = MECHANICAL_DESIGN_GEOMETRIC_PRESENTATION_REPRESENTATION (  '', ( #3057 ), #2079 ) ;
#4574 =( NAMED_UNIT ( * ) PLANE_ANGLE_UNIT ( ) SI_UNIT ( $, .RADIAN. ) );
#4575 = VERTEX_POINT ( 'NONE', #6288 ) ;
#4576 = ORIENTED_EDGE ( 'NONE', *, *, #2741, .F. ) ;
#4577 = ORIENTED_EDGE ( 'NONE', *, *, #6732, .T. ) ;
#4578 =( NAMED_UNIT ( * ) SI_UNIT ( $, .STERADIAN. ) SOLID_ANGLE_UNIT ( ) );
#4579 = COLOUR_RGB ( '',0.2862745098039215508, 0.2862745098039215508, 0.2862745098039215508 ) ;
#4580 = DIRECTION ( 'NONE',  ( 0.000000000000000000, -1.000000000000000000, 0.000000000000000000 ) ) ;
#4581 = VECTOR ( 'NONE', #7400, 1000.000000000000114 ) ;
#4582 = CYLINDRICAL_SURFACE ( 'NONE', #5173, 0.1999999999999978184 ) ;
#4583 = CARTESIAN_POINT ( 'NONE',  ( 2.311524337873331003, 1.811524337873330115, -0.6999999999999999556 ) ) ;
#4584 = LINE ( 'NONE', #5651, #3476 ) ;
#4585 =( NAMED_UNIT ( * ) PLANE_ANGLE_UNIT ( ) SI_UNIT ( $, .RADIAN. ) );
#4586 =( GEOMETRIC_REPRESENTATION_CONTEXT ( 3 ) GLOBAL_UNCERTAINTY_ASSIGNED_CONTEXT ( ( #3019 ) ) GLOBAL_UNIT_ASSIGNED_CONTEXT ( ( #4275, #133, #3630 ) ) REPRESENTATION_CONTEXT ( 'NONE', 'WORKASPACE' ) );
#4587 = CARTESIAN_POINT ( 'NONE',  ( 0.8350000000000008527, 3.000000000000000000, -0.7245116203837658198 ) ) ;
#4588 = ORIENTED_EDGE ( 'NONE', *, *, #1555, .T. ) ;
#4589 = LINE ( 'NONE', #3966, #5936 ) ;
#4590 = CARTESIAN_POINT ( 'NONE',  ( 2.105000000000000870, -1.949999999999999956, -0.1000000000000000194 ) ) ;
#4591 = SURFACE_STYLE_FILL_AREA ( #2843 ) ;
#4592 = DIRECTION ( 'NONE',  ( 0.000000000000000000, 0.000000000000000000, -1.000000000000000000 ) ) ;
#4593 = CARTESIAN_POINT ( 'NONE',  ( -1.704999999999998961, -1.974999999999999867, -0.1000000000000000194 ) ) ;
#4594 =( NAMED_UNIT ( * ) SI_UNIT ( $, .STERADIAN. ) SOLID_ANGLE_UNIT ( ) );
#4595 = SURFACE_STYLE_FILL_AREA ( #544 ) ;
#4596 = DIRECTION ( 'NONE',  ( 0.000000000000000000, 0.000000000000000000, -1.000000000000000000 ) ) ;
#4597 = ORIENTED_EDGE ( 'NONE', *, *, #5674, .T. ) ;
#4598 = STYLED_ITEM ( 'NONE', ( #3934 ), #7154 ) ;
#4599 = EDGE_CURVE ( 'NONE', #6084, #5598, #2397, .T. ) ;
#4600 = DIRECTION ( 'NONE',  ( 1.000000000000000000, 0.000000000000000000, 0.000000000000000000 ) ) ;
#4601 = CIRCLE ( 'NONE', #4373, 0.1999999999999995670 ) ;
#4602 = SURFACE_SIDE_STYLE ('',( #5708 ) ) ;
#4603 = FILL_AREA_STYLE ('',( #2335 ) ) ;
#4604 = SURFACE_STYLE_USAGE ( .BOTH. , #1774 ) ;
#4605 = ADVANCED_FACE ( 'NONE', ( #1722 ), #3484, .T. ) ;
#4606 = DIRECTION ( 'NONE',  ( 0.000000000000000000, 0.000000000000000000, -1.000000000000000000 ) ) ;
#4607 = ORIENTED_EDGE ( 'NONE', *, *, #7159, .T. ) ;
#4608 = SURFACE_STYLE_USAGE ( .BOTH. , #2784 ) ;
#4609 = ADVANCED_FACE ( 'NONE', ( #6040 ), #3142, .T. ) ;
#4610 = MECHANICAL_DESIGN_GEOMETRIC_PRESENTATION_REPRESENTATION (  '', ( #898 ), #7005 ) ;
#4611 = CARTESIAN_POINT ( 'NONE',  ( 0.4350000000000009415, 1.974999999999999867, -0.1999999999999999833 ) ) ;
#4612 = FACE_OUTER_BOUND ( 'NONE', #3679, .T. ) ;
#4613 = CARTESIAN_POINT ( 'NONE',  ( 2.450000000000000178, -1.949999999999999956, 0.1000000000000000056 ) ) ;
#4614 = PRESENTATION_STYLE_ASSIGNMENT (( #5289 ) ) ;
#4615 = ORIENTED_EDGE ( 'NONE', *, *, #1595, .F. ) ;
#4616 = STYLED_ITEM ( 'NONE', ( #4676 ), #2885 ) ;
#4617 = VERTEX_POINT ( 'NONE', #4670 ) ;
#4618 = FILL_AREA_STYLE_COLOUR ( '', #1328 ) ;
#4619 = VERTEX_POINT ( 'NONE', #1833 ) ;
#4620 = FILL_AREA_STYLE_COLOUR ( '', #7045 ) ;
#4621 = CARTESIAN_POINT ( 'NONE',  ( -1.704999999999998961, -1.949999999999999956, 0.09999999999999999167 ) ) ;
#4622 = CARTESIAN_POINT ( 'NONE',  ( 2.311524337873331003, -1.811524337873330115, -0.7750000000000000222 ) ) ;
#4623 = EDGE_CURVE ( 'NONE', #4284, #318, #3042, .T. ) ;
#4624 = CARTESIAN_POINT ( 'NONE',  ( 1.705000000000000959, 2.045395859880669409, 0.09999999999999999167 ) ) ;
#4625 = PRESENTATION_LAYER_ASSIGNMENT (  '', '', ( #5263 ) ) ;
#4626 = FILL_AREA_STYLE ('',( #59 ) ) ;
#4627 = DIRECTION ( 'NONE',  ( 0.1039620511844979306, 0.1039620511844979306, -0.9891328443778538704 ) ) ;
#4628 = ORIENTED_EDGE ( 'NONE', *, *, #3841, .T. ) ;
#4629 =( NAMED_UNIT ( * ) SI_UNIT ( $, .STERADIAN. ) SOLID_ANGLE_UNIT ( ) );
#4630 = CARTESIAN_POINT ( 'NONE',  ( -2.375409738600887444, 1.949998880753508246, -0.1000106489190368680 ) ) ;
#4631 = CARTESIAN_POINT ( 'NONE',  ( 2.375000000000000888, 1.949999999999999956, 0.1000000000000000056 ) ) ;
#4632 = AXIS2_PLACEMENT_3D ( 'NONE', #3246, #2574, #1586 ) ;
#4633 = SURFACE_STYLE_USAGE ( .BOTH. , #22 ) ;
#4634 = FILL_AREA_STYLE_COLOUR ( '', #2469 ) ;
#4635 = AXIS2_PLACEMENT_3D ( 'NONE', #1146, #6489, #62 ) ;
#4636 = SURFACE_SIDE_STYLE ('',( #3534 ) ) ;
#4637 = CARTESIAN_POINT ( 'NONE',  ( -0.8349999999999991873, 3.000000000000000000, -0.7245116203837658198 ) ) ;
#4638 = ORIENTED_EDGE ( 'NONE', *, *, #6450, .F. ) ;
#4639 = EDGE_CURVE ( 'NONE', #4126, #7007, #1937, .T. ) ;
#4640 = EDGE_LOOP ( 'NONE', ( #940, #2383 ) ) ;
#4641 = ORIENTED_EDGE ( 'NONE', *, *, #5762, .F. ) ;
#4642 = LINE ( 'NONE', #513, #4678 ) ;
#4643 = EDGE_CURVE ( 'NONE', #3809, #4716, #1908, .T. ) ;
#4644 = FILL_AREA_STYLE_COLOUR ( '', #2617 ) ;
#4645 = CARTESIAN_POINT ( 'NONE',  ( -0.8349999999999991873, -1.974999999999999867, -0.1000000000000000194 ) ) ;
#4646 = CARTESIAN_POINT ( 'NONE',  ( 0.4350000000000009415, -2.045395859880669409, 0.09999999999999999167 ) ) ;
#4647 = ORIENTED_EDGE ( 'NONE', *, *, #1547, .T. ) ;
#4648 = SURFACE_STYLE_FILL_AREA ( #3424 ) ;
#4649 = UNCERTAINTY_MEASURE_WITH_UNIT (LENGTH_MEASURE( 1.000000000000000082E-05 ), #6054, 'distance_accuracy_value', 'NONE');
#4650 = UNCERTAINTY_MEASURE_WITH_UNIT (LENGTH_MEASURE( 1.000000000000000082E-05 ), #5125, 'distance_accuracy_value', 'NONE');
#4651 = CYLINDRICAL_SURFACE ( 'NONE', #2192, 0.1000000000000000472 ) ;
#4652 = DIRECTION ( 'NONE',  ( 0.000000000000000000, -0.7071067811865431318, 0.7071067811865517916 ) ) ;
#4653 = CARTESIAN_POINT ( 'NONE',  ( 2.418963392251841871, 1.949760935694446307, 0.1022745449310354798 ) ) ;
#4654 = EDGE_CURVE ( 'NONE', #5155, #4181, #471, .T. ) ;
#4655 = AXIS2_PLACEMENT_3D ( 'NONE', #6451, #3594, #5928 ) ;
#4656 = EDGE_CURVE ( 'NONE', #3938, #3323, #1980, .T. ) ;
#4657 = ORIENTED_EDGE ( 'NONE', *, *, #894, .F. ) ;
#4658 = PRESENTATION_STYLE_ASSIGNMENT (( #2384 ) ) ;
#4659 = ORIENTED_EDGE ( 'NONE', *, *, #644, .T. ) ;
#4660 = FACE_OUTER_BOUND ( 'NONE', #5380, .T. ) ;
#4661 = ORIENTED_EDGE ( 'NONE', *, *, #3833, .F. ) ;
#4662 = CARTESIAN_POINT ( 'NONE',  ( -0.4349999999999991651, 1.974999999999999867, -0.1000000000000000194 ) ) ;
#4663 = UNCERTAINTY_MEASURE_WITH_UNIT (LENGTH_MEASURE( 1.000000000000000082E-05 ), #5809, 'distance_accuracy_value', 'NONE');
#4664 = STYLED_ITEM ( 'NONE', ( #6760 ), #524 ) ;
#4665 = AXIS2_PLACEMENT_3D ( 'NONE', #682, #5966, #7113 ) ;
#4666 = CARTESIAN_POINT ( 'NONE',  ( -2.311524337873328783, -1.587808114949663452, 0.7530330085889914704 ) ) ;
#4667 = COLOUR_RGB ( '',0.8039215686274510109, 0.8039215686274510109, 0.8039215686274510109 ) ;
#4668 = SURFACE_STYLE_FILL_AREA ( #4078 ) ;
#4669 = PRESENTATION_LAYER_ASSIGNMENT (  '', '', ( #6558 ) ) ;
#4670 = CARTESIAN_POINT ( 'NONE',  ( -2.029702445343677830, -0.9747751063606726607, 0.7750000000000000222 ) ) ;
#4671 = DIRECTION ( 'NONE',  ( -0.9945218953682732899, 0.000000000000000000, -0.1045284632676539427 ) ) ;
#4672 = MECHANICAL_DESIGN_GEOMETRIC_PRESENTATION_REPRESENTATION (  '', ( #2649 ), #1447 ) ;
#4673 = EDGE_CURVE ( 'NONE', #5533, #1126, #6923, .T. ) ;
#4674 =( NAMED_UNIT ( * ) PLANE_ANGLE_UNIT ( ) SI_UNIT ( $, .RADIAN. ) );
#4675 = FACE_OUTER_BOUND ( 'NONE', #3453, .T. ) ;
#4676 = PRESENTATION_STYLE_ASSIGNMENT (( #3535 ) ) ;
#4677 = VERTEX_POINT ( 'NONE', #1868 ) ;
#4678 = VECTOR ( 'NONE', #5123, 1000.000000000000227 ) ;
#4679 = COLOUR_RGB ( '',0.8039215686274510109, 0.8039215686274510109, 0.8039215686274510109 ) ;
#4680 = DIRECTION ( 'NONE',  ( 0.000000000000000000, 0.7071067811865440200, -0.7071067811865511255 ) ) ;
#4681 = VECTOR ( 'NONE', #3060, 1000.000000000000114 ) ;
#4682 = PRESENTATION_LAYER_ASSIGNMENT (  '', '', ( #2172 ) ) ;
#4683 = LINE ( 'NONE', #3059, #5268 ) ;
#4684 = ORIENTED_EDGE ( 'NONE', *, *, #3543, .T. ) ;
#4685 = AXIS2_PLACEMENT_3D ( 'NONE', #4540, #6353, #6882 ) ;
#4686 = CARTESIAN_POINT ( 'NONE',  ( 2.311524337873331003, 1.811524337873330115, 0.6999999999999999556 ) ) ;
#4687 = MECHANICAL_DESIGN_GEOMETRIC_PRESENTATION_REPRESENTATION (  '', ( #3746 ), #30 ) ;
#4688 =( NAMED_UNIT ( * ) SI_UNIT ( $, .STERADIAN. ) SOLID_ANGLE_UNIT ( ) );
#4689 = EDGE_LOOP ( 'NONE', ( #4261, #7295, #4661, #1239 ) ) ;
#4690 = DIRECTION ( 'NONE',  ( 0.000000000000000000, -0.9975640502598243087, -0.06975647374412557999 ) ) ;
#4691 = ORIENTED_EDGE ( 'NONE', *, *, #894, .T. ) ;
#4692 =( NAMED_UNIT ( * ) SI_UNIT ( $, .STERADIAN. ) SOLID_ANGLE_UNIT ( ) );
#4693 = ORIENTED_EDGE ( 'NONE', *, *, #3702, .F. ) ;
#4694 = PRESENTATION_STYLE_ASSIGNMENT (( #4139 ) ) ;
#4695 = SURFACE_STYLE_USAGE ( .BOTH. , #6522 ) ;
#4696 = LINE ( 'NONE', #5261, #5116 ) ;
#4697 =( GEOMETRIC_REPRESENTATION_CONTEXT ( 3 ) GLOBAL_UNCERTAINTY_ASSIGNED_CONTEXT ( ( #2690 ) ) GLOBAL_UNIT_ASSIGNED_CONTEXT ( ( #880, #3197, #3307 ) ) REPRESENTATION_CONTEXT ( 'NONE', 'WORKASPACE' ) );
#4698 = AXIS2_PLACEMENT_3D ( 'NONE', #4272, #779, #900 ) ;
#4699 = COLOUR_RGB ( '',0.8039215686274510109, 0.8039215686274510109, 0.8039215686274510109 ) ;
#4700 =( NAMED_UNIT ( * ) SI_UNIT ( $, .STERADIAN. ) SOLID_ANGLE_UNIT ( ) );
#4701 = EDGE_CURVE ( 'NONE', #7309, #2614, #6004, .T. ) ;
#4702 = DIRECTION ( 'NONE',  ( 0.000000000000000000, 0.3372937655207292607, 0.9413994453688865338 ) ) ;
#4703 = ORIENTED_EDGE ( 'NONE', *, *, #228, .F. ) ;
#4704 = CIRCLE ( 'NONE', #736, 0.1999999999999995670 ) ;
#4705 = DIRECTION ( 'NONE',  ( -1.000000000000000000, 0.000000000000000000, -0.000000000000000000 ) ) ;
#4706 = DIRECTION ( 'NONE',  ( -0.07411551268475097265, 0.7051619993942833675, 0.7051619993942762621 ) ) ;
#4707 = ORIENTED_EDGE ( 'NONE', *, *, #2054, .T. ) ;
#4708 = CARTESIAN_POINT ( 'NONE',  ( -0.4349999999999991651, 1.949999999999999956, -0.1000000000000000194 ) ) ;
#4709 = EDGE_CURVE ( 'NONE', #4241, #5155, #3596, .T. ) ;
#4710 = FILL_AREA_STYLE ('',( #181 ) ) ;
#4711 = FACE_OUTER_BOUND ( 'NONE', #596, .T. ) ;
#4712 = CARTESIAN_POINT ( 'NONE',  ( -0.4349999999999991651, 2.446255090880788519, -0.6258580972010689969 ) ) ;
#4713 = CIRCLE ( 'NONE', #39, 0.1999999999999995670 ) ;
#4714 = MECHANICAL_DESIGN_GEOMETRIC_PRESENTATION_REPRESENTATION (  '', ( #1367 ), #174 ) ;
#4715 = CARTESIAN_POINT ( 'NONE',  ( 1.705000000000000959, 2.280000000000000249, -0.7547888812845849893 ) ) ;
#4716 = VERTEX_POINT ( 'NONE', #7184 ) ;
#4717 = DIRECTION ( 'NONE',  ( 0.000000000000000000, 0.000000000000000000, -1.000000000000000000 ) ) ;
#4718 = VERTEX_POINT ( 'NONE', #1294 ) ;
#4719 = CARTESIAN_POINT ( 'NONE',  ( -2.104999999999999094, 1.949999999999999956, -0.1000000000000000194 ) ) ;
#4720 = ORIENTED_EDGE ( 'NONE', *, *, #1594, .T. ) ;
#4721 = ADVANCED_FACE ( 'NONE', ( #7224 ), #6641, .T. ) ;
#4722 = MECHANICAL_DESIGN_GEOMETRIC_PRESENTATION_REPRESENTATION (  '', ( #413 ), #6739 ) ;
#4723 = DIRECTION ( 'NONE',  ( 0.000000000000000000, 0.000000000000000000, -1.000000000000000000 ) ) ;
#4724 = SURFACE_STYLE_FILL_AREA ( #7089 ) ;
#4725 = CARTESIAN_POINT ( 'NONE',  ( -0.8349999999999991873, -2.069139944536888986, -0.1662706234479273959 ) ) ;
#4726 = ORIENTED_EDGE ( 'NONE', *, *, #7379, .T. ) ;
#4727 = STYLED_ITEM ( 'NONE', ( #653 ), #7187 ) ;
#4728 = UNCERTAINTY_MEASURE_WITH_UNIT (LENGTH_MEASURE( 1.000000000000000082E-05 ), #1303, 'distance_accuracy_value', 'NONE');
#4729 = UNCERTAINTY_MEASURE_WITH_UNIT (LENGTH_MEASURE( 1.000000000000000082E-05 ), #1823, 'distance_accuracy_value', 'NONE');
#4730 = SURFACE_STYLE_USAGE ( .BOTH. , #2608 ) ;
#4731 = MECHANICAL_DESIGN_GEOMETRIC_PRESENTATION_REPRESENTATION (  '', ( #3896 ), #7358 ) ;
#4732 = VECTOR ( 'NONE', #2871, 1000.000000000000227 ) ;
#4733 =( NAMED_UNIT ( * ) SI_UNIT ( $, .STERADIAN. ) SOLID_ANGLE_UNIT ( ) );
#4734 = SURFACE_STYLE_FILL_AREA ( #5370 ) ;
#4735 = ORIENTED_EDGE ( 'NONE', *, *, #4763, .F. ) ;
#4736 =( NAMED_UNIT ( * ) SI_UNIT ( $, .STERADIAN. ) SOLID_ANGLE_UNIT ( ) );
#4737 = SURFACE_STYLE_FILL_AREA ( #672 ) ;
#4738 = MECHANICAL_DESIGN_GEOMETRIC_PRESENTATION_REPRESENTATION (  '', ( #2599 ), #5251 ) ;
#4739 = ORIENTED_EDGE ( 'NONE', *, *, #5000, .F. ) ;
#4740 = SURFACE_SIDE_STYLE ('',( #1325 ) ) ;
#4741 = VECTOR ( 'NONE', #1638, 1000.000000000000000 ) ;
#4742 = CARTESIAN_POINT ( 'NONE',  ( -2.104999999999999094, -2.233675748954446316, -0.03254124689585535107 ) ) ;
#4743 = SURFACE_STYLE_FILL_AREA ( #211 ) ;
#4744 = ORIENTED_EDGE ( 'NONE', *, *, #1640, .F. ) ;
#4745 = DIRECTION ( 'NONE',  ( 1.000000000000000000, 0.000000000000000000, 0.000000000000000000 ) ) ;
#4746 = CARTESIAN_POINT ( 'NONE',  ( 1.705000000000000959, 2.533419388043264942, -0.6918851256749790624 ) ) ;
#4747 = EDGE_LOOP ( 'NONE', ( #780, #1986, #3758, #4860 ) ) ;
#4748 = DIRECTION ( 'NONE',  ( 0.9945218953682732899, 0.000000000000000000, -0.1045284632676541231 ) ) ;
#4749 = DIRECTION ( 'NONE',  ( 1.000000000000000000, 0.000000000000000000, 0.000000000000000000 ) ) ;
#4750 = FILL_AREA_STYLE_COLOUR ( '', #4579 ) ;
#4751 = LINE ( 'NONE', #1342, #1131 ) ;
#4752 = PRESENTATION_LAYER_ASSIGNMENT (  '', '', ( #2491 ) ) ;
#4753 = FILL_AREA_STYLE ('',( #3598 ) ) ;
#4754 = FILL_AREA_STYLE_COLOUR ( '', #369 ) ;
#4755 = EDGE_CURVE ( 'NONE', #6645, #4359, #2017, .T. ) ;
#4756 = LINE ( 'NONE', #5392, #3315 ) ;
#4757 =( GEOMETRIC_REPRESENTATION_CONTEXT ( 3 ) GLOBAL_UNCERTAINTY_ASSIGNED_CONTEXT ( ( #5986 ) ) GLOBAL_UNIT_ASSIGNED_CONTEXT ( ( #5492, #1009, #3832 ) ) REPRESENTATION_CONTEXT ( 'NONE', 'WORKASPACE' ) );
#4758 = CARTESIAN_POINT ( 'NONE',  ( -2.104999999999999094, -2.233675748954446316, -0.03254124689585535107 ) ) ;
#4759 = EDGE_CURVE ( 'NONE', #6103, #2313, #2873, .T. ) ;
#4760 = FILL_AREA_STYLE ('',( #1386 ) ) ;
#4761 = ORIENTED_EDGE ( 'NONE', *, *, #7117, .T. ) ;
#4762 = CARTESIAN_POINT ( 'NONE',  ( -2.104999999999999094, -2.279999999999998028, -0.7547888812845857665 ) ) ;
#4763 = EDGE_CURVE ( 'NONE', #1033, #5512, #1600, .T. ) ;
#4764 = CARTESIAN_POINT ( 'NONE',  ( -2.449998880753506469, -1.875409738600887444, 0.1000106489190368680 ) ) ;
#4765 =( NAMED_UNIT ( * ) SI_UNIT ( $, .STERADIAN. ) SOLID_ANGLE_UNIT ( ) );
#4766 =( NAMED_UNIT ( * ) SI_UNIT ( $, .STERADIAN. ) SOLID_ANGLE_UNIT ( ) );
#4767 = ORIENTED_EDGE ( 'NONE', *, *, #6349, .F. ) ;
#4768 = SURFACE_SIDE_STYLE ('',( #2414 ) ) ;
#4769 = FACE_OUTER_BOUND ( 'NONE', #5441, .T. ) ;
#4770 = MECHANICAL_DESIGN_GEOMETRIC_PRESENTATION_REPRESENTATION (  '', ( #3227 ), #6909 ) ;
#4771 = CARTESIAN_POINT ( 'NONE',  ( -2.449999999999998401, 1.949999999999999956, 0.1000000000000000056 ) ) ;
#4772 = DIRECTION ( 'NONE',  ( 0.9945218953682734009, 0.000000000000000000, 0.1045284632676537068 ) ) ;
#4773 = DIRECTION ( 'NONE',  ( 1.000000000000000000, 0.000000000000000000, 0.000000000000000000 ) ) ;
#4774 = VERTEX_POINT ( 'NONE', #6089 ) ;
#4775 = FILL_AREA_STYLE_COLOUR ( '', #5320 ) ;
#4776 = EDGE_LOOP ( 'NONE', ( #1915, #2488, #4778, #4647 ) ) ;
#4777 = VECTOR ( 'NONE', #2857, 1000.000000000000114 ) ;
#4778 = ORIENTED_EDGE ( 'NONE', *, *, #3839, .F. ) ;
#4779 = AXIS2_PLACEMENT_3D ( 'NONE', #6006, #4828, #2018 ) ;
#4780 =( NAMED_UNIT ( * ) SI_UNIT ( $, .STERADIAN. ) SOLID_ANGLE_UNIT ( ) );
#4781 = ORIENTED_EDGE ( 'NONE', *, *, #4810, .F. ) ;
#4782 = CARTESIAN_POINT ( 'NONE',  ( -2.311524337873328783, -1.534775106360672492, 0.6999999999999999556 ) ) ;
#4783 =( NAMED_UNIT ( * ) PLANE_ANGLE_UNIT ( ) SI_UNIT ( $, .RADIAN. ) );
#4784 = COLOUR_RGB ( '',0.8039215686274510109, 0.8039215686274510109, 0.8039215686274510109 ) ;
#4785 = STYLED_ITEM ( 'NONE', ( #3779 ), #4721 ) ;
#4786 = CARTESIAN_POINT ( 'NONE',  ( -2.386113480025949585, -1.811524337873329893, -0.7078396347450740533 ) ) ;
#4787 = CARTESIAN_POINT ( 'NONE',  ( -2.104999999999999094, 2.069139944536888986, -0.1662706234479273959 ) ) ;
#4788 = SURFACE_STYLE_FILL_AREA ( #2514 ) ;
#4789 = DIRECTION ( 'NONE',  ( -0.1039620511844979445, -0.1039620511844979445, -0.9891328443778539814 ) ) ;
#4790 = STYLED_ITEM ( 'NONE', ( #1725 ), #521 ) ;
#4791 = AXIS2_PLACEMENT_3D ( 'NONE', #7539, #4523, #5012 ) ;
#4792 = LINE ( 'NONE', #3743, #775 ) ;
#4793 = VERTEX_POINT ( 'NONE', #871 ) ;
#4794 = ORIENTED_EDGE ( 'NONE', *, *, #2243, .T. ) ;
#4795 = EDGE_LOOP ( 'NONE', ( #4720, #2578, #2076 ) ) ;
#4796 = MECHANICAL_DESIGN_GEOMETRIC_PRESENTATION_REPRESENTATION (  '', ( #2282 ), #1442 ) ;
#4797 = PRESENTATION_LAYER_ASSIGNMENT (  '', '', ( #823 ) ) ;
#4798 = EDGE_CURVE ( 'NONE', #3308, #198, #3949, .T. ) ;
#4799 = EDGE_CURVE ( 'NONE', #2709, #4340, #2085, .T. ) ;
#4800 = CARTESIAN_POINT ( 'NONE',  ( -1.704999999999998961, -3.000000000000000000, -0.9250000000000000444 ) ) ;
#4801 = CARTESIAN_POINT ( 'NONE',  ( 2.334065403820539952, 1.834065403820539286, -0.4855360833915846053 ) ) ;
#4802 = VECTOR ( 'NONE', #2556, 1000.000000000000000 ) ;
#4803 = AXIS2_PLACEMENT_3D ( 'NONE', #6435, #5138, #4026 ) ;
#4804 = LINE ( 'NONE', #2976, #6898 ) ;
#4805 =( NAMED_UNIT ( * ) PLANE_ANGLE_UNIT ( ) SI_UNIT ( $, .RADIAN. ) );
#4806 =( BOUNDED_CURVE ( )  B_SPLINE_CURVE ( 3, ( #5343, #6487, #5379, #1904 ),
 .UNSPECIFIED., .F., .F. ) 
 B_SPLINE_CURVE_WITH_KNOTS ( ( 4, 4 ),
 ( 5.782411586589358822E-15, 0.005463208521539028757 ),
 .UNSPECIFIED. ) 
 CURVE ( )  GEOMETRIC_REPRESENTATION_ITEM ( )  RATIONAL_B_SPLINE_CURVE ( ( 1.000000000000000000, 0.9999975127809339615, 0.9999975127809339615, 1.000000000000000000 ) ) 
 REPRESENTATION_ITEM ( '' )  );
#4807 = PLANE ( 'NONE',  #6971 ) ;
#4808 =( NAMED_UNIT ( * ) PLANE_ANGLE_UNIT ( ) SI_UNIT ( $, .RADIAN. ) );
#4809 =( NAMED_UNIT ( * ) PLANE_ANGLE_UNIT ( ) SI_UNIT ( $, .RADIAN. ) );
#4810 = EDGE_CURVE ( 'NONE', #50, #5317, #7402, .T. ) ;
#4811 = UNCERTAINTY_MEASURE_WITH_UNIT (LENGTH_MEASURE( 1.000000000000000082E-05 ), #6324, 'distance_accuracy_value', 'NONE');
#4812 = UNCERTAINTY_MEASURE_WITH_UNIT (LENGTH_MEASURE( 1.000000000000000082E-05 ), #776, 'distance_accuracy_value', 'NONE');
#4813 = COLOUR_RGB ( '',0.8039215686274510109, 0.8039215686274510109, 0.8039215686274510109 ) ;
#4814 = CYLINDRICAL_SURFACE ( 'NONE', #3983, 0.1000000000000000472 ) ;
#4815 = DIRECTION ( 'NONE',  ( 0.000000000000000000, 0.000000000000000000, -1.000000000000000000 ) ) ;
#4816 = CIRCLE ( 'NONE', #7429, 0.1000000000000002137 ) ;
#4817 = SURFACE_STYLE_FILL_AREA ( #2577 ) ;
#4818 = VECTOR ( 'NONE', #2692, 1000.000000000000000 ) ;
#4819 = FILL_AREA_STYLE_COLOUR ( '', #960 ) ;
#4820 = ORIENTED_EDGE ( 'NONE', *, *, #7393, .F. ) ;
#4821 = UNCERTAINTY_MEASURE_WITH_UNIT (LENGTH_MEASURE( 1.000000000000000082E-05 ), #2894, 'distance_accuracy_value', 'NONE');
#4822 = PRESENTATION_LAYER_ASSIGNMENT (  '', '', ( #4122 ) ) ;
#4823 =( GEOMETRIC_REPRESENTATION_CONTEXT ( 3 ) GLOBAL_UNCERTAINTY_ASSIGNED_CONTEXT ( ( #6556 ) ) GLOBAL_UNIT_ASSIGNED_CONTEXT ( ( #6559, #5853, #3038 ) ) REPRESENTATION_CONTEXT ( 'NONE', 'WORKASPACE' ) );
#4824 = VECTOR ( 'NONE', #1037, 1000.000000000000227 ) ;
#4825 = SURFACE_SIDE_STYLE ('',( #753 ) ) ;
#4826 = ORIENTED_EDGE ( 'NONE', *, *, #6385, .F. ) ;
#4827 = PLANE ( 'NONE',  #5707 ) ;
#4828 = DIRECTION ( 'NONE',  ( 0.000000000000000000, 0.06975647374412530244, -0.9975640502598243087 ) ) ;
#4829 =( NAMED_UNIT ( * ) PLANE_ANGLE_UNIT ( ) SI_UNIT ( $, .RADIAN. ) );
#4830 = VECTOR ( 'NONE', #6277, 1000.000000000000000 ) ;
#4831 = PRESENTATION_LAYER_ASSIGNMENT (  '', '', ( #1952 ) ) ;
#4832 =( LENGTH_UNIT ( ) NAMED_UNIT ( * ) SI_UNIT ( .MILLI., .METRE. ) );
#4833 = SURFACE_SIDE_STYLE ('',( #4123 ) ) ;
#4834 = DIRECTION ( 'NONE',  ( 1.000000000000000000, 0.000000000000000000, 0.000000000000000000 ) ) ;
#4835 =( GEOMETRIC_REPRESENTATION_CONTEXT ( 3 ) GLOBAL_UNCERTAINTY_ASSIGNED_CONTEXT ( ( #2340 ) ) GLOBAL_UNIT_ASSIGNED_CONTEXT ( ( #1292, #1448, #3077 ) ) REPRESENTATION_CONTEXT ( 'NONE', 'WORKASPACE' ) );
#4836 = VERTEX_POINT ( 'NONE', #2623 ) ;
#4837 = FACE_OUTER_BOUND ( 'NONE', #6871, .T. ) ;
#4838 = ORIENTED_EDGE ( 'NONE', *, *, #2398, .T. ) ;
#4839 = ORIENTED_EDGE ( 'NONE', *, *, #1961, .T. ) ;
#4840 = STYLED_ITEM ( 'NONE', ( #6092 ), #6634 ) ;
#4841 =( GEOMETRIC_REPRESENTATION_CONTEXT ( 3 ) GLOBAL_UNCERTAINTY_ASSIGNED_CONTEXT ( ( #2717 ) ) GLOBAL_UNIT_ASSIGNED_CONTEXT ( ( #1160, #2816, #3382 ) ) REPRESENTATION_CONTEXT ( 'NONE', 'WORKASPACE' ) );
#4842 = VECTOR ( 'NONE', #6345, 1000.000000000000000 ) ;
#4843 = LINE ( 'NONE', #334, #4482 ) ;
#4844 = AXIS2_PLACEMENT_3D ( 'NONE', #276, #5958, #209 ) ;
#4845 = FILL_AREA_STYLE_COLOUR ( '', #1410 ) ;
#4846 = DIRECTION ( 'NONE',  ( 1.000000000000000000, -0.000000000000000000, 0.000000000000000000 ) ) ;
#4847 = ADVANCED_FACE ( 'NONE', ( #7365 ), #2122, .T. ) ;
#4848 = EDGE_LOOP ( 'NONE', ( #3154, #350, #2768 ) ) ;
#4849 =( NAMED_UNIT ( * ) PLANE_ANGLE_UNIT ( ) SI_UNIT ( $, .RADIAN. ) );
#4850 = LINE ( 'NONE', #2499, #1686 ) ;
#4851 = STYLED_ITEM ( 'NONE', ( #242 ), #6881 ) ;
#4852 = CARTESIAN_POINT ( 'NONE',  ( -1.704999999999998961, 1.949999999999999956, 0.09999999999999999167 ) ) ;
#4853 = DIRECTION ( 'NONE',  ( 0.000000000000000000, 0.000000000000000000, -1.000000000000000000 ) ) ;
#4854 = EDGE_CURVE ( 'NONE', #3793, #3938, #2265, .T. ) ;
#4855 = DIRECTION ( 'NONE',  ( 0.000000000000000000, 0.9945218953682734009, 0.1045284632676537068 ) ) ;
#4856 = VERTEX_POINT ( 'NONE', #7511 ) ;
#4857 = AXIS2_PLACEMENT_3D ( 'NONE', #7167, #3689, #1394 ) ;
#4858 = SURFACE_STYLE_USAGE ( .BOTH. , #2006 ) ;
#4859 = EDGE_CURVE ( 'NONE', #2544, #1612, #6946, .T. ) ;
#4860 = ORIENTED_EDGE ( 'NONE', *, *, #5569, .T. ) ;
#4861 = FILL_AREA_STYLE ('',( #1899 ) ) ;
#4862 =( NAMED_UNIT ( * ) SI_UNIT ( $, .STERADIAN. ) SOLID_ANGLE_UNIT ( ) );
#4863 = CIRCLE ( 'NONE', #4247, 0.1999999999999978184 ) ;
#4864 = STYLED_ITEM ( 'NONE', ( #494 ), #7425 ) ;
#4865 = ADVANCED_FACE ( 'NONE', ( #3955 ), #5798, .T. ) ;
#4866 = DIRECTION ( 'NONE',  ( 0.000000000000000000, 0.000000000000000000, -1.000000000000000000 ) ) ;
#4867 = ORIENTED_EDGE ( 'NONE', *, *, #3254, .F. ) ;
#4868 = STYLED_ITEM ( 'NONE', ( #5700 ), #2827 ) ;
#4869 = CARTESIAN_POINT ( 'NONE',  ( 2.311524337873330559, 1.811524337873330115, 0.7750000000000000222 ) ) ;
#4870 = ADVANCED_FACE ( 'NONE', ( #597 ), #2905, .T. ) ;
#4871 =( NAMED_UNIT ( * ) SI_UNIT ( $, .STERADIAN. ) SOLID_ANGLE_UNIT ( ) );
#4872 = FACE_OUTER_BOUND ( 'NONE', #5498, .T. ) ;
#4873 = PRESENTATION_LAYER_ASSIGNMENT (  '', '', ( #6762 ) ) ;
#4874 = FILL_AREA_STYLE ('',( #6676 ) ) ;
#4875 = SURFACE_STYLE_FILL_AREA ( #832 ) ;
#4876 = ORIENTED_EDGE ( 'NONE', *, *, #4755, .F. ) ;
#4877 = SURFACE_SIDE_STYLE ('',( #2597 ) ) ;
#4878 = EDGE_LOOP ( 'NONE', ( #3231, #7234, #411, #170, #6178, #6906, #4156, #1409, #7166, #5617, #6650, #1639 ) ) ;
#4879 = ORIENTED_EDGE ( 'NONE', *, *, #2430, .T. ) ;
#4880 = MECHANICAL_DESIGN_GEOMETRIC_PRESENTATION_REPRESENTATION (  '', ( #2242 ), #3327 ) ;
#4881 = DIRECTION ( 'NONE',  ( 0.000000000000000000, -0.9975640502598243087, -0.06975647374412557999 ) ) ;
#4882 = FILL_AREA_STYLE_COLOUR ( '', #6257 ) ;
#4883 = CARTESIAN_POINT ( 'NONE',  ( -0.8349999999999991873, 1.949999999999999956, -0.1000000000000000194 ) ) ;
#4884 = CARTESIAN_POINT ( 'NONE',  ( -0.8349999999999991873, 1.974999999999999867, -0.1000000000000000194 ) ) ;
#4885 = ORIENTED_EDGE ( 'NONE', *, *, #2235, .F. ) ;
#4886 = VECTOR ( 'NONE', #414, 1000.000000000000000 ) ;
#4887 = UNCERTAINTY_MEASURE_WITH_UNIT (LENGTH_MEASURE( 1.000000000000000082E-05 ), #6757, 'distance_accuracy_value', 'NONE');
#4888 = LINE ( 'NONE', #2037, #1073 ) ;
#4889 =( NAMED_UNIT ( * ) SI_UNIT ( $, .STERADIAN. ) SOLID_ANGLE_UNIT ( ) );
#4890 = EDGE_CURVE ( 'NONE', #3636, #112, #5230, .T. ) ;
#4891 = AXIS2_PLACEMENT_3D ( 'NONE', #3736, #6085, #3075 ) ;
#4892 = LINE ( 'NONE', #1477, #6012 ) ;
#4893 = FILL_AREA_STYLE ('',( #7247 ) ) ;
#4894 = PRESENTATION_STYLE_ASSIGNMENT (( #5494 ) ) ;
#4895 = SURFACE_STYLE_USAGE ( .BOTH. , #4936 ) ;
#4896 = VERTEX_POINT ( 'NONE', #6478 ) ;
#4897 =( NAMED_UNIT ( * ) SI_UNIT ( $, .STERADIAN. ) SOLID_ANGLE_UNIT ( ) );
#4898 = EDGE_CURVE ( 'NONE', #5238, #2656, #4931, .T. ) ;
#4899 = ADVANCED_FACE ( 'NONE', ( #4660 ), #5258, .T. ) ;
#4900 = LINE ( 'NONE', #5570, #7510 ) ;
#4901 = VECTOR ( 'NONE', #2941, 1000.000000000000000 ) ;
#4902 = SURFACE_SIDE_STYLE ('',( #6827 ) ) ;
#4903 = PLANE ( 'NONE',  #4213 ) ;
#4904 = ORIENTED_EDGE ( 'NONE', *, *, #4006, .F. ) ;
#4905 = VERTEX_POINT ( 'NONE', #7138 ) ;
#4906 = CARTESIAN_POINT ( 'NONE',  ( -0.8349999999999991873, -2.045395859880669409, -0.1000000000000000194 ) ) ;
#4907 = DIRECTION ( 'NONE',  ( 0.000000000000000000, 1.000000000000000000, 0.000000000000000000 ) ) ;
#4908 = UNCERTAINTY_MEASURE_WITH_UNIT (LENGTH_MEASURE( 1.000000000000000082E-05 ), #642, 'distance_accuracy_value', 'NONE');
#4909 = CARTESIAN_POINT ( 'NONE',  ( 0.4350000000000009415, 2.280000000000000249, -0.7547888812845849893 ) ) ;
#4910 = EDGE_CURVE ( 'NONE', #5119, #2622, #99, .T. ) ;
#4911 = SURFACE_SIDE_STYLE ('',( #3851 ) ) ;
#4912 = AXIS2_PLACEMENT_3D ( 'NONE', #4149, #5858, #4182 ) ;
#4913 = ADVANCED_FACE ( 'NONE', ( #783 ), #3628, .T. ) ;
#4914 =( LENGTH_UNIT ( ) NAMED_UNIT ( * ) SI_UNIT ( .MILLI., .METRE. ) );
#4915 = FILL_AREA_STYLE ('',( #5510 ) ) ;
#4916 = ORIENTED_EDGE ( 'NONE', *, *, #3638, .T. ) ;
#4917 = COLOUR_RGB ( '',0.8039215686274510109, 0.8039215686274510109, 0.8039215686274510109 ) ;
#4918 =( NAMED_UNIT ( * ) SI_UNIT ( $, .STERADIAN. ) SOLID_ANGLE_UNIT ( ) );
#4919 = VERTEX_POINT ( 'NONE', #6893 ) ;
#4920 = ORIENTED_EDGE ( 'NONE', *, *, #1412, .T. ) ;
#4921 = DIRECTION ( 'NONE',  ( 0.000000000000000000, 0.000000000000000000, -1.000000000000000000 ) ) ;
#4922 = AXIS2_PLACEMENT_3D ( 'NONE', #4273, #274, #7355 ) ;
#4923 = CARTESIAN_POINT ( 'NONE',  ( 2.375409738600888332, 1.949998880753508246, 0.1000106489190369513 ) ) ;
#4924 =( LENGTH_UNIT ( ) NAMED_UNIT ( * ) SI_UNIT ( .MILLI., .METRE. ) );
#4925 = ORIENTED_EDGE ( 'NONE', *, *, #3669, .T. ) ;
#4926 =( NAMED_UNIT ( * ) PLANE_ANGLE_UNIT ( ) SI_UNIT ( $, .RADIAN. ) );
#4927 = LINE ( 'NONE', #3208, #6869 ) ;
#4928 = ADVANCED_FACE ( 'NONE', ( #6291 ), #5191, .T. ) ;
#4929 =( LENGTH_UNIT ( ) NAMED_UNIT ( * ) SI_UNIT ( .MILLI., .METRE. ) );
#4930 = MECHANICAL_DESIGN_GEOMETRIC_PRESENTATION_REPRESENTATION (  '', ( #6685 ), #6191 ) ;
#4931 = CIRCLE ( 'NONE', #7422, 0.1000000000000000472 ) ;
#4932 = MECHANICAL_DESIGN_GEOMETRIC_PRESENTATION_REPRESENTATION (  '', ( #823 ), #6812 ) ;
#4933 = DIRECTION ( 'NONE',  ( 0.000000000000000000, 0.9975640502598241977, 0.06975647374412528856 ) ) ;
#4934 = FILL_AREA_STYLE_COLOUR ( '', #6467 ) ;
#4935 = SURFACE_STYLE_FILL_AREA ( #4313 ) ;
#4936 = SURFACE_SIDE_STYLE ('',( #4817 ) ) ;
#4937 = ORIENTED_EDGE ( 'NONE', *, *, #5578, .F. ) ;
#4938 = VECTOR ( 'NONE', #7050, 1000.000000000000000 ) ;
#4939 = VECTOR ( 'NONE', #7081, 1000.000000000000000 ) ;
#4940 = FACE_OUTER_BOUND ( 'NONE', #5089, .T. ) ;
#4941 = LINE ( 'NONE', #2011, #1289 ) ;
#4942 = AXIS2_PLACEMENT_3D ( 'NONE', #981, #5166, #5047 ) ;
#4943 = CARTESIAN_POINT ( 'NONE',  ( 0.4350000000000009415, -2.045395859880669409, -0.1000000000000000194 ) ) ;
#4944 = SURFACE_SIDE_STYLE ('',( #2651 ) ) ;
#4945 = ORIENTED_EDGE ( 'NONE', *, *, #4072, .F. ) ;
#4946 = FILL_AREA_STYLE_COLOUR ( '', #2323 ) ;
#4947 = ORIENTED_EDGE ( 'NONE', *, *, #6725, .T. ) ;
#4948 = DIRECTION ( 'NONE',  ( 1.000000000000000000, 0.000000000000000000, 0.000000000000000000 ) ) ;
#4949 = FILL_AREA_STYLE_COLOUR ( '', #2146 ) ;
#4950 = UNCERTAINTY_MEASURE_WITH_UNIT (LENGTH_MEASURE( 1.000000000000000082E-05 ), #4008, 'distance_accuracy_value', 'NONE');
#4951 = ADVANCED_FACE ( 'NONE', ( #2325 ), #1687, .T. ) ;
#4952 = CIRCLE ( 'NONE', #2903, 0.07499999999999998335 ) ;
#4953 = CARTESIAN_POINT ( 'NONE',  ( 2.105000000000000870, -3.000000000000000000, -0.9250000000000000444 ) ) ;
#4954 =( NAMED_UNIT ( * ) SI_UNIT ( $, .STERADIAN. ) SOLID_ANGLE_UNIT ( ) );
#4955 = VERTEX_POINT ( 'NONE', #1840 ) ;
#4956 = EDGE_CURVE ( 'NONE', #6602, #2164, #4253, .T. ) ;
#4957 = STYLED_ITEM ( 'NONE', ( #1514 ), #2097 ) ;
#4958 = AXIS2_PLACEMENT_3D ( 'NONE', #3765, #5367, #701 ) ;
#4959 = DIRECTION ( 'NONE',  ( 0.1039620511844979445, -0.1039620511844979445, -0.9891328443778539814 ) ) ;
#4960 = LINE ( 'NONE', #3371, #4571 ) ;
#4961 = ORIENTED_EDGE ( 'NONE', *, *, #2697, .F. ) ;
#4962 =( GEOMETRIC_REPRESENTATION_CONTEXT ( 3 ) GLOBAL_UNCERTAINTY_ASSIGNED_CONTEXT ( ( #5376 ) ) GLOBAL_UNIT_ASSIGNED_CONTEXT ( ( #1675, #6318, #2960 ) ) REPRESENTATION_CONTEXT ( 'NONE', 'WORKASPACE' ) );
#4963 = VECTOR ( 'NONE', #19, 1000.000000000000114 ) ;
#4964 = DIRECTION ( 'NONE',  ( 0.9945218953682732899, 0.000000000000000000, 0.1045284632676541231 ) ) ;
#4965 = LINE ( 'NONE', #3205, #3336 ) ;
#4966 = MECHANICAL_DESIGN_GEOMETRIC_PRESENTATION_REPRESENTATION (  '', ( #3766 ), #7454 ) ;
#4967 = ORIENTED_EDGE ( 'NONE', *, *, #3255, .F. ) ;
#4968 = COLOUR_RGB ( '',0.8039215686274510109, 0.8039215686274510109, 0.8039215686274510109 ) ;
#4969 = EDGE_CURVE ( 'NONE', #4365, #3688, #4103, .T. ) ;
#4970 = DIRECTION ( 'NONE',  ( 1.000000000000000000, 0.000000000000000000, 0.000000000000000000 ) ) ;
#4971 =( BOUNDED_CURVE ( )  B_SPLINE_CURVE ( 3, ( #2826, #4527, #3326, #5643 ),
 .UNSPECIFIED., .F., .F. ) 
 B_SPLINE_CURVE_WITH_KNOTS ( ( 4, 4 ),
 ( 3.136129445068257304, 3.141592653589793116 ),
 .UNSPECIFIED. ) 
 CURVE ( )  GEOMETRIC_REPRESENTATION_ITEM ( )  RATIONAL_B_SPLINE_CURVE ( ( 1.000000000000000000, 0.9999975127809339615, 0.9999975127809339615, 1.000000000000000000 ) ) 
 REPRESENTATION_ITEM ( '' )  );
#4972 = COLOUR_RGB ( '',0.2862745098039215508, 0.2862745098039215508, 0.2862745098039215508 ) ;
#4973 = SURFACE_STYLE_FILL_AREA ( #375 ) ;
#4974 = FILL_AREA_STYLE_COLOUR ( '', #1888 ) ;
#4975 = PLANE ( 'NONE',  #4080 ) ;
#4976 = EDGE_LOOP ( 'NONE', ( #5957, #6346, #4532, #7109 ) ) ;
#4977 = COLOUR_RGB ( '',0.8039215686274510109, 0.8039215686274510109, 0.8039215686274510109 ) ;
#4978 = LINE ( 'NONE', #1519, #51 ) ;
#4979 = UNCERTAINTY_MEASURE_WITH_UNIT (LENGTH_MEASURE( 1.000000000000000082E-05 ), #6348, 'distance_accuracy_value', 'NONE');
#4980 = SURFACE_STYLE_FILL_AREA ( #1014 ) ;
#4981 = AXIS2_PLACEMENT_3D ( 'NONE', #3166, #1685, #5114 ) ;
#4982 = DIRECTION ( 'NONE',  ( 1.000000000000000000, 0.000000000000000000, -0.000000000000000000 ) ) ;
#4983 =( NAMED_UNIT ( * ) SI_UNIT ( $, .STERADIAN. ) SOLID_ANGLE_UNIT ( ) );
#4984 = EDGE_LOOP ( 'NONE', ( #3796, #5169, #3555, #361 ) ) ;
#4985 = CARTESIAN_POINT ( 'NONE',  ( -2.104999999999999094, -3.000000000000000000, -0.7245116203837658198 ) ) ;
#4986 = DIRECTION ( 'NONE',  ( -1.000000000000000000, 0.000000000000000000, -0.000000000000000000 ) ) ;
#4987 = FILL_AREA_STYLE_COLOUR ( '', #6245 ) ;
#4988 = CIRCLE ( 'NONE', #650, 0.1000000000000002137 ) ;
#4989 = LINE ( 'NONE', #3884, #830 ) ;
#4990 = DIRECTION ( 'NONE',  ( 1.000000000000000000, 0.000000000000000000, 0.000000000000000000 ) ) ;
#4991 = SURFACE_STYLE_USAGE ( .BOTH. , #2693 ) ;
#4992 = ADVANCED_FACE ( 'NONE', ( #3047 ), #218, .T. ) ;
#4993 = EDGE_LOOP ( 'NONE', ( #2520, #6056, #4588, #2942 ) ) ;
#4994 = AXIS2_PLACEMENT_3D ( 'NONE', #1331, #7254, #5917 ) ;
#4995 = DIRECTION ( 'NONE',  ( 1.000000000000000000, -0.000000000000000000, 0.000000000000000000 ) ) ;
#4996 = ORIENTED_EDGE ( 'NONE', *, *, #2747, .F. ) ;
#4997 = AXIS2_PLACEMENT_3D ( 'NONE', #5215, #2260, #6903 ) ;
#4998 = ORIENTED_EDGE ( 'NONE', *, *, #5432, .T. ) ;
#4999 = DIRECTION ( 'NONE',  ( 0.000000000000000000, 0.000000000000000000, -1.000000000000000000 ) ) ;
#5000 = EDGE_CURVE ( 'NONE', #6734, #2376, #7120, .T. ) ;
#5001 = DIRECTION ( 'NONE',  ( 0.000000000000000000, 0.000000000000000000, -1.000000000000000000 ) ) ;
#5002 = ADVANCED_FACE ( 'NONE', ( #1873 ), #2483, .T. ) ;
#5003 = PRESENTATION_LAYER_ASSIGNMENT (  '', '', ( #5124 ) ) ;
#5004 = ORIENTED_EDGE ( 'NONE', *, *, #6672, .T. ) ;
#5005 = PRESENTATION_STYLE_ASSIGNMENT (( #5439 ) ) ;
#5006 = ORIENTED_EDGE ( 'NONE', *, *, #3633, .F. ) ;
#5007 = FILL_AREA_STYLE ('',( #969 ) ) ;
#5008 = MECHANICAL_DESIGN_GEOMETRIC_PRESENTATION_REPRESENTATION (  '', ( #2119 ), #86 ) ;
#5009 = CARTESIAN_POINT ( 'NONE',  ( 0.4350000000000009415, 2.233675748954446760, -0.03254124689585519842 ) ) ;
#5010 = SURFACE_SIDE_STYLE ('',( #4973 ) ) ;
#5011 = ADVANCED_FACE ( 'NONE', ( #3268 ), #5584, .T. ) ;
#5012 = DIRECTION ( 'NONE',  ( 0.000000000000000000, 0.000000000000000000, -1.000000000000000000 ) ) ;
#5013 = ORIENTED_EDGE ( 'NONE', *, *, #4969, .T. ) ;
#5014 = FILL_AREA_STYLE_COLOUR ( '', #7232 ) ;
#5015 = SURFACE_STYLE_USAGE ( .BOTH. , #937 ) ;
#5016 = MECHANICAL_DESIGN_GEOMETRIC_PRESENTATION_REPRESENTATION (  '', ( #791 ), #2371 ) ;
#5017 = PRESENTATION_STYLE_ASSIGNMENT (( #424 ) ) ;
#5018 =( LENGTH_UNIT ( ) NAMED_UNIT ( * ) SI_UNIT ( .MILLI., .METRE. ) );
#5019 = EDGE_LOOP ( 'NONE', ( #3397, #2699, #5027 ) ) ;
#5020 = CARTESIAN_POINT ( 'NONE',  ( 2.375000000000000888, 1.875000000000000000, 0.1000000000000000056 ) ) ;
#5021 = VERTEX_POINT ( 'NONE', #2731 ) ;
#5022 = DIRECTION ( 'NONE',  ( 1.000000000000000000, 0.000000000000000000, 0.000000000000000000 ) ) ;
#5023 = SURFACE_SIDE_STYLE ('',( #2124 ) ) ;
#5024 = FILL_AREA_STYLE_COLOUR ( '', #6509 ) ;
#5025 = CARTESIAN_POINT ( 'NONE',  ( -2.344028141651120389, -1.844028141651121722, 0.3907469647095541676 ) ) ;
#5026 =( GEOMETRIC_REPRESENTATION_CONTEXT ( 3 ) GLOBAL_UNCERTAINTY_ASSIGNED_CONTEXT ( ( #2186 ) ) GLOBAL_UNIT_ASSIGNED_CONTEXT ( ( #939, #316, #2583 ) ) REPRESENTATION_CONTEXT ( 'NONE', 'WORKASPACE' ) );
#5027 = ORIENTED_EDGE ( 'NONE', *, *, #5339, .F. ) ;
#5028 = DIRECTION ( 'NONE',  ( 0.000000000000000000, -1.000000000000000000, 0.000000000000000000 ) ) ;
#5029 = ORIENTED_EDGE ( 'NONE', *, *, #1696, .F. ) ;
#5030 = VECTOR ( 'NONE', #1164, 1000.000000000000000 ) ;
#5031 = ORIENTED_EDGE ( 'NONE', *, *, #2180, .F. ) ;
#5032 = DIRECTION ( 'NONE',  ( 1.000000000000000000, 0.000000000000000000, 0.000000000000000000 ) ) ;
#5033 = DIRECTION ( 'NONE',  ( 1.000000000000000000, 0.000000000000000000, 0.000000000000000000 ) ) ;
#5034 = FILL_AREA_STYLE ('',( #966 ) ) ;
#5035 = ORIENTED_EDGE ( 'NONE', *, *, #6269, .T. ) ;
#5036 = STYLED_ITEM ( 'NONE', ( #2482 ), #235 ) ;
#5037 = EDGE_CURVE ( 'NONE', #2614, #6103, #876, .T. ) ;
#5038 =( NAMED_UNIT ( * ) PLANE_ANGLE_UNIT ( ) SI_UNIT ( $, .RADIAN. ) );
#5039 = DIRECTION ( 'NONE',  ( -5.782411586589358033E-15, 0.000000000000000000, 1.000000000000000000 ) ) ;
#5040 =( LENGTH_UNIT ( ) NAMED_UNIT ( * ) SI_UNIT ( .MILLI., .METRE. ) );
#5041 = EDGE_CURVE ( 'NONE', #1419, #1859, #4434, .T. ) ;
#5042 = ORIENTED_EDGE ( 'NONE', *, *, #7246, .T. ) ;
#5043 = UNCERTAINTY_MEASURE_WITH_UNIT (LENGTH_MEASURE( 1.000000000000000082E-05 ), #1265, 'distance_accuracy_value', 'NONE');
#5044 = PRESENTATION_LAYER_ASSIGNMENT (  '', '', ( #2649 ) ) ;
#5045 = SURFACE_SIDE_STYLE ('',( #2718 ) ) ;
#5046 = COLOUR_RGB ( '',0.8039215686274510109, 0.8039215686274510109, 0.8039215686274510109 ) ;
#5047 = DIRECTION ( 'NONE',  ( 0.000000000000000000, 0.000000000000000000, 1.000000000000000000 ) ) ;
#5048 = CARTESIAN_POINT ( 'NONE',  ( -2.104999999999999094, 2.540395035417677416, -0.5921287206489965760 ) ) ;
#5049 = CYLINDRICAL_SURFACE ( 'NONE', #3899, 0.1999999999999978184 ) ;
#5050 = CARTESIAN_POINT ( 'NONE',  ( -2.374999999999998668, 1.949999999999999956, -0.1000000000000000056 ) ) ;
#5051 = EDGE_LOOP ( 'NONE', ( #5429, #4215, #2286, #3720, #3207, #4315, #275, #6424, #3770, #3150, #1375, #4998 ) ) ;
#5052 = VECTOR ( 'NONE', #7235, 1000.000000000000000 ) ;
#5053 = MECHANICAL_DESIGN_GEOMETRIC_PRESENTATION_REPRESENTATION (  '', ( #4542 ), #1209 ) ;
#5054 = LINE ( 'NONE', #5646, #4581 ) ;
#5055 = ORIENTED_EDGE ( 'NONE', *, *, #1555, .F. ) ;
#5056 = SURFACE_STYLE_FILL_AREA ( #2229 ) ;
#5057 =( BOUNDED_CURVE ( )  B_SPLINE_CURVE ( 3, ( #6130, #3221, #7331, #7363 ),
 .UNSPECIFIED., .F., .F. ) 
 B_SPLINE_CURVE_WITH_KNOTS ( ( 4, 4 ),
 ( 6.277722098658046868, 6.283185307179586232 ),
 .UNSPECIFIED. ) 
 CURVE ( )  GEOMETRIC_REPRESENTATION_ITEM ( )  RATIONAL_B_SPLINE_CURVE ( ( 1.000000000000000000, 0.9999975127809339615, 0.9999975127809339615, 1.000000000000000000 ) ) 
 REPRESENTATION_ITEM ( '' )  );
#5058 = FILL_AREA_STYLE ('',( #2154 ) ) ;
#5059 = FILL_AREA_STYLE_COLOUR ( '', #5099 ) ;
#5060 = EDGE_CURVE ( 'NONE', #6927, #3391, #358, .T. ) ;
#5061 =( NAMED_UNIT ( * ) SI_UNIT ( $, .STERADIAN. ) SOLID_ANGLE_UNIT ( ) );
#5062 = STYLED_ITEM ( 'NONE', ( #1797 ), #1233 ) ;
#5063 =( GEOMETRIC_REPRESENTATION_CONTEXT ( 3 ) GLOBAL_UNCERTAINTY_ASSIGNED_CONTEXT ( ( #6151 ) ) GLOBAL_UNIT_ASSIGNED_CONTEXT ( ( #7000, #6410, #616 ) ) REPRESENTATION_CONTEXT ( 'NONE', 'WORKASPACE' ) );
#5064 = CARTESIAN_POINT ( 'NONE',  ( -1.704999999999998961, 1.974999999999999867, -0.1000000000000000194 ) ) ;
#5065 = CARTESIAN_POINT ( 'NONE',  ( 2.105000000000000870, -3.000000000000000000, -0.7245116203837658198 ) ) ;
#5066 = ORIENTED_EDGE ( 'NONE', *, *, #7349, .T. ) ;
#5067 = FILL_AREA_STYLE ('',( #2766 ) ) ;
#5068 = SPHERICAL_SURFACE ( 'NONE', #2314, 0.07499999999999999722 ) ;
#5069 = VECTOR ( 'NONE', #1260, 1000.000000000000114 ) ;
#5070 = COLOUR_RGB ( '',0.8039215686274510109, 0.8039215686274510109, 0.8039215686274510109 ) ;
#5071 = LINE ( 'NONE', #1462, #250 ) ;
#5072 = VECTOR ( 'NONE', #5796, 1000.000000000000000 ) ;
#5073 = COLOUR_RGB ( '',0.8039215686274510109, 0.8039215686274510109, 0.8039215686274510109 ) ;
#5074 = PRESENTATION_LAYER_ASSIGNMENT (  '', '', ( #6837 ) ) ;
#5075 = SURFACE_STYLE_USAGE ( .BOTH. , #4481 ) ;
#5076 = PRESENTATION_STYLE_ASSIGNMENT (( #5663 ) ) ;
#5077 = EDGE_LOOP ( 'NONE', ( #4371, #6369, #1321, #4567 ) ) ;
#5078 = VECTOR ( 'NONE', #2739, 1000.000000000000000 ) ;
#5079 = VECTOR ( 'NONE', #4424, 1000.000000000000227 ) ;
#5080 = MECHANICAL_DESIGN_GEOMETRIC_PRESENTATION_REPRESENTATION (  '', ( #6094 ), #2787 ) ;
#5081 = SURFACE_SIDE_STYLE ('',( #1771 ) ) ;
#5082 = PRESENTATION_LAYER_ASSIGNMENT (  '', '', ( #4341 ) ) ;
#5083 = MECHANICAL_DESIGN_GEOMETRIC_PRESENTATION_REPRESENTATION (  '', ( #3520 ), #5345 ) ;
#5084 = AXIS2_PLACEMENT_3D ( 'NONE', #457, #520, #4361 ) ;
#5085 = ADVANCED_FACE ( 'NONE', ( #2664 ), #3785, .T. ) ;
#5086 =( NAMED_UNIT ( * ) PLANE_ANGLE_UNIT ( ) SI_UNIT ( $, .RADIAN. ) );
#5087 = EDGE_CURVE ( 'NONE', #6684, #6278, #7407, .T. ) ;
#5088 = FACE_OUTER_BOUND ( 'NONE', #7401, .T. ) ;
#5089 = EDGE_LOOP ( 'NONE', ( #1323, #3976, #244, #6493 ) ) ;
#5090 = FILL_AREA_STYLE ('',( #3392 ) ) ;
#5091 =( GEOMETRIC_REPRESENTATION_CONTEXT ( 3 ) GLOBAL_UNCERTAINTY_ASSIGNED_CONTEXT ( ( #160 ) ) GLOBAL_UNIT_ASSIGNED_CONTEXT ( ( #684, #3000, #573 ) ) REPRESENTATION_CONTEXT ( 'NONE', 'WORKASPACE' ) );
#5092 = VECTOR ( 'NONE', #4881, 999.9999999999998863 ) ;
#5093 =( LENGTH_UNIT ( ) NAMED_UNIT ( * ) SI_UNIT ( .MILLI., .METRE. ) );
#5094 = EDGE_CURVE ( 'NONE', #2687, #4677, #1533, .T. ) ;
#5095 = EDGE_CURVE ( 'NONE', #4359, #7275, #6914, .T. ) ;
#5096 = SURFACE_SIDE_STYLE ('',( #5676 ) ) ;
#5097 = LINE ( 'NONE', #6343, #982 ) ;
#5098 = ORIENTED_EDGE ( 'NONE', *, *, #2567, .F. ) ;
#5099 = COLOUR_RGB ( '',0.8039215686274510109, 0.8039215686274510109, 0.8039215686274510109 ) ;
#5100 = ORIENTED_EDGE ( 'NONE', *, *, #2284, .T. ) ;
#5101 =( LENGTH_UNIT ( ) NAMED_UNIT ( * ) SI_UNIT ( .MILLI., .METRE. ) );
#5102 = DIRECTION ( 'NONE',  ( -1.000000000000000000, -0.000000000000000000, -0.000000000000000000 ) ) ;
#5103 = CARTESIAN_POINT ( 'NONE',  ( -0.8349999999999991873, 2.446255090880788519, -0.6258580972010689969 ) ) ;
#5104 = EDGE_CURVE ( 'NONE', #50, #5630, #2838, .T. ) ;
#5105 = AXIS2_PLACEMENT_3D ( 'NONE', #2377, #485, #1205 ) ;
#5106 = SURFACE_SIDE_STYLE ('',( #2803 ) ) ;
#5107 = CARTESIAN_POINT ( 'NONE',  ( -2.311524337873328783, -1.534775106360672492, 0.7750000000000000222 ) ) ;
#5108 = DIRECTION ( 'NONE',  ( 0.000000000000000000, -0.3372937655207250973, -0.9413994453688879771 ) ) ;
#5109 = DIRECTION ( 'NONE',  ( 0.000000000000000000, 0.000000000000000000, -1.000000000000000000 ) ) ;
#5110 = ORIENTED_EDGE ( 'NONE', *, *, #2329, .F. ) ;
#5111 = CARTESIAN_POINT ( 'NONE',  ( -2.104999999999999094, 3.000000000000000000, -0.9250000000000000444 ) ) ;
#5112 = CARTESIAN_POINT ( 'NONE',  ( -0.8349999999999991873, -2.045395859880669409, -0.1000000000000000194 ) ) ;
#5113 = CARTESIAN_POINT ( 'NONE',  ( 1.705000000000000959, 2.540395035417677416, -0.5921287206489965760 ) ) ;
#5114 = DIRECTION ( 'NONE',  ( 0.000000000000000000, 0.000000000000000000, -1.000000000000000000 ) ) ;
#5115 = MECHANICAL_DESIGN_GEOMETRIC_PRESENTATION_REPRESENTATION (  '', ( #5989 ), #6241 ) ;
#5116 = VECTOR ( 'NONE', #3559, 1000.000000000000000 ) ;
#5117 = FILL_AREA_STYLE_COLOUR ( '', #4477 ) ;
#5118 = FACE_OUTER_BOUND ( 'NONE', #5573, .T. ) ;
#5119 = VERTEX_POINT ( 'NONE', #5177 ) ;
#5120 = PRESENTATION_LAYER_ASSIGNMENT (  '', '', ( #2110 ) ) ;
#5121 = SPHERICAL_SURFACE ( 'NONE', #980, 0.07499999999999999722 ) ;
#5122 = VERTEX_POINT ( 'NONE', #5064 ) ;
#5123 = DIRECTION ( 'NONE',  ( 0.000000000000000000, 0.3372937655207292607, 0.9413994453688865338 ) ) ;
#5124 = STYLED_ITEM ( 'NONE', ( #1985 ), #3078 ) ;
#5125 =( LENGTH_UNIT ( ) NAMED_UNIT ( * ) SI_UNIT ( .MILLI., .METRE. ) );
#5126 = DIRECTION ( 'NONE',  ( 0.000000000000000000, 0.000000000000000000, 1.000000000000000000 ) ) ;
#5127 = COLOUR_RGB ( '',0.2862745098039215508, 0.2862745098039215508, 0.2862745098039215508 ) ;
#5128 = VECTOR ( 'NONE', #5301, 1000.000000000000114 ) ;
#5129 = ORIENTED_EDGE ( 'NONE', *, *, #4419, .F. ) ;
#5130 = SURFACE_STYLE_USAGE ( .BOTH. , #6425 ) ;
#5131 = PRODUCT_DEFINITION_CONTEXT ( 'detailed design', #3085, 'design' ) ;
#5132 =( NAMED_UNIT ( * ) PLANE_ANGLE_UNIT ( ) SI_UNIT ( $, .RADIAN. ) );
#5133 = STYLED_ITEM ( 'NONE', ( #6419 ), #3654 ) ;
#5134 = DIRECTION ( 'NONE',  ( 1.000000000000000000, 0.000000000000000000, 0.000000000000000000 ) ) ;
#5135 = ORIENTED_EDGE ( 'NONE', *, *, #6299, .F. ) ;
#5136 = PRESENTATION_STYLE_ASSIGNMENT (( #6907 ) ) ;
#5137 = ORIENTED_EDGE ( 'NONE', *, *, #6200, .T. ) ;
#5138 = DIRECTION ( 'NONE',  ( -0.000000000000000000, 0.000000000000000000, -1.000000000000000000 ) ) ;
#5139 = SURFACE_SIDE_STYLE ('',( #1528 ) ) ;
#5140 =( GEOMETRIC_REPRESENTATION_CONTEXT ( 3 ) GLOBAL_UNCERTAINTY_ASSIGNED_CONTEXT ( ( #2861 ) ) GLOBAL_UNIT_ASSIGNED_CONTEXT ( ( #2178, #6335, #5159 ) ) REPRESENTATION_CONTEXT ( 'NONE', 'WORKASPACE' ) );
#5141 = FACE_OUTER_BOUND ( 'NONE', #2023, .T. ) ;
#5142 = EDGE_CURVE ( 'NONE', #97, #1033, #7430, .T. ) ;
#5143 = CYLINDRICAL_SURFACE ( 'NONE', #6474, 0.07499999999999998335 ) ;
#5144 = DIRECTION ( 'NONE',  ( 0.000000000000000000, 0.000000000000000000, -1.000000000000000000 ) ) ;
#5145 = SURFACE_SIDE_STYLE ('',( #534 ) ) ;
#5146 = DIRECTION ( 'NONE',  ( 1.000000000000000000, 0.000000000000000000, 0.000000000000000000 ) ) ;
#5147 = VERTEX_POINT ( 'NONE', #5764 ) ;
#5148 = CARTESIAN_POINT ( 'NONE',  ( 1.705000000000000959, -2.279999999999998028, -0.7547888812845857665 ) ) ;
#5149 = ADVANCED_FACE ( 'NONE', ( #467 ), #7517, .T. ) ;
#5150 = DIRECTION ( 'NONE',  ( 0.000000000000000000, 0.000000000000000000, 1.000000000000000000 ) ) ;
#5151 = CARTESIAN_POINT ( 'NONE',  ( -0.8349999999999991873, 2.045395859880669409, 0.09999999999999999167 ) ) ;
#5152 = SURFACE_STYLE_FILL_AREA ( #1111 ) ;
#5153 = PRESENTATION_STYLE_ASSIGNMENT (( #5697 ) ) ;
#5154 = CARTESIAN_POINT ( 'NONE',  ( 1.705000000000000959, 3.000000000000000000, -0.7245116203837658198 ) ) ;
#5155 = VERTEX_POINT ( 'NONE', #5107 ) ;
#5156 = STYLED_ITEM ( 'NONE', ( #1898 ), #4235 ) ;
#5157 = LINE ( 'NONE', #2287, #860 ) ;
#5158 = DIRECTION ( 'NONE',  ( 0.000000000000000000, 0.000000000000000000, 1.000000000000000000 ) ) ;
#5159 =( NAMED_UNIT ( * ) SI_UNIT ( $, .STERADIAN. ) SOLID_ANGLE_UNIT ( ) );
#5160 =( LENGTH_UNIT ( ) NAMED_UNIT ( * ) SI_UNIT ( .MILLI., .METRE. ) );
#5161 = EDGE_CURVE ( 'NONE', #7412, #845, #3926, .T. ) ;
#5162 = CARTESIAN_POINT ( 'NONE',  ( -2.374999999999998668, 1.949999999999999956, 0.1000000000000000056 ) ) ;
#5163 = COLOUR_RGB ( '',0.2862745098039215508, 0.2862745098039215508, 0.2862745098039215508 ) ;
#5164 = VERTEX_POINT ( 'NONE', #1141 ) ;
#5165 =( NAMED_UNIT ( * ) PLANE_ANGLE_UNIT ( ) SI_UNIT ( $, .RADIAN. ) );
#5166 = DIRECTION ( 'NONE',  ( 0.000000000000000000, 1.000000000000000000, 0.000000000000000000 ) ) ;
#5167 = COLOUR_RGB ( '',0.8039215686274510109, 0.8039215686274510109, 0.8039215686274510109 ) ;
#5168 = MECHANICAL_DESIGN_GEOMETRIC_PRESENTATION_REPRESENTATION (  '', ( #3245 ), #6049 ) ;
#5169 = ORIENTED_EDGE ( 'NONE', *, *, #5868, .F. ) ;
#5170 = ORIENTED_EDGE ( 'NONE', *, *, #7466, .F. ) ;
#5171 = EDGE_LOOP ( 'NONE', ( #3132, #3984, #4034, #5195 ) ) ;
#5172 = DIRECTION ( 'NONE',  ( -0.000000000000000000, 0.000000000000000000, -1.000000000000000000 ) ) ;
#5173 = AXIS2_PLACEMENT_3D ( 'NONE', #5802, #6316, #6396 ) ;
#5174 = CYLINDRICAL_SURFACE ( 'NONE', #5873, 0.1000000000000002137 ) ;
#5175 = FACE_OUTER_BOUND ( 'NONE', #2413, .T. ) ;
#5176 = SURFACE_STYLE_USAGE ( .BOTH. , #1756 ) ;
#5177 = CARTESIAN_POINT ( 'NONE',  ( -2.344028141651120833, -1.918617283803742302, 0.3985865994546283209 ) ) ;
#5178 =( GEOMETRIC_REPRESENTATION_CONTEXT ( 3 ) GLOBAL_UNCERTAINTY_ASSIGNED_CONTEXT ( ( #6695 ) ) GLOBAL_UNIT_ASSIGNED_CONTEXT ( ( #382, #2112, #1157 ) ) REPRESENTATION_CONTEXT ( 'NONE', 'WORKASPACE' ) );
#5179 = CIRCLE ( 'NONE', #2751, 0.1000000000000002137 ) ;
#5180 = PRESENTATION_STYLE_ASSIGNMENT (( #2877 ) ) ;
#5181 = VERTEX_POINT ( 'NONE', #1757 ) ;
#5182 = PRESENTATION_STYLE_ASSIGNMENT (( #538 ) ) ;
#5183 = CARTESIAN_POINT ( 'NONE',  ( 0.4350000000000009415, 2.045395859880669409, -0.1000000000000000194 ) ) ;
#5184 = EDGE_CURVE ( 'NONE', #4348, #3541, #4032, .T. ) ;
#5185 = CARTESIAN_POINT ( 'NONE',  ( -0.8349999999999991873, 3.000000000000000000, -0.9250000000000000444 ) ) ;
#5186 = CYLINDRICAL_SURFACE ( 'NONE', #3005, 0.1000000000000000472 ) ;
#5187 = EDGE_CURVE ( 'NONE', #5994, #1393, #1183, .T. ) ;
#5188 = SURFACE_STYLE_FILL_AREA ( #4710 ) ;
#5189 = PRESENTATION_STYLE_ASSIGNMENT (( #2245 ) ) ;
#5190 = MECHANICAL_DESIGN_GEOMETRIC_PRESENTATION_REPRESENTATION (  '', ( #5930 ), #5063 ) ;
#5191 = PLANE ( 'NONE',  #1078 ) ;
#5192 = EDGE_CURVE ( 'NONE', #3659, #6630, #498, .T. ) ;
#5193 = PRESENTATION_STYLE_ASSIGNMENT (( #6960 ) ) ;
#5194 = SURFACE_SIDE_STYLE ('',( #2969 ) ) ;
#5195 = ORIENTED_EDGE ( 'NONE', *, *, #1378, .T. ) ;
#5196 = VECTOR ( 'NONE', #4690, 999.9999999999998863 ) ;
#5197 = AXIS2_PLACEMENT_3D ( 'NONE', #993, #402, #3192 ) ;
#5198 = ORIENTED_EDGE ( 'NONE', *, *, #1573, .T. ) ;
#5199 = CARTESIAN_POINT ( 'NONE',  ( -2.944974746830578916, -1.915841123538654767, 0.4250000000000034306 ) ) ;
#5200 = VECTOR ( 'NONE', #3775, 1000.000000000000000 ) ;
#5201 = PRESENTATION_LAYER_ASSIGNMENT (  '', '', ( #5947 ) ) ;
#5202 = EDGE_CURVE ( 'NONE', #7059, #4365, #2913, .T. ) ;
#5203 = CARTESIAN_POINT ( 'NONE',  ( -0.4349999999999991651, -1.949999999999999956, -0.1000000000000000194 ) ) ;
#5204 = ADVANCED_FACE ( 'NONE', ( #1676 ), #6248, .T. ) ;
#5205 = PRESENTATION_STYLE_ASSIGNMENT (( #4604 ) ) ;
#5206 = COLOUR_RGB ( '',0.8039215686274510109, 0.8039215686274510109, 0.8039215686274510109 ) ;
#5207 = STYLED_ITEM ( 'NONE', ( #4614 ), #1969 ) ;
#5208 = DIRECTION ( 'NONE',  ( 1.000000000000000000, 0.000000000000000000, 0.000000000000000000 ) ) ;
#5209 = ORIENTED_EDGE ( 'NONE', *, *, #3885, .F. ) ;
#5210 = PRESENTATION_STYLE_ASSIGNMENT (( #4608 ) ) ;
#5211 = UNCERTAINTY_MEASURE_WITH_UNIT (LENGTH_MEASURE( 1.000000000000000082E-05 ), #5541, 'distance_accuracy_value', 'NONE');
#5212 = DIRECTION ( 'NONE',  ( 0.000000000000000000, -0.000000000000000000, -1.000000000000000000 ) ) ;
#5213 =( GEOMETRIC_REPRESENTATION_CONTEXT ( 3 ) GLOBAL_UNCERTAINTY_ASSIGNED_CONTEXT ( ( #3696 ) ) GLOBAL_UNIT_ASSIGNED_CONTEXT ( ( #2351, #899, #3867 ) ) REPRESENTATION_CONTEXT ( 'NONE', 'WORKASPACE' ) );
#5214 = PRESENTATION_LAYER_ASSIGNMENT (  '', '', ( #989 ) ) ;
#5215 = CARTESIAN_POINT ( 'NONE',  ( 2.311524337873330559, -1.534775106360672492, 0.6999999999999999556 ) ) ;
#5216 = DIRECTION ( 'NONE',  ( 1.000000000000000000, 0.000000000000000000, 0.000000000000000000 ) ) ;
#5217 = DIRECTION ( 'NONE',  ( 1.000000000000000000, 0.000000000000000000, 0.000000000000000000 ) ) ;
#5218 = VERTEX_POINT ( 'NONE', #5615 ) ;
#5219 = VERTEX_POINT ( 'NONE', #2223 ) ;
#5220 = DIRECTION ( 'NONE',  ( 0.000000000000000000, 0.9975640502598243087, -0.06975647374412557999 ) ) ;
#5221 = ORIENTED_EDGE ( 'NONE', *, *, #3677, .F. ) ;
#5222 = DIRECTION ( 'NONE',  ( -1.000000000000000000, -0.000000000000000000, 0.000000000000000000 ) ) ;
#5223 = STYLED_ITEM ( 'NONE', ( #1061 ), #6660 ) ;
#5224 = DIRECTION ( 'NONE',  ( 0.000000000000000000, -1.000000000000000000, 0.000000000000000000 ) ) ;
#5225 = PRESENTATION_LAYER_ASSIGNMENT (  '', '', ( #6339 ) ) ;
#5226 = DIRECTION ( 'NONE',  ( 0.000000000000000000, 0.000000000000000000, 1.000000000000000000 ) ) ;
#5227 = SURFACE_STYLE_FILL_AREA ( #2908 ) ;
#5228 = DIRECTION ( 'NONE',  ( 0.000000000000000000, 0.000000000000000000, -1.000000000000000000 ) ) ;
#5229 = SURFACE_STYLE_FILL_AREA ( #1862 ) ;
#5230 =( BOUNDED_CURVE ( )  B_SPLINE_CURVE ( 3, ( #7210, #4106, #3553, #6593 ),
 .UNSPECIFIED., .F., .F. ) 
 B_SPLINE_CURVE_WITH_KNOTS ( ( 4, 4 ),
 ( 3.141592653589793116, 3.147055862111332036 ),
 .UNSPECIFIED. ) 
 CURVE ( )  GEOMETRIC_REPRESENTATION_ITEM ( )  RATIONAL_B_SPLINE_CURVE ( ( 1.000000000000000000, 0.9999975127809339615, 0.9999975127809339615, 1.000000000000000000 ) ) 
 REPRESENTATION_ITEM ( '' )  );
#5231 = STYLED_ITEM ( 'NONE', ( #6438 ), #6799 ) ;
#5232 = ORIENTED_EDGE ( 'NONE', *, *, #1404, .F. ) ;
#5233 = CARTESIAN_POINT ( 'NONE',  ( 2.375409738600888332, 1.949998880753508246, 0.1000106489190369513 ) ) ;
#5234 =( NAMED_UNIT ( * ) PLANE_ANGLE_UNIT ( ) SI_UNIT ( $, .RADIAN. ) );
#5235 = PRESENTATION_STYLE_ASSIGNMENT (( #6496 ) ) ;
#5236 = CARTESIAN_POINT ( 'NONE',  ( 1.705000000000000959, 2.233675748954446760, -0.03254124689585519842 ) ) ;
#5237 =( NAMED_UNIT ( * ) SI_UNIT ( $, .STERADIAN. ) SOLID_ANGLE_UNIT ( ) );
#5238 = VERTEX_POINT ( 'NONE', #7464 ) ;
#5239 =( GEOMETRIC_REPRESENTATION_CONTEXT ( 3 ) GLOBAL_UNCERTAINTY_ASSIGNED_CONTEXT ( ( #2945 ) ) GLOBAL_UNIT_ASSIGNED_CONTEXT ( ( #5442, #4849, #1509 ) ) REPRESENTATION_CONTEXT ( 'NONE', 'WORKASPACE' ) );
#5240 = EDGE_LOOP ( 'NONE', ( #1218, #4576, #6715, #150 ) ) ;
#5241 =( GEOMETRIC_REPRESENTATION_CONTEXT ( 3 ) GLOBAL_UNCERTAINTY_ASSIGNED_CONTEXT ( ( #6759 ) ) GLOBAL_UNIT_ASSIGNED_CONTEXT ( ( #4551, #2886, #4594 ) ) REPRESENTATION_CONTEXT ( 'NONE', 'WORKASPACE' ) );
#5242 = ADVANCED_FACE ( 'NONE', ( #6199 ), #6902, .F. ) ;
#5243 = EDGE_CURVE ( 'NONE', #489, #4348, #1092, .T. ) ;
#5244 = AXIS2_PLACEMENT_3D ( 'NONE', #4943, #1561, #4281 ) ;
#5245 = COLOUR_RGB ( '',0.8039215686274510109, 0.8039215686274510109, 0.8039215686274510109 ) ;
#5246 = DIRECTION ( 'NONE',  ( 1.000000000000000000, 0.000000000000000000, 0.000000000000000000 ) ) ;
#5247 = CARTESIAN_POINT ( 'NONE',  ( -2.104999999999999094, 2.233675748954446760, -0.03254124689585519842 ) ) ;
#5248 = ORIENTED_EDGE ( 'NONE', *, *, #938, .F. ) ;
#5249 = EDGE_CURVE ( 'NONE', #1924, #2878, #4971, .T. ) ;
#5250 = FILL_AREA_STYLE ('',( #2339 ) ) ;
#5251 =( GEOMETRIC_REPRESENTATION_CONTEXT ( 3 ) GLOBAL_UNCERTAINTY_ASSIGNED_CONTEXT ( ( #7017 ) ) GLOBAL_UNIT_ASSIGNED_CONTEXT ( ( #7467, #591, #3915 ) ) REPRESENTATION_CONTEXT ( 'NONE', 'WORKASPACE' ) );
#5252 = LINE ( 'NONE', #589, #4562 ) ;
#5253 = DIRECTION ( 'NONE',  ( 0.000000000000000000, 1.000000000000000000, 0.000000000000000000 ) ) ;
#5254 = AXIS2_PLACEMENT_3D ( 'NONE', #3066, #6475, #4101 ) ;
#5255 = DIRECTION ( 'NONE',  ( 1.000000000000000000, 0.000000000000000000, 0.000000000000000000 ) ) ;
#5256 = EDGE_LOOP ( 'NONE', ( #5221, #7239, #1702, #1253 ) ) ;
#5257 = LINE ( 'NONE', #1215, #6703 ) ;
#5258 = PLANE ( 'NONE',  #5807 ) ;
#5259 = ORIENTED_EDGE ( 'NONE', *, *, #2697, .T. ) ;
#5260 = SURFACE_STYLE_USAGE ( .BOTH. , #6947 ) ;
#5261 = CARTESIAN_POINT ( 'NONE',  ( -1.473346230402979629, -0.9747751063606726607, 0.7649999999999999023 ) ) ;
#5262 = DIRECTION ( 'NONE',  ( 0.000000000000000000, 0.3372937655207292607, 0.9413994453688865338 ) ) ;
#5263 = STYLED_ITEM ( 'NONE', ( #818 ), #3318 ) ;
#5264 =( LENGTH_UNIT ( ) NAMED_UNIT ( * ) SI_UNIT ( .MILLI., .METRE. ) );
#5265 = EDGE_LOOP ( 'NONE', ( #230, #3492, #1324, #6287 ) ) ;
#5266 = CARTESIAN_POINT ( 'NONE',  ( 0.4350000000000009415, -2.233675748954446316, -0.03254124689585535107 ) ) ;
#5267 = DIRECTION ( 'NONE',  ( 1.000000000000000000, 0.000000000000000000, 0.000000000000000000 ) ) ;
#5268 = VECTOR ( 'NONE', #7162, 1000.000000000000000 ) ;
#5269 = SURFACE_STYLE_FILL_AREA ( #1799 ) ;
#5270 = COLOUR_RGB ( '',0.8039215686274510109, 0.8039215686274510109, 0.8039215686274510109 ) ;
#5271 = CARTESIAN_POINT ( 'NONE',  ( -2.449999626916906870, -1.875273160256224481, 0.1000035496485075642 ) ) ;
#5272 = DIRECTION ( 'NONE',  ( 1.000000000000000000, 0.000000000000000000, 0.000000000000000000 ) ) ;
#5273 = DIRECTION ( 'NONE',  ( 0.000000000000000000, 0.000000000000000000, -1.000000000000000000 ) ) ;
#5274 = ORIENTED_EDGE ( 'NONE', *, *, #5060, .F. ) ;
#5275 = FACE_OUTER_BOUND ( 'NONE', #789, .T. ) ;
#5276 = ORIENTED_EDGE ( 'NONE', *, *, #6918, .F. ) ;
#5277 = PRESENTATION_LAYER_ASSIGNMENT (  '', '', ( #7158 ) ) ;
#5278 = AXIS2_PLACEMENT_3D ( 'NONE', #3031, #4028, #3556 ) ;
#5279 = SURFACE_STYLE_USAGE ( .BOTH. , #5942 ) ;
#5280 = DIRECTION ( 'NONE',  ( 0.000000000000000000, 0.000000000000000000, -1.000000000000000000 ) ) ;
#5281 = EDGE_CURVE ( 'NONE', #5779, #3471, #2331, .T. ) ;
#5282 = ORIENTED_EDGE ( 'NONE', *, *, #6263, .F. ) ;
#5283 = UNCERTAINTY_MEASURE_WITH_UNIT (LENGTH_MEASURE( 1.000000000000000082E-05 ), #4924, 'distance_accuracy_value', 'NONE');
#5284 = VECTOR ( 'NONE', #6281, 1000.000000000000000 ) ;
#5285 = FILL_AREA_STYLE_COLOUR ( '', #1348 ) ;
#5286 = EDGE_CURVE ( 'NONE', #3176, #4188, #6938, .T. ) ;
#5287 = MECHANICAL_DESIGN_GEOMETRIC_PRESENTATION_REPRESENTATION (  '', ( #1063 ), #3465 ) ;
#5288 = DIRECTION ( 'NONE',  ( 0.9945218953682732899, 0.000000000000000000, 0.1045284632676541231 ) ) ;
#5289 = SURFACE_STYLE_USAGE ( .BOTH. , #7058 ) ;
#5290 = EDGE_LOOP ( 'NONE', ( #6436, #3029, #2297, #4659 ) ) ;
#5291 = FILL_AREA_STYLE_COLOUR ( '', #2063 ) ;
#5292 = ORIENTED_EDGE ( 'NONE', *, *, #5776, .T. ) ;
#5293 =( LENGTH_UNIT ( ) NAMED_UNIT ( * ) SI_UNIT ( .MILLI., .METRE. ) );
#5294 = VERTEX_POINT ( 'NONE', #3988 ) ;
#5295 = UNCERTAINTY_MEASURE_WITH_UNIT (LENGTH_MEASURE( 1.000000000000000082E-05 ), #2049, 'distance_accuracy_value', 'NONE');
#5296 = CARTESIAN_POINT ( 'NONE',  ( 0.8350000000000008527, 3.000000000000000000, -0.7245116203837658198 ) ) ;
#5297 = AXIS2_PLACEMENT_3D ( 'NONE', #5960, #6557, #5262 ) ;
#5298 = FILL_AREA_STYLE ('',( #1974 ) ) ;
#5299 = AXIS2_PLACEMENT_3D ( 'NONE', #3569, #2436, #2545 ) ;
#5300 = FILL_AREA_STYLE ('',( #7032 ) ) ;
#5301 = DIRECTION ( 'NONE',  ( -0.1039620511844979306, 0.1039620511844979306, 0.9891328443778538704 ) ) ;
#5302 = ORIENTED_EDGE ( 'NONE', *, *, #5752, .F. ) ;
#5303 = COLOUR_RGB ( '',0.8039215686274510109, 0.8039215686274510109, 0.8039215686274510109 ) ;
#5304 = CLOSED_SHELL ( 'NONE', ( #3764, #4380, #5341, #2429, #4502, #1044, #3478, #3580, #5434, #566, #4605, #1651, #6842, #2207, #3455, #3583, #1038, #6293, #3831, #2750, #4609, #2828, #6921, #5387, #5908, #6604, #2642, #2480, #7154, #5204, #192, #5149, #1560, #5659, #2128, #2342, #1633, #2532, #7067, #6625, #752, #521, #2278, #4445, #1030, #2610, #6799, #6444, #1330, #3773, #2294 ) ) ;
#5305 = DIRECTION ( 'NONE',  ( 0.000000000000000000, 0.000000000000000000, -1.000000000000000000 ) ) ;
#5306 = EDGE_CURVE ( 'NONE', #5219, #1932, #6868, .T. ) ;
#5307 = SURFACE_SIDE_STYLE ('',( #613 ) ) ;
#5308 = CARTESIAN_POINT ( 'NONE',  ( 1.705000000000000959, 2.454328594324949986, -0.8868429382324097832 ) ) ;
#5309 = FILL_AREA_STYLE_COLOUR ( '', #6123 ) ;
#5310 = DIRECTION ( 'NONE',  ( 1.000000000000000000, 0.000000000000000000, 0.000000000000000000 ) ) ;
#5311 = AXIS2_PLACEMENT_3D ( 'NONE', #5199, #4680, #1695 ) ;
#5312 = CARTESIAN_POINT ( 'NONE',  ( -2.449999999999998401, -1.875000000000000000, 0.1000000000000000056 ) ) ;
#5313 = EDGE_CURVE ( 'NONE', #1785, #6755, #4440, .T. ) ;
#5314 = ORIENTED_EDGE ( 'NONE', *, *, #2657, .T. ) ;
#5315 =( NAMED_UNIT ( * ) PLANE_ANGLE_UNIT ( ) SI_UNIT ( $, .RADIAN. ) );
#5316 = PRESENTATION_LAYER_ASSIGNMENT (  '', '', ( #4088 ) ) ;
#5317 = VERTEX_POINT ( 'NONE', #6550 ) ;
#5318 = ORIENTED_EDGE ( 'NONE', *, *, #5202, .F. ) ;
#5319 = DIRECTION ( 'NONE',  ( 0.1039620511844983192, -0.1039620511844980277, 0.9891328443778538704 ) ) ;
#5320 = COLOUR_RGB ( '',0.8039215686274510109, 0.8039215686274510109, 0.8039215686274510109 ) ;
#5321 =( NAMED_UNIT ( * ) SI_UNIT ( $, .STERADIAN. ) SOLID_ANGLE_UNIT ( ) );
#5322 = MECHANICAL_DESIGN_GEOMETRIC_PRESENTATION_REPRESENTATION (  '', ( #3626 ), #374 ) ;
#5323 = PRESENTATION_STYLE_ASSIGNMENT (( #5279 ) ) ;
#5324 = SURFACE_STYLE_FILL_AREA ( #1853 ) ;
#5325 = DIRECTION ( 'NONE',  ( 0.000000000000000000, 0.000000000000000000, -1.000000000000000000 ) ) ;
#5326 = ORIENTED_EDGE ( 'NONE', *, *, #5877, .T. ) ;
#5327 = SPHERICAL_SURFACE ( 'NONE', #643, 0.07499999999999999722 ) ;
#5328 = STYLED_ITEM ( 'NONE', ( #5415 ), #1690 ) ;
#5329 = CARTESIAN_POINT ( 'NONE',  ( -1.704999999999998961, 3.000000000000000000, -0.9250000000000000444 ) ) ;
#5330 = COLOUR_RGB ( '',0.9607843137254902244, 0.9607843137254902244, 0.9607843137254902244 ) ;
#5331 = AXIS2_PLACEMENT_3D ( 'NONE', #5835, #5253, #92 ) ;
#5332 = CARTESIAN_POINT ( 'NONE',  ( 2.375000000000000888, 1.949999999999999956, 0.1000000000000000056 ) ) ;
#5333 = CARTESIAN_POINT ( 'NONE',  ( -2.449998880753506469, -1.875409738600887444, -0.1000106489190369236 ) ) ;
#5334 = ORIENTED_EDGE ( 'NONE', *, *, #611, .F. ) ;
#5335 = SURFACE_STYLE_FILL_AREA ( #2421 ) ;
#5336 = VERTEX_POINT ( 'NONE', #5329 ) ;
#5337 = VERTEX_POINT ( 'NONE', #1318 ) ;
#5338 = FILL_AREA_STYLE_COLOUR ( '', #4519 ) ;
#5339 = EDGE_CURVE ( 'NONE', #3992, #1314, #6709, .T. ) ;
#5340 = VECTOR ( 'NONE', #309, 1000.000000000000114 ) ;
#5341 = ADVANCED_FACE ( 'NONE', ( #743 ), #1819, .F. ) ;
#5342 =( LENGTH_UNIT ( ) NAMED_UNIT ( * ) SI_UNIT ( .MILLI., .METRE. ) );
#5343 = CARTESIAN_POINT ( 'NONE',  ( 2.375000000000000888, -1.949999999999999956, 0.1000000000000000056 ) ) ;
#5344 =( GEOMETRIC_REPRESENTATION_CONTEXT ( 3 ) GLOBAL_UNCERTAINTY_ASSIGNED_CONTEXT ( ( #5832 ) ) GLOBAL_UNIT_ASSIGNED_CONTEXT ( ( #3487, #3528, #5859 ) ) REPRESENTATION_CONTEXT ( 'NONE', 'WORKASPACE' ) );
#5345 =( GEOMETRIC_REPRESENTATION_CONTEXT ( 3 ) GLOBAL_UNCERTAINTY_ASSIGNED_CONTEXT ( ( #5454 ) ) GLOBAL_UNIT_ASSIGNED_CONTEXT ( ( #419, #5038, #6930 ) ) REPRESENTATION_CONTEXT ( 'NONE', 'WORKASPACE' ) );
#5346 = CARTESIAN_POINT ( 'NONE',  ( 0.8350000000000008527, -3.000000000000000000, -0.9250000000000000444 ) ) ;
#5347 = STYLED_ITEM ( 'NONE', ( #4492 ), #5712 ) ;
#5348 = DIRECTION ( 'NONE',  ( 1.000000000000000000, 0.000000000000000000, 0.000000000000000000 ) ) ;
#5349 = EDGE_LOOP ( 'NONE', ( #1897, #3965, #7472, #6667 ) ) ;
#5350 = DIRECTION ( 'NONE',  ( 0.000000000000000000, 0.000000000000000000, -1.000000000000000000 ) ) ;
#5351 = LINE ( 'NONE', #4185, #2218 ) ;
#5352 = AXIS2_PLACEMENT_3D ( 'NONE', #6860, #3456, #5783 ) ;
#5353 = PRESENTATION_STYLE_ASSIGNMENT (( #6499 ) ) ;
#5354 =( NAMED_UNIT ( * ) SI_UNIT ( $, .STERADIAN. ) SOLID_ANGLE_UNIT ( ) );
#5355 = ORIENTED_EDGE ( 'NONE', *, *, #2661, .F. ) ;
#5356 = COLOUR_RGB ( '',0.9607843137254902244, 0.9607843137254902244, 0.9607843137254902244 ) ;
#5357 = DIRECTION ( 'NONE',  ( 0.000000000000000000, 0.000000000000000000, -1.000000000000000000 ) ) ;
#5358 = EDGE_LOOP ( 'NONE', ( #3806, #5004, #2066 ) ) ;
#5359 = LINE ( 'NONE', #2524, #6224 ) ;
#5360 = DIRECTION ( 'NONE',  ( 0.000000000000000000, 1.000000000000000000, 0.000000000000000000 ) ) ;
#5361 = CARTESIAN_POINT ( 'NONE',  ( -2.104999999999999094, 2.446255090880788519, -0.6258580972010689969 ) ) ;
#5362 = FACE_OUTER_BOUND ( 'NONE', #1097, .T. ) ;
#5363 = ORIENTED_EDGE ( 'NONE', *, *, #5448, .T. ) ;
#5364 = CIRCLE ( 'NONE', #2702, 0.07499999999999980294 ) ;
#5365 = UNCERTAINTY_MEASURE_WITH_UNIT (LENGTH_MEASURE( 1.000000000000000082E-05 ), #4832, 'distance_accuracy_value', 'NONE');
#5366 = UNCERTAINTY_MEASURE_WITH_UNIT (LENGTH_MEASURE( 1.000000000000000082E-05 ), #317, 'distance_accuracy_value', 'NONE');
#5367 = DIRECTION ( 'NONE',  ( -1.000000000000000000, -0.000000000000000000, -0.000000000000000000 ) ) ;
#5368 = SURFACE_STYLE_USAGE ( .BOTH. , #6427 ) ;
#5369 = SURFACE_STYLE_FILL_AREA ( #4134 ) ;
#5370 = FILL_AREA_STYLE ('',( #637 ) ) ;
#5371 = ORIENTED_EDGE ( 'NONE', *, *, #2661, .T. ) ;
#5372 = ORIENTED_EDGE ( 'NONE', *, *, #2618, .T. ) ;
#5373 = CARTESIAN_POINT ( 'NONE',  ( -0.8349999999999991873, 2.280000000000000249, -0.7547888812845849893 ) ) ;
#5374 = MECHANICAL_DESIGN_GEOMETRIC_PRESENTATION_REPRESENTATION (  '', ( #1758 ), #3079 ) ;
#5375 = ORIENTED_EDGE ( 'NONE', *, *, #6164, .T. ) ;
#5376 = UNCERTAINTY_MEASURE_WITH_UNIT (LENGTH_MEASURE( 1.000000000000000082E-05 ), #1675, 'distance_accuracy_value', 'NONE');
#5377 = VECTOR ( 'NONE', #7529, 1000.000000000000000 ) ;
#5378 = SURFACE_STYLE_USAGE ( .BOTH. , #1976 ) ;
#5379 = CARTESIAN_POINT ( 'NONE',  ( 2.375273160256225591, -1.949999626916908424, 0.1000035496485076753 ) ) ;
#5380 = EDGE_LOOP ( 'NONE', ( #3183, #2850, #7342, #5824 ) ) ;
#5381 = PRESENTATION_STYLE_ASSIGNMENT (( #179 ) ) ;
#5382 = CARTESIAN_POINT ( 'NONE',  ( 2.105000000000000870, 2.468279889073774935, -0.6873301281804449214 ) ) ;
#5383 =( NAMED_UNIT ( * ) PLANE_ANGLE_UNIT ( ) SI_UNIT ( $, .RADIAN. ) );
#5384 = ORIENTED_EDGE ( 'NONE', *, *, #7246, .F. ) ;
#5385 =( NAMED_UNIT ( * ) PLANE_ANGLE_UNIT ( ) SI_UNIT ( $, .RADIAN. ) );
#5386 = FILL_AREA_STYLE ('',( #4750 ) ) ;
#5387 = ADVANCED_FACE ( 'NONE', ( #4612 ), #668, .T. ) ;
#5388 = EDGE_CURVE ( 'NONE', #4340, #5891, #3275, .T. ) ;
#5389 = DIRECTION ( 'NONE',  ( -0.1039620511844986106, -0.1039620511844980277, 0.9891328443778538704 ) ) ;
#5390 = AXIS2_PLACEMENT_3D ( 'NONE', #7397, #425, #2720 ) ;
#5391 = FILL_AREA_STYLE ('',( #4754 ) ) ;
#5392 = CARTESIAN_POINT ( 'NONE',  ( -0.8349999999999991873, 2.533419388043264942, -0.6918851256749790624 ) ) ;
#5393 = FILL_AREA_STYLE ('',( #5970 ) ) ;
#5394 = ORIENTED_EDGE ( 'NONE', *, *, #3234, .T. ) ;
#5395 = PRESENTATION_STYLE_ASSIGNMENT (( #4337 ) ) ;
#5396 = ORIENTED_EDGE ( 'NONE', *, *, #1415, .F. ) ;
#5397 = FILL_AREA_STYLE_COLOUR ( '', #5479 ) ;
#5398 = PRESENTATION_STYLE_ASSIGNMENT (( #635 ) ) ;
#5399 = CARTESIAN_POINT ( 'NONE',  ( 2.450000000000000622, 1.875136580382891660, 0.09999999999999592548 ) ) ;
#5400 = CARTESIAN_POINT ( 'NONE',  ( 0.4350000000000009415, 1.949999999999999956, -0.1000000000000000194 ) ) ;
#5401 = EDGE_LOOP ( 'NONE', ( #6066, #6197, #2264, #4684 ) ) ;
#5402 = FILL_AREA_STYLE ('',( #2982 ) ) ;
#5403 = FACE_OUTER_BOUND ( 'NONE', #2355, .T. ) ;
#5404 = MECHANICAL_DESIGN_GEOMETRIC_PRESENTATION_REPRESENTATION (  '', ( #6162 ), #2854 ) ;
#5405 =( NAMED_UNIT ( * ) SI_UNIT ( $, .STERADIAN. ) SOLID_ANGLE_UNIT ( ) );
#5406 = DIRECTION ( 'NONE',  ( 1.000000000000000000, 0.000000000000000000, 0.000000000000000000 ) ) ;
#5407 = ORIENTED_EDGE ( 'NONE', *, *, #3178, .T. ) ;
#5408 = ORIENTED_EDGE ( 'NONE', *, *, #794, .F. ) ;
#5409 = AXIS2_PLACEMENT_3D ( 'NONE', #157, #7384, #3409 ) ;
#5410 = DIRECTION ( 'NONE',  ( 0.000000000000000000, 0.000000000000000000, -1.000000000000000000 ) ) ;
#5411 = EDGE_LOOP ( 'NONE', ( #5592, #3277, #784, #4490 ) ) ;
#5412 = PLANE ( 'NONE',  #5973 ) ;
#5413 = SURFACE_STYLE_FILL_AREA ( #3105 ) ;
#5414 = PRESENTATION_LAYER_ASSIGNMENT (  '', '', ( #1063 ) ) ;
#5415 = PRESENTATION_STYLE_ASSIGNMENT (( #7219 ) ) ;
#5416 = EDGE_LOOP ( 'NONE', ( #2225, #1204, #4374, #2630 ) ) ;
#5417 = DIRECTION ( 'NONE',  ( 0.1039620511844979445, -0.1039620511844979445, 0.9891328443778539814 ) ) ;
#5418 = FILL_AREA_STYLE_COLOUR ( '', #5782 ) ;
#5419 = CARTESIAN_POINT ( 'NONE',  ( 2.375409738600888332, -1.949998880753508246, 0.1000106489190368680 ) ) ;
#5420 = PRESENTATION_LAYER_ASSIGNMENT (  '', '', ( #7051 ) ) ;
#5421 = COLOUR_RGB ( '',0.2862745098039215508, 0.2862745098039215508, 0.2862745098039215508 ) ;
#5422 = DIRECTION ( 'NONE',  ( 0.000000000000000000, 0.000000000000000000, -1.000000000000000000 ) ) ;
#5423 = CARTESIAN_POINT ( 'NONE',  ( -1.704999999999998961, -2.533419388043264942, -0.6918851256749790624 ) ) ;
#5424 =( GEOMETRIC_REPRESENTATION_CONTEXT ( 3 ) GLOBAL_UNCERTAINTY_ASSIGNED_CONTEXT ( ( #4908 ) ) GLOBAL_UNIT_ASSIGNED_CONTEXT ( ( #642, #2540, #5918 ) ) REPRESENTATION_CONTEXT ( 'NONE', 'WORKASPACE' ) );
#5425 = ADVANCED_FACE ( 'NONE', ( #6473 ), #2985, .T. ) ;
#5426 = ORIENTED_EDGE ( 'NONE', *, *, #1091, .F. ) ;
#5427 =( BOUNDED_CURVE ( )  B_SPLINE_CURVE ( 3, ( #3975, #3901, #4483, #73 ),
 .UNSPECIFIED., .F., .F. ) 
 B_SPLINE_CURVE_WITH_KNOTS ( ( 4, 4 ),
 ( 5.503250352303677317, 7.063120262055489817 ),
 .UNSPECIFIED. ) 
 CURVE ( )  GEOMETRIC_REPRESENTATION_ITEM ( )  RATIONAL_B_SPLINE_CURVE ( ( 1.000000000000000000, 0.8073061876036324858, 0.8073061876036324858, 1.000000000000000000 ) ) 
 REPRESENTATION_ITEM ( '' )  );
#5428 =( NAMED_UNIT ( * ) PLANE_ANGLE_UNIT ( ) SI_UNIT ( $, .RADIAN. ) );
#5429 = ORIENTED_EDGE ( 'NONE', *, *, #7386, .T. ) ;
#5430 = MECHANICAL_DESIGN_GEOMETRIC_PRESENTATION_REPRESENTATION (  '', ( #3837 ), #1200 ) ;
#5431 =( GEOMETRIC_REPRESENTATION_CONTEXT ( 3 ) GLOBAL_UNCERTAINTY_ASSIGNED_CONTEXT ( ( #4503 ) ) GLOBAL_UNIT_ASSIGNED_CONTEXT ( ( #3891, #5588, #1496 ) ) REPRESENTATION_CONTEXT ( 'NONE', 'WORKASPACE' ) );
#5432 = EDGE_CURVE ( 'NONE', #7124, #2135, #5447, .T. ) ;
#5433 = DIRECTION ( 'NONE',  ( -0.1039620511844979445, 0.1039620511844979445, 0.9891328443778539814 ) ) ;
#5434 = ADVANCED_FACE ( 'NONE', ( #2770 ), #7096, .T. ) ;
#5435 = DIRECTION ( 'NONE',  ( -1.000000000000000000, 0.000000000000000000, -0.000000000000000000 ) ) ;
#5436 = STYLED_ITEM ( 'NONE', ( #5658 ), #1030 ) ;
#5437 = STYLED_ITEM ( 'NONE', ( #1630 ), #4870 ) ;
#5438 = AXIS2_PLACEMENT_3D ( 'NONE', #216, #1267, #4251 ) ;
#5439 = SURFACE_STYLE_USAGE ( .BOTH. , #2706 ) ;
#5440 = LINE ( 'NONE', #6065, #3640 ) ;
#5441 = EDGE_LOOP ( 'NONE', ( #2868, #2368, #5110, #865, #6846, #3649, #131, #2419, #6129, #44, #1446, #2605 ) ) ;
#5442 =( LENGTH_UNIT ( ) NAMED_UNIT ( * ) SI_UNIT ( .MILLI., .METRE. ) );
#5443 = UNCERTAINTY_MEASURE_WITH_UNIT (LENGTH_MEASURE( 1.000000000000000082E-05 ), #6653, 'distance_accuracy_value', 'NONE');
#5444 =( GEOMETRIC_REPRESENTATION_CONTEXT ( 3 ) GLOBAL_UNCERTAINTY_ASSIGNED_CONTEXT ( ( #676 ) ) GLOBAL_UNIT_ASSIGNED_CONTEXT ( ( #1390, #5625, #438 ) ) REPRESENTATION_CONTEXT ( 'NONE', 'WORKASPACE' ) );
#5445 = LINE ( 'NONE', #6698, #733 ) ;
#5446 =( GEOMETRIC_REPRESENTATION_CONTEXT ( 3 ) GLOBAL_UNCERTAINTY_ASSIGNED_CONTEXT ( ( #7318 ) ) GLOBAL_UNIT_ASSIGNED_CONTEXT ( ( #686, #4674, #144 ) ) REPRESENTATION_CONTEXT ( 'NONE', 'WORKASPACE' ) );
#5447 = LINE ( 'NONE', #3897, #4824 ) ;
#5448 = EDGE_CURVE ( 'NONE', #7383, #4955, #4952, .T. ) ;
#5449 = MECHANICAL_DESIGN_GEOMETRIC_PRESENTATION_REPRESENTATION (  '', ( #1224 ), #726 ) ;
#5450 = FILL_AREA_STYLE_COLOUR ( '', #2776 ) ;
#5451 = VECTOR ( 'NONE', #3817, 1000.000000000000000 ) ;
#5452 = EDGE_LOOP ( 'NONE', ( #640, #2555 ) ) ;
#5453 = DIRECTION ( 'NONE',  ( 0.000000000000000000, 0.000000000000000000, -1.000000000000000000 ) ) ;
#5454 = UNCERTAINTY_MEASURE_WITH_UNIT (LENGTH_MEASURE( 1.000000000000000082E-05 ), #419, 'distance_accuracy_value', 'NONE');
#5455 =( LENGTH_UNIT ( ) NAMED_UNIT ( * ) SI_UNIT ( .MILLI., .METRE. ) );
#5456 = AXIS2_PLACEMENT_3D ( 'NONE', #1678, #5109, #4508 ) ;
#5457 = COLOUR_RGB ( '',0.8039215686274510109, 0.8039215686274510109, 0.8039215686274510109 ) ;
#5458 = CARTESIAN_POINT ( 'NONE',  ( -0.4349999999999991651, -2.045395859880669409, 0.09999999999999999167 ) ) ;
#5459 = VERTEX_POINT ( 'NONE', #1278 ) ;
#5460 = SURFACE_SIDE_STYLE ('',( #3141 ) ) ;
#5461 = CARTESIAN_POINT ( 'NONE',  ( -2.104999999999999094, -3.000000000000000000, -0.7245116203837658198 ) ) ;
#5462 = FILL_AREA_STYLE_COLOUR ( '', #1914 ) ;
#5463 = STYLED_ITEM ( 'NONE', ( #3348 ), #6265 ) ;
#5464 = DIRECTION ( 'NONE',  ( -1.000000000000000000, 0.000000000000000000, 0.000000000000000000 ) ) ;
#5465 = AXIS2_PLACEMENT_3D ( 'NONE', #1437, #5406, #6590 ) ;
#5466 =( LENGTH_UNIT ( ) NAMED_UNIT ( * ) SI_UNIT ( .MILLI., .METRE. ) );
#5467 = CARTESIAN_POINT ( 'NONE',  ( -0.8349999999999991873, -1.949999999999999956, -0.1000000000000000194 ) ) ;
#5468 =( NAMED_UNIT ( * ) PLANE_ANGLE_UNIT ( ) SI_UNIT ( $, .RADIAN. ) );
#5469 =( LENGTH_UNIT ( ) NAMED_UNIT ( * ) SI_UNIT ( .MILLI., .METRE. ) );
#5470 =( GEOMETRIC_REPRESENTATION_CONTEXT ( 3 ) GLOBAL_UNCERTAINTY_ASSIGNED_CONTEXT ( ( #945 ) ) GLOBAL_UNIT_ASSIGNED_CONTEXT ( ( #3052, #7308, #3118 ) ) REPRESENTATION_CONTEXT ( 'NONE', 'WORKASPACE' ) );
#5471 = COLOUR_RGB ( '',0.8039215686274510109, 0.8039215686274510109, 0.8039215686274510109 ) ;
#5472 = DIRECTION ( 'NONE',  ( 0.000000000000000000, 0.000000000000000000, -1.000000000000000000 ) ) ;
#5473 = MECHANICAL_DESIGN_GEOMETRIC_PRESENTATION_REPRESENTATION (  '', ( #2562 ), #5480 ) ;
#5474 =( LENGTH_UNIT ( ) NAMED_UNIT ( * ) SI_UNIT ( .MILLI., .METRE. ) );
#5475 = ORIENTED_EDGE ( 'NONE', *, *, #1372, .F. ) ;
#5476 = ORIENTED_EDGE ( 'NONE', *, *, #2629, .T. ) ;
#5477 = ORIENTED_EDGE ( 'NONE', *, *, #3614, .F. ) ;
#5478 = COLOUR_RGB ( '',0.2862745098039215508, 0.2862745098039215508, 0.2862745098039215508 ) ;
#5479 = COLOUR_RGB ( '',0.8039215686274510109, 0.8039215686274510109, 0.8039215686274510109 ) ;
#5480 =( GEOMETRIC_REPRESENTATION_CONTEXT ( 3 ) GLOBAL_UNCERTAINTY_ASSIGNED_CONTEXT ( ( #1567 ) ) GLOBAL_UNIT_ASSIGNED_CONTEXT ( ( #3332, #3810, #5539 ) ) REPRESENTATION_CONTEXT ( 'NONE', 'WORKASPACE' ) );
#5481 =( NAMED_UNIT ( * ) PLANE_ANGLE_UNIT ( ) SI_UNIT ( $, .RADIAN. ) );
#5482 = SURFACE_STYLE_FILL_AREA ( #7381 ) ;
#5483 = DIRECTION ( 'NONE',  ( -1.000000000000000000, -0.000000000000000000, 0.000000000000000000 ) ) ;
#5484 = CARTESIAN_POINT ( 'NONE',  ( -1.751524337873328729, -0.9747751063606726607, 0.7649999999999999023 ) ) ;
#5485 = ORIENTED_EDGE ( 'NONE', *, *, #3668, .F. ) ;
#5486 = ORIENTED_EDGE ( 'NONE', *, *, #5762, .T. ) ;
#5487 = CARTESIAN_POINT ( 'NONE',  ( -0.8349999999999991873, 1.949999999999999956, 0.09999999999999999167 ) ) ;
#5488 = EDGE_CURVE ( 'NONE', #4241, #4955, #3582, .T. ) ;
#5489 = PRESENTATION_STYLE_ASSIGNMENT (( #3168 ) ) ;
#5490 = ADVANCED_FACE ( 'NONE', ( #2299 ), #4099, .F. ) ;
#5491 = DIRECTION ( 'NONE',  ( 1.000000000000000000, 0.000000000000000000, 0.000000000000000000 ) ) ;
#5492 =( LENGTH_UNIT ( ) NAMED_UNIT ( * ) SI_UNIT ( .MILLI., .METRE. ) );
#5493 = CARTESIAN_POINT ( 'NONE',  ( 2.105000000000000870, -3.000000000000000000, -0.9250000000000000444 ) ) ;
#5494 = SURFACE_STYLE_USAGE ( .BOTH. , #856 ) ;
#5495 = SURFACE_STYLE_FILL_AREA ( #6168 ) ;
#5496 = VECTOR ( 'NONE', #1112, 1000.000000000000000 ) ;
#5497 = DIRECTION ( 'NONE',  ( 1.000000000000000000, 0.000000000000000000, 0.000000000000000000 ) ) ;
#5498 = EDGE_LOOP ( 'NONE', ( #7294, #6790, #1304, #1077 ) ) ;
#5499 = LINE ( 'NONE', #3177, #6498 ) ;
#5500 = EDGE_CURVE ( 'NONE', #1650, #489, #5252, .T. ) ;
#5501 =( GEOMETRIC_REPRESENTATION_CONTEXT ( 3 ) GLOBAL_UNCERTAINTY_ASSIGNED_CONTEXT ( ( #6784 ) ) GLOBAL_UNIT_ASSIGNED_CONTEXT ( ( #1728, #29, #3313 ) ) REPRESENTATION_CONTEXT ( 'NONE', 'WORKASPACE' ) );
#5502 = STYLED_ITEM ( 'NONE', ( #2513 ), #7248 ) ;
#5503 = SURFACE_STYLE_FILL_AREA ( #3256 ) ;
#5504 = ORIENTED_EDGE ( 'NONE', *, *, #2667, .F. ) ;
#5505 = CARTESIAN_POINT ( 'NONE',  ( 1.705000000000000959, -1.949999999999999956, -0.1000000000000000194 ) ) ;
#5506 = PLANE ( 'NONE',  #1190 ) ;
#5507 = CARTESIAN_POINT ( 'NONE',  ( -0.4349999999999991651, -1.949999999999999956, -0.1000000000000000194 ) ) ;
#5508 = CARTESIAN_POINT ( 'NONE',  ( -2.311524337873329671, 1.886113480025950695, -0.7078396347450740533 ) ) ;
#5509 = DIRECTION ( 'NONE',  ( 0.000000000000000000, -1.000000000000000000, 0.000000000000000000 ) ) ;
#5510 = FILL_AREA_STYLE_COLOUR ( '', #5870 ) ;
#5511 = CARTESIAN_POINT ( 'NONE',  ( 1.705000000000000959, 1.949999999999999956, -0.1000000000000000194 ) ) ;
#5512 = VERTEX_POINT ( 'NONE', #6978 ) ;
#5513 = COLOUR_RGB ( '',0.8039215686274510109, 0.8039215686274510109, 0.8039215686274510109 ) ;
#5514 = FACE_OUTER_BOUND ( 'NONE', #437, .T. ) ;
#5515 = EDGE_LOOP ( 'NONE', ( #5031, #52, #2955, #936 ) ) ;
#5516 = ORIENTED_EDGE ( 'NONE', *, *, #4599, .F. ) ;
#5517 = DIRECTION ( 'NONE',  ( 1.000000000000000000, 0.000000000000000000, 0.000000000000000000 ) ) ;
#5518 = CIRCLE ( 'NONE', #6267, 0.1000000000000002137 ) ;
#5519 = FILL_AREA_STYLE ('',( #3824 ) ) ;
#5520 = DIRECTION ( 'NONE',  ( 0.000000000000000000, 0.000000000000000000, -1.000000000000000000 ) ) ;
#5521 = FACE_OUTER_BOUND ( 'NONE', #2161, .T. ) ;
#5522 = SURFACE_SIDE_STYLE ('',( #1426 ) ) ;
#5523 = ORIENTED_EDGE ( 'NONE', *, *, #3577, .F. ) ;
#5524 = CIRCLE ( 'NONE', #549, 0.1000000000000000472 ) ;
#5525 =( LENGTH_UNIT ( ) NAMED_UNIT ( * ) SI_UNIT ( .MILLI., .METRE. ) );
#5526 = LINE ( 'NONE', #5009, #388 ) ;
#5527 =( BOUNDED_CURVE ( )  B_SPLINE_CURVE ( 3, ( #4630, #4512, #2807, #3929 ),
 .UNSPECIFIED., .F., .F. ) 
 B_SPLINE_CURVE_WITH_KNOTS ( ( 4, 4 ),
 ( 5.503250352303677317, 7.063120262055495147 ),
 .UNSPECIFIED. ) 
 CURVE ( )  GEOMETRIC_REPRESENTATION_ITEM ( )  RATIONAL_B_SPLINE_CURVE ( ( 1.000000000000000000, 0.8073061876036311535, 0.8073061876036311535, 1.000000000000000000 ) ) 
 REPRESENTATION_ITEM ( '' )  );
#5528 = CIRCLE ( 'NONE', #6647, 0.07499999999999998335 ) ;
#5529 = CARTESIAN_POINT ( 'NONE',  ( -2.104999999999999094, 2.233675748954446760, -0.03254124689585519842 ) ) ;
#5530 = SURFACE_STYLE_USAGE ( .BOTH. , #3215 ) ;
#5531 = EDGE_CURVE ( 'NONE', #2656, #4284, #91, .T. ) ;
#5532 = ORIENTED_EDGE ( 'NONE', *, *, #1916, .T. ) ;
#5533 = VERTEX_POINT ( 'NONE', #2378 ) ;
#5534 = UNCERTAINTY_MEASURE_WITH_UNIT (LENGTH_MEASURE( 1.000000000000000082E-05 ), #3447, 'distance_accuracy_value', 'NONE');
#5535 = AXIS2_PLACEMENT_3D ( 'NONE', #4317, #6662, #2619 ) ;
#5536 = ADVANCED_FACE ( 'NONE', ( #6382 ), #4651, .F. ) ;
#5537 = PRESENTATION_STYLE_ASSIGNMENT (( #282 ) ) ;
#5538 = ORIENTED_EDGE ( 'NONE', *, *, #5339, .T. ) ;
#5539 =( NAMED_UNIT ( * ) SI_UNIT ( $, .STERADIAN. ) SOLID_ANGLE_UNIT ( ) );
#5540 = ORIENTED_EDGE ( 'NONE', *, *, #264, .T. ) ;
#5541 =( LENGTH_UNIT ( ) NAMED_UNIT ( * ) SI_UNIT ( .MILLI., .METRE. ) );
#5542 = UNCERTAINTY_MEASURE_WITH_UNIT (LENGTH_MEASURE( 1.000000000000000082E-05 ), #7268, 'distance_accuracy_value', 'NONE');
#5543 = DIRECTION ( 'NONE',  ( 0.000000000000000000, 0.000000000000000000, 1.000000000000000000 ) ) ;
#5544 = ADVANCED_FACE ( 'NONE', ( #3618 ), #4814, .F. ) ;
#5545 = ORIENTED_EDGE ( 'NONE', *, *, #2054, .F. ) ;
#5546 = AXIS2_PLACEMENT_3D ( 'NONE', #4906, #394, #1527 ) ;
#5547 = CARTESIAN_POINT ( 'NONE',  ( 2.375409738600888776, -1.949998880753508246, -0.1000106489190368680 ) ) ;
#5548 = ORIENTED_EDGE ( 'NONE', *, *, #2009, .T. ) ;
#5549 = ORIENTED_EDGE ( 'NONE', *, *, #1595, .T. ) ;
#5550 = LINE ( 'NONE', #409, #479 ) ;
#5551 = MECHANICAL_DESIGN_GEOMETRIC_PRESENTATION_REPRESENTATION (  '', ( #4664 ), #3124 ) ;
#5552 = COLOUR_RGB ( '',0.8039215686274510109, 0.8039215686274510109, 0.8039215686274510109 ) ;
#5553 = ORIENTED_EDGE ( 'NONE', *, *, #1234, .T. ) ;
#5554 = DIRECTION ( 'NONE',  ( 1.000000000000000000, 0.000000000000000000, 0.000000000000000000 ) ) ;
#5555 = COLOUR_RGB ( '',0.2862745098039215508, 0.2862745098039215508, 0.2862745098039215508 ) ;
#5556 = ORIENTED_EDGE ( 'NONE', *, *, #6295, .F. ) ;
#5557 = PRESENTATION_STYLE_ASSIGNMENT (( #5736 ) ) ;
#5558 = PRESENTATION_LAYER_ASSIGNMENT (  '', '', ( #959 ) ) ;
#5559 = DIRECTION ( 'NONE',  ( 0.000000000000000000, 0.06975647374412530244, -0.9975640502598243087 ) ) ;
#5560 = STYLED_ITEM ( 'NONE', ( #1024 ), #311 ) ;
#5561 = SURFACE_STYLE_USAGE ( .BOTH. , #3768 ) ;
#5562 = DIRECTION ( 'NONE',  ( 0.000000000000000000, 0.3372937655207292607, 0.9413994453688865338 ) ) ;
#5563 = SURFACE_SIDE_STYLE ('',( #5495 ) ) ;
#5564 = ORIENTED_EDGE ( 'NONE', *, *, #4956, .T. ) ;
#5565 =( LENGTH_UNIT ( ) NAMED_UNIT ( * ) SI_UNIT ( .MILLI., .METRE. ) );
#5566 = AXIS2_PLACEMENT_3D ( 'NONE', #6195, #7390, #1619 ) ;
#5567 = AXIS2_PLACEMENT_3D ( 'NONE', #252, #5897, #3599 ) ;
#5568 = CARTESIAN_POINT ( 'NONE',  ( 2.311524337873331003, 1.811524337873330115, 0.6999999999999999556 ) ) ;
#5569 = EDGE_CURVE ( 'NONE', #5880, #4379, #3127, .T. ) ;
#5570 = CARTESIAN_POINT ( 'NONE',  ( 0.4350000000000009415, 2.446255090880788519, -0.6258580972010689969 ) ) ;
#5571 =( GEOMETRIC_REPRESENTATION_CONTEXT ( 3 ) GLOBAL_UNCERTAINTY_ASSIGNED_CONTEXT ( ( #6633 ) ) GLOBAL_UNIT_ASSIGNED_CONTEXT ( ( #7060, #1821, #7024 ) ) REPRESENTATION_CONTEXT ( 'NONE', 'WORKASPACE' ) );
#5572 =( NAMED_UNIT ( * ) SI_UNIT ( $, .STERADIAN. ) SOLID_ANGLE_UNIT ( ) );
#5573 = EDGE_LOOP ( 'NONE', ( #6954, #5863, #4436, #4296 ) ) ;
#5574 = DIRECTION ( 'NONE',  ( 0.000000000000000000, 0.000000000000000000, -1.000000000000000000 ) ) ;
#5575 = PLANE ( 'NONE',  #1851 ) ;
#5576 = ORIENTED_EDGE ( 'NONE', *, *, #4599, .T. ) ;
#5577 = DIRECTION ( 'NONE',  ( 0.000000000000000000, -0.3372937655207250973, -0.9413994453688880881 ) ) ;
#5578 = EDGE_CURVE ( 'NONE', #2793, #6611, #7092, .T. ) ;
#5579 = FILL_AREA_STYLE_COLOUR ( '', #1786 ) ;
#5580 = CARTESIAN_POINT ( 'NONE',  ( 2.449998880753508690, -1.875409738600887666, -0.1000106489190369929 ) ) ;
#5581 = UNCERTAINTY_MEASURE_WITH_UNIT (LENGTH_MEASURE( 1.000000000000000082E-05 ), #5723, 'distance_accuracy_value', 'NONE');
#5582 =( GEOMETRIC_REPRESENTATION_CONTEXT ( 3 ) GLOBAL_UNCERTAINTY_ASSIGNED_CONTEXT ( ( #3772 ) ) GLOBAL_UNIT_ASSIGNED_CONTEXT ( ( #1760, #1067, #5690 ) ) REPRESENTATION_CONTEXT ( 'NONE', 'WORKASPACE' ) );
#5583 = EDGE_CURVE ( 'NONE', #6734, #477, #5445, .T. ) ;
#5584 = PLANE ( 'NONE',  #6460 ) ;
#5585 = ORIENTED_EDGE ( 'NONE', *, *, #6818, .F. ) ;
#5586 =( GEOMETRIC_REPRESENTATION_CONTEXT ( 3 ) GLOBAL_UNCERTAINTY_ASSIGNED_CONTEXT ( ( #3631 ) ) GLOBAL_UNIT_ASSIGNED_CONTEXT ( ( #1171, #671, #3507 ) ) REPRESENTATION_CONTEXT ( 'NONE', 'WORKASPACE' ) );
#5587 = CIRCLE ( 'NONE', #4958, 0.1999999999999978184 ) ;
#5588 =( NAMED_UNIT ( * ) PLANE_ANGLE_UNIT ( ) SI_UNIT ( $, .RADIAN. ) );
#5589 = EDGE_CURVE ( 'NONE', #836, #7456, #6587, .T. ) ;
#5590 = DIRECTION ( 'NONE',  ( 0.000000000000000000, 0.7071067811865512365, 0.7071067811865439090 ) ) ;
#5591 = ORIENTED_EDGE ( 'NONE', *, *, #5711, .F. ) ;
#5592 = ORIENTED_EDGE ( 'NONE', *, *, #665, .T. ) ;
#5593 = EDGE_CURVE ( 'NONE', #2510, #7124, #5587, .T. ) ;
#5594 = STYLED_ITEM ( 'NONE', ( #6215 ), #6500 ) ;
#5595 = STYLED_ITEM ( 'NONE', ( #6192 ), #2215 ) ;
#5596 = VECTOR ( 'NONE', #386, 1000.000000000000000 ) ;
#5597 = CARTESIAN_POINT ( 'NONE',  ( -2.449999999999998401, -1.875000000000000000, -0.1000000000000000056 ) ) ;
#5598 = VERTEX_POINT ( 'NONE', #162 ) ;
#5599 = SURFACE_SIDE_STYLE ('',( #5482 ) ) ;
#5600 = AXIS2_PLACEMENT_3D ( 'NONE', #3739, #1413, #1870 ) ;
#5601 = MECHANICAL_DESIGN_GEOMETRIC_PRESENTATION_REPRESENTATION (  '', ( #6339 ), #4841 ) ;
#5602 = ORIENTED_EDGE ( 'NONE', *, *, #4654, .F. ) ;
#5603 = AXIS2_PLACEMENT_3D ( 'NONE', #2456, #1096, #3396 ) ;
#5604 = UNCERTAINTY_MEASURE_WITH_UNIT (LENGTH_MEASURE( 1.000000000000000082E-05 ), #3549, 'distance_accuracy_value', 'NONE');
#5605 = CARTESIAN_POINT ( 'NONE',  ( 2.375000000000000888, -1.949999999999999956, 0.1000000000000000056 ) ) ;
#5606 = FILL_AREA_STYLE_COLOUR ( '', #3865 ) ;
#5607 = MECHANICAL_DESIGN_GEOMETRIC_PRESENTATION_REPRESENTATION (  '', ( #875 ), #3538 ) ;
#5608 = PRESENTATION_STYLE_ASSIGNMENT (( #4383 ) ) ;
#5609 = PLANE ( 'NONE',  #325 ) ;
#5610 = SPHERICAL_SURFACE ( 'NONE', #3609, 0.07499999999999999722 ) ;
#5611 = VERTEX_POINT ( 'NONE', #4168 ) ;
#5612 = EDGE_LOOP ( 'NONE', ( #1285, #6216, #3164, #422 ) ) ;
#5613 = COLOUR_RGB ( '',0.8039215686274510109, 0.8039215686274510109, 0.8039215686274510109 ) ;
#5614 = UNCERTAINTY_MEASURE_WITH_UNIT (LENGTH_MEASURE( 1.000000000000000082E-05 ), #2626, 'distance_accuracy_value', 'NONE');
#5615 = CARTESIAN_POINT ( 'NONE',  ( 1.705000000000000959, -2.233675748954446760, -0.03254124689585519842 ) ) ;
#5616 =( NAMED_UNIT ( * ) SI_UNIT ( $, .STERADIAN. ) SOLID_ANGLE_UNIT ( ) );
#5617 = ORIENTED_EDGE ( 'NONE', *, *, #5951, .F. ) ;
#5618 = CARTESIAN_POINT ( 'NONE',  ( 1.705000000000000959, -2.446255090880788519, -0.6258580972010689969 ) ) ;
#5619 = ORIENTED_EDGE ( 'NONE', *, *, #2581, .F. ) ;
#5620 = FILL_AREA_STYLE ('',( #6791 ) ) ;
#5621 =( NAMED_UNIT ( * ) PLANE_ANGLE_UNIT ( ) SI_UNIT ( $, .RADIAN. ) );
#5622 = AXIS2_PLACEMENT_3D ( 'NONE', #3363, #3814, #3997 ) ;
#5623 = DIRECTION ( 'NONE',  ( 0.000000000000000000, 0.9975640502598243087, -0.06975647374412557999 ) ) ;
#5624 = ORIENTED_EDGE ( 'NONE', *, *, #5488, .T. ) ;
#5625 =( NAMED_UNIT ( * ) PLANE_ANGLE_UNIT ( ) SI_UNIT ( $, .RADIAN. ) );
#5626 = ADVANCED_FACE ( 'NONE', ( #4769 ), #2072, .T. ) ;
#5627 = EDGE_CURVE ( 'NONE', #5991, #2509, #5526, .T. ) ;
#5628 = SURFACE_SIDE_STYLE ('',( #5693 ) ) ;
#5629 = ORIENTED_EDGE ( 'NONE', *, *, #7493, .F. ) ;
#5630 = VERTEX_POINT ( 'NONE', #373 ) ;
#5631 = EDGE_CURVE ( 'NONE', #477, #6521, #1549, .T. ) ;
#5632 = AXIS2_PLACEMENT_3D ( 'NONE', #4637, #4085, #3450 ) ;
#5633 = PRODUCT ( 'DMT6009LSS-13', 'DMT6009LSS-13', '', ( #3730 ) ) ;
#5634 = CARTESIAN_POINT ( 'NONE',  ( 2.386113480025951361, 1.811524337873330115, 0.7078396347450740533 ) ) ;
#5635 = SURFACE_SIDE_STYLE ('',( #3283 ) ) ;
#5636 = VECTOR ( 'NONE', #6373, 1000.000000000000000 ) ;
#5637 = VECTOR ( 'NONE', #3808, 1000.000000000000000 ) ;
#5638 = LINE ( 'NONE', #452, #5636 ) ;
#5639 = STYLED_ITEM ( 'NONE', ( #376 ), #3580 ) ;
#5640 = DIRECTION ( 'NONE',  ( 0.000000000000000000, 0.3372937655207250973, -0.9413994453688880881 ) ) ;
#5641 = VERTEX_POINT ( 'NONE', #3829 ) ;
#5642 = PLANE ( 'NONE',  #5084 ) ;
#5643 = CARTESIAN_POINT ( 'NONE',  ( -2.449999999999998401, -1.875000000000000000, -0.1000000000000000056 ) ) ;
#5644 =( NAMED_UNIT ( * ) PLANE_ANGLE_UNIT ( ) SI_UNIT ( $, .RADIAN. ) );
#5645 = DIRECTION ( 'NONE',  ( 1.000000000000000000, 0.000000000000000000, 0.000000000000000000 ) ) ;
#5646 = CARTESIAN_POINT ( 'NONE',  ( -2.450806167510462874, 1.876217025357843404, -0.09232982849429267891 ) ) ;
#5647 = ORIENTED_EDGE ( 'NONE', *, *, #2567, .T. ) ;
#5648 = FACE_OUTER_BOUND ( 'NONE', #5411, .T. ) ;
#5649 = CARTESIAN_POINT ( 'NONE',  ( -2.311524337873329227, -1.811524337873330115, -0.6999999999999999556 ) ) ;
#5650 = FACE_OUTER_BOUND ( 'NONE', #4689, .T. ) ;
#5651 = CARTESIAN_POINT ( 'NONE',  ( -2.104999999999999094, -2.069139944536888986, -0.1662706234479273959 ) ) ;
#5652 = CARTESIAN_POINT ( 'NONE',  ( 0.8350000000000008527, 1.949999999999999956, -0.1000000000000000194 ) ) ;
#5653 = SURFACE_STYLE_USAGE ( .BOTH. , #2806 ) ;
#5654 = ORIENTED_EDGE ( 'NONE', *, *, #4554, .F. ) ;
#5655 = CYLINDRICAL_SURFACE ( 'NONE', #4438, 0.07499999999999992784 ) ;
#5656 = CARTESIAN_POINT ( 'NONE',  ( -0.8349999999999991873, 3.000000000000000000, -0.9250000000000000444 ) ) ;
#5657 = ORIENTED_EDGE ( 'NONE', *, *, #1311, .F. ) ;
#5658 = PRESENTATION_STYLE_ASSIGNMENT (( #3343 ) ) ;
#5659 = ADVANCED_FACE ( 'NONE', ( #4353 ), #2078, .T. ) ;
#5660 = PLANE ( 'NONE',  #6624 ) ;
#5661 = AXIS2_PLACEMENT_3D ( 'NONE', #3639, #7263, #7297 ) ;
#5662 = SURFACE_STYLE_FILL_AREA ( #6221 ) ;
#5663 = SURFACE_STYLE_USAGE ( .BOTH. , #509 ) ;
#5664 = ORIENTED_EDGE ( 'NONE', *, *, #6582, .F. ) ;
#5665 = EDGE_CURVE ( 'NONE', #6280, #6829, #6190, .T. ) ;
#5666 = DIRECTION ( 'NONE',  ( 0.000000000000000000, 0.000000000000000000, -1.000000000000000000 ) ) ;
#5667 = EDGE_CURVE ( 'NONE', #3195, #6206, #5672, .T. ) ;
#5668 = CARTESIAN_POINT ( 'NONE',  ( -1.751524337873328729, -0.9747751063606726607, 0.7649999999999999023 ) ) ;
#5669 = ORIENTED_EDGE ( 'NONE', *, *, #1234, .F. ) ;
#5670 =( NAMED_UNIT ( * ) SI_UNIT ( $, .STERADIAN. ) SOLID_ANGLE_UNIT ( ) );
#5671 = PRESENTATION_LAYER_ASSIGNMENT (  '', '', ( #712 ) ) ;
#5672 = LINE ( 'NONE', #6309, #1114 ) ;
#5673 = COLOUR_RGB ( '',0.8039215686274510109, 0.8039215686274510109, 0.8039215686274510109 ) ;
#5674 = EDGE_CURVE ( 'NONE', #5119, #4238, #2317, .T. ) ;
#5675 =( NAMED_UNIT ( * ) SI_UNIT ( $, .STERADIAN. ) SOLID_ANGLE_UNIT ( ) );
#5676 = SURFACE_STYLE_FILL_AREA ( #3355 ) ;
#5677 = CARTESIAN_POINT ( 'NONE',  ( -2.104999999999999094, -2.468279889073774935, -0.6873301281804449214 ) ) ;
#5678 = PRESENTATION_LAYER_ASSIGNMENT (  '', '', ( #5437 ) ) ;
#5679 = DIRECTION ( 'NONE',  ( 0.000000000000000000, 1.000000000000000000, 0.000000000000000000 ) ) ;
#5680 = VERTEX_POINT ( 'NONE', #6786 ) ;
#5681 = FACE_OUTER_BOUND ( 'NONE', #6169, .T. ) ;
#5682 = CARTESIAN_POINT ( 'NONE',  ( 0.4350000000000009415, 3.000000000000000000, -0.9250000000000000444 ) ) ;
#5683 = FILL_AREA_STYLE_COLOUR ( '', #4667 ) ;
#5684 =( LENGTH_UNIT ( ) NAMED_UNIT ( * ) SI_UNIT ( .MILLI., .METRE. ) );
#5685 = CARTESIAN_POINT ( 'NONE',  ( -2.104999999999999094, 2.233675748954446316, -0.03254124689585535107 ) ) ;
#5686 = COLOUR_RGB ( '',0.8039215686274510109, 0.8039215686274510109, 0.8039215686274510109 ) ;
#5687 = DIRECTION ( 'NONE',  ( 0.000000000000000000, 0.000000000000000000, 1.000000000000000000 ) ) ;
#5688 = DIRECTION ( 'NONE',  ( 1.000000000000000000, 0.000000000000000000, 0.000000000000000000 ) ) ;
#5689 = DIRECTION ( 'NONE',  ( 0.000000000000000000, 0.000000000000000000, -1.000000000000000000 ) ) ;
#5690 =( NAMED_UNIT ( * ) SI_UNIT ( $, .STERADIAN. ) SOLID_ANGLE_UNIT ( ) );
#5691 = EDGE_LOOP ( 'NONE', ( #2563, #3219, #5326, #1013 ) ) ;
#5692 = DIRECTION ( 'NONE',  ( 1.000000000000000000, 0.000000000000000000, 0.000000000000000000 ) ) ;
#5693 = SURFACE_STYLE_FILL_AREA ( #6845 ) ;
#5694 = VECTOR ( 'NONE', #1408, 1000.000000000000000 ) ;
#5695 = SURFACE_STYLE_FILL_AREA ( #7040 ) ;
#5696 = CARTESIAN_POINT ( 'NONE',  ( 2.450000000000000622, 1.875136580382891660, -0.09999999999999581446 ) ) ;
#5697 = SURFACE_STYLE_USAGE ( .BOTH. , #2364 ) ;
#5698 = COLOUR_RGB ( '',0.8039215686274510109, 0.8039215686274510109, 0.8039215686274510109 ) ;
#5699 = FACE_OUTER_BOUND ( 'NONE', #4776, .T. ) ;
#5700 = PRESENTATION_STYLE_ASSIGNMENT (( #7197 ) ) ;
#5701 = ORIENTED_EDGE ( 'NONE', *, *, #5313, .F. ) ;
#5702 = SURFACE_STYLE_USAGE ( .BOTH. , #7382 ) ;
#5703 =( GEOMETRIC_REPRESENTATION_CONTEXT ( 3 ) GLOBAL_UNCERTAINTY_ASSIGNED_CONTEXT ( ( #4728 ) ) GLOBAL_UNIT_ASSIGNED_CONTEXT ( ( #1303, #5315, #690 ) ) REPRESENTATION_CONTEXT ( 'NONE', 'WORKASPACE' ) );
#5704 = VECTOR ( 'NONE', #3330, 1000.000000000000114 ) ;
#5705 = AXIS2_PLACEMENT_3D ( 'NONE', #2109, #6779, #1511 ) ;
#5706 = SURFACE_STYLE_USAGE ( .BOTH. , #5081 ) ;
#5707 = AXIS2_PLACEMENT_3D ( 'NONE', #4147, #1906, #6526 ) ;
#5708 = SURFACE_STYLE_FILL_AREA ( #40 ) ;
#5709 = FILL_AREA_STYLE ('',( #1122 ) ) ;
#5710 =( LENGTH_UNIT ( ) NAMED_UNIT ( * ) SI_UNIT ( .MILLI., .METRE. ) );
#5711 = EDGE_CURVE ( 'NONE', #1859, #6811, #1521, .T. ) ;
#5712 = ADVANCED_FACE ( 'NONE', ( #486 ), #5642, .T. ) ;
#5713 = ORIENTED_EDGE ( 'NONE', *, *, #3255, .T. ) ;
#5714 = CYLINDRICAL_SURFACE ( 'NONE', #2332, 0.1999999999999978184 ) ;
#5715 =( GEOMETRIC_REPRESENTATION_CONTEXT ( 3 ) GLOBAL_UNCERTAINTY_ASSIGNED_CONTEXT ( ( #7368 ) ) GLOBAL_UNIT_ASSIGNED_CONTEXT ( ( #11, #6911, #3557 ) ) REPRESENTATION_CONTEXT ( 'NONE', 'WORKASPACE' ) );
#5716 = AXIS2_PLACEMENT_3D ( 'NONE', #2703, #5433, #4964 ) ;
#5717 = DIRECTION ( 'NONE',  ( 0.000000000000000000, -1.000000000000000000, 0.000000000000000000 ) ) ;
#5718 = ADVANCED_FACE ( 'NONE', ( #4940 ), #2396, .T. ) ;
#5719 = DIRECTION ( 'NONE',  ( 0.000000000000000000, 0.000000000000000000, -1.000000000000000000 ) ) ;
#5720 = CARTESIAN_POINT ( 'NONE',  ( -2.375409738600887444, 1.949998880753508246, -0.1000106489190368680 ) ) ;
#5721 =( BOUNDED_CURVE ( )  B_SPLINE_CURVE ( 3, ( #195, #5399, #119, #5871 ),
 .UNSPECIFIED., .F., .F. ) 
 B_SPLINE_CURVE_WITH_KNOTS ( ( 4, 4 ),
 ( 0.000000000000000000, 0.005463208521541919674 ),
 .UNSPECIFIED. ) 
 CURVE ( )  GEOMETRIC_REPRESENTATION_ITEM ( )  RATIONAL_B_SPLINE_CURVE ( ( 1.000000000000000000, 0.9999975127809339615, 0.9999975127809339615, 1.000000000000000000 ) ) 
 REPRESENTATION_ITEM ( '' )  );
#5722 = ORIENTED_EDGE ( 'NONE', *, *, #2070, .F. ) ;
#5723 =( LENGTH_UNIT ( ) NAMED_UNIT ( * ) SI_UNIT ( .MILLI., .METRE. ) );
#5724 = VERTEX_POINT ( 'NONE', #2842 ) ;
#5725 = LINE ( 'NONE', #5296, #7478 ) ;
#5726 = CARTESIAN_POINT ( 'NONE',  ( -0.8349999999999991873, 3.000000000000000000, -0.7245116203837658198 ) ) ;
#5727 = AXIS2_PLACEMENT_3D ( 'NONE', #7462, #6976, #3460 ) ;
#5728 = FILL_AREA_STYLE ('',( #2914 ) ) ;
#5729 = FILL_AREA_STYLE ('',( #6320 ) ) ;
#5730 = ORIENTED_EDGE ( 'NONE', *, *, #2193, .F. ) ;
#5731 = CARTESIAN_POINT ( 'NONE',  ( 2.105000000000000870, 1.974999999999999867, -0.1000000000000000194 ) ) ;
#5732 = COLOUR_RGB ( '',0.2862745098039215508, 0.2862745098039215508, 0.2862745098039215508 ) ;
#5733 = CARTESIAN_POINT ( 'NONE',  ( -1.751524337873328729, -0.9747751063606726607, 0.7750000000000000222 ) ) ;
#5734 = DIRECTION ( 'NONE',  ( 0.000000000000000000, 0.000000000000000000, -1.000000000000000000 ) ) ;
#5735 = CARTESIAN_POINT ( 'NONE',  ( -2.375409738600887000, -1.949998880753508246, 0.1000106489190369513 ) ) ;
#5736 = SURFACE_STYLE_USAGE ( .BOTH. , #1472 ) ;
#5737 = MECHANICAL_DESIGN_GEOMETRIC_PRESENTATION_REPRESENTATION (  '', ( #3670 ), #5501 ) ;
#5738 = DIRECTION ( 'NONE',  ( 0.000000000000000000, -0.06975647374412530244, -0.9975640502598243087 ) ) ;
#5739 = LINE ( 'NONE', #4043, #660 ) ;
#5740 = EDGE_LOOP ( 'NONE', ( #283, #5730, #6765, #5198 ) ) ;
#5741 = CYLINDRICAL_SURFACE ( 'NONE', #4216, 0.1000000000000000472 ) ;
#5742 = ORIENTED_EDGE ( 'NONE', *, *, #1421, .T. ) ;
#5743 = VECTOR ( 'NONE', #3406, 1000.000000000000000 ) ;
#5744 = SURFACE_SIDE_STYLE ('',( #3906 ) ) ;
#5745 = SURFACE_STYLE_FILL_AREA ( #7501 ) ;
#5746 = LINE ( 'NONE', #4053, #3822 ) ;
#5747 = VERTEX_POINT ( 'NONE', #4115 ) ;
#5748 = UNCERTAINTY_MEASURE_WITH_UNIT (LENGTH_MEASURE( 1.000000000000000082E-05 ), #3287, 'distance_accuracy_value', 'NONE');
#5749 = DIRECTION ( 'NONE',  ( 1.000000000000000000, 0.000000000000000000, 0.000000000000000000 ) ) ;
#5750 = EDGE_CURVE ( 'NONE', #2509, #3902, #3524, .T. ) ;
#5751 = AXIS2_PLACEMENT_3D ( 'NONE', #1734, #1082, #5039 ) ;
#5752 = EDGE_CURVE ( 'NONE', #3471, #1787, #571, .T. ) ;
#5753 = CARTESIAN_POINT ( 'NONE',  ( -2.104999999999999094, 1.974999999999999867, -0.1000000000000000194 ) ) ;
#5754 = LINE ( 'NONE', #3877, #5079 ) ;
#5755 = CARTESIAN_POINT ( 'NONE',  ( 2.375136580382892326, 1.950000000000000178, -0.09999999999999982514 ) ) ;
#5756 = PRESENTATION_STYLE_ASSIGNMENT (( #2869 ) ) ;
#5757 =( NAMED_UNIT ( * ) PLANE_ANGLE_UNIT ( ) SI_UNIT ( $, .RADIAN. ) );
#5758 = DIRECTION ( 'NONE',  ( 0.000000000000000000, 0.000000000000000000, -1.000000000000000000 ) ) ;
#5759 =( GEOMETRIC_REPRESENTATION_CONTEXT ( 3 ) GLOBAL_UNCERTAINTY_ASSIGNED_CONTEXT ( ( #5283 ) ) GLOBAL_UNIT_ASSIGNED_CONTEXT ( ( #4924, #3684, #6186 ) ) REPRESENTATION_CONTEXT ( 'NONE', 'WORKASPACE' ) );
#5760 =( LENGTH_UNIT ( ) NAMED_UNIT ( * ) SI_UNIT ( .MILLI., .METRE. ) );
#5761 = CARTESIAN_POINT ( 'NONE',  ( -0.8349999999999991873, 2.233675748954446760, -0.03254124689585519842 ) ) ;
#5762 = EDGE_CURVE ( 'NONE', #6389, #5533, #4548, .T. ) ;
#5763 = CYLINDRICAL_SURFACE ( 'NONE', #469, 0.1000000000000000472 ) ;
#5764 = CARTESIAN_POINT ( 'NONE',  ( 0.8350000000000008527, 3.000000000000000000, -0.9250000000000000444 ) ) ;
#5765 = LINE ( 'NONE', #2875, #306 ) ;
#5766 = AXIS2_PLACEMENT_3D ( 'NONE', #2273, #2315, #140 ) ;
#5767 = CARTESIAN_POINT ( 'NONE',  ( -0.4349999999999991651, -2.233675748954446316, -0.03254124689585535107 ) ) ;
#5768 = DIRECTION ( 'NONE',  ( 1.000000000000000000, -0.000000000000000000, 0.000000000000000000 ) ) ;
#5769 = ORIENTED_EDGE ( 'NONE', *, *, #2062, .F. ) ;
#5770 = LINE ( 'NONE', #5266, #93 ) ;
#5771 =( NAMED_UNIT ( * ) SI_UNIT ( $, .STERADIAN. ) SOLID_ANGLE_UNIT ( ) );
#5772 = DIRECTION ( 'NONE',  ( 0.000000000000000000, 1.000000000000000000, 0.000000000000000000 ) ) ;
#5773 = FILL_AREA_STYLE_COLOUR ( '', #5163 ) ;
#5774 = PLANE ( 'NONE',  #7240 ) ;
#5775 =( NAMED_UNIT ( * ) PLANE_ANGLE_UNIT ( ) SI_UNIT ( $, .RADIAN. ) );
#5776 = EDGE_CURVE ( 'NONE', #139, #4575, #2882, .T. ) ;
#5777 =( NAMED_UNIT ( * ) PLANE_ANGLE_UNIT ( ) SI_UNIT ( $, .RADIAN. ) );
#5778 = EDGE_LOOP ( 'NONE', ( #4112, #2732, #1507, #3236 ) ) ;
#5779 = VERTEX_POINT ( 'NONE', #5233 ) ;
#5780 = EDGE_CURVE ( 'NONE', #5630, #558, #2318, .T. ) ;
#5781 = CARTESIAN_POINT ( 'NONE',  ( -0.8349999999999991873, 1.974999999999999867, -0.1000000000000000194 ) ) ;
#5782 = COLOUR_RGB ( '',0.2862745098039215508, 0.2862745098039215508, 0.2862745098039215508 ) ;
#5783 = DIRECTION ( 'NONE',  ( -0.9945218953682732899, 0.000000000000000000, 0.1045284632676541231 ) ) ;
#5784 = FILL_AREA_STYLE_COLOUR ( '', #6146 ) ;
#5785 = DIRECTION ( 'NONE',  ( 0.000000000000000000, -1.000000000000000000, 0.000000000000000000 ) ) ;
#5786 = PLANE ( 'NONE',  #127 ) ;
#5787 = CIRCLE ( 'NONE', #6043, 0.1999999999999978184 ) ;
#5788 = CARTESIAN_POINT ( 'NONE',  ( -0.8349999999999991873, -2.233675748954446760, -0.03254124689585519842 ) ) ;
#5789 = VECTOR ( 'NONE', #6170, 1000.000000000000114 ) ;
#5790 = DIRECTION ( 'NONE',  ( 1.000000000000000000, 0.000000000000000000, 0.000000000000000000 ) ) ;
#5791 = PRESENTATION_STYLE_ASSIGNMENT (( #5368 ) ) ;
#5792 = AXIS2_PLACEMENT_3D ( 'NONE', #990, #3740, #7405 ) ;
#5793 = MECHANICAL_DESIGN_GEOMETRIC_PRESENTATION_REPRESENTATION (  '', ( #946 ), #3601 ) ;
#5794 = CARTESIAN_POINT ( 'NONE',  ( -2.344028141651120389, -1.897061150240112459, 0.4437799732985454604 ) ) ;
#5795 = LINE ( 'NONE', #1320, #1841 ) ;
#5796 = DIRECTION ( 'NONE',  ( 0.000000000000000000, 0.000000000000000000, 1.000000000000000000 ) ) ;
#5797 = VERTEX_POINT ( 'NONE', #5857 ) ;
#5798 = PLANE ( 'NONE',  #6193 ) ;
#5799 = ORIENTED_EDGE ( 'NONE', *, *, #896, .F. ) ;
#5800 = CARTESIAN_POINT ( 'NONE',  ( -2.104999999999999094, 2.533419388043264942, -0.6918851256749790624 ) ) ;
#5801 = MECHANICAL_DESIGN_GEOMETRIC_PRESENTATION_REPRESENTATION (  '', ( #6301 ), #6810 ) ;
#5802 = CARTESIAN_POINT ( 'NONE',  ( -0.8349999999999991873, 2.468279889073774935, -0.6873301281804449214 ) ) ;
#5803 = LINE ( 'NONE', #7030, #4732 ) ;
#5804 = SURFACE_STYLE_USAGE ( .BOTH. , #1755 ) ;
#5805 = CARTESIAN_POINT ( 'NONE',  ( -2.374999999999998668, -1.875000000000000000, 0.1000000000000000056 ) ) ;
#5806 = DIRECTION ( 'NONE',  ( 0.000000000000000000, 1.000000000000000000, 0.000000000000000000 ) ) ;
#5807 = AXIS2_PLACEMENT_3D ( 'NONE', #3665, #4172, #169 ) ;
#5808 = DIRECTION ( 'NONE',  ( -0.000000000000000000, -0.000000000000000000, 1.000000000000000000 ) ) ;
#5809 =( LENGTH_UNIT ( ) NAMED_UNIT ( * ) SI_UNIT ( .MILLI., .METRE. ) );
#5810 = ORIENTED_EDGE ( 'NONE', *, *, #1966, .T. ) ;
#5811 = DIRECTION ( 'NONE',  ( 0.000000000000000000, 0.3372937655207292607, 0.9413994453688865338 ) ) ;
#5812 =( LENGTH_UNIT ( ) NAMED_UNIT ( * ) SI_UNIT ( .MILLI., .METRE. ) );
#5813 = EDGE_CURVE ( 'NONE', #383, #1844, #6995, .T. ) ;
#5814 = EDGE_CURVE ( 'NONE', #845, #3788, #649, .T. ) ;
#5815 = CARTESIAN_POINT ( 'NONE',  ( -2.449998880753506469, -1.875409738600887444, 0.1000106489190368680 ) ) ;
#5816 =( NAMED_UNIT ( * ) PLANE_ANGLE_UNIT ( ) SI_UNIT ( $, .RADIAN. ) );
#5817 = CARTESIAN_POINT ( 'NONE',  ( 0.8350000000000008527, -2.279999999999998028, -0.7547888812845857665 ) ) ;
#5818 = ORIENTED_EDGE ( 'NONE', *, *, #4854, .F. ) ;
#5819 = ADVANCED_FACE ( 'NONE', ( #1798 ), #2964, .T. ) ;
#5820 = VECTOR ( 'NONE', #6713, 1000.000000000000000 ) ;
#5821 = VECTOR ( 'NONE', #5806, 1000.000000000000000 ) ;
#5822 = PRODUCT_DEFINITION_SHAPE ( 'NONE', 'NONE',  #6454 ) ;
#5823 = DIRECTION ( 'NONE',  ( 1.000000000000000000, 0.000000000000000000, 0.000000000000000000 ) ) ;
#5824 = ORIENTED_EDGE ( 'NONE', *, *, #6542, .T. ) ;
#5825 =( NAMED_UNIT ( * ) PLANE_ANGLE_UNIT ( ) SI_UNIT ( $, .RADIAN. ) );
#5826 = VECTOR ( 'NONE', #805, 1000.000000000000000 ) ;
#5827 = PRESENTATION_STYLE_ASSIGNMENT (( #41 ) ) ;
#5828 = DIRECTION ( 'NONE',  ( 1.000000000000000000, 0.000000000000000000, 0.000000000000000000 ) ) ;
#5829 = AXIS2_PLACEMENT_3D ( 'NONE', #7398, #5645, #6941 ) ;
#5830 = DIRECTION ( 'NONE',  ( 0.000000000000000000, 1.000000000000000000, 0.000000000000000000 ) ) ;
#5831 = ORIENTED_EDGE ( 'NONE', *, *, #1463, .F. ) ;
#5832 = UNCERTAINTY_MEASURE_WITH_UNIT (LENGTH_MEASURE( 1.000000000000000082E-05 ), #3487, 'distance_accuracy_value', 'NONE');
#5833 = UNCERTAINTY_MEASURE_WITH_UNIT (LENGTH_MEASURE( 1.000000000000000082E-05 ), #1194, 'distance_accuracy_value', 'NONE');
#5834 = CARTESIAN_POINT ( 'NONE',  ( -2.449999999999998401, 1.949999999999999956, 0.1000000000000000056 ) ) ;
#5835 = CARTESIAN_POINT ( 'NONE',  ( -2.311524337873329227, 1.811524337873330115, -0.6999999999999999556 ) ) ;
#5836 = AXIS2_PLACEMENT_3D ( 'NONE', #6228, #6120, #6699 ) ;
#5837 = COLOUR_RGB ( '',0.8039215686274510109, 0.8039215686274510109, 0.8039215686274510109 ) ;
#5838 = ADVANCED_FACE ( 'NONE', ( #3108 ), #4827, .T. ) ;
#5839 = CARTESIAN_POINT ( 'NONE',  ( 0.8350000000000008527, -3.000000000000000000, -0.9250000000000000444 ) ) ;
#5840 = CARTESIAN_POINT ( 'NONE',  ( -0.4349999999999991651, 3.000000000000000000, -0.7245116203837658198 ) ) ;
#5841 = ORIENTED_EDGE ( 'NONE', *, *, #536, .T. ) ;
#5842 =( LENGTH_UNIT ( ) NAMED_UNIT ( * ) SI_UNIT ( .MILLI., .METRE. ) );
#5843 = VERTEX_POINT ( 'NONE', #4746 ) ;
#5844 = EDGE_LOOP ( 'NONE', ( #7408, #1867, #1971 ) ) ;
#5845 =( NAMED_UNIT ( * ) SI_UNIT ( $, .STERADIAN. ) SOLID_ANGLE_UNIT ( ) );
#5846 = PRESENTATION_LAYER_ASSIGNMENT (  '', '', ( #1367 ) ) ;
#5847 = AXIS2_PLACEMENT_3D ( 'NONE', #3206, #1506, #3798 ) ;
#5848 = UNCERTAINTY_MEASURE_WITH_UNIT (LENGTH_MEASURE( 1.000000000000000082E-05 ), #5466, 'distance_accuracy_value', 'NONE');
#5849 = CARTESIAN_POINT ( 'NONE',  ( 1.705000000000000959, 3.000000000000000000, -0.7245116203837658198 ) ) ;
#5850 = LINE ( 'NONE', #2572, #7215 ) ;
#5851 = FILL_AREA_STYLE_COLOUR ( '', #3381 ) ;
#5852 = CARTESIAN_POINT ( 'NONE',  ( -0.8349999999999991873, 2.279999999999998028, -0.7547888812845857665 ) ) ;
#5853 =( NAMED_UNIT ( * ) PLANE_ANGLE_UNIT ( ) SI_UNIT ( $, .RADIAN. ) );
#5854 = VERTEX_POINT ( 'NONE', #1340 ) ;
#5855 = FILL_AREA_STYLE ('',( #2997 ) ) ;
#5856 = CARTESIAN_POINT ( 'NONE',  ( 2.323257295734052708, -1.897846437886671955, -0.5962079975321372682 ) ) ;
#5857 = CARTESIAN_POINT ( 'NONE',  ( -2.311524337873329227, -1.811524337873330115, -0.7750000000000000222 ) ) ;
#5858 = DIRECTION ( 'NONE',  ( 1.000000000000000000, 0.000000000000000000, 0.000000000000000000 ) ) ;
#5859 =( NAMED_UNIT ( * ) SI_UNIT ( $, .STERADIAN. ) SOLID_ANGLE_UNIT ( ) );
#5860 = FILL_AREA_STYLE ('',( #5309 ) ) ;
#5861 = FILL_AREA_STYLE_COLOUR ( '', #3082 ) ;
#5862 = ADVANCED_FACE ( 'NONE', ( #2195 ), #5575, .T. ) ;
#5863 = ORIENTED_EDGE ( 'NONE', *, *, #2360, .F. ) ;
#5864 = VECTOR ( 'NONE', #7284, 1000.000000000000000 ) ;
#5865 = ORIENTED_EDGE ( 'NONE', *, *, #3677, .T. ) ;
#5866 = STYLED_ITEM ( 'NONE', ( #7002 ), #2521 ) ;
#5867 = FILL_AREA_STYLE_COLOUR ( '', #6061 ) ;
#5868 = EDGE_CURVE ( 'NONE', #112, #1347, #5054, .T. ) ;
#5869 = DIRECTION ( 'NONE',  ( 0.000000000000000000, 0.9413994453688866448, -0.3372937655207293162 ) ) ;
#5870 = COLOUR_RGB ( '',0.2862745098039215508, 0.2862745098039215508, 0.2862745098039215508 ) ;
#5871 = CARTESIAN_POINT ( 'NONE',  ( 2.449998880753508690, 1.875409738600887888, 0.1000106489190328019 ) ) ;
#5872 = FACE_OUTER_BOUND ( 'NONE', #1165, .T. ) ;
#5873 = AXIS2_PLACEMENT_3D ( 'NONE', #2616, #3104, #1441 ) ;
#5874 =( LENGTH_UNIT ( ) NAMED_UNIT ( * ) SI_UNIT ( .MILLI., .METRE. ) );
#5875 = EDGE_LOOP ( 'NONE', ( #4206, #168, #2954, #6612 ) ) ;
#5876 = AXIS2_PLACEMENT_3D ( 'NONE', #1116, #1767, #4596 ) ;
#5877 = EDGE_CURVE ( 'NONE', #5317, #6884, #3846, .T. ) ;
#5878 = CYLINDRICAL_SURFACE ( 'NONE', #6384, 0.1999999999999978184 ) ;
#5879 = LINE ( 'NONE', #1856, #1951 ) ;
#5880 = VERTEX_POINT ( 'NONE', #4462 ) ;
#5881 = AXIS2_PLACEMENT_3D ( 'NONE', #6991, #7035, #3367 ) ;
#5882 = ORIENTED_EDGE ( 'NONE', *, *, #6932, .F. ) ;
#5883 = CARTESIAN_POINT ( 'NONE',  ( -2.311524337873328783, -1.587808114949663452, 0.7530330085889913594 ) ) ;
#5884 = LINE ( 'NONE', #675, #6227 ) ;
#5885 = DIRECTION ( 'NONE',  ( 0.1039620511844986106, 0.1039620511844980277, 0.9891328443778538704 ) ) ;
#5886 = FACE_OUTER_BOUND ( 'NONE', #7137, .T. ) ;
#5887 = VECTOR ( 'NONE', #6074, 1000.000000000000000 ) ;
#5888 = DIRECTION ( 'NONE',  ( -1.000000000000000000, -0.000000000000000000, -0.000000000000000000 ) ) ;
#5889 = FILL_AREA_STYLE_COLOUR ( '', #6894 ) ;
#5890 = CARTESIAN_POINT ( 'NONE',  ( 2.376217025357844292, 1.950806167510463762, 0.09232982849429272054 ) ) ;
#5891 = VERTEX_POINT ( 'NONE', #6205 ) ;
#5892 = DIRECTION ( 'NONE',  ( 0.000000000000000000, 1.000000000000000000, 0.000000000000000000 ) ) ;
#5893 = CARTESIAN_POINT ( 'NONE',  ( 0.8350000000000008527, 1.949999999999999956, 0.09999999999999999167 ) ) ;
#5894 = CARTESIAN_POINT ( 'NONE',  ( -0.8349999999999991873, 1.949999999999999956, 0.09999999999999999167 ) ) ;
#5895 = LINE ( 'NONE', #2924, #4453 ) ;
#5896 =( NAMED_UNIT ( * ) PLANE_ANGLE_UNIT ( ) SI_UNIT ( $, .RADIAN. ) );
#5897 = DIRECTION ( 'NONE',  ( 1.000000000000000000, 0.000000000000000000, 0.000000000000000000 ) ) ;
#5898 =( NAMED_UNIT ( * ) SI_UNIT ( $, .STERADIAN. ) SOLID_ANGLE_UNIT ( ) );
#5899 = ORIENTED_EDGE ( 'NONE', *, *, #105, .F. ) ;
#5900 = VERTEX_POINT ( 'NONE', #351 ) ;
#5901 = CARTESIAN_POINT ( 'NONE',  ( 0.8350000000000008527, -2.069139944536888986, -0.1662706234479273959 ) ) ;
#5902 =( LENGTH_UNIT ( ) NAMED_UNIT ( * ) SI_UNIT ( .MILLI., .METRE. ) );
#5903 =( NAMED_UNIT ( * ) SI_UNIT ( $, .STERADIAN. ) SOLID_ANGLE_UNIT ( ) );
#5904 = EDGE_CURVE ( 'NONE', #5843, #5459, #2654, .T. ) ;
#5905 = ORIENTED_EDGE ( 'NONE', *, *, #2243, .F. ) ;
#5906 = DIRECTION ( 'NONE',  ( 0.000000000000000000, 1.000000000000000000, 0.000000000000000000 ) ) ;
#5907 = UNCERTAINTY_MEASURE_WITH_UNIT (LENGTH_MEASURE( 1.000000000000000082E-05 ), #1110, 'distance_accuracy_value', 'NONE');
#5908 = ADVANCED_FACE ( 'NONE', ( #6131 ), #2723, .T. ) ;
#5909 = UNCERTAINTY_MEASURE_WITH_UNIT (LENGTH_MEASURE( 1.000000000000000082E-05 ), #2230, 'distance_accuracy_value', 'NONE');
#5910 = DIRECTION ( 'NONE',  ( -0.000000000000000000, 1.000000000000000000, -0.000000000000000000 ) ) ;
#5911 = DIRECTION ( 'NONE',  ( 0.000000000000000000, 0.3372937655207250973, -0.9413994453688879771 ) ) ;
#5912 = ORIENTED_EDGE ( 'NONE', *, *, #5954, .T. ) ;
#5913 =( NAMED_UNIT ( * ) PLANE_ANGLE_UNIT ( ) SI_UNIT ( $, .RADIAN. ) );
#5914 =( NAMED_UNIT ( * ) SI_UNIT ( $, .STERADIAN. ) SOLID_ANGLE_UNIT ( ) );
#5915 = CARTESIAN_POINT ( 'NONE',  ( 1.705000000000000959, 1.974999999999999867, -0.1000000000000000194 ) ) ;
#5916 =( LENGTH_UNIT ( ) NAMED_UNIT ( * ) SI_UNIT ( .MILLI., .METRE. ) );
#5917 = DIRECTION ( 'NONE',  ( 1.000000000000000000, 0.000000000000000000, 0.000000000000000000 ) ) ;
#5918 =( NAMED_UNIT ( * ) SI_UNIT ( $, .STERADIAN. ) SOLID_ANGLE_UNIT ( ) );
#5919 = PRESENTATION_LAYER_ASSIGNMENT (  '', '', ( #946 ) ) ;
#5920 = PRESENTATION_STYLE_ASSIGNMENT (( #645 ) ) ;
#5921 = DIRECTION ( 'NONE',  ( 0.000000000000000000, -0.3372937655207250973, -0.9413994453688880881 ) ) ;
#5922 = ORIENTED_EDGE ( 'NONE', *, *, #4673, .F. ) ;
#5923 = DIRECTION ( 'NONE',  ( 0.000000000000000000, 0.000000000000000000, -1.000000000000000000 ) ) ;
#5924 =( NAMED_UNIT ( * ) SI_UNIT ( $, .STERADIAN. ) SOLID_ANGLE_UNIT ( ) );
#5925 = EDGE_CURVE ( 'NONE', #1075, #5238, #1598, .T. ) ;
#5926 = PRESENTATION_LAYER_ASSIGNMENT (  '', '', ( #3607 ) ) ;
#5927 = ORIENTED_EDGE ( 'NONE', *, *, #4300, .F. ) ;
#5928 = DIRECTION ( 'NONE',  ( 0.000000000000000000, 0.7071067811865512365, 0.7071067811865439090 ) ) ;
#5929 = FILL_AREA_STYLE ('',( #4634 ) ) ;
#5930 = STYLED_ITEM ( 'NONE', ( #2283 ), #4951 ) ;
#5931 = VECTOR ( 'NONE', #196, 1000.000000000000000 ) ;
#5932 = FILL_AREA_STYLE ('',( #1842 ) ) ;
#5933 = PRESENTATION_STYLE_ASSIGNMENT (( #3602 ) ) ;
#5934 = ORIENTED_EDGE ( 'NONE', *, *, #5095, .F. ) ;
#5935 = LINE ( 'NONE', #3008, #3756 ) ;
#5936 = VECTOR ( 'NONE', #6323, 1000.000000000000000 ) ;
#5937 = ORIENTED_EDGE ( 'NONE', *, *, #400, .F. ) ;
#5938 = LINE ( 'NONE', #730, #4802 ) ;
#5939 = AXIS2_PLACEMENT_3D ( 'NONE', #5382, #4283, #5574 ) ;
#5940 =( NAMED_UNIT ( * ) PLANE_ANGLE_UNIT ( ) SI_UNIT ( $, .RADIAN. ) );
#5941 = PRESENTATION_STYLE_ASSIGNMENT (( #1810 ) ) ;
#5942 = SURFACE_SIDE_STYLE ('',( #2412 ) ) ;
#5943 = DIRECTION ( 'NONE',  ( 0.000000000000000000, -1.000000000000000000, 0.000000000000000000 ) ) ;
#5944 = LINE ( 'NONE', #735, #1368 ) ;
#5945 = SURFACE_STYLE_USAGE ( .BOTH. , #4768 ) ;
#5946 = MECHANICAL_DESIGN_GEOMETRIC_PRESENTATION_REPRESENTATION (  '', ( #3745 ), #4823 ) ;
#5947 = STYLED_ITEM ( 'NONE', ( #1432 ), #5425 ) ;
#5948 = DIRECTION ( 'NONE',  ( 5.782411586589358033E-15, 0.000000000000000000, -1.000000000000000000 ) ) ;
#5949 = PRESENTATION_LAYER_ASSIGNMENT (  '', '', ( #4957 ) ) ;
#5950 = VECTOR ( 'NONE', #1476, 1000.000000000000000 ) ;
#5951 = EDGE_CURVE ( 'NONE', #7326, #5021, #2754, .T. ) ;
#5952 = FILL_AREA_STYLE ('',( #95 ) ) ;
#5953 = LINE ( 'NONE', #4061, #2191 ) ;
#5954 = EDGE_CURVE ( 'NONE', #638, #5797, #3358, .T. ) ;
#5955 = ORIENTED_EDGE ( 'NONE', *, *, #6107, .F. ) ;
#5956 = DIRECTION ( 'NONE',  ( -1.000000000000000000, -0.000000000000000000, -0.000000000000000000 ) ) ;
#5957 = ORIENTED_EDGE ( 'NONE', *, *, #1732, .T. ) ;
#5958 = DIRECTION ( 'NONE',  ( 1.000000000000000000, 0.000000000000000000, 0.000000000000000000 ) ) ;
#5959 = MECHANICAL_DESIGN_GEOMETRIC_PRESENTATION_REPRESENTATION (  '', ( #279 ), #399 ) ;
#5960 = CARTESIAN_POINT ( 'NONE',  ( -2.104999999999999094, -2.280000000000000249, -0.7547888812845849893 ) ) ;
#5961 = COLOUR_RGB ( '',0.2862745098039215508, 0.2862745098039215508, 0.2862745098039215508 ) ;
#5962 = LINE ( 'NONE', #754, #4318 ) ;
#5963 =( GEOMETRIC_REPRESENTATION_CONTEXT ( 3 ) GLOBAL_UNCERTAINTY_ASSIGNED_CONTEXT ( ( #2087 ) ) GLOBAL_UNIT_ASSIGNED_CONTEXT ( ( #1526, #3298, #4983 ) ) REPRESENTATION_CONTEXT ( 'NONE', 'WORKASPACE' ) );
#5964 = FILL_AREA_STYLE ('',( #822 ) ) ;
#5965 = ORIENTED_EDGE ( 'NONE', *, *, #992, .F. ) ;
#5966 = DIRECTION ( 'NONE',  ( -1.000000000000000000, -0.000000000000000000, -0.000000000000000000 ) ) ;
#5967 = FILL_AREA_STYLE ('',( #326 ) ) ;
#5968 = MECHANICAL_DESIGN_GEOMETRIC_PRESENTATION_REPRESENTATION (  '', ( #4000 ), #172 ) ;
#5969 = DIRECTION ( 'NONE',  ( 0.000000000000000000, -0.3372937655207292607, 0.9413994453688865338 ) ) ;
#5970 = FILL_AREA_STYLE_COLOUR ( '', #902 ) ;
#5971 = ORIENTED_EDGE ( 'NONE', *, *, #617, .T. ) ;
#5972 =( BOUNDED_CURVE ( )  B_SPLINE_CURVE ( 3, ( #5547, #2244, #1032, #2668 ),
 .UNSPECIFIED., .F., .F. ) 
 B_SPLINE_CURVE_WITH_KNOTS ( ( 4, 4 ),
 ( 5.503250352303677317, 7.063120262055495147 ),
 .UNSPECIFIED. ) 
 CURVE ( )  GEOMETRIC_REPRESENTATION_ITEM ( )  RATIONAL_B_SPLINE_CURVE ( ( 1.000000000000000000, 0.8073061876036311535, 0.8073061876036311535, 1.000000000000000000 ) ) 
 REPRESENTATION_ITEM ( '' )  );
#5973 = AXIS2_PLACEMENT_3D ( 'NONE', #2044, #1481, #2679 ) ;
#5974 = CARTESIAN_POINT ( 'NONE',  ( 2.311524337873331447, -1.811524337873330115, -0.6999999999999999556 ) ) ;
#5975 = COLOUR_RGB ( '',0.8039215686274510109, 0.8039215686274510109, 0.8039215686274510109 ) ;
#5976 = FILL_AREA_STYLE ('',( #5397 ) ) ;
#5977 = FACE_OUTER_BOUND ( 'NONE', #4322, .T. ) ;
#5978 = LINE ( 'NONE', #153, #6395 ) ;
#5979 = SURFACE_STYLE_FILL_AREA ( #7163 ) ;
#5980 = SURFACE_SIDE_STYLE ('',( #5324 ) ) ;
#5981 = DIRECTION ( 'NONE',  ( 0.000000000000000000, 0.000000000000000000, -1.000000000000000000 ) ) ;
#5982 = PRESENTATION_STYLE_ASSIGNMENT (( #3717 ) ) ;
#5983 = ORIENTED_EDGE ( 'NONE', *, *, #6005, .F. ) ;
#5984 = CARTESIAN_POINT ( 'NONE',  ( -2.311524337873329227, 1.811524337873330115, 0.6999999999999999556 ) ) ;
#5985 = UNCERTAINTY_MEASURE_WITH_UNIT (LENGTH_MEASURE( 1.000000000000000082E-05 ), #7252, 'distance_accuracy_value', 'NONE');
#5986 = UNCERTAINTY_MEASURE_WITH_UNIT (LENGTH_MEASURE( 1.000000000000000082E-05 ), #5492, 'distance_accuracy_value', 'NONE');
#5987 = DIRECTION ( 'NONE',  ( 0.000000000000000000, -0.06975647374412557999, 0.9975640502598243087 ) ) ;
#5988 = FILL_AREA_STYLE_COLOUR ( '', #983 ) ;
#5989 = STYLED_ITEM ( 'NONE', ( #7121 ), #2532 ) ;
#5990 = DIRECTION ( 'NONE',  ( 0.000000000000000000, -0.3372937655207292607, 0.9413994453688865338 ) ) ;
#5991 = VERTEX_POINT ( 'NONE', #3433 ) ;
#5992 = FILL_AREA_STYLE_COLOUR ( '', #4679 ) ;
#5993 = AXIS2_PLACEMENT_3D ( 'NONE', #6615, #94, #6578 ) ;
#5994 = VERTEX_POINT ( 'NONE', #526 ) ;
#5995 = CARTESIAN_POINT ( 'NONE',  ( 2.344028141651122610, -1.918617283803742302, 0.3985865994546281543 ) ) ;
#5996 = UNCERTAINTY_MEASURE_WITH_UNIT (LENGTH_MEASURE( 1.000000000000000082E-05 ), #6332, 'distance_accuracy_value', 'NONE');
#5997 = DIRECTION ( 'NONE',  ( 0.000000000000000000, 1.000000000000000000, 0.000000000000000000 ) ) ;
#5998 = EDGE_CURVE ( 'NONE', #3081, #257, #1628, .T. ) ;
#5999 = CIRCLE ( 'NONE', #7492, 0.1000000000000000472 ) ;
#6000 = LINE ( 'NONE', #5890, #6957 ) ;
#6001 = ORIENTED_EDGE ( 'NONE', *, *, #6918, .T. ) ;
#6002 = CARTESIAN_POINT ( 'NONE',  ( -2.104999999999999094, -1.974999999999999867, -0.1999999999999999833 ) ) ;
#6003 =( NAMED_UNIT ( * ) SI_UNIT ( $, .STERADIAN. ) SOLID_ANGLE_UNIT ( ) );
#6004 = LINE ( 'NONE', #4148, #3121 ) ;
#6005 = EDGE_CURVE ( 'NONE', #3272, #3744, #5944, .T. ) ;
#6006 = CARTESIAN_POINT ( 'NONE',  ( 0.4350000000000009415, -3.000000000000000000, -0.9250000000000000444 ) ) ;
#6007 = CYLINDRICAL_SURFACE ( 'NONE', #5600, 0.1999999999999978184 ) ;
#6008 = DIRECTION ( 'NONE',  ( 0.000000000000000000, -0.3372937655207292607, 0.9413994453688865338 ) ) ;
#6009 = SURFACE_SIDE_STYLE ('',( #7188 ) ) ;
#6010 = EDGE_CURVE ( 'NONE', #178, #7309, #2832, .T. ) ;
#6011 =( NAMED_UNIT ( * ) PLANE_ANGLE_UNIT ( ) SI_UNIT ( $, .RADIAN. ) );
#6012 = VECTOR ( 'NONE', #4933, 1000.000000000000114 ) ;
#6013 = FACE_OUTER_BOUND ( 'NONE', #7026, .T. ) ;
#6014 = ADVANCED_FACE ( 'NONE', ( #5362 ), #2304, .T. ) ;
#6015 = DIRECTION ( 'NONE',  ( 0.000000000000000000, -0.9975640502598243087, -0.06975647374412557999 ) ) ;
#6016 = ORIENTED_EDGE ( 'NONE', *, *, #862, .F. ) ;
#6017 = AXIS2_PLACEMENT_3D ( 'NONE', #2526, #2372, #1883 ) ;
#6018 = EDGE_CURVE ( 'NONE', #6611, #4545, #1746, .T. ) ;
#6019 = DIRECTION ( 'NONE',  ( 0.000000000000000000, 0.000000000000000000, -1.000000000000000000 ) ) ;
#6020 =( BOUNDED_CURVE ( )  B_SPLINE_CURVE ( 3, ( #155, #5755, #3953, #3468 ),
 .UNSPECIFIED., .F., .F. ) 
 B_SPLINE_CURVE_WITH_KNOTS ( ( 4, 4 ),
 ( 3.141592653589793116, 3.147055862111332036 ),
 .UNSPECIFIED. ) 
 CURVE ( )  GEOMETRIC_REPRESENTATION_ITEM ( )  RATIONAL_B_SPLINE_CURVE ( ( 1.000000000000000000, 0.9999975127809339615, 0.9999975127809339615, 1.000000000000000000 ) ) 
 REPRESENTATION_ITEM ( '' )  );
#6021 = CARTESIAN_POINT ( 'NONE',  ( -2.104999999999999094, 2.279999999999998028, -0.7547888812845857665 ) ) ;
#6022 = PRESENTATION_STYLE_ASSIGNMENT (( #227 ) ) ;
#6023 = LINE ( 'NONE', #7315, #405 ) ;
#6024 = ORIENTED_EDGE ( 'NONE', *, *, #6010, .F. ) ;
#6025 =( NAMED_UNIT ( * ) PLANE_ANGLE_UNIT ( ) SI_UNIT ( $, .RADIAN. ) );
#6026 = DIRECTION ( 'NONE',  ( 0.000000000000000000, 0.9975640502598243087, -0.06975647374412557999 ) ) ;
#6027 = FILL_AREA_STYLE_COLOUR ( '', #210 ) ;
#6028 = CARTESIAN_POINT ( 'NONE',  ( 0.4350000000000009415, -2.533419388043264942, -0.6918851256749790624 ) ) ;
#6029 = PRESENTATION_STYLE_ASSIGNMENT (( #310 ) ) ;
#6030 =( NAMED_UNIT ( * ) SI_UNIT ( $, .STERADIAN. ) SOLID_ANGLE_UNIT ( ) );
#6031 = EDGE_CURVE ( 'NONE', #1787, #6645, #6020, .T. ) ;
#6032 =( GEOMETRIC_REPRESENTATION_CONTEXT ( 3 ) GLOBAL_UNCERTAINTY_ASSIGNED_CONTEXT ( ( #4491 ) ) GLOBAL_UNIT_ASSIGNED_CONTEXT ( ( #5874, #7503, #4018 ) ) REPRESENTATION_CONTEXT ( 'NONE', 'WORKASPACE' ) );
#6033 = SURFACE_STYLE_FILL_AREA ( #4418 ) ;
#6034 = ORIENTED_EDGE ( 'NONE', *, *, #4709, .T. ) ;
#6035 =( NAMED_UNIT ( * ) PLANE_ANGLE_UNIT ( ) SI_UNIT ( $, .RADIAN. ) );
#6036 = MECHANICAL_DESIGN_GEOMETRIC_PRESENTATION_REPRESENTATION (  '', ( #689 ), #2745 ) ;
#6037 = CARTESIAN_POINT ( 'NONE',  ( -2.449999999999998401, 1.949999999999999956, -0.1000000000000000056 ) ) ;
#6038 = VERTEX_POINT ( 'NONE', #1668 ) ;
#6039 = DIRECTION ( 'NONE',  ( 1.000000000000000000, 0.000000000000000000, 0.000000000000000000 ) ) ;
#6040 = FACE_OUTER_BOUND ( 'NONE', #33, .T. ) ;
#6041 = PRESENTATION_STYLE_ASSIGNMENT (( #7185 ) ) ;
#6042 = CARTESIAN_POINT ( 'NONE',  ( 0.8350000000000008527, 2.454328594324949986, -0.8868429382324097832 ) ) ;
#6043 = AXIS2_PLACEMENT_3D ( 'NONE', #1139, #3364, #6442 ) ;
#6044 = STYLED_ITEM ( 'NONE', ( #1149 ), #4605 ) ;
#6045 = DIRECTION ( 'NONE',  ( -0.07411551268475097265, -0.7051619993942833675, -0.7051619993942762621 ) ) ;
#6046 = CARTESIAN_POINT ( 'NONE',  ( -0.4349999999999991651, 1.949999999999999956, 0.09999999999999999167 ) ) ;
#6047 = DIRECTION ( 'NONE',  ( -1.000000000000000000, -0.000000000000000000, -0.000000000000000000 ) ) ;
#6048 = PRESENTATION_LAYER_ASSIGNMENT (  '', '', ( #4528 ) ) ;
#6049 =( GEOMETRIC_REPRESENTATION_CONTEXT ( 3 ) GLOBAL_UNCERTAINTY_ASSIGNED_CONTEXT ( ( #2799 ) ) GLOBAL_UNIT_ASSIGNED_CONTEXT ( ( #812, #3131, #2004 ) ) REPRESENTATION_CONTEXT ( 'NONE', 'WORKASPACE' ) );
#6050 = DIRECTION ( 'NONE',  ( 0.07411551268475095877, -0.7051619993942833675, -0.7051619993942761511 ) ) ;
#6051 = ORIENTED_EDGE ( 'NONE', *, *, #5087, .F. ) ;
#6052 = EDGE_CURVE ( 'NONE', #1577, #5843, #6481, .T. ) ;
#6053 = EDGE_CURVE ( 'NONE', #1877, #3568, #4533, .T. ) ;
#6054 =( LENGTH_UNIT ( ) NAMED_UNIT ( * ) SI_UNIT ( .MILLI., .METRE. ) );
#6055 = ORIENTED_EDGE ( 'NONE', *, *, #5780, .F. ) ;
#6056 = ORIENTED_EDGE ( 'NONE', *, *, #3638, .F. ) ;
#6057 = MECHANICAL_DESIGN_GEOMETRIC_PRESENTATION_REPRESENTATION (  '', ( #3128 ), #1816 ) ;
#6058 = CARTESIAN_POINT ( 'NONE',  ( 1.705000000000000959, -2.069139944536888986, -0.1662706234479273959 ) ) ;
#6059 = VECTOR ( 'NONE', #7164, 1000.000000000000000 ) ;
#6060 = DIRECTION ( 'NONE',  ( 0.1039620511844979445, 0.1039620511844979445, 0.9891328443778539814 ) ) ;
#6061 = COLOUR_RGB ( '',0.8039215686274510109, 0.8039215686274510109, 0.8039215686274510109 ) ;
#6062 = MECHANICAL_DESIGN_GEOMETRIC_PRESENTATION_REPRESENTATION (  '', ( #5437 ), #6446 ) ;
#6063 = PRESENTATION_LAYER_ASSIGNMENT (  '', '', ( #2655 ) ) ;
#6064 = PRESENTATION_STYLE_ASSIGNMENT (( #1425 ) ) ;
#6065 = CARTESIAN_POINT ( 'NONE',  ( -2.408654545973158534, -1.834065403820539286, 0.4933757181366587585 ) ) ;
#6066 = ORIENTED_EDGE ( 'NONE', *, *, #7171, .T. ) ;
#6067 = ORIENTED_EDGE ( 'NONE', *, *, #5631, .T. ) ;
#6068 = DIRECTION ( 'NONE',  ( 0.000000000000000000, 1.000000000000000000, 0.000000000000000000 ) ) ;
#6069 = UNCERTAINTY_MEASURE_WITH_UNIT (LENGTH_MEASURE( 1.000000000000000082E-05 ), #4210, 'distance_accuracy_value', 'NONE');
#6070 = SURFACE_STYLE_FILL_AREA ( #3722 ) ;
#6071 =( GEOMETRIC_REPRESENTATION_CONTEXT ( 3 ) GLOBAL_UNCERTAINTY_ASSIGNED_CONTEXT ( ( #103 ) ) GLOBAL_UNIT_ASSIGNED_CONTEXT ( ( #2920, #570, #5771 ) ) REPRESENTATION_CONTEXT ( 'NONE', 'WORKASPACE' ) );
#6072 = PRESENTATION_LAYER_ASSIGNMENT (  '', '', ( #1081 ) ) ;
#6073 = DIRECTION ( 'NONE',  ( 0.000000000000000000, 0.9975640502598241977, 0.06975647374412528856 ) ) ;
#6074 = DIRECTION ( 'NONE',  ( 1.000000000000000000, 0.000000000000000000, 0.000000000000000000 ) ) ;
#6075 = SURFACE_STYLE_FILL_AREA ( #1438 ) ;
#6076 = CYLINDRICAL_SURFACE ( 'NONE', #5456, 0.07499999999999998335 ) ;
#6077 = PRESENTATION_LAYER_ASSIGNMENT (  '', '', ( #1827 ) ) ;
#6078 = VERTEX_POINT ( 'NONE', #696 ) ;
#6079 =( NAMED_UNIT ( * ) PLANE_ANGLE_UNIT ( ) SI_UNIT ( $, .RADIAN. ) );
#6080 = UNCERTAINTY_MEASURE_WITH_UNIT (LENGTH_MEASURE( 1.000000000000000082E-05 ), #2395, 'distance_accuracy_value', 'NONE');
#6081 = APPLICATION_PROTOCOL_DEFINITION ( 'draft international standard', 'automotive_design', 1998, #3085 ) ;
#6082 = STYLED_ITEM ( 'NONE', ( #6538 ), #6337 ) ;
#6083 = MECHANICAL_DESIGN_GEOMETRIC_PRESENTATION_REPRESENTATION (  '', ( #381 ), #3036 ) ;
#6084 = VERTEX_POINT ( 'NONE', #4725 ) ;
#6085 = DIRECTION ( 'NONE',  ( -1.000000000000000000, -0.000000000000000000, -0.000000000000000000 ) ) ;
#6086 = CARTESIAN_POINT ( 'NONE',  ( 0.4350000000000009415, 2.454328594324949986, -0.8868429382324097832 ) ) ;
#6087 = DIRECTION ( 'NONE',  ( 0.000000000000000000, -0.3372937655207292607, 0.9413994453688865338 ) ) ;
#6088 = ORIENTED_EDGE ( 'NONE', *, *, #699, .T. ) ;
#6089 = CARTESIAN_POINT ( 'NONE',  ( -0.4349999999999991651, 3.000000000000000000, -0.9250000000000000444 ) ) ;
#6090 = FILL_AREA_STYLE ('',( #5462 ) ) ;
#6091 = COLOUR_RGB ( '',0.8039215686274510109, 0.8039215686274510109, 0.8039215686274510109 ) ;
#6092 = PRESENTATION_STYLE_ASSIGNMENT (( #2478 ) ) ;
#6093 = MECHANICAL_DESIGN_GEOMETRIC_PRESENTATION_REPRESENTATION (  '', ( #2901 ), #2074 ) ;
#6094 = STYLED_ITEM ( 'NONE', ( #1965 ), #5544 ) ;
#6095 = LINE ( 'NONE', #2659, #579 ) ;
#6096 = DIRECTION ( 'NONE',  ( 0.000000000000000000, 0.9975640502598241977, 0.06975647374412528856 ) ) ;
#6097 =( NAMED_UNIT ( * ) PLANE_ANGLE_UNIT ( ) SI_UNIT ( $, .RADIAN. ) );
#6098 = PRESENTATION_LAYER_ASSIGNMENT (  '', '', ( #6723 ) ) ;
#6099 = CARTESIAN_POINT ( 'NONE',  ( -0.4349999999999991651, 3.000000000000000000, -0.7245116203837658198 ) ) ;
#6100 = PRESENTATION_LAYER_ASSIGNMENT (  '', '', ( #279 ) ) ;
#6101 = FILL_AREA_STYLE ('',( #3680 ) ) ;
#6102 = ORIENTED_EDGE ( 'NONE', *, *, #1646, .F. ) ;
#6103 = VERTEX_POINT ( 'NONE', #3017 ) ;
#6104 = VECTOR ( 'NONE', #7346, 1000.000000000000000 ) ;
#6105 =( GEOMETRIC_REPRESENTATION_CONTEXT ( 3 ) GLOBAL_UNCERTAINTY_ASSIGNED_CONTEXT ( ( #905 ) ) GLOBAL_UNIT_ASSIGNED_CONTEXT ( ( #840, #5481, #2601 ) ) REPRESENTATION_CONTEXT ( 'NONE', 'WORKASPACE' ) );
#6106 = VECTOR ( 'NONE', #461, 1000.000000000000000 ) ;
#6107 = EDGE_CURVE ( 'NONE', #4107, #6403, #285, .T. ) ;
#6108 = SURFACE_STYLE_USAGE ( .BOTH. , #884 ) ;
#6109 = CARTESIAN_POINT ( 'NONE',  ( -0.8349999999999991873, 1.949999999999999956, -0.1000000000000000194 ) ) ;
#6110 = AXIS2_PLACEMENT_3D ( 'NONE', #1824, #55, #3436 ) ;
#6111 =( NAMED_UNIT ( * ) PLANE_ANGLE_UNIT ( ) SI_UNIT ( $, .RADIAN. ) );
#6112 = SURFACE_SIDE_STYLE ('',( #3755 ) ) ;
#6113 = CARTESIAN_POINT ( 'NONE',  ( 2.311524337873330559, -1.534775106360672492, 0.6999999999999999556 ) ) ;
#6114 = ORIENTED_EDGE ( 'NONE', *, *, #300, .T. ) ;
#6115 = ADVANCED_FACE ( 'NONE', ( #2527 ), #4807, .T. ) ;
#6116 = SURFACE_SIDE_STYLE ('',( #2211 ) ) ;
#6117 = LINE ( 'NONE', #4232, #1572 ) ;
#6118 = AXIS2_PLACEMENT_3D ( 'NONE', #4212, #3133, #5453 ) ;
#6119 = FILL_AREA_STYLE_COLOUR ( '', #4699 ) ;
#6120 = DIRECTION ( 'NONE',  ( 0.9945218953682734009, 0.000000000000000000, -0.1045284632676537068 ) ) ;
#6121 = LINE ( 'NONE', #6028, #6331 ) ;
#6122 = ORIENTED_EDGE ( 'NONE', *, *, #2629, .F. ) ;
#6123 = COLOUR_RGB ( '',0.9607843137254902244, 0.9607843137254902244, 0.9607843137254902244 ) ;
#6124 = ORIENTED_EDGE ( 'NONE', *, *, #2782, .T. ) ;
#6125 = AXIS2_PLACEMENT_3D ( 'NONE', #762, #1237, #7190 ) ;
#6126 = EDGE_CURVE ( 'NONE', #3441, #5122, #6023, .T. ) ;
#6127 = VECTOR ( 'NONE', #3111, 1000.000000000000000 ) ;
#6128 = DIRECTION ( 'NONE',  ( 1.000000000000000000, 0.000000000000000000, 0.000000000000000000 ) ) ;
#6129 = ORIENTED_EDGE ( 'NONE', *, *, #2246, .F. ) ;
#6130 = CARTESIAN_POINT ( 'NONE',  ( 2.449998880753508690, -1.875409738600887666, 0.1000106489190369929 ) ) ;
#6131 = FACE_OUTER_BOUND ( 'NONE', #2735, .T. ) ;
#6132 = DIRECTION ( 'NONE',  ( 1.000000000000000000, 0.000000000000000000, 0.000000000000000000 ) ) ;
#6133 = FACE_OUTER_BOUND ( 'NONE', #3030, .T. ) ;
#6134 = DIRECTION ( 'NONE',  ( 0.000000000000000000, 0.000000000000000000, 1.000000000000000000 ) ) ;
#6135 = CARTESIAN_POINT ( 'NONE',  ( -0.4349999999999991651, -1.949999999999999956, 0.09999999999999999167 ) ) ;
#6136 = DIRECTION ( 'NONE',  ( 1.000000000000000000, 0.000000000000000000, 0.000000000000000000 ) ) ;
#6137 = STYLED_ITEM ( 'NONE', ( #6749 ), #3386 ) ;
#6138 = MECHANICAL_DESIGN_GEOMETRIC_PRESENTATION_REPRESENTATION (  '', ( #5124 ), #3795 ) ;
#6139 = DIRECTION ( 'NONE',  ( 0.000000000000000000, 0.06975647374412557999, 0.9975640502598243087 ) ) ;
#6140 = ORIENTED_EDGE ( 'NONE', *, *, #4070, .T. ) ;
#6141 = CARTESIAN_POINT ( 'NONE',  ( 2.376217025357844292, -1.876217025357843404, 0.08449019374921865055 ) ) ;
#6142 = CARTESIAN_POINT ( 'NONE',  ( -0.8349999999999991873, 1.974999999999999867, -0.1000000000000000194 ) ) ;
#6143 = ORIENTED_EDGE ( 'NONE', *, *, #7255, .T. ) ;
#6144 = ORIENTED_EDGE ( 'NONE', *, *, #2108, .F. ) ;
#6145 = CARTESIAN_POINT ( 'NONE',  ( 0.8350000000000008527, -2.468279889073774935, -0.6873301281804449214 ) ) ;
#6146 = COLOUR_RGB ( '',0.8039215686274510109, 0.8039215686274510109, 0.8039215686274510109 ) ;
#6147 = CARTESIAN_POINT ( 'NONE',  ( 2.105000000000000870, -2.540395035417677416, -0.5921287206489965760 ) ) ;
#6148 =( NAMED_UNIT ( * ) SI_UNIT ( $, .STERADIAN. ) SOLID_ANGLE_UNIT ( ) );
#6149 = EDGE_LOOP ( 'NONE', ( #5318, #4794, #6088, #2091 ) ) ;
#6150 = LINE ( 'NONE', #5487, #5864 ) ;
#6151 = UNCERTAINTY_MEASURE_WITH_UNIT (LENGTH_MEASURE( 1.000000000000000082E-05 ), #7000, 'distance_accuracy_value', 'NONE');
#6152 = SURFACE_SIDE_STYLE ('',( #4486 ) ) ;
#6153 = PRESENTATION_STYLE_ASSIGNMENT (( #7320 ) ) ;
#6154 = DIRECTION ( 'NONE',  ( -0.000000000000000000, -1.000000000000000000, 0.000000000000000000 ) ) ;
#6155 = EDGE_CURVE ( 'NONE', #1557, #5459, #3874, .T. ) ;
#6156 = DIRECTION ( 'NONE',  ( 1.000000000000000000, 0.000000000000000000, 0.000000000000000000 ) ) ;
#6157 = FILL_AREA_STYLE ('',( #4934 ) ) ;
#6158 = EDGE_CURVE ( 'NONE', #4420, #7004, #2560, .T. ) ;
#6159 = ORIENTED_EDGE ( 'NONE', *, *, #6733, .F. ) ;
#6160 = CARTESIAN_POINT ( 'NONE',  ( 1.705000000000000959, -2.045395859880669409, 0.09999999999999999167 ) ) ;
#6161 = UNCERTAINTY_MEASURE_WITH_UNIT (LENGTH_MEASURE( 1.000000000000000082E-05 ), #2316, 'distance_accuracy_value', 'NONE');
#6162 = STYLED_ITEM ( 'NONE', ( #986 ), #4118 ) ;
#6163 = CARTESIAN_POINT ( 'NONE',  ( -2.104999999999999094, 3.000000000000000000, -0.9250000000000000444 ) ) ;
#6164 = EDGE_CURVE ( 'NONE', #3536, #1667, #6836, .T. ) ;
#6165 = STYLED_ITEM ( 'NONE', ( #4694 ), #4195 ) ;
#6166 = DIRECTION ( 'NONE',  ( -0.1045284632676537068, 0.000000000000000000, 0.9945218953682734009 ) ) ;
#6167 = ORIENTED_EDGE ( 'NONE', *, *, #2055, .F. ) ;
#6168 = FILL_AREA_STYLE ('',( #4510 ) ) ;
#6169 = EDGE_LOOP ( 'NONE', ( #408, #2247, #5927, #6843 ) ) ;
#6170 = DIRECTION ( 'NONE',  ( -0.1039620511844979306, -0.1039620511844979306, -0.9891328443778538704 ) ) ;
#6171 = EDGE_CURVE ( 'NONE', #7220, #3308, #2671, .T. ) ;
#6172 = FACE_OUTER_BOUND ( 'NONE', #3859, .T. ) ;
#6173 = FILL_AREA_STYLE ('',( #7304 ) ) ;
#6174 = DIRECTION ( 'NONE',  ( 0.000000000000000000, 1.000000000000000000, 0.000000000000000000 ) ) ;
#6175 = ORIENTED_EDGE ( 'NONE', *, *, #6582, .T. ) ;
#6176 =( GEOMETRIC_REPRESENTATION_CONTEXT ( 3 ) GLOBAL_UNCERTAINTY_ASSIGNED_CONTEXT ( ( #6621 ) ) GLOBAL_UNIT_ASSIGNED_CONTEXT ( ( #2688, #6716, #4285 ) ) REPRESENTATION_CONTEXT ( 'NONE', 'WORKASPACE' ) );
#6177 = FILL_AREA_STYLE ('',( #3820 ) ) ;
#6178 = ORIENTED_EDGE ( 'NONE', *, *, #1339, .F. ) ;
#6179 = EDGE_LOOP ( 'NONE', ( #3139, #6051, #1795, #1273 ) ) ;
#6180 = DIRECTION ( 'NONE',  ( -1.000000000000000000, -0.000000000000000000, -0.000000000000000000 ) ) ;
#6181 = AXIS2_PLACEMENT_3D ( 'NONE', #7274, #1461, #4339 ) ;
#6182 = CIRCLE ( 'NONE', #4791, 0.07499999999999998335 ) ;
#6183 = SURFACE_STYLE_USAGE ( .BOTH. , #6806 ) ;
#6184 = DIRECTION ( 'NONE',  ( 0.000000000000000000, 1.000000000000000000, 0.000000000000000000 ) ) ;
#6185 = VERTEX_POINT ( 'NONE', #3091 ) ;
#6186 =( NAMED_UNIT ( * ) SI_UNIT ( $, .STERADIAN. ) SOLID_ANGLE_UNIT ( ) );
#6187 = STYLED_ITEM ( 'NONE', ( #5489 ), #705 ) ;
#6188 = VERTEX_POINT ( 'NONE', #2604 ) ;
#6189 = FACE_OUTER_BOUND ( 'NONE', #6975, .T. ) ;
#6190 = LINE ( 'NONE', #3838, #5596 ) ;
#6191 =( GEOMETRIC_REPRESENTATION_CONTEXT ( 3 ) GLOBAL_UNCERTAINTY_ASSIGNED_CONTEXT ( ( #2045 ) ) GLOBAL_UNIT_ASSIGNED_CONTEXT ( ( #5040, #5086, #6861 ) ) REPRESENTATION_CONTEXT ( 'NONE', 'WORKASPACE' ) );
#6192 = PRESENTATION_STYLE_ASSIGNMENT (( #3723 ) ) ;
#6193 = AXIS2_PLACEMENT_3D ( 'NONE', #3470, #3398, #5220 ) ;
#6194 =( GEOMETRIC_REPRESENTATION_CONTEXT ( 3 ) GLOBAL_UNCERTAINTY_ASSIGNED_CONTEXT ( ( #4288 ) ) GLOBAL_UNIT_ASSIGNED_CONTEXT ( ( #7079, #1345, #6533 ) ) REPRESENTATION_CONTEXT ( 'NONE', 'WORKASPACE' ) );
#6195 = CARTESIAN_POINT ( 'NONE',  ( -2.449999999999998401, -1.949999999999999956, 0.1000000000000000056 ) ) ;
#6196 = DIRECTION ( 'NONE',  ( 0.000000000000000000, 0.000000000000000000, -1.000000000000000000 ) ) ;
#6197 = ORIENTED_EDGE ( 'NONE', *, *, #176, .F. ) ;
#6198 = AXIS2_PLACEMENT_3D ( 'NONE', #4884, #6616, #5483 ) ;
#6199 = FACE_OUTER_BOUND ( 'NONE', #3333, .T. ) ;
#6200 = EDGE_CURVE ( 'NONE', #301, #717, #3504, .T. ) ;
#6201 = EDGE_CURVE ( 'NONE', #4836, #6692, #4230, .T. ) ;
#6202 =( LENGTH_UNIT ( ) NAMED_UNIT ( * ) SI_UNIT ( .MILLI., .METRE. ) );
#6203 = PRESENTATION_LAYER_ASSIGNMENT (  '', '', ( #1940 ) ) ;
#6204 = CARTESIAN_POINT ( 'NONE',  ( -1.751524337873328729, -0.9747751063606726607, 0.7649999999999999023 ) ) ;
#6205 = CARTESIAN_POINT ( 'NONE',  ( 2.418617283803742524, -1.844028141651121722, 0.3985865994546283209 ) ) ;
#6206 = VERTEX_POINT ( 'NONE', #6649 ) ;
#6207 = DIRECTION ( 'NONE',  ( 0.000000000000000000, -0.9413994453688880881, 0.3372937655207250973 ) ) ;
#6208 = SURFACE_STYLE_USAGE ( .BOTH. , #5139 ) ;
#6209 = FILL_AREA_STYLE ('',( #4987 ) ) ;
#6210 = VECTOR ( 'NONE', #1977, 1000.000000000000000 ) ;
#6211 = DIRECTION ( 'NONE',  ( -0.000000000000000000, 0.000000000000000000, 1.000000000000000000 ) ) ;
#6212 = VERTEX_POINT ( 'NONE', #927 ) ;
#6213 = STYLED_ITEM ( 'NONE', ( #2446 ), #6333 ) ;
#6214 = MECHANICAL_DESIGN_GEOMETRIC_PRESENTATION_REPRESENTATION (  '', ( #1952 ), #3641 ) ;
#6215 = PRESENTATION_STYLE_ASSIGNMENT (( #6802 ) ) ;
#6216 = ORIENTED_EDGE ( 'NONE', *, *, #7134, .F. ) ;
#6217 = EDGE_LOOP ( 'NONE', ( #6857, #6546, #6803, #3878, #6344, #963, #798, #2772, #2447, #2262, #5375, #6658 ) ) ;
#6218 = AXIS2_PLACEMENT_3D ( 'NONE', #7006, #7085, #4717 ) ;
#6219 = VECTOR ( 'NONE', #3830, 1000.000000000000000 ) ;
#6220 = COLOUR_RGB ( '',0.8039215686274510109, 0.8039215686274510109, 0.8039215686274510109 ) ;
#6221 = FILL_AREA_STYLE ('',( #6261 ) ) ;
#6222 = AXIS2_PLACEMENT_3D ( 'NONE', #323, #4217, #5464 ) ;
#6223 = DIRECTION ( 'NONE',  ( 1.000000000000000000, 0.000000000000000000, 0.000000000000000000 ) ) ;
#6224 = VECTOR ( 'NONE', #224, 1000.000000000000000 ) ;
#6225 = EDGE_LOOP ( 'NONE', ( #6167, #2306, #7310, #5540 ) ) ;
#6226 = AXIS2_PLACEMENT_3D ( 'NONE', #5020, #2152, #6830 ) ;
#6227 = VECTOR ( 'NONE', #562, 1000.000000000000000 ) ;
#6228 = CARTESIAN_POINT ( 'NONE',  ( 2.450000000000000178, -1.949999999999999956, -0.1000000000000000056 ) ) ;
#6229 = DIRECTION ( 'NONE',  ( 0.000000000000000000, 0.3372937655207250973, -0.9413994453688880881 ) ) ;
#6230 =( BOUNDED_CURVE ( )  B_SPLINE_CURVE ( 3, ( #3646, #1384, #763, #3678 ),
 .UNSPECIFIED., .F., .F. ) 
 B_SPLINE_CURVE_WITH_KNOTS ( ( 4, 4 ),
 ( 3.141592653589793116, 3.147055862111337809 ),
 .UNSPECIFIED. ) 
 CURVE ( )  GEOMETRIC_REPRESENTATION_ITEM ( )  RATIONAL_B_SPLINE_CURVE ( ( 1.000000000000000000, 0.9999975127809339615, 0.9999975127809339615, 1.000000000000000000 ) ) 
 REPRESENTATION_ITEM ( '' )  );
#6231 = ORIENTED_EDGE ( 'NONE', *, *, #1960, .F. ) ;
#6232 = CARTESIAN_POINT ( 'NONE',  ( -2.344028141651120833, -1.844028141651121722, 0.3907469647095542231 ) ) ;
#6233 =( LENGTH_UNIT ( ) NAMED_UNIT ( * ) SI_UNIT ( .MILLI., .METRE. ) );
#6234 = CYLINDRICAL_SURFACE ( 'NONE', #2353, 0.1000000000000000472 ) ;
#6235 = PRESENTATION_LAYER_ASSIGNMENT (  '', '', ( #3546 ) ) ;
#6236 = CARTESIAN_POINT ( 'NONE',  ( -0.4349999999999991651, -3.000000000000000000, -0.9250000000000000444 ) ) ;
#6237 = ORIENTED_EDGE ( 'NONE', *, *, #1372, .T. ) ;
#6238 = DIRECTION ( 'NONE',  ( 1.000000000000000000, 0.000000000000000000, 0.000000000000000000 ) ) ;
#6239 = ORIENTED_EDGE ( 'NONE', *, *, #1275, .T. ) ;
#6240 = FILL_AREA_STYLE_COLOUR ( '', #1435 ) ;
#6241 =( GEOMETRIC_REPRESENTATION_CONTEXT ( 3 ) GLOBAL_UNCERTAINTY_ASSIGNED_CONTEXT ( ( #6935 ) ) GLOBAL_UNIT_ASSIGNED_CONTEXT ( ( #6501, #1875, #5354 ) ) REPRESENTATION_CONTEXT ( 'NONE', 'WORKASPACE' ) );
#6242 = CARTESIAN_POINT ( 'NONE',  ( -2.104999999999999094, 2.533419388043264942, -0.6918851256749790624 ) ) ;
#6243 = EDGE_CURVE ( 'NONE', #5155, #5900, #3123, .T. ) ;
#6244 = SURFACE_SIDE_STYLE ('',( #6835 ) ) ;
#6245 = COLOUR_RGB ( '',0.8039215686274510109, 0.8039215686274510109, 0.8039215686274510109 ) ;
#6246 = SURFACE_STYLE_USAGE ( .BOTH. , #4911 ) ;
#6247 = CARTESIAN_POINT ( 'NONE',  ( -0.8349999999999991873, -3.000000000000000000, -0.7245116203837658198 ) ) ;
#6248 = CYLINDRICAL_SURFACE ( 'NONE', #4942, 0.07499999999999998335 ) ;
#6249 = DIRECTION ( 'NONE',  ( 1.000000000000000000, 0.000000000000000000, 0.000000000000000000 ) ) ;
#6250 = CARTESIAN_POINT ( 'NONE',  ( 0.4350000000000009415, -1.949999999999999956, -0.1000000000000000194 ) ) ;
#6251 = EDGE_LOOP ( 'NONE', ( #3918, #3699, #2736, #4446 ) ) ;
#6252 = EDGE_CURVE ( 'NONE', #3688, #4238, #5440, .T. ) ;
#6253 = MECHANICAL_DESIGN_GEOMETRIC_PRESENTATION_REPRESENTATION (  '', ( #2350 ), #7360 ) ;
#6254 = FACE_OUTER_BOUND ( 'NONE', #1693, .T. ) ;
#6255 = ORIENTED_EDGE ( 'NONE', *, *, #4890, .T. ) ;
#6256 = EDGE_CURVE ( 'NONE', #4509, #1347, #1710, .T. ) ;
#6257 = COLOUR_RGB ( '',0.2862745098039215508, 0.2862745098039215508, 0.2862745098039215508 ) ;
#6258 = SURFACE_STYLE_FILL_AREA ( #3895 ) ;
#6259 = FILL_AREA_STYLE_COLOUR ( '', #5245 ) ;
#6260 = COLOUR_RGB ( '',0.2862745098039215508, 0.2862745098039215508, 0.2862745098039215508 ) ;
#6261 = FILL_AREA_STYLE_COLOUR ( '', #1624 ) ;
#6262 = CIRCLE ( 'NONE', #6891, 0.1999999999999978184 ) ;
#6263 = EDGE_CURVE ( 'NONE', #5900, #1858, #387, .T. ) ;
#6264 = ORIENTED_EDGE ( 'NONE', *, *, #4859, .T. ) ;
#6265 = ADVANCED_FACE ( 'NONE', ( #1545 ), #5741, .F. ) ;
#6266 =( NAMED_UNIT ( * ) SI_UNIT ( $, .STERADIAN. ) SOLID_ANGLE_UNIT ( ) );
#6267 = AXIS2_PLACEMENT_3D ( 'NONE', #7458, #7011, #4488 ) ;
#6268 = VECTOR ( 'NONE', #1066, 1000.000000000000227 ) ;
#6269 = EDGE_CURVE ( 'NONE', #6521, #5336, #6895, .T. ) ;
#6270 = COLOUR_RGB ( '',0.2862745098039215508, 0.2862745098039215508, 0.2862745098039215508 ) ;
#6271 = VERTEX_POINT ( 'NONE', #448 ) ;
#6272 = DIRECTION ( 'NONE',  ( 1.000000000000000000, 0.000000000000000000, 0.000000000000000000 ) ) ;
#6273 = DIRECTION ( 'NONE',  ( 0.000000000000000000, 1.000000000000000000, 0.000000000000000000 ) ) ;
#6274 = SURFACE_STYLE_FILL_AREA ( #3912 ) ;
#6275 = DIRECTION ( 'NONE',  ( 1.000000000000000000, -0.000000000000000000, 0.000000000000000000 ) ) ;
#6276 =( NAMED_UNIT ( * ) SI_UNIT ( $, .STERADIAN. ) SOLID_ANGLE_UNIT ( ) );
#6277 = DIRECTION ( 'NONE',  ( -0.000000000000000000, -1.000000000000000000, -0.000000000000000000 ) ) ;
#6278 = VERTEX_POINT ( 'NONE', #6855 ) ;
#6279 = CARTESIAN_POINT ( 'NONE',  ( 2.105000000000000870, -3.000000000000000000, -0.7245116203837658198 ) ) ;
#6280 = VERTEX_POINT ( 'NONE', #5634 ) ;
#6281 = DIRECTION ( 'NONE',  ( 0.000000000000000000, 0.000000000000000000, 1.000000000000000000 ) ) ;
#6282 = PLANE ( 'NONE',  #514 ) ;
#6283 =( NAMED_UNIT ( * ) SI_UNIT ( $, .STERADIAN. ) SOLID_ANGLE_UNIT ( ) );
#6284 = MECHANICAL_DESIGN_GEOMETRIC_PRESENTATION_REPRESENTATION (  '', ( #225 ), #2988 ) ;
#6285 = CARTESIAN_POINT ( 'NONE',  ( 2.450806167510464650, -1.876217025357843404, -0.09232982849429267891 ) ) ;
#6286 = CARTESIAN_POINT ( 'NONE',  ( -0.8349999999999991873, -1.949999999999999956, 0.09999999999999999167 ) ) ;
#6287 = ORIENTED_EDGE ( 'NONE', *, *, #1091, .T. ) ;
#6288 = CARTESIAN_POINT ( 'NONE',  ( -0.8349999999999991873, 2.454328594324949986, -0.8868429382324097832 ) ) ;
#6289 = DIRECTION ( 'NONE',  ( -1.000000000000000000, -0.000000000000000000, -0.000000000000000000 ) ) ;
#6290 =( NAMED_UNIT ( * ) PLANE_ANGLE_UNIT ( ) SI_UNIT ( $, .RADIAN. ) );
#6291 = FACE_OUTER_BOUND ( 'NONE', #886, .T. ) ;
#6292 = CARTESIAN_POINT ( 'NONE',  ( 2.105000000000000870, 1.974999999999999867, -0.1000000000000000194 ) ) ;
#6293 = ADVANCED_FACE ( 'NONE', ( #3940 ), #5121, .T. ) ;
#6294 = MECHANICAL_DESIGN_GEOMETRIC_PRESENTATION_REPRESENTATION (  '', ( #3941 ), #4522 ) ;
#6295 = EDGE_CURVE ( 'NONE', #301, #2053, #6926, .T. ) ;
#6296 = ORIENTED_EDGE ( 'NONE', *, *, #4119, .T. ) ;
#6297 =( GEOMETRIC_REPRESENTATION_CONTEXT ( 3 ) GLOBAL_UNCERTAINTY_ASSIGNED_CONTEXT ( ( #5534 ) ) GLOBAL_UNIT_ASSIGNED_CONTEXT ( ( #3447, #7227, #111 ) ) REPRESENTATION_CONTEXT ( 'NONE', 'WORKASPACE' ) );
#6298 = PRESENTATION_LAYER_ASSIGNMENT (  '', '', ( #6044 ) ) ;
#6299 = EDGE_CURVE ( 'NONE', #4086, #6645, #5427, .T. ) ;
#6300 = FILL_AREA_STYLE ('',( #2333 ) ) ;
#6301 = STYLED_ITEM ( 'NONE', ( #4448 ), #719 ) ;
#6302 = CLOSED_SHELL ( 'NONE', ( #308, #5862, #3654, #4928, #7068, #4155, #4511, #4042, #3024, #311, #4913, #4847, #705, #5626 ) ) ;
#6303 = SURFACE_STYLE_USAGE ( .BOTH. , #2216 ) ;
#6304 =( NAMED_UNIT ( * ) PLANE_ANGLE_UNIT ( ) SI_UNIT ( $, .RADIAN. ) );
#6305 = CARTESIAN_POINT ( 'NONE',  ( -0.8349999999999991873, -3.000000000000000000, -0.7245116203837658198 ) ) ;
#6306 = ORIENTED_EDGE ( 'NONE', *, *, #321, .T. ) ;
#6307 =( NAMED_UNIT ( * ) SI_UNIT ( $, .STERADIAN. ) SOLID_ANGLE_UNIT ( ) );
#6308 = CIRCLE ( 'NONE', #2166, 0.1999999999999978184 ) ;
#6309 = CARTESIAN_POINT ( 'NONE',  ( 0.4350000000000009415, -1.974999999999999867, -0.1000000000000000194 ) ) ;
#6310 = MECHANICAL_DESIGN_GEOMETRIC_PRESENTATION_REPRESENTATION (  '', ( #1694 ), #5178 ) ;
#6311 = ORIENTED_EDGE ( 'NONE', *, *, #2992, .F. ) ;
#6312 = STYLED_ITEM ( 'NONE', ( #3228 ), #5011 ) ;
#6313 = EDGE_LOOP ( 'NONE', ( #527, #1539, #3155, #3826 ) ) ;
#6314 =( LENGTH_UNIT ( ) NAMED_UNIT ( * ) SI_UNIT ( .MILLI., .METRE. ) );
#6315 = LINE ( 'NONE', #1220, #1493 ) ;
#6316 = DIRECTION ( 'NONE',  ( 1.000000000000000000, 0.000000000000000000, 0.000000000000000000 ) ) ;
#6317 = PRESENTATION_LAYER_ASSIGNMENT (  '', '', ( #7321 ) ) ;
#6318 =( NAMED_UNIT ( * ) PLANE_ANGLE_UNIT ( ) SI_UNIT ( $, .RADIAN. ) );
#6319 = DIRECTION ( 'NONE',  ( -0.1039620511844979306, 0.1039620511844979306, 0.9891328443778538704 ) ) ;
#6320 = FILL_AREA_STYLE_COLOUR ( '', #5073 ) ;
#6321 = ORIENTED_EDGE ( 'NONE', *, *, #4190, .F. ) ;
#6322 = CARTESIAN_POINT ( 'NONE',  ( 0.4350000000000009415, 1.949999999999999956, -0.1000000000000000194 ) ) ;
#6323 = DIRECTION ( 'NONE',  ( -1.000000000000000000, -0.000000000000000000, -0.000000000000000000 ) ) ;
#6324 =( LENGTH_UNIT ( ) NAMED_UNIT ( * ) SI_UNIT ( .MILLI., .METRE. ) );
#6325 = COLOUR_RGB ( '',0.2862745098039215508, 0.2862745098039215508, 0.2862745098039215508 ) ;
#6326 = CYLINDRICAL_SURFACE ( 'NONE', #354, 0.07499999999999985845 ) ;
#6327 = CARTESIAN_POINT ( 'NONE',  ( -2.104999999999999094, 3.000000000000000000, -0.7245116203837658198 ) ) ;
#6328 = COLOUR_RGB ( '',0.8039215686274510109, 0.8039215686274510109, 0.8039215686274510109 ) ;
#6329 = ORIENTED_EDGE ( 'NONE', *, *, #6200, .F. ) ;
#6330 = ORIENTED_EDGE ( 'NONE', *, *, #1849, .F. ) ;
#6331 = VECTOR ( 'NONE', #811, 999.9999999999998863 ) ;
#6332 =( LENGTH_UNIT ( ) NAMED_UNIT ( * ) SI_UNIT ( .MILLI., .METRE. ) );
#6333 = ADVANCED_FACE ( 'NONE', ( #2774 ), #2972, .T. ) ;
#6334 = MECHANICAL_DESIGN_GEOMETRIC_PRESENTATION_REPRESENTATION (  '', ( #5347 ), #4350 ) ;
#6335 =( NAMED_UNIT ( * ) PLANE_ANGLE_UNIT ( ) SI_UNIT ( $, .RADIAN. ) );
#6336 = SURFACE_STYLE_USAGE ( .BOTH. , #1553 ) ;
#6337 = ADVANCED_FACE ( 'NONE', ( #5275 ), #1879, .F. ) ;
#6338 = CARTESIAN_POINT ( 'NONE',  ( 2.375409738600888332, -1.949998880753508246, 0.1000106489190368680 ) ) ;
#6339 = STYLED_ITEM ( 'NONE', ( #7537 ), #2294 ) ;
#6340 = SURFACE_STYLE_USAGE ( .BOTH. , #7018 ) ;
#6341 = DIRECTION ( 'NONE',  ( 1.000000000000000000, -0.000000000000000000, 0.000000000000000000 ) ) ;
#6342 = DIRECTION ( 'NONE',  ( 1.000000000000000000, 0.000000000000000000, 0.000000000000000000 ) ) ;
#6343 = CARTESIAN_POINT ( 'NONE',  ( 0.4350000000000009415, 2.533419388043264942, -0.6918851256749790624 ) ) ;
#6344 = ORIENTED_EDGE ( 'NONE', *, *, #6859, .T. ) ;
#6345 = DIRECTION ( 'NONE',  ( 1.000000000000000000, 0.000000000000000000, 0.000000000000000000 ) ) ;
#6346 = ORIENTED_EDGE ( 'NONE', *, *, #1547, .F. ) ;
#6347 =( NAMED_UNIT ( * ) SI_UNIT ( $, .STERADIAN. ) SOLID_ANGLE_UNIT ( ) );
#6348 =( LENGTH_UNIT ( ) NAMED_UNIT ( * ) SI_UNIT ( .MILLI., .METRE. ) );
#6349 = EDGE_CURVE ( 'NONE', #7124, #954, #5935, .T. ) ;
#6350 = SURFACE_STYLE_USAGE ( .BOTH. , #1257 ) ;
#6351 = MECHANICAL_DESIGN_GEOMETRIC_PRESENTATION_REPRESENTATION (  '', ( #3303 ), #3784 ) ;
#6352 =( NAMED_UNIT ( * ) PLANE_ANGLE_UNIT ( ) SI_UNIT ( $, .RADIAN. ) );
#6353 = DIRECTION ( 'NONE',  ( -0.1039620511844979445, -0.1039620511844979445, 0.9891328443778539814 ) ) ;
#6354 = CARTESIAN_POINT ( 'NONE',  ( -1.704999999999998961, 2.540395035417677416, -0.5921287206489965760 ) ) ;
#6355 =( NAMED_UNIT ( * ) SI_UNIT ( $, .STERADIAN. ) SOLID_ANGLE_UNIT ( ) );
#6356 = ORIENTED_EDGE ( 'NONE', *, *, #6252, .T. ) ;
#6357 = FILL_AREA_STYLE_COLOUR ( '', #1333 ) ;
#6358 = DIRECTION ( 'NONE',  ( 0.000000000000000000, -0.3372937655207250973, -0.9413994453688879771 ) ) ;
#6359 = PRESENTATION_LAYER_ASSIGNMENT (  '', '', ( #3415 ) ) ;
#6360 = SURFACE_SIDE_STYLE ('',( #1723 ) ) ;
#6361 = DIRECTION ( 'NONE',  ( 1.000000000000000000, 0.000000000000000000, 0.000000000000000000 ) ) ;
#6362 =( GEOMETRIC_REPRESENTATION_CONTEXT ( 3 ) GLOBAL_UNCERTAINTY_ASSIGNED_CONTEXT ( ( #2116 ) ) GLOBAL_UNIT_ASSIGNED_CONTEXT ( ( #4406, #6852, #2849 ) ) REPRESENTATION_CONTEXT ( 'NONE', 'WORKASPACE' ) );
#6363 = COLOUR_RGB ( '',0.8039215686274510109, 0.8039215686274510109, 0.8039215686274510109 ) ;
#6364 = CARTESIAN_POINT ( 'NONE',  ( 0.8350000000000008527, -1.974999999999999867, -0.1999999999999999833 ) ) ;
#6365 =( LENGTH_UNIT ( ) NAMED_UNIT ( * ) SI_UNIT ( .MILLI., .METRE. ) );
#6366 = ORIENTED_EDGE ( 'NONE', *, *, #4097, .T. ) ;
#6367 = EDGE_CURVE ( 'NONE', #3441, #4420, #1769, .T. ) ;
#6368 = VECTOR ( 'NONE', #1953, 1000.000000000000000 ) ;
#6369 = ORIENTED_EDGE ( 'NONE', *, *, #1949, .F. ) ;
#6370 = SURFACE_STYLE_USAGE ( .BOTH. , #3454 ) ;
#6371 = VECTOR ( 'NONE', #3114, 1000.000000000000227 ) ;
#6372 = FILL_AREA_STYLE ('',( #1617 ) ) ;
#6373 = DIRECTION ( 'NONE',  ( 1.000000000000000000, 0.000000000000000000, 0.000000000000000000 ) ) ;
#6374 = SURFACE_STYLE_FILL_AREA ( #7423 ) ;
#6375 = FILL_AREA_STYLE ('',( #2252 ) ) ;
#6376 = FILL_AREA_STYLE_COLOUR ( '', #7286 ) ;
#6377 = MECHANICAL_DESIGN_GEOMETRIC_PRESENTATION_REPRESENTATION (  '', ( #4151 ), #6766 ) ;
#6378 = ORIENTED_EDGE ( 'NONE', *, *, #2983, .T. ) ;
#6379 = CARTESIAN_POINT ( 'NONE',  ( 0.4350000000000009415, -2.468279889073774935, -0.6873301281804449214 ) ) ;
#6380 = UNCERTAINTY_MEASURE_WITH_UNIT (LENGTH_MEASURE( 1.000000000000000082E-05 ), #229, 'distance_accuracy_value', 'NONE');
#6381 = UNCERTAINTY_MEASURE_WITH_UNIT (LENGTH_MEASURE( 1.000000000000000082E-05 ), #6365, 'distance_accuracy_value', 'NONE');
#6382 = FACE_OUTER_BOUND ( 'NONE', #4394, .T. ) ;
#6383 =( NAMED_UNIT ( * ) SI_UNIT ( $, .STERADIAN. ) SOLID_ANGLE_UNIT ( ) );
#6384 = AXIS2_PLACEMENT_3D ( 'NONE', #2533, #670, #4815 ) ;
#6385 = EDGE_CURVE ( 'NONE', #3788, #4086, #5157, .T. ) ;
#6386 = DIRECTION ( 'NONE',  ( 0.000000000000000000, 1.000000000000000000, 0.000000000000000000 ) ) ;
#6387 = LINE ( 'NONE', #1626, #732 ) ;
#6388 = EDGE_CURVE ( 'NONE', #5533, #7456, #1198, .T. ) ;
#6389 = VERTEX_POINT ( 'NONE', #1804 ) ;
#6390 = CARTESIAN_POINT ( 'NONE',  ( -1.751524337873328729, -0.9747751063606726607, 0.7649999999999999023 ) ) ;
#6391 = EDGE_LOOP ( 'NONE', ( #957, #6378, #2981, #2973, #7177, #7, #4879 ) ) ;
#6392 = ORIENTED_EDGE ( 'NONE', *, *, #760, .F. ) ;
#6393 = SURFACE_STYLE_FILL_AREA ( #171 ) ;
#6394 = CARTESIAN_POINT ( 'NONE',  ( 2.450000000000000178, 1.875000000000000000, 0.1000000000000000056 ) ) ;
#6395 = VECTOR ( 'NONE', #661, 1000.000000000000000 ) ;
#6396 = DIRECTION ( 'NONE',  ( 0.000000000000000000, 0.000000000000000000, -1.000000000000000000 ) ) ;
#6397 =( LENGTH_UNIT ( ) NAMED_UNIT ( * ) SI_UNIT ( .MILLI., .METRE. ) );
#6398 = FILL_AREA_STYLE ('',( #6913 ) ) ;
#6399 = LINE ( 'NONE', #3479, #506 ) ;
#6400 = CARTESIAN_POINT ( 'NONE',  ( 0.4350000000000009415, -2.045395859880669409, 0.09999999999999999167 ) ) ;
#6401 = DIRECTION ( 'NONE',  ( 1.000000000000000000, 0.000000000000000000, 0.000000000000000000 ) ) ;
#6402 = ADVANCED_FACE ( 'NONE', ( #4837 ), #3648, .T. ) ;
#6403 = VERTEX_POINT ( 'NONE', #222 ) ;
#6404 = SURFACE_SIDE_STYLE ('',( #2881 ) ) ;
#6405 = SURFACE_SIDE_STYLE ('',( #1109 ) ) ;
#6406 = CARTESIAN_POINT ( 'NONE',  ( -0.8349999999999991873, 2.454328594324949986, -0.8868429382324097832 ) ) ;
#6407 = FILL_AREA_STYLE ('',( #21 ) ) ;
#6408 = CARTESIAN_POINT ( 'NONE',  ( 1.705000000000000959, 2.233675748954446760, -0.03254124689585519842 ) ) ;
#6409 = DIRECTION ( 'NONE',  ( 0.000000000000000000, 0.3372937655207250973, -0.9413994453688879771 ) ) ;
#6410 =( NAMED_UNIT ( * ) PLANE_ANGLE_UNIT ( ) SI_UNIT ( $, .RADIAN. ) );
#6411 = DIRECTION ( 'NONE',  ( 1.000000000000000000, 0.000000000000000000, 0.000000000000000000 ) ) ;
#6412 = DIRECTION ( 'NONE',  ( 0.000000000000000000, 0.000000000000000000, 1.000000000000000000 ) ) ;
#6413 = ORIENTED_EDGE ( 'NONE', *, *, #2847, .F. ) ;
#6414 = ORIENTED_EDGE ( 'NONE', *, *, #5249, .T. ) ;
#6415 = ORIENTED_EDGE ( 'NONE', *, *, #1457, .F. ) ;
#6416 =( BOUNDED_CURVE ( )  B_SPLINE_CURVE ( 3, ( #3174, #7208, #1478, #273 ),
 .UNSPECIFIED., .F., .F. ) 
 B_SPLINE_CURVE_WITH_KNOTS ( ( 4, 4 ),
 ( 5.503250352303673765, 7.063120262055489817 ),
 .UNSPECIFIED. ) 
 CURVE ( )  GEOMETRIC_REPRESENTATION_ITEM ( )  RATIONAL_B_SPLINE_CURVE ( ( 1.000000000000000000, 0.8073061876036318196, 0.8073061876036318196, 1.000000000000000000 ) ) 
 REPRESENTATION_ITEM ( '' )  );
#6417 = CIRCLE ( 'NONE', #5661, 0.1999999999999978184 ) ;
#6418 = PRESENTATION_STYLE_ASSIGNMENT (( #5706 ) ) ;
#6419 = PRESENTATION_STYLE_ASSIGNMENT (( #4050 ) ) ;
#6420 = CARTESIAN_POINT ( 'NONE',  ( 1.705000000000000959, 2.280000000000000249, -0.7547888812845849893 ) ) ;
#6421 = DIRECTION ( 'NONE',  ( 0.000000000000000000, -0.000000000000000000, -1.000000000000000000 ) ) ;
#6422 = LINE ( 'NONE', #551, #4777 ) ;
#6423 = MECHANICAL_DESIGN_GEOMETRIC_PRESENTATION_REPRESENTATION (  '', ( #1802 ), #7052 ) ;
#6424 = ORIENTED_EDGE ( 'NONE', *, *, #6495, .T. ) ;
#6425 = SURFACE_SIDE_STYLE ('',( #2823 ) ) ;
#6426 =( NAMED_UNIT ( * ) PLANE_ANGLE_UNIT ( ) SI_UNIT ( $, .RADIAN. ) );
#6427 = SURFACE_SIDE_STYLE ('',( #3065 ) ) ;
#6428 = COLOUR_RGB ( '',0.2862745098039215508, 0.2862745098039215508, 0.2862745098039215508 ) ;
#6429 = CLOSED_SHELL ( 'NONE', ( #7533, #415, #3352, #2215, #799, #5838, #412, #3318, #6826, #5011, #4195, #3932, #2097, #2936 ) ) ;
#6430 =( NAMED_UNIT ( * ) SI_UNIT ( $, .STERADIAN. ) SOLID_ANGLE_UNIT ( ) );
#6431 = PLANE ( 'NONE',  #5254 ) ;
#6432 = CARTESIAN_POINT ( 'NONE',  ( 2.105000000000000870, -2.533419388043264942, -0.6918851256749790624 ) ) ;
#6433 = ORIENTED_EDGE ( 'NONE', *, *, #6887, .T. ) ;
#6434 = EDGE_LOOP ( 'NONE', ( #2173, #7132, #4628, #3376 ) ) ;
#6435 = CARTESIAN_POINT ( 'NONE',  ( -2.104999999999999094, 1.974999999999999867, -0.1000000000000000194 ) ) ;
#6436 = ORIENTED_EDGE ( 'NONE', *, *, #2275, .T. ) ;
#6437 = CARTESIAN_POINT ( 'NONE',  ( -0.4349999999999991651, -2.454328594324949986, -0.8868429382324097832 ) ) ;
#6438 = PRESENTATION_STYLE_ASSIGNMENT (( #600 ) ) ;
#6439 =( GEOMETRIC_REPRESENTATION_CONTEXT ( 3 ) GLOBAL_UNCERTAINTY_ASSIGNED_CONTEXT ( ( #979 ) ) GLOBAL_UNIT_ASSIGNED_CONTEXT ( ( #2775, #2711, #6266 ) ) REPRESENTATION_CONTEXT ( 'NONE', 'WORKASPACE' ) );
#6440 = AXIS2_PLACEMENT_3D ( 'NONE', #6801, #1536, #1575 ) ;
#6441 = LINE ( 'NONE', #6696, #6561 ) ;
#6442 = DIRECTION ( 'NONE',  ( 0.000000000000000000, 0.000000000000000000, -1.000000000000000000 ) ) ;
#6443 = ADVANCED_FACE ( 'NONE', ( #5514 ), #3790, .T. ) ;
#6444 = ADVANCED_FACE ( 'NONE', ( #7192 ), #5068, .T. ) ;
#6445 = SURFACE_STYLE_USAGE ( .BOTH. , #646 ) ;
#6446 =( GEOMETRIC_REPRESENTATION_CONTEXT ( 3 ) GLOBAL_UNCERTAINTY_ASSIGNED_CONTEXT ( ( #2036 ) ) GLOBAL_UNIT_ASSIGNED_CONTEXT ( ( #3068, #1970, #4692 ) ) REPRESENTATION_CONTEXT ( 'NONE', 'WORKASPACE' ) );
#6447 = CARTESIAN_POINT ( 'NONE',  ( -0.4349999999999991651, -1.974999999999999867, -0.1999999999999999833 ) ) ;
#6448 = SURFACE_STYLE_FILL_AREA ( #6601 ) ;
#6449 = EDGE_LOOP ( 'NONE', ( #4461, #5799, #330, #6264 ) ) ;
#6450 = EDGE_CURVE ( 'NONE', #638, #3952, #1846, .T. ) ;
#6451 = CARTESIAN_POINT ( 'NONE',  ( -2.344028141651120833, -1.844028141651121722, 0.3907469647095542231 ) ) ;
#6452 = LINE ( 'NONE', #5151, #4346 ) ;
#6453 =( LENGTH_UNIT ( ) NAMED_UNIT ( * ) SI_UNIT ( .MILLI., .METRE. ) );
#6454 = PRODUCT_DEFINITION ( 'UNKNOWN', '', #69, #5131 ) ;
#6455 = DIRECTION ( 'NONE',  ( 0.000000000000000000, -1.000000000000000000, 0.000000000000000000 ) ) ;
#6456 = CARTESIAN_POINT ( 'NONE',  ( -2.376217025357842516, -1.876217025357843404, 0.08449019374921866443 ) ) ;
#6457 = LINE ( 'NONE', #1268, #5377 ) ;
#6458 = ORIENTED_EDGE ( 'NONE', *, *, #6158, .F. ) ;
#6459 = PRESENTATION_LAYER_ASSIGNMENT (  '', '', ( #1224 ) ) ;
#6460 = AXIS2_PLACEMENT_3D ( 'NONE', #2593, #6211, #4990 ) ;
#6461 = CARTESIAN_POINT ( 'NONE',  ( 0.8350000000000008527, 3.000000000000000000, -0.9250000000000000444 ) ) ;
#6462 = STYLED_ITEM ( 'NONE', ( #5136 ), #6014 ) ;
#6463 = COLOUR_RGB ( '',0.8039215686274510109, 0.8039215686274510109, 0.8039215686274510109 ) ;
#6464 = SURFACE_SIDE_STYLE ('',( #1807 ) ) ;
#6465 = CARTESIAN_POINT ( 'NONE',  ( -1.473346230402979629, -0.9747751063606726607, 0.7750000000000000222 ) ) ;
#6466 = LINE ( 'NONE', #4165, #2290 ) ;
#6467 = COLOUR_RGB ( '',0.8039215686274510109, 0.8039215686274510109, 0.8039215686274510109 ) ;
#6468 = CARTESIAN_POINT ( 'NONE',  ( -0.4349999999999991651, 2.279999999999998028, -0.7547888812845857665 ) ) ;
#6469 = ORIENTED_EDGE ( 'NONE', *, *, #4656, .T. ) ;
#6470 = UNCERTAINTY_MEASURE_WITH_UNIT (LENGTH_MEASURE( 1.000000000000000082E-05 ), #2637, 'distance_accuracy_value', 'NONE');
#6471 = CARTESIAN_POINT ( 'NONE',  ( -1.704999999999998961, -2.533419388043264942, -0.6918851256749790624 ) ) ;
#6472 = CIRCLE ( 'NONE', #7449, 0.07499999999999980294 ) ;
#6473 = FACE_OUTER_BOUND ( 'NONE', #7530, .T. ) ;
#6474 = AXIS2_PLACEMENT_3D ( 'NONE', #5805, #7069, #1288 ) ;
#6475 = DIRECTION ( 'NONE',  ( 0.000000000000000000, 0.000000000000000000, -1.000000000000000000 ) ) ;
#6476 = CARTESIAN_POINT ( 'NONE',  ( -2.029702445343677830, -0.9747751063606726607, 0.7649999999999999023 ) ) ;
#6477 = ORIENTED_EDGE ( 'NONE', *, *, #3071, .F. ) ;
#6478 = CARTESIAN_POINT ( 'NONE',  ( -0.8349999999999991873, -3.000000000000000000, -0.9250000000000000444 ) ) ;
#6479 = EDGE_LOOP ( 'NONE', ( #362, #4703, #3863, #5549 ) ) ;
#6480 = SURFACE_STYLE_FILL_AREA ( #2267 ) ;
#6481 = CIRCLE ( 'NONE', #5603, 0.1000000000000000472 ) ;
#6482 = UNCERTAINTY_MEASURE_WITH_UNIT (LENGTH_MEASURE( 1.000000000000000082E-05 ), #2471, 'distance_accuracy_value', 'NONE');
#6483 = DIRECTION ( 'NONE',  ( 0.1039620511844979306, -0.1039620511844979306, -0.9891328443778538704 ) ) ;
#6484 = CARTESIAN_POINT ( 'NONE',  ( 0.4350000000000009415, -1.974999999999999867, -0.1999999999999999833 ) ) ;
#6485 = MECHANICAL_DESIGN_GEOMETRIC_PRESENTATION_REPRESENTATION (  '', ( #5223 ), #7229 ) ;
#6486 = LINE ( 'NONE', #715, #7375 ) ;
#6487 = CARTESIAN_POINT ( 'NONE',  ( 2.375136580382891882, -1.950000000000000178, 0.09999999999999995004 ) ) ;
#6488 = ORIENTED_EDGE ( 'NONE', *, *, #3937, .F. ) ;
#6489 = DIRECTION ( 'NONE',  ( -1.000000000000000000, 0.000000000000000000, 0.000000000000000000 ) ) ;
#6490 = DIRECTION ( 'NONE',  ( 0.000000000000000000, -0.7071067811865433539, 0.7071067811865516806 ) ) ;
#6491 = EDGE_CURVE ( 'NONE', #1803, #5994, #4960, .T. ) ;
#6492 = DIRECTION ( 'NONE',  ( 0.000000000000000000, 1.000000000000000000, 0.000000000000000000 ) ) ;
#6493 = ORIENTED_EDGE ( 'NONE', *, *, #4243, .T. ) ;
#6494 = SURFACE_STYLE_USAGE ( .BOTH. , #825 ) ;
#6495 = EDGE_CURVE ( 'NONE', #6755, #4836, #4474, .T. ) ;
#6496 = SURFACE_STYLE_USAGE ( .BOTH. , #2359 ) ;
#6497 = SURFACE_STYLE_FILL_AREA ( #5860 ) ;
#6498 = VECTOR ( 'NONE', #313, 1000.000000000000227 ) ;
#6499 = SURFACE_STYLE_USAGE ( .BOTH. , #4833 ) ;
#6500 = ADVANCED_FACE ( 'NONE', ( #956 ), #1645, .F. ) ;
#6501 =( LENGTH_UNIT ( ) NAMED_UNIT ( * ) SI_UNIT ( .MILLI., .METRE. ) );
#6502 =( GEOMETRIC_REPRESENTATION_CONTEXT ( 3 ) GLOBAL_UNCERTAINTY_ASSIGNED_CONTEXT ( ( #4950 ) ) GLOBAL_UNIT_ASSIGNED_CONTEXT ( ( #4008, #2967, #1297 ) ) REPRESENTATION_CONTEXT ( 'NONE', 'WORKASPACE' ) );
#6503 = EDGE_CURVE ( 'NONE', #1420, #3176, #396, .T. ) ;
#6504 = CARTESIAN_POINT ( 'NONE',  ( -0.8349999999999991873, 1.949999999999999956, -0.1000000000000000194 ) ) ;
#6505 = ORIENTED_EDGE ( 'NONE', *, *, #1522, .T. ) ;
#6506 = MECHANICAL_DESIGN_GEOMETRIC_PRESENTATION_REPRESENTATION (  '', ( #1608 ), #6362 ) ;
#6507 = ORIENTED_EDGE ( 'NONE', *, *, #2479, .F. ) ;
#6508 = DIRECTION ( 'NONE',  ( 0.000000000000000000, 0.9975640502598243087, -0.06975647374412557999 ) ) ;
#6509 = COLOUR_RGB ( '',0.8039215686274510109, 0.8039215686274510109, 0.8039215686274510109 ) ;
#6510 = DIRECTION ( 'NONE',  ( -0.1039620511844979445, 0.1039620511844979445, -0.9891328443778539814 ) ) ;
#6511 = VECTOR ( 'NONE', #6249, 1000.000000000000000 ) ;
#6512 = PLANE ( 'NONE',  #6017 ) ;
#6513 = DIRECTION ( 'NONE',  ( 1.000000000000000000, 0.000000000000000000, 0.000000000000000000 ) ) ;
#6514 = CARTESIAN_POINT ( 'NONE',  ( 2.105000000000000870, 2.045395859880669409, -0.1000000000000000194 ) ) ;
#6515 = FILL_AREA_STYLE ('',( #6376 ) ) ;
#6516 = AXIS2_PLACEMENT_3D ( 'NONE', #6610, #1346, #2022 ) ;
#6517 = EDGE_CURVE ( 'NONE', #512, #7412, #5972, .T. ) ;
#6518 = LINE ( 'NONE', #777, #1996 ) ;
#6519 = ORIENTED_EDGE ( 'NONE', *, *, #862, .T. ) ;
#6520 = VECTOR ( 'NONE', #6319, 1000.000000000000114 ) ;
#6521 = VERTEX_POINT ( 'NONE', #7489 ) ;
#6522 = SURFACE_SIDE_STYLE ('',( #3728 ) ) ;
#6523 =( NAMED_UNIT ( * ) SI_UNIT ( $, .STERADIAN. ) SOLID_ANGLE_UNIT ( ) );
#6524 = SURFACE_SIDE_STYLE ('',( #6448 ) ) ;
#6525 = DIRECTION ( 'NONE',  ( 0.000000000000000000, -0.9975640502598241977, 0.06975647374412528856 ) ) ;
#6526 = DIRECTION ( 'NONE',  ( 0.000000000000000000, -0.9975640502598243087, -0.06975647374412557999 ) ) ;
#6527 = ORIENTED_EDGE ( 'NONE', *, *, #1640, .T. ) ;
#6528 = PRESENTATION_LAYER_ASSIGNMENT (  '', '', ( #329 ) ) ;
#6529 = DIRECTION ( 'NONE',  ( 0.000000000000000000, 0.000000000000000000, -1.000000000000000000 ) ) ;
#6530 = FACE_OUTER_BOUND ( 'NONE', #441, .T. ) ;
#6531 =( LENGTH_UNIT ( ) NAMED_UNIT ( * ) SI_UNIT ( .MILLI., .METRE. ) );
#6532 = CARTESIAN_POINT ( 'NONE',  ( 2.376217025357844292, 1.876217025357843404, 0.08449019374921866443 ) ) ;
#6533 =( NAMED_UNIT ( * ) SI_UNIT ( $, .STERADIAN. ) SOLID_ANGLE_UNIT ( ) );
#6534 = STYLED_ITEM ( 'NONE', ( #5381 ), #3932 ) ;
#6535 = SURFACE_SIDE_STYLE ('',( #4788 ) ) ;
#6536 = CARTESIAN_POINT ( 'NONE',  ( 1.705000000000000959, 1.949999999999999956, 0.09999999999999999167 ) ) ;
#6537 = CARTESIAN_POINT ( 'NONE',  ( -2.418963392251839650, 1.949760935694446307, 0.1022745449310376309 ) ) ;
#6538 = PRESENTATION_STYLE_ASSIGNMENT (( #115 ) ) ;
#6539 = ORIENTED_EDGE ( 'NONE', *, *, #5589, .T. ) ;
#6540 = CARTESIAN_POINT ( 'NONE',  ( 1.705000000000000959, 3.000000000000000000, -0.7245116203837658198 ) ) ;
#6541 = EDGE_CURVE ( 'NONE', #5891, #6863, #6472, .T. ) ;
#6542 = EDGE_CURVE ( 'NONE', #139, #4774, #6919, .T. ) ;
#6543 = FACE_OUTER_BOUND ( 'NONE', #6149, .T. ) ;
#6544 = VECTOR ( 'NONE', #4606, 1000.000000000000000 ) ;
#6545 = CARTESIAN_POINT ( 'NONE',  ( 1.705000000000000959, -2.446255090880788519, -0.6258580972010689969 ) ) ;
#6546 = ORIENTED_EDGE ( 'NONE', *, *, #2836, .T. ) ;
#6547 = UNCERTAINTY_MEASURE_WITH_UNIT (LENGTH_MEASURE( 1.000000000000000082E-05 ), #2033, 'distance_accuracy_value', 'NONE');
#6548 = AXIS2_PLACEMENT_3D ( 'NONE', #66, #4039, #2399 ) ;
#6549 = FILL_AREA_STYLE ('',( #7054 ) ) ;
#6550 = CARTESIAN_POINT ( 'NONE',  ( 1.705000000000000959, -1.949999999999999956, 0.09999999999999999167 ) ) ;
#6551 = DIRECTION ( 'NONE',  ( 0.1045284632676537068, 0.000000000000000000, -0.9945218953682734009 ) ) ;
#6552 = DIRECTION ( 'NONE',  ( 1.000000000000000000, 0.000000000000000000, 0.000000000000000000 ) ) ;
#6553 = VERTEX_POINT ( 'NONE', #2767 ) ;
#6554 = SURFACE_STYLE_USAGE ( .BOTH. , #4740 ) ;
#6555 = SURFACE_SIDE_STYLE ('',( #4174 ) ) ;
#6556 = UNCERTAINTY_MEASURE_WITH_UNIT (LENGTH_MEASURE( 1.000000000000000082E-05 ), #6559, 'distance_accuracy_value', 'NONE');
#6557 = DIRECTION ( 'NONE',  ( 0.000000000000000000, 0.9413994453688866448, -0.3372937655207293162 ) ) ;
#6558 = STYLED_ITEM ( 'NONE', ( #3385 ), #128 ) ;
#6559 =( LENGTH_UNIT ( ) NAMED_UNIT ( * ) SI_UNIT ( .MILLI., .METRE. ) );
#6560 = VERTEX_POINT ( 'NONE', #1071 ) ;
#6561 = VECTOR ( 'NONE', #7029, 1000.000000000000000 ) ;
#6562 = DIRECTION ( 'NONE',  ( 0.000000000000000000, 0.9975640502598241977, 0.06975647374412528856 ) ) ;
#6563 = LINE ( 'NONE', #1338, #1464 ) ;
#6564 =( GEOMETRIC_REPRESENTATION_CONTEXT ( 3 ) GLOBAL_UNCERTAINTY_ASSIGNED_CONTEXT ( ( #2589 ) ) GLOBAL_UNIT_ASSIGNED_CONTEXT ( ( #7013, #4194, #5903 ) ) REPRESENTATION_CONTEXT ( 'NONE', 'WORKASPACE' ) );
#6565 = CARTESIAN_POINT ( 'NONE',  ( -2.104999999999999094, 2.280000000000000249, -0.7547888812845849893 ) ) ;
#6566 = EDGE_CURVE ( 'NONE', #806, #3793, #1683, .T. ) ;
#6567 = PRESENTATION_LAYER_ASSIGNMENT (  '', '', ( #5930 ) ) ;
#6568 = VECTOR ( 'NONE', #6136, 1000.000000000000000 ) ;
#6569 = CARTESIAN_POINT ( 'NONE',  ( -2.449999999999998401, -1.875136580382891438, 0.09999999999999993616 ) ) ;
#6570 = CARTESIAN_POINT ( 'NONE',  ( 0.000000000000000000, 1.811524337873330115, -0.7750000000000000222 ) ) ;
#6571 = MANIFOLD_SOLID_BREP ( 'LPattern1[4]', #704 ) ;
#6572 = ORIENTED_EDGE ( 'NONE', *, *, #7303, .F. ) ;
#6573 = AXIS2_PLACEMENT_3D ( 'NONE', #3656, #2493, #7199 ) ;
#6574 = MECHANICAL_DESIGN_GEOMETRIC_PRESENTATION_REPRESENTATION (  '', ( #1081 ), #5446 ) ;
#6575 = MECHANICAL_DESIGN_GEOMETRIC_PRESENTATION_REPRESENTATION (  '', ( #1343 ), #3271 ) ;
#6576 = SURFACE_SIDE_STYLE ('',( #693 ) ) ;
#6577 = COLOUR_RGB ( '',0.8039215686274510109, 0.8039215686274510109, 0.8039215686274510109 ) ;
#6578 = DIRECTION ( 'NONE',  ( 1.000000000000000000, 0.000000000000000000, 0.000000000000000000 ) ) ;
#6579 = FILL_AREA_STYLE_COLOUR ( '', #450 ) ;
#6580 = FACE_OUTER_BOUND ( 'NONE', #5256, .T. ) ;
#6581 = FILL_AREA_STYLE_COLOUR ( '', #4968 ) ;
#6582 = EDGE_CURVE ( 'NONE', #2370, #7460, #4713, .T. ) ;
#6583 = EDGE_CURVE ( 'NONE', #4836, #3201, #5895, .T. ) ;
#6584 = ORIENTED_EDGE ( 'NONE', *, *, #6599, .F. ) ;
#6585 = PRESENTATION_STYLE_ASSIGNMENT (( #5945 ) ) ;
#6586 = CARTESIAN_POINT ( 'NONE',  ( -2.375409738600887000, -1.949998880753508246, 0.1000106489190369513 ) ) ;
#6587 = LINE ( 'NONE', #4852, #5950 ) ;
#6588 = EDGE_CURVE ( 'NONE', #2370, #6188, #6452, .T. ) ;
#6589 = PRESENTATION_LAYER_ASSIGNMENT (  '', '', ( #5463 ) ) ;
#6590 = DIRECTION ( 'NONE',  ( 0.000000000000000000, 0.000000000000000000, -1.000000000000000000 ) ) ;
#6591 = ORIENTED_EDGE ( 'NONE', *, *, #5187, .F. ) ;
#6592 = DIRECTION ( 'NONE',  ( 0.000000000000000000, 1.000000000000000000, 0.000000000000000000 ) ) ;
#6593 = CARTESIAN_POINT ( 'NONE',  ( -2.449998880753506914, 1.875409738600887666, -0.1000106489190369929 ) ) ;
#6594 = VERTEX_POINT ( 'NONE', #7525 ) ;
#6595 = APPLICATION_PROTOCOL_DEFINITION ( 'draft international standard', 'automotive_design', 1998, #6764 ) ;
#6596 = COLOUR_RGB ( '',0.8039215686274510109, 0.8039215686274510109, 0.8039215686274510109 ) ;
#6597 = VECTOR ( 'NONE', #5772, 1000.000000000000000 ) ;
#6598 = MANIFOLD_SOLID_BREP ( 'LPattern1[2]', #7414 ) ;
#6599 = EDGE_CURVE ( 'NONE', #7201, #3747, #67, .T. ) ;
#6600 = CYLINDRICAL_SURFACE ( 'NONE', #1644, 0.1000000000000002137 ) ;
#6601 = FILL_AREA_STYLE ('',( #7144 ) ) ;
#6602 = VERTEX_POINT ( 'NONE', #5308 ) ;
#6603 = DIRECTION ( 'NONE',  ( -0.000000000000000000, 1.000000000000000000, -0.000000000000000000 ) ) ;
#6604 = ADVANCED_FACE ( 'NONE', ( #4711 ), #7039, .T. ) ;
#6605 = ADVANCED_BREP_SHAPE_REPRESENTATION ( 'DMT6009LSS-13', ( #1635, #6660, #6598, #1501, #1541, #6571, #4047, #1580, #1479, #6726, #4994 ), #3319 ) ;
#6606 = CARTESIAN_POINT ( 'NONE',  ( 0.8350000000000008527, -2.233675748954446760, -0.03254124689585519842 ) ) ;
#6607 = CARTESIAN_POINT ( 'NONE',  ( 1.705000000000000959, 3.000000000000000000, -0.9250000000000000444 ) ) ;
#6608 = COLOUR_RGB ( '',0.9607843137254902244, 0.9607843137254902244, 0.9607843137254902244 ) ;
#6609 = DIRECTION ( 'NONE',  ( 1.000000000000000000, 0.000000000000000000, 0.000000000000000000 ) ) ;
#6610 = CARTESIAN_POINT ( 'NONE',  ( -2.104999999999999094, 2.045395859880669409, -0.1000000000000000194 ) ) ;
#6611 = VERTEX_POINT ( 'NONE', #3188 ) ;
#6612 = ORIENTED_EDGE ( 'NONE', *, *, #1508, .T. ) ;
#6613 = VERTEX_POINT ( 'NONE', #5419 ) ;
#6614 = PLANE ( 'NONE',  #867 ) ;
#6615 = CARTESIAN_POINT ( 'NONE',  ( -1.751524337873328729, -0.9747751063606726607, 0.7750000000000000222 ) ) ;
#6616 = DIRECTION ( 'NONE',  ( -0.000000000000000000, 0.000000000000000000, -1.000000000000000000 ) ) ;
#6617 = DIRECTION ( 'NONE',  ( 1.000000000000000000, 0.000000000000000000, 0.000000000000000000 ) ) ;
#6618 = ORIENTED_EDGE ( 'NONE', *, *, #617, .F. ) ;
#6619 = CIRCLE ( 'NONE', #1987, 0.1000000000000002137 ) ;
#6620 = UNCERTAINTY_MEASURE_WITH_UNIT (LENGTH_MEASURE( 1.000000000000000082E-05 ), #3539, 'distance_accuracy_value', 'NONE');
#6621 = UNCERTAINTY_MEASURE_WITH_UNIT (LENGTH_MEASURE( 1.000000000000000082E-05 ), #2688, 'distance_accuracy_value', 'NONE');
#6622 = CARTESIAN_POINT ( 'NONE',  ( -2.375136580382890106, -1.950000000000000178, 0.09999999999999993616 ) ) ;
#6623 = CARTESIAN_POINT ( 'NONE',  ( -0.8349999999999991873, -2.540395035417677416, -0.5921287206489965760 ) ) ;
#6624 = AXIS2_PLACEMENT_3D ( 'NONE', #6364, #4517, #3375 ) ;
#6625 = ADVANCED_FACE ( 'NONE', ( #3674 ), #4249, .T. ) ;
#6626 = PRESENTATION_LAYER_ASSIGNMENT (  '', '', ( #2350 ) ) ;
#6627 = DIRECTION ( 'NONE',  ( -1.000000000000000000, -0.000000000000000000, -0.000000000000000000 ) ) ;
#6628 = ORIENTED_EDGE ( 'NONE', *, *, #6385, .T. ) ;
#6629 =( NAMED_UNIT ( * ) PLANE_ANGLE_UNIT ( ) SI_UNIT ( $, .RADIAN. ) );
#6630 = VERTEX_POINT ( 'NONE', #5507 ) ;
#6631 = VECTOR ( 'NONE', #4001, 1000.000000000000114 ) ;
#6632 = ORIENTED_EDGE ( 'NONE', *, *, #6171, .T. ) ;
#6633 = UNCERTAINTY_MEASURE_WITH_UNIT (LENGTH_MEASURE( 1.000000000000000082E-05 ), #7060, 'distance_accuracy_value', 'NONE');
#6634 = ADVANCED_FACE ( 'NONE', ( #4872 ), #6007, .T. ) ;
#6635 = EDGE_CURVE ( 'NONE', #2687, #3809, #2569, .T. ) ;
#6636 = MECHANICAL_DESIGN_GEOMETRIC_PRESENTATION_REPRESENTATION (  '', ( #6762 ), #2113 ) ;
#6637 = PLANE ( 'NONE',  #7496 ) ;
#6638 = SURFACE_STYLE_FILL_AREA ( #6712 ) ;
#6639 = VERTEX_POINT ( 'NONE', #182 ) ;
#6640 = VERTEX_POINT ( 'NONE', #6042 ) ;
#6641 = PLANE ( 'NONE',  #2403 ) ;
#6642 = PRESENTATION_LAYER_ASSIGNMENT (  '', '', ( #5133 ) ) ;
#6643 = EDGE_CURVE ( 'NONE', #2114, #2904, #4287, .T. ) ;
#6644 = PRESENTATION_LAYER_ASSIGNMENT (  '', '', ( #2008 ) ) ;
#6645 = VERTEX_POINT ( 'NONE', #3781 ) ;
#6646 = LINE ( 'NONE', #6058, #6813 ) ;
#6647 = AXIS2_PLACEMENT_3D ( 'NONE', #2356, #4546, #6808 ) ;
#6648 = FILL_AREA_STYLE_COLOUR ( '', #6697 ) ;
#6649 = CARTESIAN_POINT ( 'NONE',  ( 0.8350000000000008527, -1.974999999999999867, -0.1000000000000000194 ) ) ;
#6650 = ORIENTED_EDGE ( 'NONE', *, *, #1732, .F. ) ;
#6651 = VERTEX_POINT ( 'NONE', #353 ) ;
#6652 = LINE ( 'NONE', #1395, #126 ) ;
#6653 =( LENGTH_UNIT ( ) NAMED_UNIT ( * ) SI_UNIT ( .MILLI., .METRE. ) );
#6654 = CARTESIAN_POINT ( 'NONE',  ( -1.704999999999998961, 2.045395859880669409, -0.1000000000000000194 ) ) ;
#6655 = FACE_OUTER_BOUND ( 'NONE', #1117, .T. ) ;
#6656 = DIRECTION ( 'NONE',  ( 1.000000000000000000, 0.000000000000000000, 0.000000000000000000 ) ) ;
#6657 = CARTESIAN_POINT ( 'NONE',  ( 1.705000000000000959, 1.949999999999999956, 0.09999999999999999167 ) ) ;
#6658 = ORIENTED_EDGE ( 'NONE', *, *, #4554, .T. ) ;
#6659 = FACE_OUTER_BOUND ( 'NONE', #1027, .T. ) ;
#6660 = MANIFOLD_SOLID_BREP ( 'LPattern1[1]', #2046 ) ;
#6661 = STYLED_ITEM ( 'NONE', ( #2923 ), #4511 ) ;
#6662 = DIRECTION ( 'NONE',  ( 1.000000000000000000, -0.000000000000000000, 0.000000000000000000 ) ) ;
#6663 = FILL_AREA_STYLE ('',( #3072 ) ) ;
#6664 = VERTEX_POINT ( 'NONE', #3335 ) ;
#6665 =( LENGTH_UNIT ( ) NAMED_UNIT ( * ) SI_UNIT ( .MILLI., .METRE. ) );
#6666 = PRESENTATION_STYLE_ASSIGNMENT (( #7487 ) ) ;
#6667 = ORIENTED_EDGE ( 'NONE', *, *, #2983, .F. ) ;
#6668 = CARTESIAN_POINT ( 'NONE',  ( -0.8349999999999991873, -2.279999999999998028, -0.7547888812845857665 ) ) ;
#6669 = FILL_AREA_STYLE ('',( #5418 ) ) ;
#6670 =( GEOMETRIC_REPRESENTATION_CONTEXT ( 3 ) GLOBAL_UNCERTAINTY_ASSIGNED_CONTEXT ( ( #3782 ) ) GLOBAL_UNIT_ASSIGNED_CONTEXT ( ( #5293, #4809, #4766 ) ) REPRESENTATION_CONTEXT ( 'NONE', 'WORKASPACE' ) );
#6671 = MECHANICAL_DESIGN_GEOMETRIC_PRESENTATION_REPRESENTATION (  '', ( #6044 ), #2752 ) ;
#6672 = EDGE_CURVE ( 'NONE', #5797, #725, #46, .T. ) ;
#6673 = CYLINDRICAL_SURFACE ( 'NONE', #5792, 0.1999999999999995670 ) ;
#6674 =( NAMED_UNIT ( * ) SI_UNIT ( $, .STERADIAN. ) SOLID_ANGLE_UNIT ( ) );
#6675 = PLANE ( 'NONE',  #4427 ) ;
#6676 = FILL_AREA_STYLE_COLOUR ( '', #2059 ) ;
#6677 = LINE ( 'NONE', #2628, #767 ) ;
#6678 = STYLED_ITEM ( 'NONE', ( #5205 ), #163 ) ;
#6679 = CARTESIAN_POINT ( 'NONE',  ( 2.450000000000000178, 1.875000000000000000, -0.1000000000000000056 ) ) ;
#6680 = ORIENTED_EDGE ( 'NONE', *, *, #1768, .T. ) ;
#6681 = ADVANCED_FACE ( 'NONE', ( #6833 ), #6282, .T. ) ;
#6682 = DIRECTION ( 'NONE',  ( 0.000000000000000000, -0.06975647374412557999, 0.9975640502598243087 ) ) ;
#6683 = ORIENTED_EDGE ( 'NONE', *, *, #3428, .T. ) ;
#6684 = VERTEX_POINT ( 'NONE', #1529 ) ;
#6685 = STYLED_ITEM ( 'NONE', ( #550 ), #1038 ) ;
#6686 = MECHANICAL_DESIGN_GEOMETRIC_PRESENTATION_REPRESENTATION (  '', ( #3366 ), #4312 ) ;
#6687 = CARTESIAN_POINT ( 'NONE',  ( -1.704999999999998961, 2.446255090880788519, -0.6258580972010689969 ) ) ;
#6688 = LINE ( 'NONE', #3753, #3676 ) ;
#6689 = AXIS2_PLACEMENT_3D ( 'NONE', #5183, #5692, #6955 ) ;
#6690 = FACE_OUTER_BOUND ( 'NONE', #3098, .T. ) ;
#6691 = CARTESIAN_POINT ( 'NONE',  ( -2.104999999999999094, 1.949999999999999956, 0.09999999999999999167 ) ) ;
#6692 = VERTEX_POINT ( 'NONE', #5682 ) ;
#6693 = CYLINDRICAL_SURFACE ( 'NONE', #4912, 0.1000000000000002137 ) ;
#6694 = EDGE_CURVE ( 'NONE', #7471, #1738, #492, .T. ) ;
#6695 = UNCERTAINTY_MEASURE_WITH_UNIT (LENGTH_MEASURE( 1.000000000000000082E-05 ), #382, 'distance_accuracy_value', 'NONE');
#6696 = CARTESIAN_POINT ( 'NONE',  ( -0.4349999999999991651, -3.000000000000000000, -0.7245116203837658198 ) ) ;
#6697 = COLOUR_RGB ( '',0.8039215686274510109, 0.8039215686274510109, 0.8039215686274510109 ) ;
#6698 = CARTESIAN_POINT ( 'NONE',  ( -2.104999999999999094, 2.533419388043264942, -0.6918851256749790624 ) ) ;
#6699 = DIRECTION ( 'NONE',  ( -0.1045284632676537068, 0.000000000000000000, -0.9945218953682734009 ) ) ;
#6700 = LINE ( 'NONE', #5529, #2365 ) ;
#6701 = CARTESIAN_POINT ( 'NONE',  ( -0.4349999999999991651, 2.468279889073774935, -0.6873301281804449214 ) ) ;
#6702 = CARTESIAN_POINT ( 'NONE',  ( 1.705000000000000959, -1.949999999999999956, -0.1000000000000000194 ) ) ;
#6703 = VECTOR ( 'NONE', #6592, 1000.000000000000000 ) ;
#6704 = FACE_OUTER_BOUND ( 'NONE', #1995, .T. ) ;
#6705 = VECTOR ( 'NONE', #1065, 1000.000000000000000 ) ;
#6706 = ORIENTED_EDGE ( 'NONE', *, *, #2741, .T. ) ;
#6707 = COLOUR_RGB ( '',0.2862745098039215508, 0.2862745098039215508, 0.2862745098039215508 ) ;
#6708 = VECTOR ( 'NONE', #5146, 1000.000000000000000 ) ;
#6709 = CIRCLE ( 'NONE', #3505, 0.07499999999999998335 ) ;
#6710 = LINE ( 'NONE', #1483, #1902 ) ;
#6711 = SURFACE_STYLE_USAGE ( .BOTH. , #2150 ) ;
#6712 = FILL_AREA_STYLE ('',( #4321 ) ) ;
#6713 = DIRECTION ( 'NONE',  ( 1.000000000000000000, 0.000000000000000000, 0.000000000000000000 ) ) ;
#6714 = SURFACE_STYLE_FILL_AREA ( #6872 ) ;
#6715 = ORIENTED_EDGE ( 'NONE', *, *, #7116, .T. ) ;
#6716 =( NAMED_UNIT ( * ) PLANE_ANGLE_UNIT ( ) SI_UNIT ( $, .RADIAN. ) );
#6717 = DIRECTION ( 'NONE',  ( 0.000000000000000000, -0.000000000000000000, 1.000000000000000000 ) ) ;
#6718 = VECTOR ( 'NONE', #5823, 1000.000000000000000 ) ;
#6719 =( NAMED_UNIT ( * ) PLANE_ANGLE_UNIT ( ) SI_UNIT ( $, .RADIAN. ) );
#6720 = VECTOR ( 'NONE', #167, 1000.000000000000000 ) ;
#6721 = UNCERTAINTY_MEASURE_WITH_UNIT (LENGTH_MEASURE( 1.000000000000000082E-05 ), #751, 'distance_accuracy_value', 'NONE');
#6722 = CARTESIAN_POINT ( 'NONE',  ( 2.105000000000000870, 2.279999999999998028, -0.7547888812845857665 ) ) ;
#6723 = STYLED_ITEM ( 'NONE', ( #5920 ), #2140 ) ;
#6724 = SURFACE_STYLE_USAGE ( .BOTH. , #2089 ) ;
#6725 = EDGE_CURVE ( 'NONE', #6560, #7412, #7041, .T. ) ;
#6726 = MANIFOLD_SOLID_BREP ( 'Boss-Extrude6', #2277 ) ;
#6727 = ORIENTED_EDGE ( 'NONE', *, *, #4006, .T. ) ;
#6728 = VERTEX_POINT ( 'NONE', #6394 ) ;
#6729 = EDGE_LOOP ( 'NONE', ( #5042, #4246, #4388, #910 ) ) ;
#6730 = PRESENTATION_LAYER_ASSIGNMENT (  '', '', ( #2212 ) ) ;
#6731 = AXIS2_PLACEMENT_3D ( 'NONE', #582, #7010, #2896 ) ;
#6732 = EDGE_CURVE ( 'NONE', #3518, #3938, #2726, .T. ) ;
#6733 = EDGE_CURVE ( 'NONE', #3459, #3009, #748, .T. ) ;
#6734 = VERTEX_POINT ( 'NONE', #5800 ) ;
#6735 = STYLED_ITEM ( 'NONE', ( #5210 ), #7056 ) ;
#6736 = CARTESIAN_POINT ( 'NONE',  ( 2.105000000000000870, 2.540395035417677416, -0.5921287206489965760 ) ) ;
#6737 =( NAMED_UNIT ( * ) PLANE_ANGLE_UNIT ( ) SI_UNIT ( $, .RADIAN. ) );
#6738 = EDGE_CURVE ( 'NONE', #1895, #3081, #6315, .T. ) ;
#6739 =( GEOMETRIC_REPRESENTATION_CONTEXT ( 3 ) GLOBAL_UNCERTAINTY_ASSIGNED_CONTEXT ( ( #3690 ) ) GLOBAL_UNIT_ASSIGNED_CONTEXT ( ( #2255, #5165, #6307 ) ) REPRESENTATION_CONTEXT ( 'NONE', 'WORKASPACE' ) );
#6740 = FILL_AREA_STYLE ('',( #6119 ) ) ;
#6741 = CARTESIAN_POINT ( 'NONE',  ( 0.4350000000000009415, 1.949999999999999956, -0.1000000000000000194 ) ) ;
#6742 = CARTESIAN_POINT ( 'NONE',  ( -2.449999999999998401, -1.949999999999999956, -0.1000000000000000056 ) ) ;
#6743 = CARTESIAN_POINT ( 'NONE',  ( 2.105000000000000870, 1.949999999999999956, -0.1000000000000000194 ) ) ;
#6744 = ORIENTED_EDGE ( 'NONE', *, *, #3346, .T. ) ;
#6745 =( NAMED_UNIT ( * ) PLANE_ANGLE_UNIT ( ) SI_UNIT ( $, .RADIAN. ) );
#6746 = PRESENTATION_LAYER_ASSIGNMENT (  '', '', ( #4369 ) ) ;
#6747 = SURFACE_SIDE_STYLE ('',( #5413 ) ) ;
#6748 = MECHANICAL_DESIGN_GEOMETRIC_PRESENTATION_REPRESENTATION (  '', ( #3415 ), #5241 ) ;
#6749 = PRESENTATION_STYLE_ASSIGNMENT (( #2650 ) ) ;
#6750 = CIRCLE ( 'NONE', #5244, 0.1999999999999995670 ) ;
#6751 = LINE ( 'NONE', #1445, #976 ) ;
#6752 = ORIENTED_EDGE ( 'NONE', *, *, #793, .T. ) ;
#6753 =( GEOMETRIC_REPRESENTATION_CONTEXT ( 3 ) GLOBAL_UNCERTAINTY_ASSIGNED_CONTEXT ( ( #2946 ) ) GLOBAL_UNIT_ASSIGNED_CONTEXT ( ( #1015, #4574, #843 ) ) REPRESENTATION_CONTEXT ( 'NONE', 'WORKASPACE' ) );
#6754 = DIRECTION ( 'NONE',  ( 0.000000000000000000, 0.000000000000000000, -1.000000000000000000 ) ) ;
#6755 = VERTEX_POINT ( 'NONE', #1751 ) ;
#6756 = CARTESIAN_POINT ( 'NONE',  ( -2.944974746830578916, -1.897061150240112459, 0.4437799732985454604 ) ) ;
#6757 =( LENGTH_UNIT ( ) NAMED_UNIT ( * ) SI_UNIT ( .MILLI., .METRE. ) );
#6758 = DIRECTION ( 'NONE',  ( 0.000000000000000000, -0.000000000000000000, -1.000000000000000000 ) ) ;
#6759 = UNCERTAINTY_MEASURE_WITH_UNIT (LENGTH_MEASURE( 1.000000000000000082E-05 ), #4551, 'distance_accuracy_value', 'NONE');
#6760 = PRESENTATION_STYLE_ASSIGNMENT (( #4289 ) ) ;
#6761 =( NAMED_UNIT ( * ) SI_UNIT ( $, .STERADIAN. ) SOLID_ANGLE_UNIT ( ) );
#6762 = STYLED_ITEM ( 'NONE', ( #620 ), #2936 ) ;
#6763 = CARTESIAN_POINT ( 'NONE',  ( -2.104999999999999094, -2.233675748954446760, -0.03254124689585519842 ) ) ;
#6764 = APPLICATION_CONTEXT ( 'automotive_design' ) ;
#6765 = ORIENTED_EDGE ( 'NONE', *, *, #5711, .T. ) ;
#6766 =( GEOMETRIC_REPRESENTATION_CONTEXT ( 3 ) GLOBAL_UNCERTAINTY_ASSIGNED_CONTEXT ( ( #739 ) ) GLOBAL_UNIT_ASSIGNED_CONTEXT ( ( #5018, #2048, #4320 ) ) REPRESENTATION_CONTEXT ( 'NONE', 'WORKASPACE' ) );
#6767 = CARTESIAN_POINT ( 'NONE',  ( 1.705000000000000959, -2.540395035417677416, -0.5921287206489965760 ) ) ;
#6768 = ORIENTED_EDGE ( 'NONE', *, *, #3306, .T. ) ;
#6769 = ORIENTED_EDGE ( 'NONE', *, *, #6503, .T. ) ;
#6770 = CARTESIAN_POINT ( 'NONE',  ( -2.104999999999999094, -1.949999999999999956, 0.09999999999999999167 ) ) ;
#6771 = STYLED_ITEM ( 'NONE', ( #1161 ), #3583 ) ;
#6772 = CARTESIAN_POINT ( 'NONE',  ( 0.8350000000000008527, -2.454328594324949986, -0.8868429382324097832 ) ) ;
#6773 = DIRECTION ( 'NONE',  ( 0.000000000000000000, 0.000000000000000000, -1.000000000000000000 ) ) ;
#6774 = EDGE_LOOP ( 'NONE', ( #870, #5865, #2132, #5713, #3067, #1060, #6916, #2424, #462, #621, #3854, #2272 ) ) ;
#6775 = AXIS2_PLACEMENT_3D ( 'NONE', #844, #295, #965 ) ;
#6776 = EDGE_CURVE ( 'NONE', #7201, #1577, #2231, .T. ) ;
#6777 = UNCERTAINTY_MEASURE_WITH_UNIT (LENGTH_MEASURE( 1.000000000000000082E-05 ), #4914, 'distance_accuracy_value', 'NONE');
#6778 = DIRECTION ( 'NONE',  ( 1.000000000000000000, 0.000000000000000000, 0.000000000000000000 ) ) ;
#6779 = DIRECTION ( 'NONE',  ( 1.000000000000000000, 0.000000000000000000, 0.000000000000000000 ) ) ;
#6780 = COLOUR_RGB ( '',0.8039215686274510109, 0.8039215686274510109, 0.8039215686274510109 ) ;
#6781 = FILL_AREA_STYLE ('',( #4974 ) ) ;
#6782 = ORIENTED_EDGE ( 'NONE', *, *, #1604, .T. ) ;
#6783 = EDGE_LOOP ( 'NONE', ( #4607, #2536, #997, #1456 ) ) ;
#6784 = UNCERTAINTY_MEASURE_WITH_UNIT (LENGTH_MEASURE( 1.000000000000000082E-05 ), #1728, 'distance_accuracy_value', 'NONE');
#6785 = PRESENTATION_LAYER_ASSIGNMENT (  '', '', ( #3227 ) ) ;
#6786 = CARTESIAN_POINT ( 'NONE',  ( 0.8350000000000008527, 2.069139944536888986, -0.1662706234479273959 ) ) ;
#6787 =( GEOMETRIC_REPRESENTATION_CONTEXT ( 3 ) GLOBAL_UNCERTAINTY_ASSIGNED_CONTEXT ( ( #4729 ) ) GLOBAL_UNIT_ASSIGNED_CONTEXT ( ( #1823, #3993, #710 ) ) REPRESENTATION_CONTEXT ( 'NONE', 'WORKASPACE' ) );
#6788 = LINE ( 'NONE', #3843, #6210 ) ;
#6789 = CARTESIAN_POINT ( 'NONE',  ( -2.104999999999999094, -1.974999999999999867, -0.1000000000000000194 ) ) ;
#6790 = ORIENTED_EDGE ( 'NONE', *, *, #4083, .F. ) ;
#6791 = FILL_AREA_STYLE_COLOUR ( '', #4917 ) ;
#6792 = SURFACE_STYLE_FILL_AREA ( #5058 ) ;
#6793 = SURFACE_SIDE_STYLE ('',( #914 ) ) ;
#6794 = DIRECTION ( 'NONE',  ( 0.000000000000000000, 0.7071067811865452413, -0.7071067811865499042 ) ) ;
#6795 = SURFACE_SIDE_STYLE ('',( #2691 ) ) ;
#6796 = SURFACE_STYLE_FILL_AREA ( #4874 ) ;
#6797 = ORIENTED_EDGE ( 'NONE', *, *, #5306, .T. ) ;
#6798 = VECTOR ( 'NONE', #1712, 1000.000000000000000 ) ;
#6799 = ADVANCED_FACE ( 'NONE', ( #3995 ), #6948, .T. ) ;
#6800 = AXIS2_PLACEMENT_3D ( 'NONE', #4782, #6603, #6529 ) ;
#6801 = CARTESIAN_POINT ( 'NONE',  ( -1.751524337873328729, -0.9747751063606726607, 0.7649999999999999023 ) ) ;
#6802 = SURFACE_STYLE_USAGE ( .BOTH. , #5628 ) ;
#6803 = ORIENTED_EDGE ( 'NONE', *, *, #5780, .T. ) ;
#6804 = ORIENTED_EDGE ( 'NONE', *, *, #1885, .F. ) ;
#6805 = CARTESIAN_POINT ( 'NONE',  ( 0.4350000000000009415, 3.000000000000000000, -0.9250000000000000444 ) ) ;
#6806 = SURFACE_SIDE_STYLE ('',( #333 ) ) ;
#6807 = ORIENTED_EDGE ( 'NONE', *, *, #2330, .T. ) ;
#6808 = DIRECTION ( 'NONE',  ( 0.000000000000000000, 0.000000000000000000, 1.000000000000000000 ) ) ;
#6809 =( NAMED_UNIT ( * ) PLANE_ANGLE_UNIT ( ) SI_UNIT ( $, .RADIAN. ) );
#6810 =( GEOMETRIC_REPRESENTATION_CONTEXT ( 3 ) GLOBAL_UNCERTAINTY_ASSIGNED_CONTEXT ( ( #1520 ) ) GLOBAL_UNIT_ASSIGNED_CONTEXT ( ( #4929, #7352, #6858 ) ) REPRESENTATION_CONTEXT ( 'NONE', 'WORKASPACE' ) );
#6811 = VERTEX_POINT ( 'NONE', #2349 ) ;
#6812 =( GEOMETRIC_REPRESENTATION_CONTEXT ( 3 ) GLOBAL_UNCERTAINTY_ASSIGNED_CONTEXT ( ( #7264 ) ) GLOBAL_UNIT_ASSIGNED_CONTEXT ( ( #4092, #4166, #2455 ) ) REPRESENTATION_CONTEXT ( 'NONE', 'WORKASPACE' ) );
#6813 = VECTOR ( 'NONE', #838, 1000.000000000000000 ) ;
#6814 = DIRECTION ( 'NONE',  ( -1.000000000000000000, -0.000000000000000000, -0.000000000000000000 ) ) ;
#6815 = EDGE_CURVE ( 'NONE', #3568, #1336, #1136, .T. ) ;
#6816 = DIRECTION ( 'NONE',  ( -0.000000000000000000, 0.000000000000000000, 1.000000000000000000 ) ) ;
#6817 = FILL_AREA_STYLE_COLOUR ( '', #4813 ) ;
#6818 = EDGE_CURVE ( 'NONE', #178, #3659, #5884, .T. ) ;
#6819 = ORIENTED_EDGE ( 'NONE', *, *, #2929, .T. ) ;
#6820 = CYLINDRICAL_SURFACE ( 'NONE', #2464, 0.07499999999999998335 ) ;
#6821 = MECHANICAL_DESIGN_GEOMETRIC_PRESENTATION_REPRESENTATION (  '', ( #3852 ), #5444 ) ;
#6822 = EDGE_CURVE ( 'NONE', #53, #1186, #2870, .T. ) ;
#6823 = CARTESIAN_POINT ( 'NONE',  ( 1.705000000000000959, -2.533419388043264942, -0.6918851256749790624 ) ) ;
#6824 = VECTOR ( 'NONE', #1866, 1000.000000000000000 ) ;
#6825 = MECHANICAL_DESIGN_GEOMETRIC_PRESENTATION_REPRESENTATION (  '', ( #4209 ), #2899 ) ;
#6826 = ADVANCED_FACE ( 'NONE', ( #7028 ), #1789, .T. ) ;
#6827 = SURFACE_STYLE_FILL_AREA ( #6663 ) ;
#6828 = CARTESIAN_POINT ( 'NONE',  ( -2.375136580382890106, 1.950000000000000178, -0.09999999999999982514 ) ) ;
#6829 = VERTEX_POINT ( 'NONE', #3032 ) ;
#6830 = DIRECTION ( 'NONE',  ( -1.000000000000000000, 0.000000000000000000, 0.000000000000000000 ) ) ;
#6831 = EDGE_LOOP ( 'NONE', ( #2185, #7418, #3351, #4691 ) ) ;
#6832 = PLANE ( 'NONE',  #2633 ) ;
#6833 = FACE_OUTER_BOUND ( 'NONE', #1282, .T. ) ;
#6834 = SURFACE_STYLE_USAGE ( .BOTH. , #3474 ) ;
#6835 = SURFACE_STYLE_FILL_AREA ( #6209 ) ;
#6836 = CIRCLE ( 'NONE', #5847, 0.1999999999999978184 ) ;
#6837 = STYLED_ITEM ( 'NONE', ( #5791 ), #5341 ) ;
#6838 = FILL_AREA_STYLE_COLOUR ( '', #4784 ) ;
#6839 = CARTESIAN_POINT ( 'NONE',  ( -0.8349999999999991873, 1.974999999999999867, -0.1999999999999999833 ) ) ;
#6840 = CARTESIAN_POINT ( 'NONE',  ( 0.8350000000000008527, -3.000000000000000000, -0.7245116203837658198 ) ) ;
#6841 =( NAMED_UNIT ( * ) PLANE_ANGLE_UNIT ( ) SI_UNIT ( $, .RADIAN. ) );
#6842 = ADVANCED_FACE ( 'NONE', ( #6659 ), #4242, .T. ) ;
#6843 = ORIENTED_EDGE ( 'NONE', *, *, #934, .T. ) ;
#6844 = MECHANICAL_DESIGN_GEOMETRIC_PRESENTATION_REPRESENTATION (  '', ( #5463 ), #731 ) ;
#6845 = FILL_AREA_STYLE ('',( #2133 ) ) ;
#6846 = ORIENTED_EDGE ( 'NONE', *, *, #6269, .F. ) ;
#6847 = ORIENTED_EDGE ( 'NONE', *, *, #6588, .T. ) ;
#6848 = DIRECTION ( 'NONE',  ( 0.000000000000000000, -1.000000000000000000, 0.000000000000000000 ) ) ;
#6849 = COLOUR_RGB ( '',0.2862745098039215508, 0.2862745098039215508, 0.2862745098039215508 ) ;
#6850 = PRESENTATION_LAYER_ASSIGNMENT (  '', '', ( #2562 ) ) ;
#6851 = DIRECTION ( 'NONE',  ( 0.000000000000000000, 0.000000000000000000, -1.000000000000000000 ) ) ;
#6852 =( NAMED_UNIT ( * ) PLANE_ANGLE_UNIT ( ) SI_UNIT ( $, .RADIAN. ) );
#6853 = CARTESIAN_POINT ( 'NONE',  ( 1.705000000000000959, 2.045395859880669409, -0.1000000000000000194 ) ) ;
#6854 = PRESENTATION_LAYER_ASSIGNMENT (  '', '', ( #7103 ) ) ;
#6855 = CARTESIAN_POINT ( 'NONE',  ( -1.704999999999998961, -2.233675748954446760, -0.03254124689585519842 ) ) ;
#6856 =( GEOMETRIC_REPRESENTATION_CONTEXT ( 3 ) GLOBAL_UNCERTAINTY_ASSIGNED_CONTEXT ( ( #314 ) ) GLOBAL_UNIT_ASSIGNED_CONTEXT ( ( #3683, #5940, #7160 ) ) REPRESENTATION_CONTEXT ( 'NONE', 'WORKASPACE' ) );
#6857 = ORIENTED_EDGE ( 'NONE', *, *, #3620, .T. ) ;
#6858 =( NAMED_UNIT ( * ) SI_UNIT ( $, .STERADIAN. ) SOLID_ANGLE_UNIT ( ) );
#6859 = EDGE_CURVE ( 'NONE', #4324, #4856, #639, .T. ) ;
#6860 = CARTESIAN_POINT ( 'NONE',  ( 2.311524337873331003, -1.811524337873330115, -0.6999999999999999556 ) ) ;
#6861 =( NAMED_UNIT ( * ) SI_UNIT ( $, .STERADIAN. ) SOLID_ANGLE_UNIT ( ) );
#6862 = FILL_AREA_STYLE ('',( #1620 ) ) ;
#6863 = VERTEX_POINT ( 'NONE', #5995 ) ;
#6864 = VECTOR ( 'NONE', #3102, 1000.000000000000000 ) ;
#6865 = CARTESIAN_POINT ( 'NONE',  ( -2.311524337873329227, 1.949999999999999956, -0.6999999999999999556 ) ) ;
#6866 = UNCERTAINTY_MEASURE_WITH_UNIT (LENGTH_MEASURE( 1.000000000000000082E-05 ), #1231, 'distance_accuracy_value', 'NONE');
#6867 = PRESENTATION_STYLE_ASSIGNMENT (( #4454 ) ) ;
#6868 = LINE ( 'NONE', #1625, #261 ) ;
#6869 = VECTOR ( 'NONE', #303, 1000.000000000000000 ) ;
#6870 = LINE ( 'NONE', #3430, #3864 ) ;
#6871 = EDGE_LOOP ( 'NONE', ( #782, #5029, #3928, #1134, #1262, #3115, #7145, #1935, #7156, #5384, #7509, #3480 ) ) ;
#6872 = FILL_AREA_STYLE ('',( #4946 ) ) ;
#6873 = ORIENTED_EDGE ( 'NONE', *, *, #3178, .F. ) ;
#6874 = AXIS2_PLACEMENT_3D ( 'NONE', #877, #3229, #5543 ) ;
#6875 = LINE ( 'NONE', #3922, #5284 ) ;
#6876 =( NAMED_UNIT ( * ) SI_UNIT ( $, .STERADIAN. ) SOLID_ANGLE_UNIT ( ) );
#6877 = FACE_OUTER_BOUND ( 'NONE', #7433, .T. ) ;
#6878 = CARTESIAN_POINT ( 'NONE',  ( -1.704999999999998961, -1.974999999999999867, -0.1999999999999999833 ) ) ;
#6879 =( NAMED_UNIT ( * ) PLANE_ANGLE_UNIT ( ) SI_UNIT ( $, .RADIAN. ) );
#6880 = EDGE_CURVE ( 'NONE', #5317, #558, #785, .T. ) ;
#6881 = ADVANCED_FACE ( 'NONE', ( #7140 ), #5412, .T. ) ;
#6882 = DIRECTION ( 'NONE',  ( 0.9945218953682732899, 0.000000000000000000, 0.1045284632676541231 ) ) ;
#6883 = AXIS2_PLACEMENT_3D ( 'NONE', #4801, #6060, #2950 ) ;
#6884 = VERTEX_POINT ( 'NONE', #6160 ) ;
#6885 = CARTESIAN_POINT ( 'NONE',  ( -0.8349999999999991873, -1.974999999999999867, -0.1999999999999999833 ) ) ;
#6886 = CARTESIAN_POINT ( 'NONE',  ( -0.8349999999999991873, -2.069139944536888986, -0.1662706234479273959 ) ) ;
#6887 = EDGE_CURVE ( 'NONE', #5797, #4509, #4978, .T. ) ;
#6888 =( LENGTH_UNIT ( ) NAMED_UNIT ( * ) SI_UNIT ( .MILLI., .METRE. ) );
#6889 = PLANE ( 'NONE',  #7178 ) ;
#6890 = DIRECTION ( 'NONE',  ( 0.000000000000000000, 0.000000000000000000, -1.000000000000000000 ) ) ;
#6891 = AXIS2_PLACEMENT_3D ( 'NONE', #3314, #2704, #5001 ) ;
#6892 =( NAMED_UNIT ( * ) SI_UNIT ( $, .STERADIAN. ) SOLID_ANGLE_UNIT ( ) );
#6893 = CARTESIAN_POINT ( 'NONE',  ( -2.104999999999999094, -2.454328594324949986, -0.8868429382324097832 ) ) ;
#6894 = COLOUR_RGB ( '',0.8039215686274510109, 0.8039215686274510109, 0.8039215686274510109 ) ;
#6895 = LINE ( 'NONE', #4409, #1592 ) ;
#6896 = ORIENTED_EDGE ( 'NONE', *, *, #6164, .F. ) ;
#6897 = CARTESIAN_POINT ( 'NONE',  ( -2.449999999999998401, 1.875000000000000000, -0.1000000000000000056 ) ) ;
#6898 = VECTOR ( 'NONE', #5360, 1000.000000000000000 ) ;
#6899 = LINE ( 'NONE', #4093, #4901 ) ;
#6900 = ORIENTED_EDGE ( 'NONE', *, *, #32, .T. ) ;
#6901 = SURFACE_STYLE_FILL_AREA ( #5090 ) ;
#6902 = PLANE ( 'NONE',  #1941 ) ;
#6903 = DIRECTION ( 'NONE',  ( 0.000000000000000000, 0.7071067811865453523, -0.7071067811865496822 ) ) ;
#6904 = FACE_OUTER_BOUND ( 'NONE', #508, .T. ) ;
#6905 = LINE ( 'NONE', #2790, #1351 ) ;
#6906 = ORIENTED_EDGE ( 'NONE', *, *, #4119, .F. ) ;
#6907 = SURFACE_STYLE_USAGE ( .BOTH. , #2495 ) ;
#6908 = ORIENTED_EDGE ( 'NONE', *, *, #5750, .T. ) ;
#6909 =( GEOMETRIC_REPRESENTATION_CONTEXT ( 3 ) GLOBAL_UNCERTAINTY_ASSIGNED_CONTEXT ( ( #456 ) ) GLOBAL_UNIT_ASSIGNED_CONTEXT ( ( #6202, #3295, #3731 ) ) REPRESENTATION_CONTEXT ( 'NONE', 'WORKASPACE' ) );
#6910 = LINE ( 'NONE', #4536, #4277 ) ;
#6911 =( NAMED_UNIT ( * ) PLANE_ANGLE_UNIT ( ) SI_UNIT ( $, .RADIAN. ) );
#6912 = DIRECTION ( 'NONE',  ( 0.000000000000000000, -2.891205793294679017E-15, -1.000000000000000000 ) ) ;
#6913 = FILL_AREA_STYLE_COLOUR ( '', #4411 ) ;
#6914 = LINE ( 'NONE', #2764, #1089 ) ;
#6915 = CARTESIAN_POINT ( 'NONE',  ( 1.705000000000000959, -2.533419388043264942, -0.6918851256749790624 ) ) ;
#6916 = ORIENTED_EDGE ( 'NONE', *, *, #6107, .T. ) ;
#6917 = FILL_AREA_STYLE ('',( #5773 ) ) ;
#6918 = EDGE_CURVE ( 'NONE', #6611, #2114, #3324, .T. ) ;
#6919 = LINE ( 'NONE', #5656, #4113 ) ;
#6920 = DIRECTION ( 'NONE',  ( -1.000000000000000000, -0.000000000000000000, -0.000000000000000000 ) ) ;
#6921 = ADVANCED_FACE ( 'NONE', ( #4452 ), #6820, .T. ) ;
#6922 = SURFACE_STYLE_FILL_AREA ( #1039 ) ;
#6923 = CIRCLE ( 'NONE', #4665, 0.1999999999999995670 ) ;
#6924 = DIRECTION ( 'NONE',  ( 0.000000000000000000, 0.000000000000000000, -1.000000000000000000 ) ) ;
#6925 = ORIENTED_EDGE ( 'NONE', *, *, #7493, .T. ) ;
#6926 = LINE ( 'NONE', #3316, #5078 ) ;
#6927 = VERTEX_POINT ( 'NONE', #859 ) ;
#6928 = AXIS2_PLACEMENT_3D ( 'NONE', #2280, #6920, #3410 ) ;
#6929 = DIRECTION ( 'NONE',  ( 0.000000000000000000, 0.000000000000000000, -1.000000000000000000 ) ) ;
#6930 =( NAMED_UNIT ( * ) SI_UNIT ( $, .STERADIAN. ) SOLID_ANGLE_UNIT ( ) );
#6931 = CYLINDRICAL_SURFACE ( 'NONE', #4160, 0.1999999999999978184 ) ;
#6932 = EDGE_CURVE ( 'NONE', #4856, #6038, #5499, .T. ) ;
#6933 = FACE_OUTER_BOUND ( 'NONE', #7532, .T. ) ;
#6934 = UNCERTAINTY_MEASURE_WITH_UNIT (LENGTH_MEASURE( 1.000000000000000082E-05 ), #5684, 'distance_accuracy_value', 'NONE');
#6935 = UNCERTAINTY_MEASURE_WITH_UNIT (LENGTH_MEASURE( 1.000000000000000082E-05 ), #6501, 'distance_accuracy_value', 'NONE');
#6936 = VECTOR ( 'NONE', #2096, 1000.000000000000000 ) ;
#6937 = SURFACE_STYLE_USAGE ( .BOTH. , #1999 ) ;
#6938 = LINE ( 'NONE', #6823, #3502 ) ;
#6939 = DIRECTION ( 'NONE',  ( 0.000000000000000000, 0.000000000000000000, -1.000000000000000000 ) ) ;
#6940 = SURFACE_SIDE_STYLE ('',( #4531 ) ) ;
#6941 = DIRECTION ( 'NONE',  ( 0.000000000000000000, 0.000000000000000000, -1.000000000000000000 ) ) ;
#6942 = ORIENTED_EDGE ( 'NONE', *, *, #3265, .T. ) ;
#6943 = PRESENTATION_LAYER_ASSIGNMENT (  '', '', ( #2420 ) ) ;
#6944 =( NAMED_UNIT ( * ) SI_UNIT ( $, .STERADIAN. ) SOLID_ANGLE_UNIT ( ) );
#6945 = ORIENTED_EDGE ( 'NONE', *, *, #3703, .F. ) ;
#6946 = LINE ( 'NONE', #1217, #2892 ) ;
#6947 = SURFACE_SIDE_STYLE ('',( #6393 ) ) ;
#6948 = SPHERICAL_SURFACE ( 'NONE', #6110, 0.07499999999999999722 ) ;
#6949 = FACE_BOUND ( 'NONE', #4640, .T. ) ;
#6950 = DIRECTION ( 'NONE',  ( 0.000000000000000000, 0.000000000000000000, 1.000000000000000000 ) ) ;
#6951 = VECTOR ( 'NONE', #5267, 1000.000000000000000 ) ;
#6952 = DIRECTION ( 'NONE',  ( 0.000000000000000000, 0.000000000000000000, -1.000000000000000000 ) ) ;
#6953 = LINE ( 'NONE', #2915, #6708 ) ;
#6954 = ORIENTED_EDGE ( 'NONE', *, *, #6450, .T. ) ;
#6955 = DIRECTION ( 'NONE',  ( 0.000000000000000000, 0.000000000000000000, -1.000000000000000000 ) ) ;
#6956 = DIRECTION ( 'NONE',  ( 1.000000000000000000, 0.000000000000000000, 0.000000000000000000 ) ) ;
#6957 = VECTOR ( 'NONE', #4627, 1000.000000000000114 ) ;
#6958 = VECTOR ( 'NONE', #1742, 999.9999999999998863 ) ;
#6959 = MECHANICAL_DESIGN_GEOMETRIC_PRESENTATION_REPRESENTATION (  '', ( #2786 ), #7091 ) ;
#6960 = SURFACE_STYLE_USAGE ( .BOTH. , #2811 ) ;
#6961 = FACE_OUTER_BOUND ( 'NONE', #4062, .T. ) ;
#6962 = ORIENTED_EDGE ( 'NONE', *, *, #4457, .T. ) ;
#6963 = FILL_AREA_STYLE ('',( #2933 ) ) ;
#6964 = EDGE_LOOP ( 'NONE', ( #2705, #3414, #3920, #2095 ) ) ;
#6965 = EDGE_CURVE ( 'NONE', #6103, #3308, #2615, .T. ) ;
#6966 = VECTOR ( 'NONE', #4702, 1000.000000000000227 ) ;
#6967 = VECTOR ( 'NONE', #2276, 1000.000000000000000 ) ;
#6968 = EDGE_CURVE ( 'NONE', #3744, #6206, #4233, .T. ) ;
#6969 = CARTESIAN_POINT ( 'NONE',  ( -0.8349999999999991873, -2.233675748954446760, -0.03254124689585519842 ) ) ;
#6970 =( GEOMETRIC_REPRESENTATION_CONTEXT ( 3 ) GLOBAL_UNCERTAINTY_ASSIGNED_CONTEXT ( ( #2256 ) ) GLOBAL_UNIT_ASSIGNED_CONTEXT ( ( #826, #4829, #3044 ) ) REPRESENTATION_CONTEXT ( 'NONE', 'WORKASPACE' ) );
#6971 = AXIS2_PLACEMENT_3D ( 'NONE', #2031, #7200, #4347 ) ;
#6972 = CARTESIAN_POINT ( 'NONE',  ( 2.450000000000000178, -1.875000000000000000, 0.1000000000000000056 ) ) ;
#6973 = SURFACE_STYLE_USAGE ( .BOTH. , #583 ) ;
#6974 = PLANE ( 'NONE',  #5409 ) ;
#6975 = EDGE_LOOP ( 'NONE', ( #7520, #4925, #4372, #546 ) ) ;
#6976 = DIRECTION ( 'NONE',  ( 0.000000000000000000, 0.000000000000000000, 1.000000000000000000 ) ) ;
#6977 = MECHANICAL_DESIGN_GEOMETRIC_PRESENTATION_REPRESENTATION (  '', ( #2932 ), #4586 ) ;
#6978 = CARTESIAN_POINT ( 'NONE',  ( -0.4349999999999991651, -2.279999999999998028, -0.7547888812845857665 ) ) ;
#6979 = CARTESIAN_POINT ( 'NONE',  ( 2.375409738600888332, 1.949998880753508246, 0.1000106489190369513 ) ) ;
#6980 = DIRECTION ( 'NONE',  ( 0.000000000000000000, 0.000000000000000000, -1.000000000000000000 ) ) ;
#6981 = ORIENTED_EDGE ( 'NONE', *, *, #5569, .F. ) ;
#6982 = DIRECTION ( 'NONE',  ( 1.000000000000000000, 0.000000000000000000, 0.000000000000000000 ) ) ;
#6983 = ORIENTED_EDGE ( 'NONE', *, *, #2035, .F. ) ;
#6984 = SURFACE_SIDE_STYLE ('',( #2725 ) ) ;
#6985 = EDGE_LOOP ( 'NONE', ( #858, #5585, #878, #5810 ) ) ;
#6986 =( NAMED_UNIT ( * ) PLANE_ANGLE_UNIT ( ) SI_UNIT ( $, .RADIAN. ) );
#6987 = SURFACE_STYLE_FILL_AREA ( #2834 ) ;
#6988 = SURFACE_STYLE_FILL_AREA ( #2310 ) ;
#6989 = AXIS2_PLACEMENT_3D ( 'NONE', #3721, #929, #2071 ) ;
#6990 =( NAMED_UNIT ( * ) SI_UNIT ( $, .STERADIAN. ) SOLID_ANGLE_UNIT ( ) );
#6991 = CARTESIAN_POINT ( 'NONE',  ( 1.705000000000000959, -2.045395859880669409, -0.1000000000000000194 ) ) ;
#6992 = CARTESIAN_POINT ( 'NONE',  ( -1.704999999999998961, 2.069139944536888986, -0.1662706234479273959 ) ) ;
#6993 = ORIENTED_EDGE ( 'NONE', *, *, #3116, .T. ) ;
#6994 = DIRECTION ( 'NONE',  ( 0.000000000000000000, -1.000000000000000000, 0.000000000000000000 ) ) ;
#6995 = LINE ( 'NONE', #3482, #1360 ) ;
#6996 =( NAMED_UNIT ( * ) PLANE_ANGLE_UNIT ( ) SI_UNIT ( $, .RADIAN. ) );
#6997 = CIRCLE ( 'NONE', #65, 0.07499999999999998335 ) ;
#6998 = SURFACE_SIDE_STYLE ('',( #5152 ) ) ;
#6999 = SURFACE_SIDE_STYLE ('',( #6497 ) ) ;
#7000 =( LENGTH_UNIT ( ) NAMED_UNIT ( * ) SI_UNIT ( .MILLI., .METRE. ) );
#7001 = PRESENTATION_LAYER_ASSIGNMENT (  '', '', ( #4141 ) ) ;
#7002 = PRESENTATION_STYLE_ASSIGNMENT (( #7415 ) ) ;
#7003 = DIRECTION ( 'NONE',  ( -1.000000000000000000, -0.000000000000000000, -0.000000000000000000 ) ) ;
#7004 = VERTEX_POINT ( 'NONE', #1661 ) ;
#7005 =( GEOMETRIC_REPRESENTATION_CONTEXT ( 3 ) GLOBAL_UNCERTAINTY_ASSIGNED_CONTEXT ( ( #1363 ) ) GLOBAL_UNIT_ASSIGNED_CONTEXT ( ( #292, #2665, #4954 ) ) REPRESENTATION_CONTEXT ( 'NONE', 'WORKASPACE' ) );
#7006 = CARTESIAN_POINT ( 'NONE',  ( -0.8349999999999991873, 1.974999999999999867, -0.1999999999999999833 ) ) ;
#7007 = VERTEX_POINT ( 'NONE', #3500 ) ;
#7008 = SURFACE_STYLE_FILL_AREA ( #580 ) ;
#7009 =( GEOMETRIC_REPRESENTATION_CONTEXT ( 3 ) GLOBAL_UNCERTAINTY_ASSIGNED_CONTEXT ( ( #1 ) ) GLOBAL_UNIT_ASSIGNED_CONTEXT ( ( #2366, #3572, #4010 ) ) REPRESENTATION_CONTEXT ( 'NONE', 'WORKASPACE' ) );
#7010 = DIRECTION ( 'NONE',  ( -1.000000000000000000, -0.000000000000000000, -0.000000000000000000 ) ) ;
#7011 = DIRECTION ( 'NONE',  ( -1.000000000000000000, -0.000000000000000000, -0.000000000000000000 ) ) ;
#7012 = CARTESIAN_POINT ( 'NONE',  ( 1.705000000000000959, 1.949999999999999956, -0.1000000000000000194 ) ) ;
#7013 =( LENGTH_UNIT ( ) NAMED_UNIT ( * ) SI_UNIT ( .MILLI., .METRE. ) );
#7014 = CARTESIAN_POINT ( 'NONE',  ( 2.105000000000000870, -2.045395859880669409, 0.09999999999999999167 ) ) ;
#7015 = ORIENTED_EDGE ( 'NONE', *, *, #629, .T. ) ;
#7016 =( LENGTH_UNIT ( ) NAMED_UNIT ( * ) SI_UNIT ( .MILLI., .METRE. ) );
#7017 = UNCERTAINTY_MEASURE_WITH_UNIT (LENGTH_MEASURE( 1.000000000000000082E-05 ), #7467, 'distance_accuracy_value', 'NONE');
#7018 = SURFACE_SIDE_STYLE ('',( #4022 ) ) ;
#7019 = FILL_AREA_STYLE ('',( #4169 ) ) ;
#7020 =( GEOMETRIC_REPRESENTATION_CONTEXT ( 3 ) GLOBAL_UNCERTAINTY_ASSIGNED_CONTEXT ( ( #4650 ) ) GLOBAL_UNIT_ASSIGNED_CONTEXT ( ( #5125, #3418, #2743 ) ) REPRESENTATION_CONTEXT ( 'NONE', 'WORKASPACE' ) );
#7021 = SURFACE_SIDE_STYLE ('',( #4530 ) ) ;
#7022 = ADVANCED_FACE ( 'NONE', ( #7505 ), #633, .T. ) ;
#7023 = VERTEX_POINT ( 'NONE', #2944 ) ;
#7024 =( NAMED_UNIT ( * ) SI_UNIT ( $, .STERADIAN. ) SOLID_ANGLE_UNIT ( ) );
#7025 = ORIENTED_EDGE ( 'NONE', *, *, #852, .T. ) ;
#7026 = EDGE_LOOP ( 'NONE', ( #7231, #5965, #7316, #820 ) ) ;
#7027 = FILL_AREA_STYLE ('',( #4620 ) ) ;
#7028 = FACE_OUTER_BOUND ( 'NONE', #5240, .T. ) ;
#7029 = DIRECTION ( 'NONE',  ( 0.000000000000000000, 0.000000000000000000, -1.000000000000000000 ) ) ;
#7030 = CARTESIAN_POINT ( 'NONE',  ( -0.8349999999999991873, -2.233675748954446316, -0.03254124689585535107 ) ) ;
#7031 =( NAMED_UNIT ( * ) SI_UNIT ( $, .STERADIAN. ) SOLID_ANGLE_UNIT ( ) );
#7032 = FILL_AREA_STYLE_COLOUR ( '', #1847 ) ;
#7033 = CARTESIAN_POINT ( 'NONE',  ( -2.449999999999998401, -1.949999999999999956, 0.1000000000000000056 ) ) ;
#7034 =( GEOMETRIC_REPRESENTATION_CONTEXT ( 3 ) GLOBAL_UNCERTAINTY_ASSIGNED_CONTEXT ( ( #4569 ) ) GLOBAL_UNIT_ASSIGNED_CONTEXT ( ( #6665, #1337, #2586 ) ) REPRESENTATION_CONTEXT ( 'NONE', 'WORKASPACE' ) );
#7035 = DIRECTION ( 'NONE',  ( 1.000000000000000000, 0.000000000000000000, 0.000000000000000000 ) ) ;
#7036 = PRESENTATION_STYLE_ASSIGNMENT (( #1794 ) ) ;
#7037 = ORIENTED_EDGE ( 'NONE', *, *, #1439, .T. ) ;
#7038 = FACE_OUTER_BOUND ( 'NONE', #3230, .T. ) ;
#7039 = CYLINDRICAL_SURFACE ( 'NONE', #6222, 0.07499999999999998335 ) ;
#7040 = FILL_AREA_STYLE ('',( #1034 ) ) ;
#7041 =( BOUNDED_CURVE ( )  B_SPLINE_CURVE ( 3, ( #988, #944, #3263, #5580 ),
 .UNSPECIFIED., .F., .F. ) 
 B_SPLINE_CURVE_WITH_KNOTS ( ( 4, 4 ),
 ( 3.141592653589793116, 3.147055862111332036 ),
 .UNSPECIFIED. ) 
 CURVE ( )  GEOMETRIC_REPRESENTATION_ITEM ( )  RATIONAL_B_SPLINE_CURVE ( ( 1.000000000000000000, 0.9999975127809339615, 0.9999975127809339615, 1.000000000000000000 ) ) 
 REPRESENTATION_ITEM ( '' )  );
#7042 = FILL_AREA_STYLE ('',( #3645 ) ) ;
#7043 = CARTESIAN_POINT ( 'NONE',  ( -0.4349999999999991651, 2.045395859880669409, -0.1000000000000000194 ) ) ;
#7044 = ORIENTED_EDGE ( 'NONE', *, *, #83, .T. ) ;
#7045 = COLOUR_RGB ( '',0.8039215686274510109, 0.8039215686274510109, 0.8039215686274510109 ) ;
#7046 = DIRECTION ( 'NONE',  ( 1.000000000000000000, 0.000000000000000000, 0.000000000000000000 ) ) ;
#7047 = ORIENTED_EDGE ( 'NONE', *, *, #611, .T. ) ;
#7048 = DIRECTION ( 'NONE',  ( -0.9945218953682732899, 0.000000000000000000, 0.1045284632676539427 ) ) ;
#7049 = FILL_AREA_STYLE ('',( #6579 ) ) ;
#7050 = DIRECTION ( 'NONE',  ( 1.000000000000000000, 0.000000000000000000, 0.000000000000000000 ) ) ;
#7051 = STYLED_ITEM ( 'NONE', ( #1180 ), #412 ) ;
#7052 =( GEOMETRIC_REPRESENTATION_CONTEXT ( 3 ) GLOBAL_UNCERTAINTY_ASSIGNED_CONTEXT ( ( #372 ) ) GLOBAL_UNIT_ASSIGNED_CONTEXT ( ( #214, #3109, #7074 ) ) REPRESENTATION_CONTEXT ( 'NONE', 'WORKASPACE' ) );
#7053 = EDGE_LOOP ( 'NONE', ( #239, #5516, #3495, #7330 ) ) ;
#7054 = FILL_AREA_STYLE_COLOUR ( '', #7088 ) ;
#7055 = FILL_AREA_STYLE ('',( #7097 ) ) ;
#7056 = ADVANCED_FACE ( 'NONE', ( #1050 ), #5714, .T. ) ;
#7057 = ADVANCED_FACE ( 'NONE', ( #4055 ), #45, .T. ) ;
#7058 = SURFACE_SIDE_STYLE ('',( #4734 ) ) ;
#7059 = VERTEX_POINT ( 'NONE', #3018 ) ;
#7060 =( LENGTH_UNIT ( ) NAMED_UNIT ( * ) SI_UNIT ( .MILLI., .METRE. ) );
#7061 = ORIENTED_EDGE ( 'NONE', *, *, #6815, .T. ) ;
#7062 =( NAMED_UNIT ( * ) PLANE_ANGLE_UNIT ( ) SI_UNIT ( $, .RADIAN. ) );
#7063 = ORIENTED_EDGE ( 'NONE', *, *, #2009, .F. ) ;
#7064 = DIRECTION ( 'NONE',  ( 0.000000000000000000, -0.000000000000000000, 1.000000000000000000 ) ) ;
#7065 = CARTESIAN_POINT ( 'NONE',  ( 1.705000000000000959, 1.974999999999999867, -0.1999999999999999833 ) ) ;
#7066 = PRESENTATION_LAYER_ASSIGNMENT (  '', '', ( #1809 ) ) ;
#7067 = ADVANCED_FACE ( 'NONE', ( #1250 ), #5327, .T. ) ;
#7068 = ADVANCED_FACE ( 'NONE', ( #1362 ), #4198, .T. ) ;
#7069 = DIRECTION ( 'NONE',  ( 0.000000000000000000, 0.000000000000000000, -1.000000000000000000 ) ) ;
#7070 = AXIS2_PLACEMENT_3D ( 'NONE', #3266, #991, #2592 ) ;
#7071 = DIRECTION ( 'NONE',  ( -1.000000000000000000, -0.000000000000000000, -0.000000000000000000 ) ) ;
#7072 = SURFACE_SIDE_STYLE ('',( #4668 ) ) ;
#7073 = FILL_AREA_STYLE_COLOUR ( '', #6220 ) ;
#7074 =( NAMED_UNIT ( * ) SI_UNIT ( $, .STERADIAN. ) SOLID_ANGLE_UNIT ( ) );
#7075 = SURFACE_SIDE_STYLE ('',( #5188 ) ) ;
#7076 = SURFACE_STYLE_FILL_AREA ( #1150 ) ;
#7077 = CARTESIAN_POINT ( 'NONE',  ( 2.105000000000000870, 3.000000000000000000, -0.9250000000000000444 ) ) ;
#7078 = AXIS2_PLACEMENT_3D ( 'NONE', #7012, #5785, #3015 ) ;
#7079 =( LENGTH_UNIT ( ) NAMED_UNIT ( * ) SI_UNIT ( .MILLI., .METRE. ) );
#7080 = EDGE_CURVE ( 'NONE', #4086, #3053, #1072, .T. ) ;
#7081 = DIRECTION ( 'NONE',  ( 1.000000000000000000, 0.000000000000000000, 0.000000000000000000 ) ) ;
#7082 = ORIENTED_EDGE ( 'NONE', *, *, #5184, .F. ) ;
#7083 =( GEOMETRIC_REPRESENTATION_CONTEXT ( 3 ) GLOBAL_UNCERTAINTY_ASSIGNED_CONTEXT ( ( #6080 ) ) GLOBAL_UNIT_ASSIGNED_CONTEXT ( ( #2395, #1831, #5924 ) ) REPRESENTATION_CONTEXT ( 'NONE', 'WORKASPACE' ) );
#7084 = VECTOR ( 'NONE', #3960, 1000.000000000000000 ) ;
#7085 = DIRECTION ( 'NONE',  ( 1.000000000000000000, 0.000000000000000000, 0.000000000000000000 ) ) ;
#7086 = VERTEX_POINT ( 'NONE', #846 ) ;
#7087 =( GEOMETRIC_REPRESENTATION_CONTEXT ( 3 ) GLOBAL_UNCERTAINTY_ASSIGNED_CONTEXT ( ( #4663 ) ) GLOBAL_UNIT_ASSIGNED_CONTEXT ( ( #5809, #6841, #3635 ) ) REPRESENTATION_CONTEXT ( 'NONE', 'WORKASPACE' ) );
#7088 = COLOUR_RGB ( '',0.8039215686274510109, 0.8039215686274510109, 0.8039215686274510109 ) ;
#7089 = FILL_AREA_STYLE ('',( #4644 ) ) ;
#7090 = PLANE ( 'NONE',  #3013 ) ;
#7091 =( GEOMETRIC_REPRESENTATION_CONTEXT ( 3 ) GLOBAL_UNCERTAINTY_ASSIGNED_CONTEXT ( ( #749 ) ) GLOBAL_UNIT_ASSIGNED_CONTEXT ( ( #2676, #7354, #2003 ) ) REPRESENTATION_CONTEXT ( 'NONE', 'WORKASPACE' ) );
#7092 = CIRCLE ( 'NONE', #3751, 0.1000000000000000472 ) ;
#7093 = ORIENTED_EDGE ( 'NONE', *, *, #1179, .F. ) ;
#7094 = UNCERTAINTY_MEASURE_WITH_UNIT (LENGTH_MEASURE( 1.000000000000000082E-05 ), #3092, 'distance_accuracy_value', 'NONE');
#7095 = EDGE_CURVE ( 'NONE', #4065, #2370, #6150, .T. ) ;
#7096 = PLANE ( 'NONE',  #1232 ) ;
#7097 = FILL_AREA_STYLE_COLOUR ( '', #3390 ) ;
#7098 = PRESENTATION_STYLE_ASSIGNMENT (( #2461 ) ) ;
#7099 = CARTESIAN_POINT ( 'NONE',  ( 0.4350000000000009415, -3.000000000000000000, -0.9250000000000000444 ) ) ;
#7100 = ORIENTED_EDGE ( 'NONE', *, *, #1080, .T. ) ;
#7101 = PRESENTATION_STYLE_ASSIGNMENT (( #1283 ) ) ;
#7102 = ORIENTED_EDGE ( 'NONE', *, *, #6263, .T. ) ;
#7103 = STYLED_ITEM ( 'NONE', ( #5235 ), #6598 ) ;
#7104 = SURFACE_STYLE_FILL_AREA ( #1286 ) ;
#7105 = AXIS2_PLACEMENT_3D ( 'NONE', #2409, #3608, #4723 ) ;
#7106 = UNCERTAINTY_MEASURE_WITH_UNIT (LENGTH_MEASURE( 1.000000000000000082E-05 ), #1151, 'distance_accuracy_value', 'NONE');
#7107 = DIRECTION ( 'NONE',  ( 1.000000000000000000, 0.000000000000000000, 0.000000000000000000 ) ) ;
#7108 =( LENGTH_UNIT ( ) NAMED_UNIT ( * ) SI_UNIT ( .MILLI., .METRE. ) );
#7109 = ORIENTED_EDGE ( 'NONE', *, *, #3099, .T. ) ;
#7110 = CARTESIAN_POINT ( 'NONE',  ( -0.4349999999999991651, 1.949999999999999956, -0.1000000000000000194 ) ) ;
#7111 = CARTESIAN_POINT ( 'NONE',  ( -1.704999999999998961, -2.045395859880669409, 0.09999999999999999167 ) ) ;
#7112 = ORIENTED_EDGE ( 'NONE', *, *, #176, .T. ) ;
#7113 = DIRECTION ( 'NONE',  ( 0.000000000000000000, 0.000000000000000000, -1.000000000000000000 ) ) ;
#7114 = SURFACE_STYLE_USAGE ( .BOTH. , #7075 ) ;
#7115 = SURFACE_SIDE_STYLE ('',( #5269 ) ) ;
#7116 = EDGE_CURVE ( 'NONE', #427, #6684, #2591, .T. ) ;
#7117 = EDGE_CURVE ( 'NONE', #4420, #6389, #4927, .T. ) ;
#7118 = SURFACE_SIDE_STYLE ('',( #4120 ) ) ;
#7119 = MECHANICAL_DESIGN_GEOMETRIC_PRESENTATION_REPRESENTATION (  '', ( #4851 ), #7461 ) ;
#7120 = LINE ( 'NONE', #761, #6 ) ;
#7121 = PRESENTATION_STYLE_ASSIGNMENT (( #2515 ) ) ;
#7122 = LINE ( 'NONE', #6570, #4145 ) ;
#7123 = FILL_AREA_STYLE_COLOUR ( '', #6091 ) ;
#7124 = VERTEX_POINT ( 'NONE', #3969 ) ;
#7125 = PRESENTATION_LAYER_ASSIGNMENT (  '', '', ( #5866 ) ) ;
#7126 = AXIS2_PLACEMENT_3D ( 'NONE', #4583, #5885, #1753 ) ;
#7127 = FILL_AREA_STYLE_COLOUR ( '', #2928 ) ;
#7128 = PRESENTATION_LAYER_ASSIGNMENT (  '', '', ( #1758 ) ) ;
#7129 =( NAMED_UNIT ( * ) SI_UNIT ( $, .STERADIAN. ) SOLID_ANGLE_UNIT ( ) );
#7130 = FILL_AREA_STYLE ('',( #2979 ) ) ;
#7131 = CARTESIAN_POINT ( 'NONE',  ( 0.8350000000000008527, -2.540395035417677416, -0.5921287206489965760 ) ) ;
#7132 = ORIENTED_EDGE ( 'NONE', *, *, #1783, .F. ) ;
#7133 =( NAMED_UNIT ( * ) PLANE_ANGLE_UNIT ( ) SI_UNIT ( $, .RADIAN. ) );
#7134 = EDGE_CURVE ( 'NONE', #5724, #454, #2606, .T. ) ;
#7135 = SURFACE_STYLE_FILL_AREA ( #5952 ) ;
#7136 =( GEOMETRIC_REPRESENTATION_CONTEXT ( 3 ) GLOBAL_UNCERTAINTY_ASSIGNED_CONTEXT ( ( #90 ) ) GLOBAL_UNIT_ASSIGNED_CONTEXT ( ( #5342, #2432, #6523 ) ) REPRESENTATION_CONTEXT ( 'NONE', 'WORKASPACE' ) );
#7137 = EDGE_LOOP ( 'NONE', ( #1042, #1270, #3331, #5314 ) ) ;
#7138 = CARTESIAN_POINT ( 'NONE',  ( -2.029702445343677830, -0.9747751063606726607, 0.7750000000000000222 ) ) ;
#7139 = ORIENTED_EDGE ( 'NONE', *, *, #6367, .F. ) ;
#7140 = FACE_OUTER_BOUND ( 'NONE', #5875, .T. ) ;
#7141 = PRESENTATION_STYLE_ASSIGNMENT (( #3667 ) ) ;
#7142 = VECTOR ( 'NONE', #3692, 1000.000000000000227 ) ;
#7143 = FACE_OUTER_BOUND ( 'NONE', #3423, .T. ) ;
#7144 = FILL_AREA_STYLE_COLOUR ( '', #6463 ) ;
#7145 = ORIENTED_EDGE ( 'NONE', *, *, #2398, .F. ) ;
#7146 = ORIENTED_EDGE ( 'NONE', *, *, #3157, .F. ) ;
#7147 = AXIS2_PLACEMENT_3D ( 'NONE', #2492, #226, #2411 ) ;
#7148 = CARTESIAN_POINT ( 'NONE',  ( 2.323257295734052708, -1.823257295734051375, -0.5883683627870630595 ) ) ;
#7149 = CARTESIAN_POINT ( 'NONE',  ( -2.449999999999998401, 1.875136580382891438, 0.09999999999999993616 ) ) ;
#7150 = CIRCLE ( 'NONE', #4891, 0.1999999999999978184 ) ;
#7151 = FACE_OUTER_BOUND ( 'NONE', #1761, .T. ) ;
#7152 = ADVANCED_FACE ( 'NONE', ( #3240 ), #1429, .T. ) ;
#7153 = CARTESIAN_POINT ( 'NONE',  ( 2.439933290435896573, -2.046836397458063672, 0.1957783436476881467 ) ) ;
#7154 = ADVANCED_FACE ( 'NONE', ( #1647 ), #4309, .T. ) ;
#7155 = ORIENTED_EDGE ( 'NONE', *, *, #3212, .T. ) ;
#7156 = ORIENTED_EDGE ( 'NONE', *, *, #2902, .F. ) ;
#7157 = ORIENTED_EDGE ( 'NONE', *, *, #3752, .F. ) ;
#7158 = STYLED_ITEM ( 'NONE', ( #7366 ), #4155 ) ;
#7159 = EDGE_CURVE ( 'NONE', #454, #2164, #1235, .T. ) ;
#7160 =( NAMED_UNIT ( * ) SI_UNIT ( $, .STERADIAN. ) SOLID_ANGLE_UNIT ( ) );
#7161 = PRESENTATION_LAYER_ASSIGNMENT (  '', '', ( #2026 ) ) ;
#7162 = DIRECTION ( 'NONE',  ( -0.07411551268475098653, -0.7051619993942833675, -0.7051619993942762621 ) ) ;
#7163 = FILL_AREA_STYLE ('',( #6648 ) ) ;
#7164 = DIRECTION ( 'NONE',  ( 1.000000000000000000, 0.000000000000000000, 0.000000000000000000 ) ) ;
#7165 = DIRECTION ( 'NONE',  ( 1.000000000000000000, 0.000000000000000000, -0.000000000000000000 ) ) ;
#7166 = ORIENTED_EDGE ( 'NONE', *, *, #135, .F. ) ;
#7167 = CARTESIAN_POINT ( 'NONE',  ( -0.8349999999999991873, -1.949999999999999956, 0.09999999999999999167 ) ) ;
#7168 = UNCERTAINTY_MEASURE_WITH_UNIT (LENGTH_MEASURE( 1.000000000000000082E-05 ), #7416, 'distance_accuracy_value', 'NONE');
#7169 = DIRECTION ( 'NONE',  ( 0.000000000000000000, -0.9975640502598243087, -0.06975647374412557999 ) ) ;
#7170 = MECHANICAL_DESIGN_GEOMETRIC_PRESENTATION_REPRESENTATION (  '', ( #1302 ), #4407 ) ;
#7171 = EDGE_CURVE ( 'NONE', #6212, #958, #4150, .T. ) ;
#7172 = PRESENTATION_STYLE_ASSIGNMENT (( #3662 ) ) ;
#7173 = CARTESIAN_POINT ( 'NONE',  ( 2.450000000000000178, 1.875000000000000000, 0.1000000000000000056 ) ) ;
#7174 = ORIENTED_EDGE ( 'NONE', *, *, #644, .F. ) ;
#7175 = FILL_AREA_STYLE ('',( #4775 ) ) ;
#7176 = DIRECTION ( 'NONE',  ( -1.000000000000000000, -0.000000000000000000, -0.000000000000000000 ) ) ;
#7177 = ORIENTED_EDGE ( 'NONE', *, *, #3402, .T. ) ;
#7178 = AXIS2_PLACEMENT_3D ( 'NONE', #2321, #2925, #3372 ) ;
#7179 = CIRCLE ( 'NONE', #817, 0.1999999999999995670 ) ;
#7180 = FACE_OUTER_BOUND ( 'NONE', #6179, .T. ) ;
#7181 = SURFACE_SIDE_STYLE ('',( #7447 ) ) ;
#7182 = PRESENTATION_STYLE_ASSIGNMENT (( #2587 ) ) ;
#7183 = EDGE_LOOP ( 'NONE', ( #5654, #5657, #393, #1197 ) ) ;
#7184 = CARTESIAN_POINT ( 'NONE',  ( -2.104999999999999094, 2.069139944536888986, -0.1662706234479273959 ) ) ;
#7185 = SURFACE_STYLE_USAGE ( .BOTH. , #913 ) ;
#7186 = LINE ( 'NONE', #6607, #1621 ) ;
#7187 = ADVANCED_FACE ( 'NONE', ( #1152 ), #3002, .T. ) ;
#7188 = SURFACE_STYLE_FILL_AREA ( #4753 ) ;
#7189 = MECHANICAL_DESIGN_GEOMETRIC_PRESENTATION_REPRESENTATION (  '', ( #2655 ), #3135 ) ;
#7190 = DIRECTION ( 'NONE',  ( -0.9945218953682732899, -2.891205793294686116E-15, -0.1045284632676541231 ) ) ;
#7191 = EDGE_LOOP ( 'NONE', ( #4838, #5504, #5408, #837 ) ) ;
#7192 = FACE_OUTER_BOUND ( 'NONE', #4795, .T. ) ;
#7193 = COLOUR_RGB ( '',0.8039215686274510109, 0.8039215686274510109, 0.8039215686274510109 ) ;
#7194 = VERTEX_POINT ( 'NONE', #4712 ) ;
#7195 = MECHANICAL_DESIGN_GEOMETRIC_PRESENTATION_REPRESENTATION (  '', ( #1585 ), #7083 ) ;
#7196 = CARTESIAN_POINT ( 'NONE',  ( -1.704999999999998961, 2.533419388043264942, -0.6918851256749790624 ) ) ;
#7197 = SURFACE_STYLE_USAGE ( .BOTH. , #768 ) ;
#7198 = FACE_OUTER_BOUND ( 'NONE', #2121, .T. ) ;
#7199 = DIRECTION ( 'NONE',  ( 0.000000000000000000, -0.3372937655207250973, -0.9413994453688880881 ) ) ;
#7200 = DIRECTION ( 'NONE',  ( 1.000000000000000000, 0.000000000000000000, 0.000000000000000000 ) ) ;
#7201 = VERTEX_POINT ( 'NONE', #5236 ) ;
#7202 = ADVANCED_FACE ( 'NONE', ( #2362 ), #5774, .T. ) ;
#7203 = DIRECTION ( 'NONE',  ( 1.000000000000000000, 0.000000000000000000, 0.000000000000000000 ) ) ;
#7204 = SURFACE_STYLE_FILL_AREA ( #6549 ) ;
#7205 = CARTESIAN_POINT ( 'NONE',  ( 0.4350000000000009415, 3.000000000000000000, -0.7245116203837658198 ) ) ;
#7206 = VECTOR ( 'NONE', #4203, 1000.000000000000000 ) ;
#7207 = LINE ( 'NONE', #1967, #7142 ) ;
#7208 = CARTESIAN_POINT ( 'NONE',  ( -2.449760935694444974, -1.918963392251840316, -0.1022745449310356602 ) ) ;
#7209 = FILL_AREA_STYLE_COLOUR ( '', #1806 ) ;
#7210 = CARTESIAN_POINT ( 'NONE',  ( -2.449999999999998401, 1.875000000000000000, -0.1000000000000000056 ) ) ;
#7211 = ORIENTED_EDGE ( 'NONE', *, *, #4969, .F. ) ;
#7212 = FILL_AREA_STYLE ('',( #2506 ) ) ;
#7213 =( BOUNDED_CURVE ( )  B_SPLINE_CURVE ( 3, ( #2595, #6537, #187, #2484 ),
 .UNSPECIFIED., .F., .F. ) 
 B_SPLINE_CURVE_WITH_KNOTS ( ( 4, 4 ),
 ( 5.503250352303677317, 7.063120262055498699 ),
 .UNSPECIFIED. ) 
 CURVE ( )  GEOMETRIC_REPRESENTATION_ITEM ( )  RATIONAL_B_SPLINE_CURVE ( ( 1.000000000000000000, 0.8073061876036304874, 0.8073061876036304874, 1.000000000000000000 ) ) 
 REPRESENTATION_ITEM ( '' )  );
#7214 = PRESENTATION_LAYER_ASSIGNMENT (  '', '', ( #5594 ) ) ;
#7215 = VECTOR ( 'NONE', #7107, 1000.000000000000000 ) ;
#7216 = VECTOR ( 'NONE', #1187, 1000.000000000000000 ) ;
#7217 =( NAMED_UNIT ( * ) PLANE_ANGLE_UNIT ( ) SI_UNIT ( $, .RADIAN. ) );
#7218 =( NAMED_UNIT ( * ) PLANE_ANGLE_UNIT ( ) SI_UNIT ( $, .RADIAN. ) );
#7219 = SURFACE_STYLE_USAGE ( .BOTH. , #4944 ) ;
#7220 = VERTEX_POINT ( 'NONE', #6135 ) ;
#7221 = PRESENTATION_LAYER_ASSIGNMENT (  '', '', ( #2322 ) ) ;
#7222 = STYLED_ITEM ( 'NONE', ( #1990 ), #2480 ) ;
#7223 = CARTESIAN_POINT ( 'NONE',  ( -2.386113480025949585, 1.811524337873330115, -0.7078396347450740533 ) ) ;
#7224 = FACE_OUTER_BOUND ( 'NONE', #2485, .T. ) ;
#7225 = DIRECTION ( 'NONE',  ( 1.000000000000000000, 0.000000000000000000, 0.000000000000000000 ) ) ;
#7226 = FILL_AREA_STYLE ('',( #1296 ) ) ;
#7227 =( NAMED_UNIT ( * ) PLANE_ANGLE_UNIT ( ) SI_UNIT ( $, .RADIAN. ) );
#7228 = CARTESIAN_POINT ( 'NONE',  ( -2.311524337873329227, -1.811524337873330115, -0.6999999999999999556 ) ) ;
#7229 =( GEOMETRIC_REPRESENTATION_CONTEXT ( 3 ) GLOBAL_UNCERTAINTY_ASSIGNED_CONTEXT ( ( #3393 ) ) GLOBAL_UNIT_ASSIGNED_CONTEXT ( ( #3849, #6719, #6876 ) ) REPRESENTATION_CONTEXT ( 'NONE', 'WORKASPACE' ) );
#7230 = SURFACE_STYLE_USAGE ( .BOTH. , #4295 ) ;
#7231 = ORIENTED_EDGE ( 'NONE', *, *, #2974, .F. ) ;
#7232 = COLOUR_RGB ( '',0.2862745098039215508, 0.2862745098039215508, 0.2862745098039215508 ) ;
#7233 = CARTESIAN_POINT ( 'NONE',  ( 0.4350000000000009415, -2.533419388043264942, -0.6918851256749790624 ) ) ;
#7234 = ORIENTED_EDGE ( 'NONE', *, *, #4199, .F. ) ;
#7235 = DIRECTION ( 'NONE',  ( 1.000000000000000000, 0.000000000000000000, 0.000000000000000000 ) ) ;
#7236 = AXIS2_PLACEMENT_3D ( 'NONE', #6532, #2926, #4671 ) ;
#7237 = DIRECTION ( 'NONE',  ( 0.000000000000000000, 0.3372937655207250973, -0.9413994453688879771 ) ) ;
#7238 = FILL_AREA_STYLE ('',( #4882 ) ) ;
#7239 = ORIENTED_EDGE ( 'NONE', *, *, #5667, .F. ) ;
#7240 = AXIS2_PLACEMENT_3D ( 'NONE', #4909, #4250, #6008 ) ;
#7241 = UNCERTAINTY_MEASURE_WITH_UNIT (LENGTH_MEASURE( 1.000000000000000082E-05 ), #3525, 'distance_accuracy_value', 'NONE');
#7242 = CARTESIAN_POINT ( 'NONE',  ( -2.375273160256223814, -1.949999626916908424, 0.1000035496485076614 ) ) ;
#7243 =( LENGTH_UNIT ( ) NAMED_UNIT ( * ) SI_UNIT ( .MILLI., .METRE. ) );
#7244 = SURFACE_STYLE_FILL_AREA ( #2570 ) ;
#7245 =( NAMED_UNIT ( * ) PLANE_ANGLE_UNIT ( ) SI_UNIT ( $, .RADIAN. ) );
#7246 = EDGE_CURVE ( 'NONE', #3323, #6188, #1382, .T. ) ;
#7247 = FILL_AREA_STYLE_COLOUR ( '', #3981 ) ;
#7248 = ADVANCED_FACE ( 'NONE', ( #3642 ), #4326, .T. ) ;
#7249 = ORIENTED_EDGE ( 'NONE', *, *, #2246, .T. ) ;
#7250 = CARTESIAN_POINT ( 'NONE',  ( 1.705000000000000959, -3.000000000000000000, -0.7245116203837658198 ) ) ;
#7251 = VERTEX_POINT ( 'NONE', #4786 ) ;
#7252 =( LENGTH_UNIT ( ) NAMED_UNIT ( * ) SI_UNIT ( .MILLI., .METRE. ) );
#7253 = UNCERTAINTY_MEASURE_WITH_UNIT (LENGTH_MEASURE( 1.000000000000000082E-05 ), #515, 'distance_accuracy_value', 'NONE');
#7254 = DIRECTION ( 'NONE',  ( 0.000000000000000000, 0.000000000000000000, 1.000000000000000000 ) ) ;
#7255 = EDGE_CURVE ( 'NONE', #7251, #725, #5364, .T. ) ;
#7256 = VECTOR ( 'NONE', #2194, 1000.000000000000000 ) ;
#7257 = CIRCLE ( 'NONE', #3563, 0.07499999999999998335 ) ;
#7258 = PRESENTATION_STYLE_ASSIGNMENT (( #2683 ) ) ;
#7259 = FILL_AREA_STYLE ('',( #5889 ) ) ;
#7260 = ORIENTED_EDGE ( 'NONE', *, *, #1991, .F. ) ;
#7261 = DIRECTION ( 'NONE',  ( 1.000000000000000000, -0.000000000000000000, 0.000000000000000000 ) ) ;
#7262 = FILL_AREA_STYLE ('',( #6240 ) ) ;
#7263 = DIRECTION ( 'NONE',  ( 1.000000000000000000, 0.000000000000000000, 0.000000000000000000 ) ) ;
#7264 = UNCERTAINTY_MEASURE_WITH_UNIT (LENGTH_MEASURE( 1.000000000000000082E-05 ), #4092, 'distance_accuracy_value', 'NONE');
#7265 = MECHANICAL_DESIGN_GEOMETRIC_PRESENTATION_REPRESENTATION (  '', ( #5133 ), #5140 ) ;
#7266 = CARTESIAN_POINT ( 'NONE',  ( -2.449999626916906870, 1.875273160256224703, 0.1000035496485076753 ) ) ;
#7267 = VECTOR ( 'NONE', #606, 1000.000000000000000 ) ;
#7268 =( LENGTH_UNIT ( ) NAMED_UNIT ( * ) SI_UNIT ( .MILLI., .METRE. ) );
#7269 = DIRECTION ( 'NONE',  ( 0.000000000000000000, 1.000000000000000000, 0.000000000000000000 ) ) ;
#7270 =( NAMED_UNIT ( * ) PLANE_ANGLE_UNIT ( ) SI_UNIT ( $, .RADIAN. ) );
#7271 = EDGE_CURVE ( 'NONE', #2544, #50, #1414, .T. ) ;
#7272 = EDGE_LOOP ( 'NONE', ( #4867, #6983, #7351, #6392, #5170, #1485, #4904, #985, #4693, #7485, #6591, #2906 ) ) ;
#7273 = ORIENTED_EDGE ( 'NONE', *, *, #7388, .F. ) ;
#7274 = CARTESIAN_POINT ( 'NONE',  ( 1.705000000000000959, 3.000000000000000000, -0.9250000000000000444 ) ) ;
#7275 = VERTEX_POINT ( 'NONE', #5508 ) ;
#7276 = LINE ( 'NONE', #6540, #2538 ) ;
#7277 = CARTESIAN_POINT ( 'NONE',  ( 0.8350000000000008527, -2.533419388043264942, -0.6918851256749790624 ) ) ;
#7278 =( NAMED_UNIT ( * ) PLANE_ANGLE_UNIT ( ) SI_UNIT ( $, .RADIAN. ) );
#7279 = DIRECTION ( 'NONE',  ( 1.000000000000000000, 0.000000000000000000, 0.000000000000000000 ) ) ;
#7280 = MECHANICAL_DESIGN_GEOMETRIC_PRESENTATION_REPRESENTATION (  '', ( #7158 ), #1423 ) ;
#7281 = FILL_AREA_STYLE_COLOUR ( '', #7193 ) ;
#7282 = DIRECTION ( 'NONE',  ( 0.000000000000000000, 1.000000000000000000, 0.000000000000000000 ) ) ;
#7283 = VERTEX_POINT ( 'NONE', #6722 ) ;
#7284 = DIRECTION ( 'NONE',  ( 0.000000000000000000, 1.000000000000000000, 0.000000000000000000 ) ) ;
#7285 = CARTESIAN_POINT ( 'NONE',  ( 1.705000000000000959, -2.279999999999998028, -0.7547888812845857665 ) ) ;
#7286 = COLOUR_RGB ( '',0.2862745098039215508, 0.2862745098039215508, 0.2862745098039215508 ) ;
#7287 = LINE ( 'NONE', #3804, #3285 ) ;
#7288 = SURFACE_STYLE_USAGE ( .BOTH. , #339 ) ;
#7289 = SURFACE_STYLE_FILL_AREA ( #4893 ) ;
#7290 = SURFACE_SIDE_STYLE ('',( #4935 ) ) ;
#7291 = PRESENTATION_STYLE_ASSIGNMENT (( #4895 ) ) ;
#7292 = ORIENTED_EDGE ( 'NONE', *, *, #357, .F. ) ;
#7293 = VECTOR ( 'NONE', #3931, 1000.000000000000000 ) ;
#7294 = ORIENTED_EDGE ( 'NONE', *, *, #2010, .F. ) ;
#7295 = ORIENTED_EDGE ( 'NONE', *, *, #934, .F. ) ;
#7296 = EDGE_CURVE ( 'NONE', #1777, #3518, #4988, .T. ) ;
#7297 = DIRECTION ( 'NONE',  ( 0.000000000000000000, 0.000000000000000000, -1.000000000000000000 ) ) ;
#7298 = FILL_AREA_STYLE_COLOUR ( '', #6608 ) ;
#7299 = STYLED_ITEM ( 'NONE', ( #677 ), #415 ) ;
#7300 = FACE_OUTER_BOUND ( 'NONE', #4197, .T. ) ;
#7301 = CARTESIAN_POINT ( 'NONE',  ( 0.4350000000000009415, 2.468279889073774935, -0.6873301281804449214 ) ) ;
#7302 = PRESENTATION_STYLE_ASSIGNMENT (( #6246 ) ) ;
#7303 = EDGE_CURVE ( 'NONE', #1347, #7251, #3145, .T. ) ;
#7304 = FILL_AREA_STYLE_COLOUR ( '', #5070 ) ;
#7305 = SURFACE_SIDE_STYLE ('',( #404 ) ) ;
#7306 = CLOSED_SHELL ( 'NONE', ( #4403, #719, #1737, #235, #175, #659, #2019, #3301, #4951, #4235, #483, #2738, #3719, #4430 ) ) ;
#7307 = ORIENTED_EDGE ( 'NONE', *, *, #971, .T. ) ;
#7308 =( NAMED_UNIT ( * ) PLANE_ANGLE_UNIT ( ) SI_UNIT ( $, .RADIAN. ) );
#7309 = VERTEX_POINT ( 'NONE', #5467 ) ;
#7310 = ORIENTED_EDGE ( 'NONE', *, *, #1404, .T. ) ;
#7311 = AXIS2_PLACEMENT_3D ( 'NONE', #4560, #1731, #3542 ) ;
#7312 = COLOUR_RGB ( '',0.8039215686274510109, 0.8039215686274510109, 0.8039215686274510109 ) ;
#7313 = DIRECTION ( 'NONE',  ( 1.000000000000000000, 0.000000000000000000, 0.000000000000000000 ) ) ;
#7314 = FILL_AREA_STYLE ('',( #1389 ) ) ;
#7315 = CARTESIAN_POINT ( 'NONE',  ( -2.104999999999999094, 1.974999999999999867, -0.1000000000000000194 ) ) ;
#7316 = ORIENTED_EDGE ( 'NONE', *, *, #5500, .T. ) ;
#7317 = CARTESIAN_POINT ( 'NONE',  ( 2.450000000000000178, 1.875000000000000000, -0.1000000000000000056 ) ) ;
#7318 = UNCERTAINTY_MEASURE_WITH_UNIT (LENGTH_MEASURE( 1.000000000000000082E-05 ), #686, 'distance_accuracy_value', 'NONE');
#7319 = FILL_AREA_STYLE_COLOUR ( '', #5303 ) ;
#7320 = SURFACE_STYLE_USAGE ( .BOTH. , #3242 ) ;
#7321 = STYLED_ITEM ( 'NONE', ( #1226 ), #5204 ) ;
#7322 = FILL_AREA_STYLE ('',( #1513 ) ) ;
#7323 = SURFACE_STYLE_FILL_AREA ( #6157 ) ;
#7324 = ORIENTED_EDGE ( 'NONE', *, *, #3614, .T. ) ;
#7325 = VECTOR ( 'NONE', #5910, 1000.000000000000000 ) ;
#7326 = VERTEX_POINT ( 'NONE', #2590 ) ;
#7327 = PRESENTATION_STYLE_ASSIGNMENT (( #5015 ) ) ;
#7328 = PRESENTATION_LAYER_ASSIGNMENT (  '', '', ( #2786 ) ) ;
#7329 = DIRECTION ( 'NONE',  ( 0.000000000000000000, 0.3372937655207292607, 0.9413994453688865338 ) ) ;
#7330 = ORIENTED_EDGE ( 'NONE', *, *, #6818, .T. ) ;
#7331 = CARTESIAN_POINT ( 'NONE',  ( 2.450000000000000178, -1.875136580382891438, 0.09999999999999993616 ) ) ;
#7332 = FILL_AREA_STYLE ('',( #3222 ) ) ;
#7333 = EDGE_LOOP ( 'NONE', ( #449, #2647, #2505, #1578 ) ) ;
#7334 = DIRECTION ( 'NONE',  ( 0.000000000000000000, 0.000000000000000000, -1.000000000000000000 ) ) ;
#7335 =( NAMED_UNIT ( * ) SI_UNIT ( $, .STERADIAN. ) SOLID_ANGLE_UNIT ( ) );
#7336 = MECHANICAL_DESIGN_GEOMETRIC_PRESENTATION_REPRESENTATION (  '', ( #2199 ), #4962 ) ;
#7337 = SURFACE_STYLE_FILL_AREA ( #431 ) ;
#7338 = CARTESIAN_POINT ( 'NONE',  ( 0.4350000000000009415, 1.974999999999999867, -0.1999999999999999833 ) ) ;
#7339 = CARTESIAN_POINT ( 'NONE',  ( 1.705000000000000959, -3.000000000000000000, -0.9250000000000000444 ) ) ;
#7340 = COLOUR_RGB ( '',0.8039215686274510109, 0.8039215686274510109, 0.8039215686274510109 ) ;
#7341 = VECTOR ( 'NONE', #4600, 1000.000000000000000 ) ;
#7342 = ORIENTED_EDGE ( 'NONE', *, *, #5776, .F. ) ;
#7343 = EDGE_CURVE ( 'NONE', #2165, #7059, #1896, .T. ) ;
#7344 = FILL_AREA_STYLE ('',( #3930 ) ) ;
#7345 = EDGE_CURVE ( 'NONE', #5900, #3992, #5351, .T. ) ;
#7346 = DIRECTION ( 'NONE',  ( 0.000000000000000000, -1.000000000000000000, 0.000000000000000000 ) ) ;
#7347 = EDGE_LOOP ( 'NONE', ( #924, #6458, #7139, #2831 ) ) ;
#7348 = VECTOR ( 'NONE', #5224, 1000.000000000000000 ) ;
#7349 = EDGE_CURVE ( 'NONE', #1033, #6084, #4751, .T. ) ;
#7350 = ORIENTED_EDGE ( 'NONE', *, *, #4170, .F. ) ;
#7351 = ORIENTED_EDGE ( 'NONE', *, *, #493, .F. ) ;
#7352 =( NAMED_UNIT ( * ) PLANE_ANGLE_UNIT ( ) SI_UNIT ( $, .RADIAN. ) );
#7353 = MECHANICAL_DESIGN_GEOMETRIC_PRESENTATION_REPRESENTATION (  '', ( #3546 ), #3191 ) ;
#7354 =( NAMED_UNIT ( * ) PLANE_ANGLE_UNIT ( ) SI_UNIT ( $, .RADIAN. ) );
#7355 = DIRECTION ( 'NONE',  ( 1.000000000000000000, 0.000000000000000000, 0.000000000000000000 ) ) ;
#7356 = MECHANICAL_DESIGN_GEOMETRIC_PRESENTATION_REPRESENTATION (  '', ( #5502 ), #3789 ) ;
#7357 = ORIENTED_EDGE ( 'NONE', *, *, #2070, .T. ) ;
#7358 =( GEOMETRIC_REPRESENTATION_CONTEXT ( 3 ) GLOBAL_UNCERTAINTY_ASSIGNED_CONTEXT ( ( #1741 ) ) GLOBAL_UNIT_ASSIGNED_CONTEXT ( ( #4294, #1943, #3742 ) ) REPRESENTATION_CONTEXT ( 'NONE', 'WORKASPACE' ) );
#7359 = SURFACE_SIDE_STYLE ('',( #4980 ) ) ;
#7360 =( GEOMETRIC_REPRESENTATION_CONTEXT ( 3 ) GLOBAL_UNCERTAINTY_ASSIGNED_CONTEXT ( ( #3461 ) ) GLOBAL_UNIT_ASSIGNED_CONTEXT ( ( #5455, #3591, #4862 ) ) REPRESENTATION_CONTEXT ( 'NONE', 'WORKASPACE' ) );
#7361 = CARTESIAN_POINT ( 'NONE',  ( -2.104999999999999094, -2.468279889073774935, -0.6873301281804449214 ) ) ;
#7362 = CYLINDRICAL_SURFACE ( 'NONE', #5829, 0.1999999999999978184 ) ;
#7363 = CARTESIAN_POINT ( 'NONE',  ( 2.450000000000000178, -1.875000000000000000, 0.1000000000000000056 ) ) ;
#7364 = EDGE_LOOP ( 'NONE', ( #4225, #6034, #2989, #5363 ) ) ;
#7365 = FACE_OUTER_BOUND ( 'NONE', #7347, .T. ) ;
#7366 = PRESENTATION_STYLE_ASSIGNMENT (( #3262 ) ) ;
#7367 = SURFACE_SIDE_STYLE ('',( #3300 ) ) ;
#7368 = UNCERTAINTY_MEASURE_WITH_UNIT (LENGTH_MEASURE( 1.000000000000000082E-05 ), #11, 'distance_accuracy_value', 'NONE');
#7369 =( NAMED_UNIT ( * ) PLANE_ANGLE_UNIT ( ) SI_UNIT ( $, .RADIAN. ) );
#7370 = MECHANICAL_DESIGN_GEOMETRIC_PRESENTATION_REPRESENTATION (  '', ( #3204 ), #1517 ) ;
#7371 = SURFACE_SIDE_STYLE ('',( #6796 ) ) ;
#7372 = PRESENTATION_STYLE_ASSIGNMENT (( #4991 ) ) ;
#7373 = ORIENTED_EDGE ( 'NONE', *, *, #5243, .T. ) ;
#7374 = CARTESIAN_POINT ( 'NONE',  ( -0.4349999999999991651, -2.233675748954446760, -0.03254124689585519842 ) ) ;
#7375 = VECTOR ( 'NONE', #1290, 1000.000000000000227 ) ;
#7376 = DIRECTION ( 'NONE',  ( 0.000000000000000000, 0.9975640502598243087, -0.06975647374412557999 ) ) ;
#7377 = ORIENTED_EDGE ( 'NONE', *, *, #3254, .T. ) ;
#7378 = ORIENTED_EDGE ( 'NONE', *, *, #2145, .F. ) ;
#7379 = EDGE_CURVE ( 'NONE', #5724, #6602, #7186, .T. ) ;
#7380 = PRESENTATION_STYLE_ASSIGNMENT (( #5075 ) ) ;
#7381 = FILL_AREA_STYLE ('',( #1504 ) ) ;
#7382 = SURFACE_SIDE_STYLE ('',( #2708 ) ) ;
#7383 = VERTEX_POINT ( 'NONE', #2548 ) ;
#7384 = DIRECTION ( 'NONE',  ( -1.000000000000000000, 0.000000000000000000, 0.000000000000000000 ) ) ;
#7385 = VECTOR ( 'NONE', #5246, 1000.000000000000000 ) ;
#7386 = EDGE_CURVE ( 'NONE', #2135, #53, #6619, .T. ) ;
#7387 = UNCERTAINTY_MEASURE_WITH_UNIT (LENGTH_MEASURE( 1.000000000000000082E-05 ), #6314, 'distance_accuracy_value', 'NONE');
#7388 = EDGE_CURVE ( 'NONE', #5512, #5598, #2201, .T. ) ;
#7389 = PRESENTATION_STYLE_ASSIGNMENT (( #7288 ) ) ;
#7390 = DIRECTION ( 'NONE',  ( 0.000000000000000000, -0.9945218953682734009, 0.1045284632676537068 ) ) ;
#7391 = DIRECTION ( 'NONE',  ( 0.000000000000000000, 0.9413994453688880881, 0.3372937655207250973 ) ) ;
#7392 = ORIENTED_EDGE ( 'NONE', *, *, #6126, .F. ) ;
#7393 = EDGE_CURVE ( 'NONE', #7251, #5797, #6997, .T. ) ;
#7394 = DIRECTION ( 'NONE',  ( -0.9945218953682732899, 0.000000000000000000, 0.1045284632676541231 ) ) ;
#7395 = EDGE_CURVE ( 'NONE', #4451, #4428, #892, .T. ) ;
#7396 = CARTESIAN_POINT ( 'NONE',  ( 1.705000000000000959, -2.233675748954446316, -0.03254124689585535107 ) ) ;
#7397 = CARTESIAN_POINT ( 'NONE',  ( -0.8349999999999991873, -3.000000000000000000, -0.9250000000000000444 ) ) ;
#7398 = CARTESIAN_POINT ( 'NONE',  ( 1.705000000000000959, -2.468279889073774935, -0.6873301281804449214 ) ) ;
#7399 = ORIENTED_EDGE ( 'NONE', *, *, #6243, .F. ) ;
#7400 = DIRECTION ( 'NONE',  ( 0.1039620511844979306, -0.1039620511844979306, -0.9891328443778538704 ) ) ;
#7401 = EDGE_LOOP ( 'NONE', ( #2248, #552, #680, #1199 ) ) ;
#7402 = LINE ( 'NONE', #5505, #692 ) ;
#7403 = CARTESIAN_POINT ( 'NONE',  ( 0.8350000000000008527, -2.446255090880788519, -0.6258580972010689969 ) ) ;
#7404 = DIRECTION ( 'NONE',  ( 1.000000000000000000, 0.000000000000000000, 0.000000000000000000 ) ) ;
#7405 = DIRECTION ( 'NONE',  ( 0.000000000000000000, 0.000000000000000000, -1.000000000000000000 ) ) ;
#7406 = CARTESIAN_POINT ( 'NONE',  ( -2.104999999999999094, 1.974999999999999867, -0.1999999999999999833 ) ) ;
#7407 = LINE ( 'NONE', #6763, #4818 ) ;
#7408 = ORIENTED_EDGE ( 'NONE', *, *, #4419, .T. ) ;
#7409 = VECTOR ( 'NONE', #4117, 1000.000000000000000 ) ;
#7410 = DIRECTION ( 'NONE',  ( 0.000000000000000000, 0.000000000000000000, -1.000000000000000000 ) ) ;
#7411 = EDGE_LOOP ( 'NONE', ( #2678, #766, #4820, #6572 ) ) ;
#7412 = VERTEX_POINT ( 'NONE', #2728 ) ;
#7413 = CARTESIAN_POINT ( 'NONE',  ( 0.8350000000000008527, 2.279999999999998028, -0.7547888812845857665 ) ) ;
#7414 = CLOSED_SHELL ( 'NONE', ( #1315, #31, #6634, #3347, #7425, #5712, #5544, #4721, #5718, #7057, #445, #221, #7521, #1969 ) ) ;
#7415 = SURFACE_STYLE_USAGE ( .BOTH. , #1115 ) ;
#7416 =( LENGTH_UNIT ( ) NAMED_UNIT ( * ) SI_UNIT ( .MILLI., .METRE. ) );
#7417 = PRESENTATION_LAYER_ASSIGNMENT (  '', '', ( #3128 ) ) ;
#7418 = ORIENTED_EDGE ( 'NONE', *, *, #3799, .F. ) ;
#7419 = AXIS2_PLACEMENT_3D ( 'NONE', #6141, #4959, #922 ) ;
#7420 = PRESENTATION_STYLE_ASSIGNMENT (( #451 ) ) ;
#7421 = COLOUR_RGB ( '',0.2862745098039215508, 0.2862745098039215508, 0.2862745098039215508 ) ;
#7422 = AXIS2_PLACEMENT_3D ( 'NONE', #1401, #7176, #5410 ) ;
#7423 = FILL_AREA_STYLE ('',( #6817 ) ) ;
#7424 = EDGE_CURVE ( 'NONE', #3992, #6280, #4133, .T. ) ;
#7425 = ADVANCED_FACE ( 'NONE', ( #1634 ), #401, .T. ) ;
#7426 = ORIENTED_EDGE ( 'NONE', *, *, #7271, .F. ) ;
#7427 = VECTOR ( 'NONE', #5028, 1000.000000000000000 ) ;
#7428 = CARTESIAN_POINT ( 'NONE',  ( 2.375136580382892326, 1.950000000000000178, 0.09999999999999993616 ) ) ;
#7429 = AXIS2_PLACEMENT_3D ( 'NONE', #911, #1487, #6754 ) ;
#7430 = CIRCLE ( 'NONE', #1344, 0.1999999999999978184 ) ;
#7431 = DIRECTION ( 'NONE',  ( 0.000000000000000000, 0.000000000000000000, -1.000000000000000000 ) ) ;
#7432 = CARTESIAN_POINT ( 'NONE',  ( 2.375000000000000888, 1.949999999999999956, -0.1000000000000000056 ) ) ;
#7433 = EDGE_LOOP ( 'NONE', ( #3223, #2094, #74, #100 ) ) ;
#7434 = ORIENTED_EDGE ( 'NONE', *, *, #4170, .T. ) ;
#7435 = SURFACE_STYLE_USAGE ( .BOTH. , #6984 ) ;
#7436 = ADVANCED_FACE ( 'NONE', ( #5650 ), #1531, .T. ) ;
#7437 =( NAMED_UNIT ( * ) SI_UNIT ( $, .STERADIAN. ) SOLID_ANGLE_UNIT ( ) );
#7438 = DIRECTION ( 'NONE',  ( 0.000000000000000000, -0.7071067811865445751, 0.7071067811865503483 ) ) ;
#7439 = FILL_AREA_STYLE ('',( #5024 ) ) ;
#7440 = MECHANICAL_DESIGN_GEOMETRIC_PRESENTATION_REPRESENTATION (  '', ( #1093 ), #5582 ) ;
#7441 =( GEOMETRIC_REPRESENTATION_CONTEXT ( 3 ) GLOBAL_UNCERTAINTY_ASSIGNED_CONTEXT ( ( #5604 ) ) GLOBAL_UNIT_ASSIGNED_CONTEXT ( ( #3549, #7133, #3023 ) ) REPRESENTATION_CONTEXT ( 'NONE', 'WORKASPACE' ) );
#7442 = SURFACE_STYLE_FILL_AREA ( #6398 ) ;
#7443 = CARTESIAN_POINT ( 'NONE',  ( -0.8349999999999991873, -2.468279889073774935, -0.6873301281804449214 ) ) ;
#7444 = LINE ( 'NONE', #4471, #4741 ) ;
#7445 = DIRECTION ( 'NONE',  ( 1.000000000000000000, 0.000000000000000000, 0.000000000000000000 ) ) ;
#7446 = ORIENTED_EDGE ( 'NONE', *, *, #1181, .F. ) ;
#7447 = SURFACE_STYLE_FILL_AREA ( #5067 ) ;
#7448 = FILL_AREA_STYLE ('',( #2672 ) ) ;
#7449 = AXIS2_PLACEMENT_3D ( 'NONE', #1537, #3341, #4513 ) ;
#7450 =( GEOMETRIC_REPRESENTATION_CONTEXT ( 3 ) GLOBAL_UNCERTAINTY_ASSIGNED_CONTEXT ( ( #815 ) ) GLOBAL_UNIT_ASSIGNED_CONTEXT ( ( #1008, #7245, #973 ) ) REPRESENTATION_CONTEXT ( 'NONE', 'WORKASPACE' ) );
#7451 =( LENGTH_UNIT ( ) NAMED_UNIT ( * ) SI_UNIT ( .MILLI., .METRE. ) );
#7452 = PLANE ( 'NONE',  #5632 ) ;
#7453 = CARTESIAN_POINT ( 'NONE',  ( 0.4350000000000009415, 2.540395035417677416, -0.5921287206489965760 ) ) ;
#7454 =( GEOMETRIC_REPRESENTATION_CONTEXT ( 3 ) GLOBAL_UNCERTAINTY_ASSIGNED_CONTEXT ( ( #4421 ) ) GLOBAL_UNIT_ASSIGNED_CONTEXT ( ( #2975, #1276, #5321 ) ) REPRESENTATION_CONTEXT ( 'NONE', 'WORKASPACE' ) );
#7455 = AXIS2_PLACEMENT_3D ( 'NONE', #6736, #262, #1994 ) ;
#7456 = VERTEX_POINT ( 'NONE', #2835 ) ;
#7457 = DIRECTION ( 'NONE',  ( 1.000000000000000000, -0.000000000000000000, 0.000000000000000000 ) ) ;
#7458 = CARTESIAN_POINT ( 'NONE',  ( 2.105000000000000870, -1.974999999999999867, -0.1999999999999999833 ) ) ;
#7459 = DIRECTION ( 'NONE',  ( -1.000000000000000000, 0.000000000000000000, 0.000000000000000000 ) ) ;
#7460 = VERTEX_POINT ( 'NONE', #5761 ) ;
#7461 =( GEOMETRIC_REPRESENTATION_CONTEXT ( 3 ) GLOBAL_UNCERTAINTY_ASSIGNED_CONTEXT ( ( #5985 ) ) GLOBAL_UNIT_ASSIGNED_CONTEXT ( ( #7252, #2716, #4897 ) ) REPRESENTATION_CONTEXT ( 'NONE', 'WORKASPACE' ) );
#7462 = CARTESIAN_POINT ( 'NONE',  ( -1.751524337873328729, -0.9747751063606726607, 0.7750000000000000222 ) ) ;
#7463 =( NAMED_UNIT ( * ) PLANE_ANGLE_UNIT ( ) SI_UNIT ( $, .RADIAN. ) );
#7464 = CARTESIAN_POINT ( 'NONE',  ( -1.704999999999998961, -2.446255090880788519, -0.6258580972010689969 ) ) ;
#7465 = EDGE_CURVE ( 'NONE', #6664, #3735, #4696, .T. ) ;
#7466 = EDGE_CURVE ( 'NONE', #3201, #5147, #5725, .T. ) ;
#7467 =( LENGTH_UNIT ( ) NAMED_UNIT ( * ) SI_UNIT ( .MILLI., .METRE. ) );
#7468 = PRESENTATION_LAYER_ASSIGNMENT (  '', '', ( #4727 ) ) ;
#7469 = FACE_OUTER_BOUND ( 'NONE', #3593, .T. ) ;
#7470 = CARTESIAN_POINT ( 'NONE',  ( 0.4350000000000009415, 2.446255090880788519, -0.6258580972010689969 ) ) ;
#7471 = VERTEX_POINT ( 'NONE', #5849 ) ;
#7472 = ORIENTED_EDGE ( 'NONE', *, *, #5388, .T. ) ;
#7473 =( NAMED_UNIT ( * ) SI_UNIT ( $, .STERADIAN. ) SOLID_ANGLE_UNIT ( ) );
#7474 = PRESENTATION_LAYER_ASSIGNMENT (  '', '', ( #1608 ) ) ;
#7475 = UNCERTAINTY_MEASURE_WITH_UNIT (LENGTH_MEASURE( 1.000000000000000082E-05 ), #5710, 'distance_accuracy_value', 'NONE');
#7476 =( NAMED_UNIT ( * ) PLANE_ANGLE_UNIT ( ) SI_UNIT ( $, .RADIAN. ) );
#7477 = EDGE_CURVE ( 'NONE', #3788, #4359, #2820, .T. ) ;
#7478 = VECTOR ( 'NONE', #2309, 1000.000000000000000 ) ;
#7479 =( NAMED_UNIT ( * ) PLANE_ANGLE_UNIT ( ) SI_UNIT ( $, .RADIAN. ) );
#7480 = SURFACE_STYLE_USAGE ( .BOTH. , #5106 ) ;
#7481 = SURFACE_STYLE_FILL_AREA ( #4626 ) ;
#7482 = LINE ( 'NONE', #3405, #6631 ) ;
#7483 = LINE ( 'NONE', #4544, #906 ) ;
#7484 = FILL_AREA_STYLE_COLOUR ( '', #847 ) ;
#7485 = ORIENTED_EDGE ( 'NONE', *, *, #3477, .F. ) ;
#7486 = DIRECTION ( 'NONE',  ( 1.000000000000000000, 0.000000000000000000, 0.000000000000000000 ) ) ;
#7487 = SURFACE_STYLE_USAGE ( .BOTH. , #503 ) ;
#7488 = SURFACE_SIDE_STYLE ('',( #4591 ) ) ;
#7489 = CARTESIAN_POINT ( 'NONE',  ( -1.704999999999998961, 3.000000000000000000, -0.7245116203837658198 ) ) ;
#7490 = SURFACE_SIDE_STYLE ('',( #5695 ) ) ;
#7491 =( NAMED_UNIT ( * ) SI_UNIT ( $, .STERADIAN. ) SOLID_ANGLE_UNIT ( ) );
#7492 = AXIS2_PLACEMENT_3D ( 'NONE', #6147, #1543, #3862 ) ;
#7493 = EDGE_CURVE ( 'NONE', #2313, #2793, #5803, .T. ) ;
#7494 = CARTESIAN_POINT ( 'NONE',  ( -2.104999999999999094, 3.000000000000000000, -0.9250000000000000444 ) ) ;
#7495 = SURFACE_STYLE_USAGE ( .BOTH. , #4553 ) ;
#7496 = AXIS2_PLACEMENT_3D ( 'NONE', #4742, #2012, #5921 ) ;
#7497 = VERTEX_POINT ( 'NONE', #2428 ) ;
#7498 = ORIENTED_EDGE ( 'NONE', *, *, #4059, .F. ) ;
#7499 = CARTESIAN_POINT ( 'NONE',  ( -2.374999999999998668, 1.949999999999999956, 0.1000000000000000056 ) ) ;
#7500 = DIRECTION ( 'NONE',  ( 0.000000000000000000, -0.9975640502598241977, 0.06975647374412528856 ) ) ;
#7501 = FILL_AREA_STYLE ('',( #1010 ) ) ;
#7502 = CARTESIAN_POINT ( 'NONE',  ( -0.8349999999999991873, 2.233675748954446316, -0.03254124689585535107 ) ) ;
#7503 =( NAMED_UNIT ( * ) PLANE_ANGLE_UNIT ( ) SI_UNIT ( $, .RADIAN. ) );
#7504 = ORIENTED_EDGE ( 'NONE', *, *, #2782, .F. ) ;
#7505 = FACE_OUTER_BOUND ( 'NONE', #890, .T. ) ;
#7506 = CARTESIAN_POINT ( 'NONE',  ( -2.386113480025949585, 1.879054641195668118, 0.7078396347450740533 ) ) ;
#7507 = CARTESIAN_POINT ( 'NONE',  ( 2.105000000000000870, 3.000000000000000000, -0.7245116203837658198 ) ) ;
#7508 = ORIENTED_EDGE ( 'NONE', *, *, #4798, .T. ) ;
#7509 = ORIENTED_EDGE ( 'NONE', *, *, #4656, .F. ) ;
#7510 = VECTOR ( 'NONE', #2047, 1000.000000000000000 ) ;
#7511 = CARTESIAN_POINT ( 'NONE',  ( 2.105000000000000870, -2.233675748954446760, -0.03254124689585519842 ) ) ;
#7512 = CARTESIAN_POINT ( 'NONE',  ( 0.4350000000000009415, 1.949999999999999956, 0.09999999999999999167 ) ) ;
#7513 = DIRECTION ( 'NONE',  ( 0.000000000000000000, -0.9975640502598243087, -0.06975647374412557999 ) ) ;
#7514 = DIRECTION ( 'NONE',  ( 1.000000000000000000, 0.000000000000000000, 0.000000000000000000 ) ) ;
#7515 = DIRECTION ( 'NONE',  ( 1.000000000000000000, -0.000000000000000000, 0.000000000000000000 ) ) ;
#7516 = MECHANICAL_DESIGN_GEOMETRIC_PRESENTATION_REPRESENTATION (  '', ( #2026 ), #6787 ) ;
#7517 = CYLINDRICAL_SURFACE ( 'NONE', #4685, 0.07499999999999980294 ) ;
#7518 = CARTESIAN_POINT ( 'NONE',  ( 2.375000000000000888, -1.949999999999999956, 0.1000000000000000056 ) ) ;
#7519 = FACE_OUTER_BOUND ( 'NONE', #1388, .T. ) ;
#7520 = ORIENTED_EDGE ( 'NONE', *, *, #4799, .T. ) ;
#7521 = ADVANCED_FACE ( 'NONE', ( #5141 ), #601, .F. ) ;
#7522 = CARTESIAN_POINT ( 'NONE',  ( 1.705000000000000959, 1.949999999999999956, 0.09999999999999999167 ) ) ;
#7523 = SURFACE_STYLE_USAGE ( .BOTH. , #7488 ) ;
#7524 = CARTESIAN_POINT ( 'NONE',  ( -1.704999999999998961, -2.233675748954446316, -0.03254124689585535107 ) ) ;
#7525 = CARTESIAN_POINT ( 'NONE',  ( -2.374999999999998668, -1.949999999999999956, 0.1000000000000000056 ) ) ;
#7526 = EDGE_CURVE ( 'NONE', #5891, #5337, #563, .T. ) ;
#7527 =( LENGTH_UNIT ( ) NAMED_UNIT ( * ) SI_UNIT ( .MILLI., .METRE. ) );
#7528 = SURFACE_STYLE_FILL_AREA ( #2326 ) ;
#7529 = DIRECTION ( 'NONE',  ( 1.000000000000000000, 0.000000000000000000, 0.000000000000000000 ) ) ;
#7530 = EDGE_LOOP ( 'NONE', ( #3451, #5248, #130, #4401 ) ) ;
#7531 = SURFACE_STYLE_FILL_AREA ( #6963 ) ;
#7532 = EDGE_LOOP ( 'NONE', ( #1716, #4171, #212, #3811, #6175, #5532, #2866, #707, #7357, #5292, #2387, #6744 ) ) ;
#7533 = ADVANCED_FACE ( 'NONE', ( #4140 ), #5174, .F. ) ;
#7534 = MECHANICAL_DESIGN_GEOMETRIC_PRESENTATION_REPRESENTATION (  '', ( #7299 ), #5424 ) ;
#7535 =( NAMED_UNIT ( * ) SI_UNIT ( $, .STERADIAN. ) SOLID_ANGLE_UNIT ( ) );
#7536 = CLOSED_SHELL ( 'NONE', ( #6337, #4870, #565, #4899, #2885, #4865, #2695, #113, #524, #5819, #6333, #1169, #128, #6402 ) ) ;
#7537 = PRESENTATION_STYLE_ASSIGNMENT (( #1697 ) ) ;
#7538 = DIRECTION ( 'NONE',  ( 0.000000000000000000, 0.000000000000000000, 1.000000000000000000 ) ) ;
#7539 = CARTESIAN_POINT ( 'NONE',  ( 2.311524337873331003, -1.811524337873330115, -0.6999999999999999556 ) ) ;
#7540 = DIRECTION ( 'NONE',  ( 0.000000000000000000, 0.3372937655207250973, -0.9413994453688879771 ) ) ;
#7541 = ORIENTED_EDGE ( 'NONE', *, *, #206, .T. ) ;
ENDSEC;
END-ISO-10303-21;
