ISO-10303-21;
HEADER;
FILE_DESCRIPTION (( 'STEP AP214' ),
    '1' );
FILE_NAME ('SM02B-BHSS-1-TB(LF)(SN).STEP',
    '2023-06-16T18:45:47',
    ( '' ),
    ( '' ),
    'SwSTEP 2.0',
    'SolidWorks 2021',
    '' );
FILE_SCHEMA (( 'AUTOMOTIVE_DESIGN' ));
ENDSEC;

DATA;
#1 = ORIENTED_EDGE ( 'NONE', *, *, #2490, .F. ) ;
#2 = ORIENTED_EDGE ( 'NONE', *, *, #3320, .T. ) ;
#3 = CARTESIAN_POINT ( 'NONE',  ( 1.949999999999998623, 2.199999999999999289, -2.000000000000000000 ) ) ;
#4 = DIRECTION ( 'NONE',  ( 0.2588190451025187411, -0.000000000000000000, 0.9659258262890688673 ) ) ;
#5 = VECTOR ( 'NONE', #4763, 1000.000000000000000 ) ;
#6 = CARTESIAN_POINT ( 'NONE',  ( -4.759252271188818106, 0.3499999999999999223, -3.400000000000000355 ) ) ;
#7 = LINE ( 'NONE', #3476, #5027 ) ;
#8 = VECTOR ( 'NONE', #1927, 1000.000000000000000 ) ;
#9 = ORIENTED_EDGE ( 'NONE', *, *, #1978, .T. ) ;
#10 = ORIENTED_EDGE ( 'NONE', *, *, #766, .F. ) ;
#11 = VECTOR ( 'NONE', #802, 1000.000000000000000 ) ;
#12 = CARTESIAN_POINT ( 'NONE',  ( 4.399999999999999467, 0.6400000000000003464, -3.499999999999919176 ) ) ;
#13 = AXIS2_PLACEMENT_3D ( 'NONE', #2642, #5339, #1036 ) ;
#14 = PRESENTATION_STYLE_ASSIGNMENT (( #4354 ) ) ;
#15 = AXIS2_PLACEMENT_3D ( 'NONE', #3897, #5130, #2641 ) ;
#16 = ORIENTED_EDGE ( 'NONE', *, *, #590, .T. ) ;
#17 = ORIENTED_EDGE ( 'NONE', *, *, #1723, .F. ) ;
#18 = ORIENTED_EDGE ( 'NONE', *, *, #1455, .F. ) ;
#19 = DIRECTION ( 'NONE',  ( -0.000000000000000000, -0.000000000000000000, 1.000000000000000000 ) ) ;
#20 = CARTESIAN_POINT ( 'NONE',  ( 4.399999999999999467, 0.6399999999999997913, -3.499999999999919176 ) ) ;
#21 = ORIENTED_EDGE ( 'NONE', *, *, #288, .F. ) ;
#22 = LINE ( 'NONE', #908, #2720 ) ;
#23 = ORIENTED_EDGE ( 'NONE', *, *, #3164, .T. ) ;
#24 = EDGE_CURVE ( 'NONE', #1004, #1981, #493, .T. ) ;
#25 = DIRECTION ( 'NONE',  ( -1.000000000000000000, 0.000000000000000000, 0.000000000000000000 ) ) ;
#26 = DIRECTION ( 'NONE',  ( -0.000000000000000000, -0.000000000000000000, 1.000000000000000000 ) ) ;
#27 = CARTESIAN_POINT ( 'NONE',  ( 4.734999999999999432, 1.709999999999999742, -3.499999999999919176 ) ) ;
#28 = CARTESIAN_POINT ( 'NONE',  ( -3.750000000140616407, 0.04999999999999917011, -3.749999999999998668 ) ) ;
#29 = ORIENTED_EDGE ( 'NONE', *, *, #5405, .T. ) ;
#30 = ADVANCED_FACE ( 'NONE', ( #68 ), #837, .F. ) ;
#31 = EDGE_CURVE ( 'NONE', #2298, #5448, #2639, .T. ) ;
#32 = EDGE_CURVE ( 'NONE', #3693, #619, #3948, .T. ) ;
#33 = ORIENTED_EDGE ( 'NONE', *, *, #4237, .F. ) ;
#34 = CARTESIAN_POINT ( 'NONE',  ( -5.250000000000001776, 0.4000000000000000777, -3.399999999999998579 ) ) ;
#35 = DIRECTION ( 'NONE',  ( -1.000000000000000000, -3.733892609371016147E-31, -1.626303259014140435E-15 ) ) ;
#36 = CARTESIAN_POINT ( 'NONE',  ( 4.884999999999998899, 6.416000682312242628E-16, -3.499999999999919176 ) ) ;
#37 = EDGE_CURVE ( 'NONE', #798, #1969, #4265, .T. ) ;
#38 = DIRECTION ( 'NONE',  ( -0.000000000000000000, -0.000000000000000000, 1.000000000000000000 ) ) ;
#39 = CLOSED_SHELL ( 'NONE', ( #735, #4637, #1564, #1371, #2593, #3311, #5272, #139, #2217, #2163 ) ) ;
#40 = ORIENTED_EDGE ( 'NONE', *, *, #4684, .T. ) ;
#41 = ORIENTED_EDGE ( 'NONE', *, *, #3232, .T. ) ;
#42 = DIRECTION ( 'NONE',  ( 0.000000000000000000, 0.000000000000000000, -1.000000000000000000 ) ) ;
#43 = DIRECTION ( 'NONE',  ( 1.000000000000000000, 0.000000000000000000, -0.000000000000000000 ) ) ;
#44 = ORIENTED_EDGE ( 'NONE', *, *, #1499, .F. ) ;
#45 = ORIENTED_EDGE ( 'NONE', *, *, #2333, .F. ) ;
#46 = AXIS2_PLACEMENT_3D ( 'NONE', #1870, #544, #1553 ) ;
#47 = VERTEX_POINT ( 'NONE', #3417 ) ;
#48 = VECTOR ( 'NONE', #5282, 1000.000000000000000 ) ;
#49 = CARTESIAN_POINT ( 'NONE',  ( 3.450000000281259194, 0.6999999999999986233, -2.900000000000004796 ) ) ;
#50 = ORIENTED_EDGE ( 'NONE', *, *, #2565, .F. ) ;
#51 = CARTESIAN_POINT ( 'NONE',  ( -1.150000000000001688, 1.699999999999999289, 1.999999999999999556 ) ) ;
#52 = AXIS2_PLACEMENT_3D ( 'NONE', #1772, #4771, #4359 ) ;
#53 = CARTESIAN_POINT ( 'NONE',  ( 4.334999999999999076, 1.374999999999999778, 2.999999999999613198 ) ) ;
#54 = ORIENTED_EDGE ( 'NONE', *, *, #5402, .T. ) ;
#55 = VERTEX_POINT ( 'NONE', #95 ) ;
#56 = VECTOR ( 'NONE', #1959, 999.9999999999998863 ) ;
#57 = VECTOR ( 'NONE', #1758, 1000.000000000000114 ) ;
#58 = CARTESIAN_POINT ( 'NONE',  ( 3.550000000281260171, 0.1000000000000011852, -3.499999999999919176 ) ) ;
#59 = EDGE_CURVE ( 'NONE', #4860, #1397, #5243, .T. ) ;
#60 = LINE ( 'NONE', #3833, #218 ) ;
#61 = FACE_OUTER_BOUND ( 'NONE', #4444, .T. ) ;
#62 = VECTOR ( 'NONE', #640, 1000.000000000000000 ) ;
#63 = LINE ( 'NONE', #119, #3427 ) ;
#64 = EDGE_CURVE ( 'NONE', #2380, #3716, #1813, .T. ) ;
#65 = VECTOR ( 'NONE', #239, 1000.000000000000000 ) ;
#66 = ORIENTED_EDGE ( 'NONE', *, *, #4255, .F. ) ;
#67 = EDGE_CURVE ( 'NONE', #574, #3909, #2211, .T. ) ;
#68 = FACE_OUTER_BOUND ( 'NONE', #4501, .T. ) ;
#69 = DIRECTION ( 'NONE',  ( 0.000000000000000000, -1.000000000000000000, 0.000000000000000000 ) ) ;
#70 = LINE ( 'NONE', #3473, #3175 ) ;
#71 = DIRECTION ( 'NONE',  ( 0.000000000000000000, 0.000000000000000000, 1.000000000000000000 ) ) ;
#72 = DIRECTION ( 'NONE',  ( 1.000000000000000000, 0.000000000000000000, 0.000000000000000000 ) ) ;
#73 = ORIENTED_EDGE ( 'NONE', *, *, #5214, .F. ) ;
#74 = VERTEX_POINT ( 'NONE', #3021 ) ;
#75 = VECTOR ( 'NONE', #5466, 1000.000000000000000 ) ;
#76 = ADVANCED_FACE ( 'NONE', ( #4680 ), #2585, .F. ) ;
#77 = LINE ( 'NONE', #3087, #2945 ) ;
#78 = DIRECTION ( 'NONE',  ( -1.000000000000000000, -0.000000000000000000, -0.000000000000000000 ) ) ;
#79 = ORIENTED_EDGE ( 'NONE', *, *, #1080, .T. ) ;
#80 = ORIENTED_EDGE ( 'NONE', *, *, #5523, .T. ) ;
#81 = ORIENTED_EDGE ( 'NONE', *, *, #634, .T. ) ;
#82 = DIRECTION ( 'NONE',  ( -1.000000000000000000, 0.000000000000000000, 0.000000000000000000 ) ) ;
#83 = VECTOR ( 'NONE', #3631, 1000.000000000000000 ) ;
#84 = ORIENTED_EDGE ( 'NONE', *, *, #4886, .F. ) ;
#85 = CARTESIAN_POINT ( 'NONE',  ( -4.999999999999999112, 0.2999999999999999334, 2.849999999999999201 ) ) ;
#86 = ORIENTED_EDGE ( 'NONE', *, *, #3860, .F. ) ;
#87 = VERTEX_POINT ( 'NONE', #4375 ) ;
#88 = ADVANCED_FACE ( 'NONE', ( #1784 ), #1362, .F. ) ;
#89 = CARTESIAN_POINT ( 'NONE',  ( 4.884999999999998899, 0.6249999999999998890, 2.999999999999613198 ) ) ;
#90 = VERTEX_POINT ( 'NONE', #2972 ) ;
#91 = PLANE ( 'NONE',  #3014 ) ;
#92 = LINE ( 'NONE', #3916, #4866 ) ;
#93 = PLANE ( 'NONE',  #4686 ) ;
#94 = ORIENTED_EDGE ( 'NONE', *, *, #2068, .T. ) ;
#95 = CARTESIAN_POINT ( 'NONE',  ( 4.865000000000000213, 0.6249999999999998890, -3.499999999999919176 ) ) ;
#96 = PLANE ( 'NONE',  #2506 ) ;
#97 = CARTESIAN_POINT ( 'NONE',  ( -4.250000000000000888, 3.199999999999999734, -3.750000000000000888 ) ) ;
#98 = CARTESIAN_POINT ( 'NONE',  ( 4.399999999999999467, 1.309999999999999831, -3.499999999999919176 ) ) ;
#99 = CARTESIAN_POINT ( 'NONE',  ( 3.450000000281260526, 0.04999999999999935746, -2.900000000000005684 ) ) ;
#100 = ORIENTED_EDGE ( 'NONE', *, *, #3243, .F. ) ;
#101 = ORIENTED_EDGE ( 'NONE', *, *, #4798, .T. ) ;
#102 = AXIS2_PLACEMENT_3D ( 'NONE', #2798, #4503, #971 ) ;
#103 = FACE_OUTER_BOUND ( 'NONE', #3598, .T. ) ;
#104 = PLANE ( 'NONE',  #1441 ) ;
#105 = CARTESIAN_POINT ( 'NONE',  ( -2.050000000000001155, 2.100000000000000977, -2.849999999999999201 ) ) ;
#106 = ORIENTED_EDGE ( 'NONE', *, *, #171, .T. ) ;
#107 = ORIENTED_EDGE ( 'NONE', *, *, #2165, .T. ) ;
#108 = AXIS2_PLACEMENT_3D ( 'NONE', #1670, #722, #5442 ) ;
#109 = AXIS2_PLACEMENT_3D ( 'NONE', #4379, #5278, #2245 ) ;
#110 = LINE ( 'NONE', #2228, #3024 ) ;
#111 = FACE_OUTER_BOUND ( 'NONE', #4748, .T. ) ;
#112 = EDGE_CURVE ( 'NONE', #5288, #4029, #3103, .T. ) ;
#113 = EDGE_LOOP ( 'NONE', ( #2969, #1143, #2219, #3353, #1910, #50, #1864, #1172, #5281, #2617, #142, #4174, #3688, #2954, #374, #427, #4120, #3134 ) ) ;
#114 = EDGE_LOOP ( 'NONE', ( #3763, #4688, #4672, #1923 ) ) ;
#115 = PLANE ( 'NONE',  #2678 ) ;
#116 = ORIENTED_EDGE ( 'NONE', *, *, #1173, .F. ) ;
#117 = LINE ( 'NONE', #2007, #2493 ) ;
#118 = CARTESIAN_POINT ( 'NONE',  ( -1.602913709778987617, 1.511654839115956106, 1.811654839115956594 ) ) ;
#119 = CARTESIAN_POINT ( 'NONE',  ( 5.249999999999999112, -0.05000000000000012768, 3.750000000000000000 ) ) ;
#120 = ORIENTED_EDGE ( 'NONE', *, *, #4229, .F. ) ;
#121 = DIRECTION ( 'NONE',  ( 0.000000000000000000, 1.000000000000000000, -2.220446049250313081E-16 ) ) ;
#122 = LINE ( 'NONE', #4433, #4918 ) ;
#123 = DIRECTION ( 'NONE',  ( -0.000000000000000000, -0.000000000000000000, -1.000000000000000000 ) ) ;
#124 = DIRECTION ( 'NONE',  ( 1.000000000000000000, 0.000000000000000000, -0.000000000000000000 ) ) ;
#125 = LINE ( 'NONE', #1819, #1262 ) ;
#126 = VERTEX_POINT ( 'NONE', #4902 ) ;
#127 = ADVANCED_FACE ( 'NONE', ( #1033 ), #1962, .F. ) ;
#128 = ORIENTED_EDGE ( 'NONE', *, *, #4122, .T. ) ;
#129 = CARTESIAN_POINT ( 'NONE',  ( -4.250000000000000888, 3.124999999999999112, -2.277350269189625909 ) ) ;
#130 = LINE ( 'NONE', #1322, #1707 ) ;
#131 = LINE ( 'NONE', #3992, #5201 ) ;
#132 = VERTEX_POINT ( 'NONE', #1095 ) ;
#133 = ORIENTED_EDGE ( 'NONE', *, *, #849, .F. ) ;
#134 = CLOSED_SHELL ( 'NONE', ( #5554, #5061, #1590, #1629, #2489, #1459, #2847, #4741, #3481, #1369, #3546, #5464, #5151, #5213, #5035, #4135, #2547, #2349, #4772, #546, #2046, #2139, #3917, #5223, #2261, #1217, #4893, #4197, #2125, #558, #5153, #3743, #136, #2628, #5303, #4480, #2413, #4571, #2004, #1491, #1844, #5186, #3211, #2581, #5308, #1561, #4326, #2460, #2255, #1652, #233, #4092, #2652, #3032, #2145, #3253, #3345, #4878, #1082, #2234, #413, #2289, #1577, #1862, #2634, #3625, #1315, #4397, #4125, #2931, #2654, #127, #1005, #4309, #265, #4498, #998, #1410, #4417, #4028 ) ) ;
#135 = LINE ( 'NONE', #49, #872 ) ;
#136 = ADVANCED_FACE ( 'NONE', ( #4845 ), #5304, .F. ) ;
#137 = VECTOR ( 'NONE', #1579, 1000.000000000000000 ) ;
#138 = PLANE ( 'NONE',  #1463 ) ;
#139 = ADVANCED_FACE ( 'NONE', ( #4485 ), #3221, .F. ) ;
#140 = VERTEX_POINT ( 'NONE', #669 ) ;
#141 = ORIENTED_EDGE ( 'NONE', *, *, #389, .F. ) ;
#142 = ORIENTED_EDGE ( 'NONE', *, *, #2318, .F. ) ;
#143 = DIRECTION ( 'NONE',  ( 1.000000000000000000, 1.224646799147353207E-16, -0.000000000000000000 ) ) ;
#144 = ORIENTED_EDGE ( 'NONE', *, *, #761, .T. ) ;
#145 = PRODUCT_DEFINITION_FORMATION_WITH_SPECIFIED_SOURCE ( 'ANY', '', #3871, .NOT_KNOWN. ) ;
#146 = DIRECTION ( 'NONE',  ( -0.000000000000000000, -0.000000000000000000, 1.000000000000000000 ) ) ;
#147 = ADVANCED_FACE ( 'NONE', ( #3590 ), #5360, .F. ) ;
#148 = DIRECTION ( 'NONE',  ( -0.000000000000000000, -1.000000000000000000, 2.220446049250313574E-16 ) ) ;
#149 = CARTESIAN_POINT ( 'NONE',  ( -5.230000000000002203, 0.7200000000000000844, -3.200000000547038148 ) ) ;
#150 = ORIENTED_EDGE ( 'NONE', *, *, #24, .T. ) ;
#151 = MECHANICAL_DESIGN_GEOMETRIC_PRESENTATION_REPRESENTATION (  '', ( #2939 ), #243 ) ;
#152 = VECTOR ( 'NONE', #2804, 1000.000000000000000 ) ;
#153 = DIRECTION ( 'NONE',  ( 0.4999999999999961697, 0.000000000000000000, -0.8660254037844408170 ) ) ;
#154 = DIRECTION ( 'NONE',  ( 0.000000000000000000, 0.000000000000000000, 1.000000000000000000 ) ) ;
#155 = CARTESIAN_POINT ( 'NONE',  ( -3.750000000140619072, 1.200000000000001066, 3.399999999999998579 ) ) ;
#156 = VECTOR ( 'NONE', #3289, 1000.000000000000000 ) ;
#157 = LINE ( 'NONE', #1454, #2727 ) ;
#158 = CARTESIAN_POINT ( 'NONE',  ( -5.210000000000001741, 0.8800000000000000044, 3.200000000547038148 ) ) ;
#159 = ORIENTED_EDGE ( 'NONE', *, *, #711, .F. ) ;
#160 = LINE ( 'NONE', #3564, #418 ) ;
#161 = ORIENTED_EDGE ( 'NONE', *, *, #1752, .T. ) ;
#162 = EDGE_LOOP ( 'NONE', ( #5226, #822, #2078, #682 ) ) ;
#163 = CARTESIAN_POINT ( 'NONE',  ( 3.550000000281260171, 0.1000000000000011852, -3.499999999999919176 ) ) ;
#164 = SURFACE_STYLE_USAGE ( .BOTH. , #1916 ) ;
#165 = CARTESIAN_POINT ( 'NONE',  ( 2.049999999999998490, 2.199999999999999289, -1.499999999999999556 ) ) ;
#166 = ORIENTED_EDGE ( 'NONE', *, *, #2658, .F. ) ;
#167 = ORIENTED_EDGE ( 'NONE', *, *, #2898, .T. ) ;
#168 = EDGE_CURVE ( 'NONE', #4776, #5155, #1560, .T. ) ;
#169 = CARTESIAN_POINT ( 'NONE',  ( 3.550000000281260171, 0.1000000000000011852, 3.499999999999919176 ) ) ;
#170 = ADVANCED_FACE ( 'NONE', ( #1482 ), #3616, .T. ) ;
#171 = EDGE_CURVE ( 'NONE', #2754, #4292, #1512, .T. ) ;
#172 = ORIENTED_EDGE ( 'NONE', *, *, #4742, .T. ) ;
#173 = EDGE_CURVE ( 'NONE', #928, #132, #3136, .T. ) ;
#174 = ORIENTED_EDGE ( 'NONE', *, *, #5359, .T. ) ;
#175 = LINE ( 'NONE', #4947, #3576 ) ;
#176 = VERTEX_POINT ( 'NONE', #2721 ) ;
#177 = VECTOR ( 'NONE', #2840, 1000.000000000000000 ) ;
#178 = DIRECTION ( 'NONE',  ( -0.8660254037844408170, -1.110223024625148282E-16, -0.4999999999999961697 ) ) ;
#179 = DIRECTION ( 'NONE',  ( 0.000000000000000000, 1.000000000000000000, -2.220446049250313574E-16 ) ) ;
#180 = VECTOR ( 'NONE', #4109, 1000.000000000000000 ) ;
#181 = ORIENTED_EDGE ( 'NONE', *, *, #3888, .F. ) ;
#182 = CARTESIAN_POINT ( 'NONE',  ( -2.050000000000001155, 3.199999999999999734, -8.673617379884035472E-16 ) ) ;
#183 = DIRECTION ( 'NONE',  ( -1.000000000000000000, 0.000000000000000000, 0.000000000000000000 ) ) ;
#184 = FACE_OUTER_BOUND ( 'NONE', #3402, .T. ) ;
#185 = CARTESIAN_POINT ( 'NONE',  ( -1.150000000000001688, 1.266987298107779880, 1.566987298107780369 ) ) ;
#186 = CARTESIAN_POINT ( 'NONE',  ( -3.250000000000001332, 3.124999999999999112, -1.699999999999999956 ) ) ;
#187 = ORIENTED_EDGE ( 'NONE', *, *, #3264, .T. ) ;
#188 = CARTESIAN_POINT ( 'NONE',  ( -3.050000000000001599, 2.899999999999999911, 0.5499999999999981570 ) ) ;
#189 = ORIENTED_EDGE ( 'NONE', *, *, #2434, .T. ) ;
#190 = ORIENTED_EDGE ( 'NONE', *, *, #3752, .T. ) ;
#191 = CARTESIAN_POINT ( 'NONE',  ( -5.190000000000003055, 0.4200000000000002620, 3.399999999999998579 ) ) ;
#192 = DIRECTION ( 'NONE',  ( -1.000000000000000000, 0.000000000000000000, 0.000000000000000000 ) ) ;
#193 = CARTESIAN_POINT ( 'NONE',  ( 0.000000000000000000, 3.199999999999999734, -8.673617379884035472E-16 ) ) ;
#194 = ORIENTED_EDGE ( 'NONE', *, *, #806, .F. ) ;
#195 = PRODUCT_DEFINITION_CONTEXT ( 'detailed design', #4144, 'design' ) ;
#196 = ORIENTED_EDGE ( 'NONE', *, *, #1877, .T. ) ;
#197 = CARTESIAN_POINT ( 'NONE',  ( 2.049999999999998490, 2.199999999999999734, 1.500000000000000000 ) ) ;
#198 = VECTOR ( 'NONE', #2187, 1000.000000000000000 ) ;
#199 = VECTOR ( 'NONE', #424, 1000.000000000000000 ) ;
#200 = ORIENTED_EDGE ( 'NONE', *, *, #3124, .T. ) ;
#201 = CARTESIAN_POINT ( 'NONE',  ( -3.600000000000003197, 0.05000000000000071054, 3.200000000547038148 ) ) ;
#202 = ORIENTED_EDGE ( 'NONE', *, *, #2424, .T. ) ;
#203 = LINE ( 'NONE', #4481, #3257 ) ;
#204 = DIRECTION ( 'NONE',  ( 0.000000000000000000, 0.000000000000000000, -1.000000000000000000 ) ) ;
#205 = VERTEX_POINT ( 'NONE', #4040 ) ;
#206 = CARTESIAN_POINT ( 'NONE',  ( 3.550000000281260171, 0.5749999999999998446, -3.499999999999919176 ) ) ;
#207 = DIRECTION ( 'NONE',  ( -0.000000000000000000, -1.000000000000000000, -0.000000000000000000 ) ) ;
#208 = DIRECTION ( 'NONE',  ( -0.000000000000000000, -0.000000000000000000, 1.000000000000000000 ) ) ;
#209 = DIRECTION ( 'NONE',  ( 0.000000000000000000, 2.168404344971007882E-16, 1.000000000000000000 ) ) ;
#210 = LINE ( 'NONE', #1935, #472 ) ;
#211 = EDGE_CURVE ( 'NONE', #1355, #3554, #4432, .T. ) ;
#212 = CARTESIAN_POINT ( 'NONE',  ( 3.450000000281260082, 1.374999999999999778, -3.499999999999919176 ) ) ;
#213 = EDGE_CURVE ( 'NONE', #2747, #5128, #1451, .T. ) ;
#214 = EDGE_CURVE ( 'NONE', #835, #4983, #2383, .T. ) ;
#215 = LINE ( 'NONE', #2305, #236 ) ;
#216 = EDGE_LOOP ( 'NONE', ( #3516, #4226, #2895, #2350 ) ) ;
#217 = ORIENTED_EDGE ( 'NONE', *, *, #1961, .T. ) ;
#218 = VECTOR ( 'NONE', #3492, 1000.000000000000000 ) ;
#219 = DIRECTION ( 'NONE',  ( 1.000000000000000000, 1.224646799147353207E-16, 0.000000000000000000 ) ) ;
#220 = CARTESIAN_POINT ( 'NONE',  ( 4.334999999999998188, 0.5749999999999998446, 3.499999999999919176 ) ) ;
#221 = EDGE_CURVE ( 'NONE', #3761, #885, #3167, .T. ) ;
#222 = PLANE ( 'NONE',  #3792 ) ;
#223 = VERTEX_POINT ( 'NONE', #976 ) ;
#224 = DIRECTION ( 'NONE',  ( 1.000000000000000000, -0.000000000000000000, -0.000000000000000000 ) ) ;
#225 = AXIS2_PLACEMENT_3D ( 'NONE', #182, #1007, #4874 ) ;
#226 = ORIENTED_EDGE ( 'NONE', *, *, #241, .T. ) ;
#227 = DIRECTION ( 'NONE',  ( -1.000000000000000000, 0.000000000000000000, 0.000000000000000000 ) ) ;
#228 = ORIENTED_EDGE ( 'NONE', *, *, #2141, .T. ) ;
#229 = DIRECTION ( 'NONE',  ( -1.000000000000000000, -0.000000000000000000, -0.000000000000000000 ) ) ;
#230 = PLANE ( 'NONE',  #563 ) ;
#231 = STYLED_ITEM ( 'NONE', ( #3706 ), #933 ) ;
#232 = EDGE_LOOP ( 'NONE', ( #81, #815, #2778 ) ) ;
#233 = ADVANCED_FACE ( 'NONE', ( #2270 ), #4458, .F. ) ;
#234 = ADVANCED_FACE ( 'NONE', ( #611 ), #2330, .F. ) ;
#235 = PRESENTATION_LAYER_ASSIGNMENT (  '', '', ( #4808 ) ) ;
#236 = VECTOR ( 'NONE', #4517, 1000.000000000000000 ) ;
#237 = DIRECTION ( 'NONE',  ( -1.000000000000000000, 0.000000000000000000, 0.000000000000000000 ) ) ;
#238 = CARTESIAN_POINT ( 'NONE',  ( 3.550000000281260171, 0.5749999999999998446, -3.499999999999919176 ) ) ;
#239 = DIRECTION ( 'NONE',  ( -1.000000000000000000, -0.000000000000000000, 0.000000000000000000 ) ) ;
#240 = LINE ( 'NONE', #4487, #3433 ) ;
#241 = EDGE_CURVE ( 'NONE', #1981, #2161, #3356, .T. ) ;
#242 = CARTESIAN_POINT ( 'NONE',  ( 3.650000000281260704, 4.903561885709708184E-16, -3.499999999999919176 ) ) ;
#243 =( GEOMETRIC_REPRESENTATION_CONTEXT ( 3 ) GLOBAL_UNCERTAINTY_ASSIGNED_CONTEXT ( ( #4471 ) ) GLOBAL_UNIT_ASSIGNED_CONTEXT ( ( #2487, #366, #1190 ) ) REPRESENTATION_CONTEXT ( 'NONE', 'WORKASPACE' ) );
#244 = CARTESIAN_POINT ( 'NONE',  ( -5.250000000000000888, -0.05000000000000012768, 2.994337567297405744 ) ) ;
#245 = ORIENTED_EDGE ( 'NONE', *, *, #626, .F. ) ;
#246 = ORIENTED_EDGE ( 'NONE', *, *, #3883, .T. ) ;
#247 = CARTESIAN_POINT ( 'NONE',  ( -1.150000000000001688, 1.266987298107779880, 0.000000000000000000 ) ) ;
#248 = VERTEX_POINT ( 'NONE', #4986 ) ;
#249 = CIRCLE ( 'NONE', #610, 0.02000000000000005246 ) ;
#250 = EDGE_CURVE ( 'NONE', #1572, #4629, #801, .T. ) ;
#251 = VECTOR ( 'NONE', #1853, 1000.000000000000000 ) ;
#252 = CARTESIAN_POINT ( 'NONE',  ( -5.190000000000003055, 0.4200000000000002620, -3.200000000547038148 ) ) ;
#253 = DIRECTION ( 'NONE',  ( 0.000000000000000000, 2.220446049250314067E-16, 1.000000000000000000 ) ) ;
#254 = PLANE ( 'NONE',  #2454 ) ;
#255 = VECTOR ( 'NONE', #3663, 1000.000000000000000 ) ;
#256 = DIRECTION ( 'NONE',  ( -1.000000000000000000, 0.000000000000000000, 0.000000000000000000 ) ) ;
#257 = PLANE ( 'NONE',  #4019 ) ;
#258 = DIRECTION ( 'NONE',  ( 1.000000000000000000, 0.000000000000000000, 0.000000000000000000 ) ) ;
#259 = ORIENTED_EDGE ( 'NONE', *, *, #458, .F. ) ;
#260 = EDGE_CURVE ( 'NONE', #1481, #4000, #3526, .T. ) ;
#261 = DIRECTION ( 'NONE',  ( 1.000000000000000000, 0.000000000000000000, 0.000000000000000000 ) ) ;
#262 = ORIENTED_EDGE ( 'NONE', *, *, #1698, .T. ) ;
#263 = DIRECTION ( 'NONE',  ( -0.000000000000000000, -0.000000000000000000, -1.000000000000000000 ) ) ;
#264 = DIRECTION ( 'NONE',  ( 0.8660254037844408170, 1.110223024625148282E-16, 0.4999999999999961697 ) ) ;
#265 = ADVANCED_FACE ( 'NONE', ( #2835 ), #2862, .F. ) ;
#266 = VERTEX_POINT ( 'NONE', #5417 ) ;
#267 = DIRECTION ( 'NONE',  ( 0.8660254037844385966, -0.000000000000000000, -0.5000000000000000000 ) ) ;
#268 = LINE ( 'NONE', #377, #1081 ) ;
#269 = CARTESIAN_POINT ( 'NONE',  ( -3.600000000000001421, 0.04999999999999928807, -3.200000000547041701 ) ) ;
#270 = DIRECTION ( 'NONE',  ( -1.000000000000000000, 0.000000000000000000, -0.000000000000000000 ) ) ;
#271 = AXIS2_PLACEMENT_3D ( 'NONE', #158, #2246, #1909 ) ;
#272 = CARTESIAN_POINT ( 'NONE',  ( 2.049999999999998490, 0.6999999999999995115, 2.000000000000000444 ) ) ;
#273 = STYLED_ITEM ( 'NONE', ( #14 ), #886 ) ;
#274 = CARTESIAN_POINT ( 'NONE',  ( -5.250000000000000888, 0.1556624327025935839, 3.750000000000000000 ) ) ;
#275 = ORIENTED_EDGE ( 'NONE', *, *, #2584, .F. ) ;
#276 = ORIENTED_EDGE ( 'NONE', *, *, #4980, .T. ) ;
#277 = ORIENTED_EDGE ( 'NONE', *, *, #3153, .T. ) ;
#278 = LINE ( 'NONE', #4681, #5457 ) ;
#279 = FACE_OUTER_BOUND ( 'NONE', #4852, .T. ) ;
#280 = CARTESIAN_POINT ( 'NONE',  ( 4.884999999999998899, 6.640738306473714658E-16, -3.499999999999919176 ) ) ;
#281 = LINE ( 'NONE', #2005, #5002 ) ;
#282 = DIRECTION ( 'NONE',  ( 0.000000000000000000, 0.000000000000000000, 1.000000000000000000 ) ) ;
#283 = ORIENTED_EDGE ( 'NONE', *, *, #3448, .F. ) ;
#284 = DIRECTION ( 'NONE',  ( -0.7071067811865482389, 0.7071067811865469066, 0.000000000000000000 ) ) ;
#285 = ORIENTED_EDGE ( 'NONE', *, *, #3813, .T. ) ;
#286 = VECTOR ( 'NONE', #1506, 1000.000000000000000 ) ;
#287 = EDGE_CURVE ( 'NONE', #3236, #355, #4235, .T. ) ;
#288 = EDGE_CURVE ( 'NONE', #2247, #714, #2019, .T. ) ;
#289 = AXIS2_PLACEMENT_3D ( 'NONE', #1359, #3077, #665 ) ;
#290 = LINE ( 'NONE', #2830, #5499 ) ;
#291 = ORIENTED_EDGE ( 'NONE', *, *, #2991, .F. ) ;
#292 = AXIS2_PLACEMENT_3D ( 'NONE', #5516, #270, #1204 ) ;
#293 = DIRECTION ( 'NONE',  ( 0.000000000000000000, 0.000000000000000000, -1.000000000000000000 ) ) ;
#294 = VECTOR ( 'NONE', #1226, 1000.000000000000000 ) ;
#295 = AXIS2_PLACEMENT_3D ( 'NONE', #1453, #3169, #671 ) ;
#296 = DIRECTION ( 'NONE',  ( -1.000000000000000000, 0.000000000000000000, 0.000000000000000000 ) ) ;
#297 = DIRECTION ( 'NONE',  ( 0.000000000000000000, -2.891205793294705936E-16, -1.000000000000000000 ) ) ;
#298 = CARTESIAN_POINT ( 'NONE',  ( -5.250000000000000888, -0.05000000000000012768, 3.750000000000000000 ) ) ;
#299 = PLANE ( 'NONE',  #1730 ) ;
#300 = LINE ( 'NONE', #2892, #443 ) ;
#301 = EDGE_LOOP ( 'NONE', ( #399, #3985, #5332, #1658 ) ) ;
#302 = ORIENTED_EDGE ( 'NONE', *, *, #3334, .T. ) ;
#303 = VERTEX_POINT ( 'NONE', #1224 ) ;
#304 = PLANE ( 'NONE',  #614 ) ;
#305 = CARTESIAN_POINT ( 'NONE',  ( 2.049999999999998490, 1.199999999999998845, -1.999999999999999556 ) ) ;
#306 = CARTESIAN_POINT ( 'NONE',  ( -5.250000000000001776, 1.199999999999999956, -3.399999999999998579 ) ) ;
#307 = CARTESIAN_POINT ( 'NONE',  ( -5.210000000000001741, 0.7400000000000001021, -3.200000000547038148 ) ) ;
#308 = DIRECTION ( 'NONE',  ( -0.000000000000000000, -0.000000000000000000, 1.000000000000000000 ) ) ;
#309 = CARTESIAN_POINT ( 'NONE',  ( -5.210000000000001741, 0.9000000000000001332, -3.399999999999998579 ) ) ;
#310 = EDGE_CURVE ( 'NONE', #4933, #2881, #268, .T. ) ;
#311 = VERTEX_POINT ( 'NONE', #2918 ) ;
#312 = EDGE_CURVE ( 'NONE', #5406, #1078, #2888, .T. ) ;
#313 = DIRECTION ( 'NONE',  ( -0.000000000000000000, 1.000000000000000000, -3.471448555964357114E-16 ) ) ;
#314 = ORIENTED_EDGE ( 'NONE', *, *, #5398, .F. ) ;
#315 = EDGE_CURVE ( 'NONE', #327, #4477, #2602, .T. ) ;
#316 = EDGE_LOOP ( 'NONE', ( #1273, #4835, #817, #1952 ) ) ;
#317 = CARTESIAN_POINT ( 'NONE',  ( -3.750000000140618184, 0.3499999999999999223, -3.750000000000000444 ) ) ;
#318 = VERTEX_POINT ( 'NONE', #750 ) ;
#319 = EDGE_CURVE ( 'NONE', #5037, #1676, #3777, .T. ) ;
#320 = CARTESIAN_POINT ( 'NONE',  ( -3.750000000140619072, 0.05000000000000071054, 3.200000000547038148 ) ) ;
#321 = LINE ( 'NONE', #2502, #1929 ) ;
#322 = DIRECTION ( 'NONE',  ( -1.000000000000000000, 0.000000000000000000, 0.000000000000000000 ) ) ;
#323 = FACE_OUTER_BOUND ( 'NONE', #623, .T. ) ;
#324 = CARTESIAN_POINT ( 'NONE',  ( -1.150000000000001688, 0.000000000000000000, -1.566987298107780369 ) ) ;
#325 = VECTOR ( 'NONE', #2112, 1000.000000000000000 ) ;
#326 = DIRECTION ( 'NONE',  ( 0.000000000000000000, -0.000000000000000000, -1.000000000000000000 ) ) ;
#327 = VERTEX_POINT ( 'NONE', #4180 ) ;
#328 = ORIENTED_EDGE ( 'NONE', *, *, #1698, .F. ) ;
#329 = COLOUR_RGB ( '',0.7921568627450980005, 0.8196078431372548767, 0.9333333333333333481 ) ;
#330 = VERTEX_POINT ( 'NONE', #1566 ) ;
#331 = EDGE_CURVE ( 'NONE', #3484, #5156, #3308, .T. ) ;
#332 = LINE ( 'NONE', #2058, #3031 ) ;
#333 = DIRECTION ( 'NONE',  ( -1.626303259014140435E-15, 2.220446049250313574E-16, 1.000000000000000000 ) ) ;
#334 = AXIS2_PLACEMENT_3D ( 'NONE', #3295, #2740, #4448 ) ;
#335 = LINE ( 'NONE', #1575, #3964 ) ;
#336 = DIRECTION ( 'NONE',  ( -1.000000000000000000, 1.074262801865645751E-16, 0.000000000000000000 ) ) ;
#337 = AXIS2_PLACEMENT_3D ( 'NONE', #4548, #4912, #706 ) ;
#338 = CARTESIAN_POINT ( 'NONE',  ( -5.210000000000001741, 0.9000000000000001332, -3.200000000547038148 ) ) ;
#339 = VECTOR ( 'NONE', #881, 1000.000000000000000 ) ;
#340 = CARTESIAN_POINT ( 'NONE',  ( 3.450000000281260082, 1.774999999999999689, -3.499999999999919176 ) ) ;
#341 = VECTOR ( 'NONE', #5211, 1000.000000000000114 ) ;
#342 = LINE ( 'NONE', #2064, #2407 ) ;
#343 = ORIENTED_EDGE ( 'NONE', *, *, #1050, .F. ) ;
#344 = VERTEX_POINT ( 'NONE', #4653 ) ;
#345 = EDGE_CURVE ( 'NONE', #4919, #1078, #5440, .T. ) ;
#346 = SURFACE_STYLE_USAGE ( .BOTH. , #4697 ) ;
#347 = EDGE_CURVE ( 'NONE', #1397, #1694, #1615, .T. ) ;
#348 = EDGE_LOOP ( 'NONE', ( #944, #2770, #433, #5460, #3051, #1636 ) ) ;
#349 = LINE ( 'NONE', #400, #5455 ) ;
#350 = DIRECTION ( 'NONE',  ( 1.000000000000000000, -0.000000000000000000, -0.000000000000000000 ) ) ;
#351 = CARTESIAN_POINT ( 'NONE',  ( -1.150000000000001688, 1.199999999999998845, 1.499999999999999334 ) ) ;
#352 = CYLINDRICAL_SURFACE ( 'NONE', #3429, 0.02000000000000005246 ) ;
#353 = CARTESIAN_POINT ( 'NONE',  ( 4.734999999999999432, 1.774999999999999689, 2.999999999999613198 ) ) ;
#354 = DIRECTION ( 'NONE',  ( 0.9659258262890700886, 0.2588190451025143557, -0.000000000000000000 ) ) ;
#355 = VERTEX_POINT ( 'NONE', #4569 ) ;
#356 = VERTEX_POINT ( 'NONE', #3336 ) ;
#357 = SURFACE_STYLE_FILL_AREA ( #2925 ) ;
#358 = DIRECTION ( 'NONE',  ( -0.000000000000000000, -0.000000000000000000, -1.000000000000000000 ) ) ;
#359 = VECTOR ( 'NONE', #1620, 1000.000000000000000 ) ;
#360 = CARTESIAN_POINT ( 'NONE',  ( 4.884999999999998899, 0.6249999999999998890, -3.499999999999919176 ) ) ;
#361 = CARTESIAN_POINT ( 'NONE',  ( -4.759252271188818106, 0.3499999999999999223, -3.400000000000000355 ) ) ;
#362 = CARTESIAN_POINT ( 'NONE',  ( -2.050000000000001155, 2.099999999999999645, 2.849999999999999201 ) ) ;
#363 = EDGE_LOOP ( 'NONE', ( #756, #5432, #2085, #1128 ) ) ;
#364 = VECTOR ( 'NONE', #5504, 1000.000000000000000 ) ;
#365 = ORIENTED_EDGE ( 'NONE', *, *, #3416, .T. ) ;
#366 =( NAMED_UNIT ( * ) PLANE_ANGLE_UNIT ( ) SI_UNIT ( $, .RADIAN. ) );
#367 = LINE ( 'NONE', #1296, #325 ) ;
#368 = FACE_OUTER_BOUND ( 'NONE', #316, .T. ) ;
#369 = VERTEX_POINT ( 'NONE', #1537 ) ;
#370 = ORIENTED_EDGE ( 'NONE', *, *, #4305, .F. ) ;
#371 = PLANE ( 'NONE',  #4422 ) ;
#372 = ADVANCED_FACE ( 'NONE', ( #1593 ), #774, .F. ) ;
#373 = EDGE_CURVE ( 'NONE', #5182, #2232, #321, .T. ) ;
#374 = ORIENTED_EDGE ( 'NONE', *, *, #4980, .F. ) ;
#375 = VECTOR ( 'NONE', #3396, 1000.000000000000000 ) ;
#376 = DIRECTION ( 'NONE',  ( -0.000000000000000000, -0.000000000000000000, 1.000000000000000000 ) ) ;
#377 = CARTESIAN_POINT ( 'NONE',  ( -5.190000000000003055, 0.4200000000000002620, 3.399999999999998579 ) ) ;
#378 = DIRECTION ( 'NONE',  ( 0.000000000000000000, 1.000000000000000000, -2.220446049250313574E-16 ) ) ;
#379 = DIRECTION ( 'NONE',  ( 0.000000000000000000, 0.000000000000000000, -1.000000000000000000 ) ) ;
#380 = AXIS2_PLACEMENT_3D ( 'NONE', #2966, #2445, #4151 ) ;
#381 = ORIENTED_EDGE ( 'NONE', *, *, #3468, .T. ) ;
#382 = ORIENTED_EDGE ( 'NONE', *, *, #4975, .F. ) ;
#383 = VECTOR ( 'NONE', #1810, 1000.000000000000000 ) ;
#384 = ORIENTED_EDGE ( 'NONE', *, *, #2803, .F. ) ;
#385 = CARTESIAN_POINT ( 'NONE',  ( 1.949999999999998623, 0.2999999999999990452, -2.850000000000000089 ) ) ;
#386 = SURFACE_STYLE_FILL_AREA ( #1233 ) ;
#387 = VECTOR ( 'NONE', #4536, 1000.000000000000000 ) ;
#388 = DIRECTION ( 'NONE',  ( -1.000000000000000000, -0.000000000000000000, -0.000000000000000000 ) ) ;
#389 = EDGE_CURVE ( 'NONE', #2714, #3876, #4207, .T. ) ;
#390 = CARTESIAN_POINT ( 'NONE',  ( -4.759252271188818106, 0.3499999999999999223, 3.399999999999998579 ) ) ;
#391 = ORIENTED_EDGE ( 'NONE', *, *, #3435, .F. ) ;
#392 = ORIENTED_EDGE ( 'NONE', *, *, #4609, .T. ) ;
#393 = EDGE_CURVE ( 'NONE', #4825, #573, #3074, .T. ) ;
#394 = PRESENTATION_STYLE_ASSIGNMENT (( #818 ) ) ;
#395 = DIRECTION ( 'NONE',  ( 0.000000000000000000, -1.000000000000000000, 0.000000000000000000 ) ) ;
#396 = PLANE ( 'NONE',  #2683 ) ;
#397 = VECTOR ( 'NONE', #2690, 1000.000000000000000 ) ;
#398 = CARTESIAN_POINT ( 'NONE',  ( 1.949999999999998623, 2.899999999999999911, -0.8000000000000024869 ) ) ;
#399 = ORIENTED_EDGE ( 'NONE', *, *, #2208, .T. ) ;
#400 = CARTESIAN_POINT ( 'NONE',  ( -2.050000000000001155, 2.899999999999999911, 3.399999999999999023 ) ) ;
#401 = LINE ( 'NONE', #3914, #1384 ) ;
#402 = CARTESIAN_POINT ( 'NONE',  ( 1.949999999999998623, 2.900000000000000799, -2.850000000000000533 ) ) ;
#403 = DIRECTION ( 'NONE',  ( 0.000000000000000000, 1.000000000000000000, 0.000000000000000000 ) ) ;
#404 = EDGE_LOOP ( 'NONE', ( #228, #4705, #2853, #3095 ) ) ;
#405 = EDGE_CURVE ( 'NONE', #1259, #1764, #5097, .T. ) ;
#406 = ORIENTED_EDGE ( 'NONE', *, *, #3061, .T. ) ;
#407 = VERTEX_POINT ( 'NONE', #3437 ) ;
#408 = LINE ( 'NONE', #1732, #5369 ) ;
#409 = CARTESIAN_POINT ( 'NONE',  ( -5.230000000000002203, 0.7200000000000000844, 3.399999999999998579 ) ) ;
#410 = CARTESIAN_POINT ( 'NONE',  ( 3.550000000281260171, 0.5749999999999998446, 3.499999999999919176 ) ) ;
#411 = CARTESIAN_POINT ( 'NONE',  ( 1.949999999999998623, 2.099999999999999645, -2.850000000000000089 ) ) ;
#412 = ADVANCED_FACE ( 'NONE', ( #4675 ), #3384, .T. ) ;
#413 = ADVANCED_FACE ( 'NONE', ( #5150 ), #5122, .F. ) ;
#414 = ORIENTED_EDGE ( 'NONE', *, *, #4977, .F. ) ;
#415 = ORIENTED_EDGE ( 'NONE', *, *, #2424, .F. ) ;
#416 = MECHANICAL_DESIGN_GEOMETRIC_PRESENTATION_REPRESENTATION (  '', ( #231 ), #5529 ) ;
#417 = AXIS2_PLACEMENT_3D ( 'NONE', #4737, #889, #5552 ) ;
#418 = VECTOR ( 'NONE', #1938, 1000.000000000000000 ) ;
#419 =( NAMED_UNIT ( * ) PLANE_ANGLE_UNIT ( ) SI_UNIT ( $, .RADIAN. ) );
#420 = FACE_OUTER_BOUND ( 'NONE', #2801, .T. ) ;
#421 = VECTOR ( 'NONE', #904, 1000.000000000000000 ) ;
#422 = VECTOR ( 'NONE', #4395, 1000.000000000000000 ) ;
#423 = CARTESIAN_POINT ( 'NONE',  ( -5.190000000000002167, 0.8799999999999997824, 3.200000000547038148 ) ) ;
#424 = DIRECTION ( 'NONE',  ( -0.000000000000000000, -1.000000000000000000, -4.034240641806528883E-16 ) ) ;
#425 = AXIS2_PLACEMENT_3D ( 'NONE', #1714, #1298, #795 ) ;
#426 = EDGE_CURVE ( 'NONE', #602, #2054, #60, .T. ) ;
#427 = ORIENTED_EDGE ( 'NONE', *, *, #1696, .F. ) ;
#428 = LINE ( 'NONE', #773, #5368 ) ;
#429 = CARTESIAN_POINT ( 'NONE',  ( -5.150000000000002132, 0.1000000000000007133, -3.200000000547038148 ) ) ;
#430 = FACE_OUTER_BOUND ( 'NONE', #3851, .T. ) ;
#431 = CARTESIAN_POINT ( 'NONE',  ( -5.210000000000001741, 0.5600000000000000533, -3.200000000547038148 ) ) ;
#432 = EDGE_LOOP ( 'NONE', ( #3597, #5025, #3070, #4246 ) ) ;
#433 = ORIENTED_EDGE ( 'NONE', *, *, #2970, .F. ) ;
#434 = DIRECTION ( 'NONE',  ( -0.000000000000000000, -0.000000000000000000, -1.000000000000000000 ) ) ;
#435 = PLANE ( 'NONE',  #5329 ) ;
#436 = CARTESIAN_POINT ( 'NONE',  ( -5.210000000000002629, 0.4000000000000000777, 3.200000000547038148 ) ) ;
#437 = LINE ( 'NONE', #1735, #3855 ) ;
#438 = EDGE_LOOP ( 'NONE', ( #1542, #1856, #3690, #4562 ) ) ;
#439 = ORIENTED_EDGE ( 'NONE', *, *, #1089, .F. ) ;
#440 = FACE_OUTER_BOUND ( 'NONE', #5203, .T. ) ;
#441 = CARTESIAN_POINT ( 'NONE',  ( -2.050000000000001155, 2.899999999999999023, -3.400000000000001688 ) ) ;
#442 = ORIENTED_EDGE ( 'NONE', *, *, #3316, .F. ) ;
#443 = VECTOR ( 'NONE', #2023, 999.9999999999998863 ) ;
#444 = VECTOR ( 'NONE', #792, 1000.000000000000000 ) ;
#445 = EDGE_CURVE ( 'NONE', #5142, #5301, #4287, .T. ) ;
#446 = ORIENTED_EDGE ( 'NONE', *, *, #3962, .F. ) ;
#447 = DIRECTION ( 'NONE',  ( 0.000000000000000000, -1.000000000000000000, 0.000000000000000000 ) ) ;
#448 = EDGE_LOOP ( 'NONE', ( #4531, #3711, #1027, #187 ) ) ;
#449 = LINE ( 'NONE', #1176, #4809 ) ;
#450 = EDGE_CURVE ( 'NONE', #1490, #3450, #401, .T. ) ;
#451 = DIRECTION ( 'NONE',  ( -1.000000000000000000, -0.000000000000000000, -0.000000000000000000 ) ) ;
#452 = EDGE_CURVE ( 'NONE', #5316, #330, #828, .T. ) ;
#453 = EDGE_CURVE ( 'NONE', #5128, #1741, #517, .T. ) ;
#454 = ORIENTED_EDGE ( 'NONE', *, *, #2333, .T. ) ;
#455 = DIRECTION ( 'NONE',  ( -0.000000000000000000, -0.000000000000000000, 1.000000000000000000 ) ) ;
#456 = ADVANCED_FACE ( 'NONE', ( #2204 ), #4314, .F. ) ;
#457 = DIRECTION ( 'NONE',  ( -0.9351131265310302920, -0.2505628070857297551, -0.2505628070857297551 ) ) ;
#458 = EDGE_CURVE ( 'NONE', #205, #248, #1333, .T. ) ;
#459 = PLANE ( 'NONE',  #746 ) ;
#460 = DIRECTION ( 'NONE',  ( 1.000000000000000000, -1.074262801865645628E-16, 0.000000000000000000 ) ) ;
#461 = ORIENTED_EDGE ( 'NONE', *, *, #5477, .T. ) ;
#462 = DIRECTION ( 'NONE',  ( 0.000000000000000000, 0.000000000000000000, 1.000000000000000000 ) ) ;
#463 = DIRECTION ( 'NONE',  ( -0.000000000000000000, -0.000000000000000000, 1.000000000000000000 ) ) ;
#464 = CARTESIAN_POINT ( 'NONE',  ( -3.999999999999999112, 2.099999999999998757, -3.400000000000001243 ) ) ;
#465 = AXIS2_PLACEMENT_3D ( 'NONE', #4244, #1734, #3787 ) ;
#466 = CARTESIAN_POINT ( 'NONE',  ( 5.249999999999999112, 0.6999999999999998446, 3.000000000000007550 ) ) ;
#467 = LINE ( 'NONE', #3003, #3950 ) ;
#468 = AXIS2_PLACEMENT_3D ( 'NONE', #2655, #3579, #4310 ) ;
#469 = ORIENTED_EDGE ( 'NONE', *, *, #3915, .T. ) ;
#470 = VERTEX_POINT ( 'NONE', #2662 ) ;
#471 = CARTESIAN_POINT ( 'NONE',  ( 5.249999999999999112, 3.199999999999999734, -3.750000000000000888 ) ) ;
#472 = VECTOR ( 'NONE', #2529, 1000.000000000000000 ) ;
#473 = CARTESIAN_POINT ( 'NONE',  ( 4.884999999999999787, 0.06500000000000064060, 2.999999999999613198 ) ) ;
#474 = VECTOR ( 'NONE', #3083, 1000.000000000000000 ) ;
#475 = ORIENTED_EDGE ( 'NONE', *, *, #4038, .F. ) ;
#476 = EDGE_LOOP ( 'NONE', ( #1770, #2108, #4356, #3066 ) ) ;
#477 = EDGE_CURVE ( 'NONE', #5037, #3212, #5572, .T. ) ;
#478 = DIRECTION ( 'NONE',  ( 0.000000000000000000, 1.000000000000000000, -2.220446049250314067E-16 ) ) ;
#479 = EDGE_LOOP ( 'NONE', ( #120, #2594, #5095, #3984 ) ) ;
#480 = DIRECTION ( 'NONE',  ( 0.000000000000000000, 0.000000000000000000, 1.000000000000000000 ) ) ;
#481 = EDGE_CURVE ( 'NONE', #5156, #2298, #938, .T. ) ;
#482 = FACE_OUTER_BOUND ( 'NONE', #2498, .T. ) ;
#483 = VERTEX_POINT ( 'NONE', #3464 ) ;
#484 = ORIENTED_EDGE ( 'NONE', *, *, #3068, .T. ) ;
#485 = EDGE_CURVE ( 'NONE', #969, #5092, #4756, .T. ) ;
#486 = VECTOR ( 'NONE', #941, 1000.000000000000000 ) ;
#487 = DIRECTION ( 'NONE',  ( 6.195440985631461234E-15, 1.000000000000000000, 0.000000000000000000 ) ) ;
#488 = LINE ( 'NONE', #5206, #4084 ) ;
#489 = DIRECTION ( 'NONE',  ( -1.000000000000000000, 0.000000000000000000, 0.000000000000000000 ) ) ;
#490 = DIRECTION ( 'NONE',  ( 0.2588190451025187411, 0.000000000000000000, -0.9659258262890688673 ) ) ;
#491 = ORIENTED_EDGE ( 'NONE', *, *, #426, .T. ) ;
#492 = EDGE_CURVE ( 'NONE', #2353, #627, #488, .T. ) ;
#493 = LINE ( 'NONE', #2184, #4984 ) ;
#494 = DIRECTION ( 'NONE',  ( 1.000000000000000000, 0.000000000000000000, -0.000000000000000000 ) ) ;
#495 = CARTESIAN_POINT ( 'NONE',  ( -0.8531390860147377575, 1.187443655941063936, 2.012556344058934688 ) ) ;
#496 = CARTESIAN_POINT ( 'NONE',  ( -3.750000000140619072, 1.200000000000001288, 3.399999999999998579 ) ) ;
#497 = LINE ( 'NONE', #411, #1791 ) ;
#498 = VECTOR ( 'NONE', #1843, 1000.000000000000000 ) ;
#499 = VERTEX_POINT ( 'NONE', #3803 ) ;
#500 = EDGE_LOOP ( 'NONE', ( #5393, #2166, #3089, #4056 ) ) ;
#501 = DIRECTION ( 'NONE',  ( -0.000000000000000000, -0.000000000000000000, -1.000000000000000000 ) ) ;
#502 = CARTESIAN_POINT ( 'NONE',  ( -5.230000000000002203, 0.7200000000000000844, -3.200000000547038148 ) ) ;
#503 = ORIENTED_EDGE ( 'NONE', *, *, #1750, .F. ) ;
#504 = ORIENTED_EDGE ( 'NONE', *, *, #4883, .T. ) ;
#505 = ORIENTED_EDGE ( 'NONE', *, *, #1177, .T. ) ;
#506 = AXIS2_PLACEMENT_3D ( 'NONE', #51, #1774, #480 ) ;
#507 = CARTESIAN_POINT ( 'NONE',  ( 4.799999999999999822, 1.709999999999999742, 3.499999999999919176 ) ) ;
#508 = ORIENTED_EDGE ( 'NONE', *, *, #762, .T. ) ;
#509 = VECTOR ( 'NONE', #5003, 1000.000000000000000 ) ;
#510 = LINE ( 'NONE', #4361, #2254 ) ;
#511 = VERTEX_POINT ( 'NONE', #2118 ) ;
#512 = VECTOR ( 'NONE', #293, 1000.000000000000000 ) ;
#513 = ORIENTED_EDGE ( 'NONE', *, *, #5561, .F. ) ;
#514 = VECTOR ( 'NONE', #219, 1000.000000000000000 ) ;
#515 = PLANE ( 'NONE',  #5004 ) ;
#516 = VERTEX_POINT ( 'NONE', #5546 ) ;
#517 = LINE ( 'NONE', #854, #4526 ) ;
#518 = EDGE_CURVE ( 'NONE', #3219, #3236, #5515, .T. ) ;
#519 = DIRECTION ( 'NONE',  ( 1.000000000000000000, -1.074262801865645875E-16, 0.000000000000000000 ) ) ;
#520 = VECTOR ( 'NONE', #2854, 1000.000000000000000 ) ;
#521 = LINE ( 'NONE', #3494, #5229 ) ;
#522 = VERTEX_POINT ( 'NONE', #3411 ) ;
#523 = DIRECTION ( 'NONE',  ( 0.000000000000000000, 0.000000000000000000, -1.000000000000000000 ) ) ;
#524 = PLANE ( 'NONE',  #790 ) ;
#525 = CARTESIAN_POINT ( 'NONE',  ( -5.250000000000001776, 0.9000000000000001332, 3.399999999999998579 ) ) ;
#526 = DIRECTION ( 'NONE',  ( -0.000000000000000000, -1.000000000000000000, 0.000000000000000000 ) ) ;
#527 = CARTESIAN_POINT ( 'NONE',  ( 4.799999999999999822, 1.709999999999999742, -2.999999999999613198 ) ) ;
#528 = VERTEX_POINT ( 'NONE', #2992 ) ;
#529 = EDGE_LOOP ( 'NONE', ( #5463, #1170, #3191, #1502 ) ) ;
#530 = CARTESIAN_POINT ( 'NONE',  ( -1.150000000000001688, 1.633012701892218255, 0.000000000000000000 ) ) ;
#531 = LINE ( 'NONE', #502, #3600 ) ;
#532 = CARTESIAN_POINT ( 'NONE',  ( 2.049999999999998490, 0.6999999999999990674, -1.999999999999999556 ) ) ;
#533 = ORIENTED_EDGE ( 'NONE', *, *, #3575, .F. ) ;
#534 = ORIENTED_EDGE ( 'NONE', *, *, #1089, .T. ) ;
#535 = PLANE ( 'NONE',  #52 ) ;
#536 = VECTOR ( 'NONE', #3760, 1000.000000000000000 ) ;
#537 = ORIENTED_EDGE ( 'NONE', *, *, #793, .T. ) ;
#538 = CARTESIAN_POINT ( 'NONE',  ( -0.8531390860147377575, 1.187443655941063936, -2.012556344058934688 ) ) ;
#539 = VERTEX_POINT ( 'NONE', #4700 ) ;
#540 = ORIENTED_EDGE ( 'NONE', *, *, #3157, .F. ) ;
#541 = VECTOR ( 'NONE', #3293, 1000.000000000000000 ) ;
#542 = DIRECTION ( 'NONE',  ( 1.000000000000000000, 0.000000000000000000, 0.000000000000000000 ) ) ;
#543 = VERTEX_POINT ( 'NONE', #3859 ) ;
#544 = DIRECTION ( 'NONE',  ( -0.000000000000000000, -0.000000000000000000, -1.000000000000000000 ) ) ;
#545 = PLANE ( 'NONE',  #102 ) ;
#546 = ADVANCED_FACE ( 'NONE', ( #3972 ), #3521, .F. ) ;
#547 = EDGE_CURVE ( 'NONE', #369, #5260, #4139, .T. ) ;
#548 = DIRECTION ( 'NONE',  ( -0.000000000000000000, 0.000000000000000000, -1.000000000000000000 ) ) ;
#549 = VERTEX_POINT ( 'NONE', #1419 ) ;
#550 = DIRECTION ( 'NONE',  ( -0.000000000000000000, -0.000000000000000000, -1.000000000000000000 ) ) ;
#551 = DIRECTION ( 'NONE',  ( -0.000000000000000000, -0.000000000000000000, -1.000000000000000000 ) ) ;
#552 = DIRECTION ( 'NONE',  ( -0.000000000000000000, -0.000000000000000000, 1.000000000000000000 ) ) ;
#553 = FACE_OUTER_BOUND ( 'NONE', #4765, .T. ) ;
#554 = DIRECTION ( 'NONE',  ( 0.000000000000000000, 0.000000000000000000, -1.000000000000000000 ) ) ;
#555 = ORIENTED_EDGE ( 'NONE', *, *, #3208, .T. ) ;
#556 = VERTEX_POINT ( 'NONE', #4113 ) ;
#557 = ORIENTED_EDGE ( 'NONE', *, *, #5145, .F. ) ;
#558 = ADVANCED_FACE ( 'NONE', ( #4557 ), #4525, .F. ) ;
#559 = VECTOR ( 'NONE', #229, 1000.000000000000000 ) ;
#560 = DIRECTION ( 'NONE',  ( -0.8660254037844384856, -0.000000000000000000, -0.5000000000000002220 ) ) ;
#561 = SURFACE_STYLE_FILL_AREA ( #926 ) ;
#562 = EDGE_CURVE ( 'NONE', #556, #716, #1387, .T. ) ;
#563 = AXIS2_PLACEMENT_3D ( 'NONE', #3218, #1901, #1478 ) ;
#564 = CARTESIAN_POINT ( 'NONE',  ( -3.750000000140619072, 0.05000000000000083544, 3.749999999999995115 ) ) ;
#565 = ORIENTED_EDGE ( 'NONE', *, *, #2233, .F. ) ;
#566 = EDGE_LOOP ( 'NONE', ( #1207, #533, #1476, #2521 ) ) ;
#567 = VECTOR ( 'NONE', #4676, 1000.000000000000000 ) ;
#568 = EDGE_CURVE ( 'NONE', #3693, #928, #2400, .T. ) ;
#569 = VECTOR ( 'NONE', #2076, 1000.000000000000000 ) ;
#570 = VECTOR ( 'NONE', #3255, 1000.000000000000000 ) ;
#571 = FACE_OUTER_BOUND ( 'NONE', #3327, .T. ) ;
#572 = FACE_OUTER_BOUND ( 'NONE', #1807, .T. ) ;
#573 = VERTEX_POINT ( 'NONE', #3272 ) ;
#574 = VERTEX_POINT ( 'NONE', #2715 ) ;
#575 = ORIENTED_EDGE ( 'NONE', *, *, #1051, .T. ) ;
#576 = CARTESIAN_POINT ( 'NONE',  ( 2.049999999999998490, 1.199999999999998845, 1.499999999999999334 ) ) ;
#577 = ORIENTED_EDGE ( 'NONE', *, *, #5193, .T. ) ;
#578 = CARTESIAN_POINT ( 'NONE',  ( 4.865000000000000213, 0.6249999999999998890, -2.999999999999613198 ) ) ;
#579 = CARTESIAN_POINT ( 'NONE',  ( 1.949999999999998623, 0.6999999999999990674, -1.999999999999999556 ) ) ;
#580 = DIRECTION ( 'NONE',  ( 0.000000000000000000, -1.000000000000000000, 0.000000000000000000 ) ) ;
#581 = ORIENTED_EDGE ( 'NONE', *, *, #1696, .T. ) ;
#582 = EDGE_CURVE ( 'NONE', #2031, #5049, #4810, .T. ) ;
#583 = DIRECTION ( 'NONE',  ( -0.000000000000000000, 2.168404344971005910E-16, 1.000000000000000000 ) ) ;
#584 = FACE_OUTER_BOUND ( 'NONE', #500, .T. ) ;
#585 = LINE ( 'NONE', #5362, #570 ) ;
#586 = ADVANCED_FACE ( 'NONE', ( #5238 ), #91, .F. ) ;
#587 = CARTESIAN_POINT ( 'NONE',  ( -5.190000000000002167, 0.5600000000000000533, 3.200000000547038148 ) ) ;
#588 = DIRECTION ( 'NONE',  ( -1.020425574104013071E-15, 2.220446049250314560E-16, 1.000000000000000000 ) ) ;
#589 = VERTEX_POINT ( 'NONE', #5404 ) ;
#590 = EDGE_CURVE ( 'NONE', #4933, #798, #4457, .T. ) ;
#591 = ORIENTED_EDGE ( 'NONE', *, *, #4804, .F. ) ;
#592 = CARTESIAN_POINT ( 'NONE',  ( 3.450000000281258750, 0.05000000000000083544, 3.750000000000000444 ) ) ;
#593 = LINE ( 'NONE', #1466, #4995 ) ;
#594 = EDGE_CURVE ( 'NONE', #1041, #1490, #5296, .T. ) ;
#595 = LINE ( 'NONE', #1496, #3599 ) ;
#596 = EDGE_CURVE ( 'NONE', #574, #2322, #1808, .T. ) ;
#597 = EDGE_LOOP ( 'NONE', ( #1623, #17, #4588, #4694, #5235, #3430, #3451, #365, #5484, #3997, #637, #4114, #328, #2086 ) ) ;
#598 = ORIENTED_EDGE ( 'NONE', *, *, #485, .T. ) ;
#599 = CLOSED_SHELL ( 'NONE', ( #5055, #5449, #1486, #4204, #4333, #147, #639, #4704, #234, #5558, #3991, #3836, #5085, #2288, #3902, #1241, #4213, #2823, #5378, #2375 ) ) ;
#600 = FACE_OUTER_BOUND ( 'NONE', #4355, .T. ) ;
#601 = VECTOR ( 'NONE', #282, 1000.000000000000000 ) ;
#602 = VERTEX_POINT ( 'NONE', #5005 ) ;
#603 = DIRECTION ( 'NONE',  ( 8.081762687210849998E-17, 2.220446049250315053E-16, 1.000000000000000000 ) ) ;
#604 = ORIENTED_EDGE ( 'NONE', *, *, #59, .F. ) ;
#605 = AXIS2_PLACEMENT_3D ( 'NONE', #3042, #3908, #4750 ) ;
#606 = CARTESIAN_POINT ( 'NONE',  ( -2.050000000000001155, 2.899999999999999023, -2.850000000000001421 ) ) ;
#607 = DIRECTION ( 'NONE',  ( 1.000000000000000000, 0.000000000000000000, 0.000000000000000000 ) ) ;
#608 = ORIENTED_EDGE ( 'NONE', *, *, #2986, .F. ) ;
#609 = VECTOR ( 'NONE', #1134, 1000.000000000000000 ) ;
#610 = AXIS2_PLACEMENT_3D ( 'NONE', #2293, #2688, #4002 ) ;
#611 = FACE_OUTER_BOUND ( 'NONE', #2439, .T. ) ;
#612 = PLANE ( 'NONE',  #3020 ) ;
#613 = FACE_OUTER_BOUND ( 'NONE', #1821, .T. ) ;
#614 = AXIS2_PLACEMENT_3D ( 'NONE', #5474, #4188, #1159 ) ;
#615 = DIRECTION ( 'NONE',  ( 0.5000000000000001110, -1.922962686383564309E-16, -0.8660254037844385966 ) ) ;
#616 = CARTESIAN_POINT ( 'NONE',  ( 2.049999999999998490, 0.000000000000000000, 0.000000000000000000 ) ) ;
#617 = ORIENTED_EDGE ( 'NONE', *, *, #1628, .T. ) ;
#618 = CARTESIAN_POINT ( 'NONE',  ( -5.210000000000001741, 0.7200000000000000844, -3.200000000547038148 ) ) ;
#619 = VERTEX_POINT ( 'NONE', #4839 ) ;
#620 = LINE ( 'NONE', #5343, #4196 ) ;
#621 = FILL_AREA_STYLE ('',( #3180 ) ) ;
#622 = LINE ( 'NONE', #2282, #3240 ) ;
#623 = EDGE_LOOP ( 'NONE', ( #2971, #2871, #3533, #150 ) ) ;
#624 = ORIENTED_EDGE ( 'NONE', *, *, #2934, .F. ) ;
#625 = CARTESIAN_POINT ( 'NONE',  ( -3.750000000140619072, 0.1000000000000008521, 3.399999999999998579 ) ) ;
#626 = EDGE_CURVE ( 'NONE', #1822, #2292, #117, .T. ) ;
#627 = VERTEX_POINT ( 'NONE', #578 ) ;
#628 = FACE_OUTER_BOUND ( 'NONE', #1591, .T. ) ;
#629 = ORIENTED_EDGE ( 'NONE', *, *, #4781, .F. ) ;
#630 = VECTOR ( 'NONE', #5216, 1000.000000000000000 ) ;
#631 = EDGE_CURVE ( 'NONE', #355, #2248, #5267, .T. ) ;
#632 = EDGE_CURVE ( 'NONE', #3716, #1822, #4004, .T. ) ;
#633 = DIRECTION ( 'NONE',  ( -1.000000000000000000, 0.000000000000000000, 0.000000000000000000 ) ) ;
#634 = EDGE_CURVE ( 'NONE', #2712, #223, #4945, .T. ) ;
#635 = CARTESIAN_POINT ( 'NONE',  ( -5.190000000000002167, 0.5600000000000000533, -3.399999999999998579 ) ) ;
#636 = AXIS2_PLACEMENT_3D ( 'NONE', #5233, #2603, #3998 ) ;
#637 = ORIENTED_EDGE ( 'NONE', *, *, #4612, .F. ) ;
#638 = EDGE_CURVE ( 'NONE', #2248, #499, #1446, .T. ) ;
#639 = ADVANCED_FACE ( 'NONE', ( #4585 ), #2235, .F. ) ;
#640 = DIRECTION ( 'NONE',  ( -0.000000000000000000, 5.782411586589405956E-16, 1.000000000000000000 ) ) ;
#641 = DIRECTION ( 'NONE',  ( -0.7071067811865425767, 1.570092458683786507E-16, 0.7071067811865525687 ) ) ;
#642 = DIRECTION ( 'NONE',  ( 0.2588190451025187411, -0.9659258262890688673, 0.000000000000000000 ) ) ;
#643 = CARTESIAN_POINT ( 'NONE',  ( 2.049999999999998490, 1.199999999999998845, -1.999999999999999556 ) ) ;
#644 = DIRECTION ( 'NONE',  ( -1.000000000000000000, 0.000000000000000000, -0.000000000000000000 ) ) ;
#645 = CARTESIAN_POINT ( 'NONE',  ( 1.949999999999998623, 2.199999999999999734, 2.000000000000000000 ) ) ;
#646 = ORIENTED_EDGE ( 'NONE', *, *, #4855, .T. ) ;
#647 = CARTESIAN_POINT ( 'NONE',  ( -5.210000000000001741, 0.5600000000000000533, -3.399999999999998579 ) ) ;
#648 = ORIENTED_EDGE ( 'NONE', *, *, #4063, .T. ) ;
#649 = ORIENTED_EDGE ( 'NONE', *, *, #2867, .T. ) ;
#650 = CARTESIAN_POINT ( 'NONE',  ( 5.249999999999999112, 0.6999999999999986233, -2.900000000000004796 ) ) ;
#651 = DIRECTION ( 'NONE',  ( -0.7745966692414855137, -0.4472135954999561513, -0.4472135954999559848 ) ) ;
#652 = LINE ( 'NONE', #165, #2524 ) ;
#653 = ORIENTED_EDGE ( 'NONE', *, *, #373, .T. ) ;
#654 = UNCERTAINTY_MEASURE_WITH_UNIT (LENGTH_MEASURE( 1.000000000000000082E-05 ), #4257, 'distance_accuracy_value', 'NONE');
#655 = PRESENTATION_STYLE_ASSIGNMENT (( #1500 ) ) ;
#656 = VECTOR ( 'NONE', #1420, 1000.000000000000000 ) ;
#657 = EDGE_CURVE ( 'NONE', #1355, #923, #4223, .T. ) ;
#658 = EDGE_CURVE ( 'NONE', #3030, #47, #2458, .T. ) ;
#659 = VECTOR ( 'NONE', #3837, 1000.000000000000000 ) ;
#660 = ORIENTED_EDGE ( 'NONE', *, *, #4276, .F. ) ;
#661 = EDGE_CURVE ( 'NONE', #1811, #716, #5481, .T. ) ;
#662 = CARTESIAN_POINT ( 'NONE',  ( -4.250000000000000888, 2.099999999999999645, 3.544337567297406011 ) ) ;
#663 = ORIENTED_EDGE ( 'NONE', *, *, #3568, .T. ) ;
#664 = LINE ( 'NONE', #4454, #5131 ) ;
#665 = DIRECTION ( 'NONE',  ( 0.000000000000000000, 0.000000000000000000, -1.000000000000000000 ) ) ;
#666 = EDGE_CURVE ( 'NONE', #87, #2787, #2063, .T. ) ;
#667 = EDGE_LOOP ( 'NONE', ( #1940, #475, #1166, #914 ) ) ;
#668 = PLANE ( 'NONE',  #3209 ) ;
#669 = CARTESIAN_POINT ( 'NONE',  ( -5.250000000000001776, 1.199999999999999956, 3.750000000000000000 ) ) ;
#670 = CARTESIAN_POINT ( 'NONE',  ( -3.750000000140618184, 1.199999999999999734, -4.232725281383408324E-16 ) ) ;
#671 = DIRECTION ( 'NONE',  ( 0.000000000000000000, 0.000000000000000000, 1.000000000000000000 ) ) ;
#672 = DIRECTION ( 'NONE',  ( -0.000000000000000000, 1.000000000000000000, 0.000000000000000000 ) ) ;
#673 = LINE ( 'NONE', #754, #1347 ) ;
#674 = VERTEX_POINT ( 'NONE', #2088 ) ;
#675 = ORIENTED_EDGE ( 'NONE', *, *, #4083, .T. ) ;
#676 = LINE ( 'NONE', #1543, #4367 ) ;
#677 = ORIENTED_EDGE ( 'NONE', *, *, #5299, .F. ) ;
#678 = VECTOR ( 'NONE', #1121, 1000.000000000000000 ) ;
#679 = CARTESIAN_POINT ( 'NONE',  ( -0.8999999999999984679, 1.199999999999998845, -1.499999999999999334 ) ) ;
#680 = DIRECTION ( 'NONE',  ( 0.000000000000000000, 0.000000000000000000, -1.000000000000000000 ) ) ;
#681 = CARTESIAN_POINT ( 'NONE',  ( 3.450000000281260082, 1.774999999999999689, -3.499999999999919176 ) ) ;
#682 = ORIENTED_EDGE ( 'NONE', *, *, #3575, .T. ) ;
#683 = EDGE_CURVE ( 'NONE', #4185, #4270, #5533, .T. ) ;
#684 = DIRECTION ( 'NONE',  ( -0.8660254037844378194, -0.5000000000000014433, 0.000000000000000000 ) ) ;
#685 = CARTESIAN_POINT ( 'NONE',  ( -2.050000000000001155, 2.099999999999998757, -3.400000000000001243 ) ) ;
#686 = EDGE_CURVE ( 'NONE', #5174, #4620, #3425, .T. ) ;
#687 = ORIENTED_EDGE ( 'NONE', *, *, #4734, .F. ) ;
#688 = CARTESIAN_POINT ( 'NONE',  ( 3.450000000281259194, 2.849999999999999201, -6.328286168496503717E-16 ) ) ;
#689 = VERTEX_POINT ( 'NONE', #1271 ) ;
#690 = CARTESIAN_POINT ( 'NONE',  ( 2.918198511713308463, 0.05000000000000077993, 3.499999999999919176 ) ) ;
#691 = CARTESIAN_POINT ( 'NONE',  ( -3.999999999999999112, 2.099999999999999645, 3.399999999999999467 ) ) ;
#692 = EDGE_LOOP ( 'NONE', ( #4724, #1659, #4176, #4431 ) ) ;
#693 = VECTOR ( 'NONE', #3419, 1000.000000000000000 ) ;
#694 = DIRECTION ( 'NONE',  ( -1.000000000000000000, 0.000000000000000000, 0.000000000000000000 ) ) ;
#695 = DIRECTION ( 'NONE',  ( -1.000000000000000000, -8.673617380697141031E-16, 0.000000000000000000 ) ) ;
#696 = DIRECTION ( 'NONE',  ( 0.000000000000000000, -0.000000000000000000, 1.000000000000000000 ) ) ;
#697 = CARTESIAN_POINT ( 'NONE',  ( -3.050000000000001599, 0.2999999999999999334, 0.5499999999999990452 ) ) ;
#698 = LINE ( 'NONE', #2891, #4605 ) ;
#699 = VECTOR ( 'NONE', #1474, 1000.000000000000000 ) ;
#700 = CARTESIAN_POINT ( 'NONE',  ( 4.334999999999998188, 0.5749999999999998446, 3.499999999999919176 ) ) ;
#701 = ORIENTED_EDGE ( 'NONE', *, *, #3853, .T. ) ;
#702 = ORIENTED_EDGE ( 'NONE', *, *, #2565, .T. ) ;
#703 = ORIENTED_EDGE ( 'NONE', *, *, #1752, .F. ) ;
#704 = VECTOR ( 'NONE', #1642, 1000.000000000000000 ) ;
#705 = VECTOR ( 'NONE', #3179, 1000.000000000000000 ) ;
#706 = DIRECTION ( 'NONE',  ( -0.000000000000000000, 0.000000000000000000, -1.000000000000000000 ) ) ;
#707 = PLANE ( 'NONE',  #4279 ) ;
#708 = LINE ( 'NONE', #5453, #4949 ) ;
#709 = AXIS2_PLACEMENT_3D ( 'NONE', #5144, #4645, #3374 ) ;
#710 = CARTESIAN_POINT ( 'NONE',  ( 4.864999999999999325, 0.6899999999999998357, 3.499999999999919176 ) ) ;
#711 = EDGE_CURVE ( 'NONE', #2747, #5557, #367, .T. ) ;
#712 = PLANE ( 'NONE',  #3831 ) ;
#713 = DIRECTION ( 'NONE',  ( 0.000000000000000000, 0.000000000000000000, -1.000000000000000000 ) ) ;
#714 = VERTEX_POINT ( 'NONE', #309 ) ;
#715 = PLANE ( 'NONE',  #3840 ) ;
#716 = VERTEX_POINT ( 'NONE', #5508 ) ;
#717 = DIRECTION ( 'NONE',  ( 0.4999999999999973910, -0.000000000000000000, 0.8660254037844402619 ) ) ;
#718 = ORIENTED_EDGE ( 'NONE', *, *, #1716, .F. ) ;
#719 = CARTESIAN_POINT ( 'NONE',  ( -5.250000000000001776, 0.4000000000000000777, -3.399999999999998579 ) ) ;
#720 = CARTESIAN_POINT ( 'NONE',  ( 2.049999999999998490, 1.199999999999998845, -1.499999999999999334 ) ) ;
#721 = CARTESIAN_POINT ( 'NONE',  ( -5.692775011319577324E-47, 0.04999999999999926725, -3.500000000000000000 ) ) ;
#722 = DIRECTION ( 'NONE',  ( 1.232595164407830946E-32, -1.000000000000000000, 2.220147486588071276E-16 ) ) ;
#723 = VECTOR ( 'NONE', #1709, 1000.000000000000000 ) ;
#724 = FACE_OUTER_BOUND ( 'NONE', #3887, .T. ) ;
#725 = VECTOR ( 'NONE', #3537, 1000.000000000000000 ) ;
#726 = CARTESIAN_POINT ( 'NONE',  ( -5.250000000000001776, 0.4000000000000000777, 3.200000000547038148 ) ) ;
#727 = VERTEX_POINT ( 'NONE', #3822 ) ;
#728 = ORIENTED_EDGE ( 'NONE', *, *, #657, .T. ) ;
#729 = DIRECTION ( 'NONE',  ( -5.095750211577901339E-14, 0.000000000000000000, 1.000000000000000000 ) ) ;
#730 = CARTESIAN_POINT ( 'NONE',  ( -5.150000000000001243, 5.827586677109586333E-16, 3.399999999999998579 ) ) ;
#731 = EDGE_CURVE ( 'NONE', #4628, #987, #1688, .T. ) ;
#732 = DIRECTION ( 'NONE',  ( 0.000000000000000000, 0.000000000000000000, 1.000000000000000000 ) ) ;
#733 = LINE ( 'NONE', #3682, #4936 ) ;
#734 = ADVANCED_FACE ( 'NONE', ( #2956 ), #1607, .F. ) ;
#735 = ADVANCED_FACE ( 'NONE', ( #1661 ), #3324, .F. ) ;
#736 = DIRECTION ( 'NONE',  ( 0.000000000000000000, -1.000000000000000000, 0.000000000000000000 ) ) ;
#737 = ADVANCED_FACE ( 'NONE', ( #420 ), #2540, .T. ) ;
#738 = ORIENTED_EDGE ( 'NONE', *, *, #312, .F. ) ;
#739 = LINE ( 'NONE', #1475, #255 ) ;
#740 = ORIENTED_EDGE ( 'NONE', *, *, #3642, .F. ) ;
#741 = VECTOR ( 'NONE', #1447, 1000.000000000000000 ) ;
#742 = ORIENTED_EDGE ( 'NONE', *, *, #582, .F. ) ;
#743 = VECTOR ( 'NONE', #5202, 1000.000000000000000 ) ;
#744 = DIRECTION ( 'NONE',  ( -0.000000000000000000, -0.000000000000000000, 1.000000000000000000 ) ) ;
#745 = ORIENTED_EDGE ( 'NONE', *, *, #3643, .F. ) ;
#746 = AXIS2_PLACEMENT_3D ( 'NONE', #1779, #5124, #2205 ) ;
#747 = LINE ( 'NONE', #3644, #4643 ) ;
#748 = AXIS2_PLACEMENT_3D ( 'NONE', #3559, #1907, #3501 ) ;
#749 = VECTOR ( 'NONE', #2587, 1000.000000000000000 ) ;
#750 = CARTESIAN_POINT ( 'NONE',  ( 4.884999999999998899, 6.640738306473714658E-16, -2.999999999999613198 ) ) ;
#751 = DIRECTION ( 'NONE',  ( 0.000000000000000000, 1.000000000000000000, 0.000000000000000000 ) ) ;
#752 = LINE ( 'NONE', #4126, #5137 ) ;
#753 = DIRECTION ( 'NONE',  ( 0.000000000000000000, 0.000000000000000000, -1.000000000000000000 ) ) ;
#754 = CARTESIAN_POINT ( 'NONE',  ( 4.865000000000000213, 0.6249999999999998890, 3.499999999999919176 ) ) ;
#755 = ORIENTED_EDGE ( 'NONE', *, *, #2983, .T. ) ;
#756 = ORIENTED_EDGE ( 'NONE', *, *, #731, .F. ) ;
#757 = CARTESIAN_POINT ( 'NONE',  ( -3.750000000140619072, 1.200000000000001288, -3.399999999999998579 ) ) ;
#758 = EDGE_CURVE ( 'NONE', #3450, #311, #3849, .T. ) ;
#759 = LINE ( 'NONE', #839, #3376 ) ;
#760 = DIRECTION ( 'NONE',  ( -0.9351131265310302920, -0.2505628070857297551, 0.2505628070857297551 ) ) ;
#761 = EDGE_CURVE ( 'NONE', #1811, #2247, #2978, .T. ) ;
#762 = EDGE_CURVE ( 'NONE', #1360, #3086, #819, .T. ) ;
#763 = EDGE_CURVE ( 'NONE', #4635, #2011, #4172, .T. ) ;
#764 = CARTESIAN_POINT ( 'NONE',  ( -5.230000000000002203, 0.7200000000000000844, -3.399999999999998579 ) ) ;
#765 = DIRECTION ( 'NONE',  ( -1.000000000000000000, 0.000000000000000000, 0.000000000000000000 ) ) ;
#766 = EDGE_CURVE ( 'NONE', #2914, #3719, #2032, .T. ) ;
#767 = ORIENTED_EDGE ( 'NONE', *, *, #3748, .F. ) ;
#768 = LINE ( 'NONE', #1691, #2227 ) ;
#769 = VERTEX_POINT ( 'NONE', #3738 ) ;
#770 = ORIENTED_EDGE ( 'NONE', *, *, #4317, .F. ) ;
#771 = ORIENTED_EDGE ( 'NONE', *, *, #214, .F. ) ;
#772 = EDGE_LOOP ( 'NONE', ( #1869, #2979, #4212, #1544 ) ) ;
#773 = CARTESIAN_POINT ( 'NONE',  ( 4.884999999999998899, 0.6249999999999998890, 3.499999999999919176 ) ) ;
#774 = PLANE ( 'NONE',  #3806 ) ;
#775 = FACE_OUTER_BOUND ( 'NONE', #2199, .T. ) ;
#776 = CARTESIAN_POINT ( 'NONE',  ( 3.450000000281258750, 0.05000000000000064809, 2.900000000000007461 ) ) ;
#777 = DIRECTION ( 'NONE',  ( -1.074262801865645628E-16, -1.000000000000000000, 0.000000000000000000 ) ) ;
#778 = DIRECTION ( 'NONE',  ( 0.3420201433256629397, 0.9396926207859104263, 0.000000000000000000 ) ) ;
#779 = ORIENTED_EDGE ( 'NONE', *, *, #4474, .T. ) ;
#780 = ORIENTED_EDGE ( 'NONE', *, *, #1631, .F. ) ;
#781 = AXIS2_PLACEMENT_3D ( 'NONE', #5441, #696, #4624 ) ;
#782 = CARTESIAN_POINT ( 'NONE',  ( 5.249999999999999112, 0.6999999999999986233, -2.900000000000004796 ) ) ;
#783 = DIRECTION ( 'NONE',  ( -0.000000000000000000, 0.000000000000000000, -1.000000000000000000 ) ) ;
#784 = AXIS2_PLACEMENT_3D ( 'NONE', #2111, #2539, #5532 ) ;
#785 = CARTESIAN_POINT ( 'NONE',  ( 2.049999999999998490, 0.000000000000000000, 0.000000000000000000 ) ) ;
#786 = DIRECTION ( 'NONE',  ( 0.000000000000000000, 2.220446049250313081E-16, 1.000000000000000000 ) ) ;
#787 = VECTOR ( 'NONE', #4699, 1000.000000000000000 ) ;
#788 = ORIENTED_EDGE ( 'NONE', *, *, #4276, .T. ) ;
#789 = ORIENTED_EDGE ( 'NONE', *, *, #1665, .T. ) ;
#790 = AXIS2_PLACEMENT_3D ( 'NONE', #3000, #494, #4706 ) ;
#791 = CIRCLE ( 'NONE', #4822, 0.09999999999999982514 ) ;
#792 = DIRECTION ( 'NONE',  ( 1.000000000000000000, 0.000000000000000000, 0.000000000000000000 ) ) ;
#793 = EDGE_CURVE ( 'NONE', #2035, #4629, #5036, .T. ) ;
#794 = VECTOR ( 'NONE', #2722, 1000.000000000000000 ) ;
#795 = DIRECTION ( 'NONE',  ( 1.000000000000000000, 0.000000000000000000, 0.000000000000000000 ) ) ;
#796 = ORIENTED_EDGE ( 'NONE', *, *, #3818, .F. ) ;
#797 = CARTESIAN_POINT ( 'NONE',  ( 4.399999999999999467, 0.6400000000000003464, -3.499999999999919176 ) ) ;
#798 = VERTEX_POINT ( 'NONE', #4640 ) ;
#799 = LINE ( 'NONE', #576, #1866 ) ;
#800 = EDGE_CURVE ( 'NONE', #2011, #2787, #1793, .T. ) ;
#801 = LINE ( 'NONE', #2443, #387 ) ;
#802 = DIRECTION ( 'NONE',  ( -0.000000000000000000, -0.000000000000000000, -1.000000000000000000 ) ) ;
#803 = PLANE ( 'NONE',  #4165 ) ;
#804 = CARTESIAN_POINT ( 'NONE',  ( 4.865000000000000213, 0.6249999999999998890, 3.499999999999919176 ) ) ;
#805 = ORIENTED_EDGE ( 'NONE', *, *, #2802, .T. ) ;
#806 = EDGE_CURVE ( 'NONE', #627, #2953, #4844, .T. ) ;
#807 = EDGE_LOOP ( 'NONE', ( #3935, #4516, #4769, #4717 ) ) ;
#808 = EDGE_CURVE ( 'NONE', #5482, #2492, #531, .T. ) ;
#809 = SHAPE_DEFINITION_REPRESENTATION ( #1494, #2902 ) ;
#810 = DIRECTION ( 'NONE',  ( -1.000000000000000000, 0.000000000000000000, 0.000000000000000000 ) ) ;
#811 = AXIS2_PLACEMENT_3D ( 'NONE', #1647, #4656, #2530 ) ;
#812 = DIRECTION ( 'NONE',  ( -0.000000000000000000, -1.000000000000000000, 0.000000000000000000 ) ) ;
#813 = DIRECTION ( 'NONE',  ( 0.5000000000000015543, -0.8660254037844378194, 0.000000000000000000 ) ) ;
#814 = LINE ( 'NONE', #1342, #4842 ) ;
#815 = ORIENTED_EDGE ( 'NONE', *, *, #3786, .T. ) ;
#816 = VECTOR ( 'NONE', #336, 1000.000000000000000 ) ;
#817 = ORIENTED_EDGE ( 'NONE', *, *, #4156, .T. ) ;
#818 = SURFACE_STYLE_USAGE ( .BOTH. , #1270 ) ;
#819 = LINE ( 'NONE', #1216, #3856 ) ;
#820 = DIRECTION ( 'NONE',  ( 0.000000000000000000, 0.000000000000000000, 1.000000000000000000 ) ) ;
#821 = EDGE_CURVE ( 'NONE', #1038, #4994, #130, .T. ) ;
#822 = ORIENTED_EDGE ( 'NONE', *, *, #3092, .F. ) ;
#823 = LINE ( 'NONE', #797, #2904 ) ;
#824 = VERTEX_POINT ( 'NONE', #898 ) ;
#825 = EDGE_CURVE ( 'NONE', #1114, #2774, #3035, .T. ) ;
#826 = AXIS2_PLACEMENT_3D ( 'NONE', #2828, #263, #4950 ) ;
#827 = DIRECTION ( 'NONE',  ( 1.000000000000000000, -0.000000000000000000, -0.000000000000000000 ) ) ;
#828 = LINE ( 'NONE', #5177, #3541 ) ;
#829 =( GEOMETRIC_REPRESENTATION_CONTEXT ( 3 ) GLOBAL_UNCERTAINTY_ASSIGNED_CONTEXT ( ( #654 ) ) GLOBAL_UNIT_ASSIGNED_CONTEXT ( ( #4257, #3012, #1611 ) ) REPRESENTATION_CONTEXT ( 'NONE', 'WORKASPACE' ) );
#830 = PLANE ( 'NONE',  #3265 ) ;
#831 = ADVANCED_FACE ( 'NONE', ( #5194 ), #104, .F. ) ;
#832 = PLANE ( 'NONE',  #3795 ) ;
#833 = VECTOR ( 'NONE', #912, 1000.000000000000000 ) ;
#834 = ORIENTED_EDGE ( 'NONE', *, *, #4446, .T. ) ;
#835 = VERTEX_POINT ( 'NONE', #3904 ) ;
#836 = VECTOR ( 'NONE', #3649, 999.9999999999998863 ) ;
#837 = PLANE ( 'NONE',  #5521 ) ;
#838 = LINE ( 'NONE', #385, #1685 ) ;
#839 = CARTESIAN_POINT ( 'NONE',  ( -3.750000000140618184, 1.199999999999999734, -3.750000000000000444 ) ) ;
#840 = LINE ( 'NONE', #3475, #2089 ) ;
#841 = DIRECTION ( 'NONE',  ( -1.000000000000000000, -8.673617380697141031E-16, -0.000000000000000000 ) ) ;
#842 = EDGE_LOOP ( 'NONE', ( #4873, #3188, #2467, #1950 ) ) ;
#843 = VERTEX_POINT ( 'NONE', #4386 ) ;
#844 = CARTESIAN_POINT ( 'NONE',  ( 1.699999999999998401, 0.2999999999999999334, 0.5499999999999990452 ) ) ;
#845 = DIRECTION ( 'NONE',  ( -0.000000000000000000, -0.000000000000000000, -1.000000000000000000 ) ) ;
#846 = EDGE_CURVE ( 'NONE', #1114, #769, #4303, .T. ) ;
#847 = ORIENTED_EDGE ( 'NONE', *, *, #2993, .F. ) ;
#848 = EDGE_LOOP ( 'NONE', ( #5518, #40, #1299, #1912 ) ) ;
#849 = EDGE_CURVE ( 'NONE', #4230, #3554, #4584, .T. ) ;
#850 = CARTESIAN_POINT ( 'NONE',  ( 3.450000000281260082, 1.374999999999999778, -2.999999999999613198 ) ) ;
#851 = DIRECTION ( 'NONE',  ( -0.000000000000000000, -1.000000000000000000, 2.220446049250313574E-16 ) ) ;
#852 = ORIENTED_EDGE ( 'NONE', *, *, #1876, .F. ) ;
#853 = LINE ( 'NONE', #2550, #875 ) ;
#854 = CARTESIAN_POINT ( 'NONE',  ( 1.700000000000000178, 0.2999999999999999334, -0.5499999999999994893 ) ) ;
#855 = CARTESIAN_POINT ( 'NONE',  ( -3.750000000140619072, 0.3499999999999998113, -3.400000000000000355 ) ) ;
#856 = LINE ( 'NONE', #4262, #2269 ) ;
#857 = ORIENTED_EDGE ( 'NONE', *, *, #4551, .T. ) ;
#858 = VECTOR ( 'NONE', #2557, 1000.000000000000000 ) ;
#859 = DIRECTION ( 'NONE',  ( 1.000000000000000000, 1.130443199202757152E-16, 0.000000000000000000 ) ) ;
#860 = CARTESIAN_POINT ( 'NONE',  ( -3.600000000000003197, 0.05000000000000083544, 3.749999999999995115 ) ) ;
#861 = LINE ( 'NONE', #1815, #1024 ) ;
#862 = VECTOR ( 'NONE', #1165, 1000.000000000000000 ) ;
#863 = EDGE_CURVE ( 'NONE', #3909, #2744, #2646, .T. ) ;
#864 = DIRECTION ( 'NONE',  ( -0.000000000000000000, -0.000000000000000000, 1.000000000000000000 ) ) ;
#865 = LINE ( 'NONE', #3899, #1534 ) ;
#866 = ORIENTED_EDGE ( 'NONE', *, *, #2209, .T. ) ;
#867 = EDGE_LOOP ( 'NONE', ( #4456, #5505, #4053, #2143 ) ) ;
#868 = DIRECTION ( 'NONE',  ( 0.000000000000000000, -1.000000000000000000, -1.445602896647339163E-16 ) ) ;
#869 =( NAMED_UNIT ( * ) SI_UNIT ( $, .STERADIAN. ) SOLID_ANGLE_UNIT ( ) );
#870 = EDGE_CURVE ( 'NONE', #2363, #5037, #1435, .T. ) ;
#871 = ORIENTED_EDGE ( 'NONE', *, *, #4568, .F. ) ;
#872 = VECTOR ( 'NONE', #1407, 1000.000000000000000 ) ;
#873 = EDGE_CURVE ( 'NONE', #2509, #2031, #953, .T. ) ;
#874 = EDGE_CURVE ( 'NONE', #1297, #2292, #4746, .T. ) ;
#875 = VECTOR ( 'NONE', #827, 1000.000000000000000 ) ;
#876 = CARTESIAN_POINT ( 'NONE',  ( -5.000000000000000000, 1.992820323027553187, -2.850000000000000089 ) ) ;
#877 = VECTOR ( 'NONE', #3601, 1000.000000000000000 ) ;
#878 = LINE ( 'NONE', #4987, #1231 ) ;
#879 = LINE ( 'NONE', #4177, #199 ) ;
#880 = ORIENTED_EDGE ( 'NONE', *, *, #4277, .F. ) ;
#881 = DIRECTION ( 'NONE',  ( -0.000000000000000000, -0.000000000000000000, 1.000000000000000000 ) ) ;
#882 = CARTESIAN_POINT ( 'NONE',  ( 6.162975822039170467E-34, 1.200000000000001066, 3.399999999999998579 ) ) ;
#883 = CARTESIAN_POINT ( 'NONE',  ( 4.734999999999999432, 1.774999999999999689, -2.999999999999613198 ) ) ;
#884 = FACE_OUTER_BOUND ( 'NONE', #1528, .T. ) ;
#885 = VERTEX_POINT ( 'NONE', #4768 ) ;
#886 = MANIFOLD_SOLID_BREP ( 'Chamfer2', #39 ) ;
#887 = CARTESIAN_POINT ( 'NONE',  ( -5.190000000000002167, 0.8799999999999997824, -3.399999999999998579 ) ) ;
#888 = CARTESIAN_POINT ( 'NONE',  ( 4.949999999999999289, 0.06500000000000109857, -2.999999999999613198 ) ) ;
#889 = DIRECTION ( 'NONE',  ( -0.000000000000000000, 2.891205793294678326E-16, 1.000000000000000000 ) ) ;
#890 = PLANE ( 'NONE',  #1550 ) ;
#891 = CARTESIAN_POINT ( 'NONE',  ( -5.210000000000002629, 0.4200000000000000955, 3.200000000547038148 ) ) ;
#892 = ORIENTED_EDGE ( 'NONE', *, *, #4122, .F. ) ;
#893 = ORIENTED_EDGE ( 'NONE', *, *, #1671, .F. ) ;
#894 = VECTOR ( 'NONE', #1643, 1000.000000000000000 ) ;
#895 = AXIS2_PLACEMENT_3D ( 'NONE', #4073, #5249, #1396 ) ;
#896 = EDGE_CURVE ( 'NONE', #3909, #2907, #5164, .T. ) ;
#897 = DIRECTION ( 'NONE',  ( -0.000000000000000000, -0.000000000000000000, -1.000000000000000000 ) ) ;
#898 = CARTESIAN_POINT ( 'NONE',  ( -3.600000000000003197, 7.105427358815672526E-16, 3.200000000547038148 ) ) ;
#899 = EDGE_CURVE ( 'NONE', #5190, #528, #3115, .T. ) ;
#900 = ORIENTED_EDGE ( 'NONE', *, *, #3551, .F. ) ;
#901 = EDGE_LOOP ( 'NONE', ( #3938, #217, #3874, #2508, #2947, #755, #1610, #2598, #41, #1442, #2516, #940, #3727, #4590, #2422, #4090, #29, #2041 ) ) ;
#902 = VECTOR ( 'NONE', #992, 1000.000000000000000 ) ;
#903 = ORIENTED_EDGE ( 'NONE', *, *, #1221, .F. ) ;
#904 = DIRECTION ( 'NONE',  ( 1.000000000000000000, 1.232595164407830946E-32, -2.736911063134408949E-48 ) ) ;
#905 = ORIENTED_EDGE ( 'NONE', *, *, #4563, .T. ) ;
#906 = CARTESIAN_POINT ( 'NONE',  ( -3.750000000140619072, 0.1000000000000008521, -3.200000000547038148 ) ) ;
#907 = EDGE_CURVE ( 'NONE', #5128, #5316, #593, .T. ) ;
#908 = CARTESIAN_POINT ( 'NONE',  ( 1.949999999999998623, 2.199999999999999289, -2.000000000000000000 ) ) ;
#909 = ORIENTED_EDGE ( 'NONE', *, *, #2313, .F. ) ;
#910 = DIRECTION ( 'NONE',  ( 1.232595164407830946E-32, -1.000000000000000000, 2.220147486588071276E-16 ) ) ;
#911 = DIRECTION ( 'NONE',  ( 1.000000000000000000, 0.000000000000000000, 0.000000000000000000 ) ) ;
#912 = DIRECTION ( 'NONE',  ( 0.000000000000000000, -2.220147486588071522E-16, -1.000000000000000000 ) ) ;
#913 = CARTESIAN_POINT ( 'NONE',  ( 2.918198511713308463, 0.05000000000000083544, 3.750000000000000444 ) ) ;
#914 = ORIENTED_EDGE ( 'NONE', *, *, #3993, .T. ) ;
#915 = ORIENTED_EDGE ( 'NONE', *, *, #4543, .T. ) ;
#916 = CARTESIAN_POINT ( 'NONE',  ( 3.550000000281260171, 0.5749999999999998446, 3.499999999999919176 ) ) ;
#917 = DIRECTION ( 'NONE',  ( 0.000000000000000000, 0.000000000000000000, -1.000000000000000000 ) ) ;
#918 = VECTOR ( 'NONE', #2378, 1000.000000000000000 ) ;
#919 = LINE ( 'NONE', #5215, #4337 ) ;
#920 = DIRECTION ( 'NONE',  ( -1.000000000000000000, -0.000000000000000000, -0.000000000000000000 ) ) ;
#921 = MECHANICAL_DESIGN_GEOMETRIC_PRESENTATION_REPRESENTATION (  '', ( #3350 ), #829 ) ;
#922 = EDGE_LOOP ( 'NONE', ( #5074, #4853, #2494, #1471 ) ) ;
#923 = VERTEX_POINT ( 'NONE', #2428 ) ;
#924 = ORIENTED_EDGE ( 'NONE', *, *, #5021, .F. ) ;
#925 = LINE ( 'NONE', #3931, #4819 ) ;
#926 = FILL_AREA_STYLE ('',( #2620 ) ) ;
#927 = EDGE_LOOP ( 'NONE', ( #4247, #391, #1284, #5519 ) ) ;
#928 = VERTEX_POINT ( 'NONE', #2341 ) ;
#929 = ORIENTED_EDGE ( 'NONE', *, *, #1631, .T. ) ;
#930 = EDGE_CURVE ( 'NONE', #5066, #4777, #4885, .T. ) ;
#931 = FACE_OUTER_BOUND ( 'NONE', #3454, .T. ) ;
#932 = EDGE_LOOP ( 'NONE', ( #4600, #1346, #2648, #3392 ) ) ;
#933 = MANIFOLD_SOLID_BREP ( 'Mirror2[1]', #599 ) ;
#934 = CARTESIAN_POINT ( 'NONE',  ( -4.250000000000000888, 3.199999999999999289, -1.122649730810374002 ) ) ;
#935 = ORIENTED_EDGE ( 'NONE', *, *, #492, .T. ) ;
#936 = EDGE_LOOP ( 'NONE', ( #194, #565, #2371, #2517 ) ) ;
#937 = ORIENTED_EDGE ( 'NONE', *, *, #590, .F. ) ;
#938 = CIRCLE ( 'NONE', #2110, 0.1000000000000002554 ) ;
#939 = DIRECTION ( 'NONE',  ( -0.000000000000000000, 1.000000000000000000, -2.220446049250313574E-16 ) ) ;
#940 = ORIENTED_EDGE ( 'NONE', *, *, #5561, .T. ) ;
#941 = DIRECTION ( 'NONE',  ( -0.000000000000000000, -1.000000000000000000, -0.000000000000000000 ) ) ;
#942 = LINE ( 'NONE', #2664, #1554 ) ;
#943 = PLANE ( 'NONE',  #4332 ) ;
#944 = ORIENTED_EDGE ( 'NONE', *, *, #312, .T. ) ;
#945 = DIRECTION ( 'NONE',  ( 0.000000000000000000, -1.000000000000000000, 0.000000000000000000 ) ) ;
#946 = LINE ( 'NONE', #1704, #4646 ) ;
#947 = FACE_OUTER_BOUND ( 'NONE', #3520, .T. ) ;
#948 = PLANE ( 'NONE',  #109 ) ;
#949 = PLANE ( 'NONE',  #271 ) ;
#950 = EDGE_LOOP ( 'NONE', ( #2284, #275, #1979, #2496 ) ) ;
#951 = ORIENTED_EDGE ( 'NONE', *, *, #37, .T. ) ;
#952 = LINE ( 'NONE', #4327, #2859 ) ;
#953 = LINE ( 'NONE', #4413, #5115 ) ;
#954 = CARTESIAN_POINT ( 'NONE',  ( -1.150000000000001688, 1.633012701892218255, -1.933012701892218521 ) ) ;
#955 = VERTEX_POINT ( 'NONE', #1105 ) ;
#956 = VERTEX_POINT ( 'NONE', #220 ) ;
#957 = AXIS2_PLACEMENT_3D ( 'NONE', #3843, #333, #4997 ) ;
#958 = AXIS2_PLACEMENT_3D ( 'NONE', #5212, #4, #1364 ) ;
#959 = VECTOR ( 'NONE', #5491, 1000.000000000000000 ) ;
#960 = EDGE_CURVE ( 'NONE', #1945, #3119, #1942, .T. ) ;
#961 = PLANE ( 'NONE',  #963 ) ;
#962 = ADVANCED_FACE ( 'NONE', ( #279 ), #5371, .F. ) ;
#963 = AXIS2_PLACEMENT_3D ( 'NONE', #3996, #3152, #478 ) ;
#964 = CARTESIAN_POINT ( 'NONE',  ( -5.150000000000001243, 5.827586677109586333E-16, 3.200000000547038148 ) ) ;
#965 = AXIS2_PLACEMENT_3D ( 'NONE', #5489, #376, #5514 ) ;
#966 = ORIENTED_EDGE ( 'NONE', *, *, #2066, .F. ) ;
#967 = AXIS2_PLACEMENT_3D ( 'NONE', #5370, #2733, #4969 ) ;
#968 = LINE ( 'NONE', #1028, #422 ) ;
#969 = VERTEX_POINT ( 'NONE', #1493 ) ;
#970 = DIRECTION ( 'NONE',  ( -0.000000000000000000, -1.000000000000000000, 2.220446049250313574E-16 ) ) ;
#971 = DIRECTION ( 'NONE',  ( 0.000000000000000000, 0.000000000000000000, 1.000000000000000000 ) ) ;
#972 = AXIS2_PLACEMENT_3D ( 'NONE', #1115, #2773, #3689 ) ;
#973 = FACE_OUTER_BOUND ( 'NONE', #3111, .T. ) ;
#974 = ORIENTED_EDGE ( 'NONE', *, *, #3829, .F. ) ;
#975 = ADVANCED_FACE ( 'NONE', ( #1973 ), #1131, .T. ) ;
#976 = CARTESIAN_POINT ( 'NONE',  ( -4.250000000000000888, 3.124999999999999112, -1.122649730810374002 ) ) ;
#977 = DIRECTION ( 'NONE',  ( 0.7071067811865525687, 0.000000000000000000, 0.7071067811865425767 ) ) ;
#978 = CARTESIAN_POINT ( 'NONE',  ( -5.250000000000001776, 0.9000000000000001332, -3.200000000547038148 ) ) ;
#979 = PLANE ( 'NONE',  #2010 ) ;
#980 = EDGE_CURVE ( 'NONE', #5190, #5023, #2845, .T. ) ;
#981 = CARTESIAN_POINT ( 'NONE',  ( -1.150000000000001688, 1.266987298107779880, 0.000000000000000000 ) ) ;
#982 = VERTEX_POINT ( 'NONE', #3656 ) ;
#983 = ORIENTED_EDGE ( 'NONE', *, *, #3208, .F. ) ;
#984 = CARTESIAN_POINT ( 'NONE',  ( 1.949999999999998623, 2.199999999999999734, 1.500000000000000000 ) ) ;
#985 = DIRECTION ( 'NONE',  ( 0.000000000000000000, 0.000000000000000000, -1.000000000000000000 ) ) ;
#986 = CARTESIAN_POINT ( 'NONE',  ( -5.250000000000000888, 2.099999999999999645, 3.750000000000001332 ) ) ;
#987 = VERTEX_POINT ( 'NONE', #3234 ) ;
#988 = ORIENTED_EDGE ( 'NONE', *, *, #5199, .T. ) ;
#989 = CARTESIAN_POINT ( 'NONE',  ( -5.250000000000001776, 1.925833024919774150, 3.750000000000000000 ) ) ;
#990 = VECTOR ( 'NONE', #3650, 1000.000000000000000 ) ;
#991 = MECHANICAL_DESIGN_GEOMETRIC_PRESENTATION_REPRESENTATION (  '', ( #273 ), #2669 ) ;
#992 = DIRECTION ( 'NONE',  ( -1.000000000000000000, -0.000000000000000000, 0.000000000000000000 ) ) ;
#993 = ADVANCED_FACE ( 'NONE', ( #1998 ), #707, .F. ) ;
#994 = ORIENTED_EDGE ( 'NONE', *, *, #4137, .T. ) ;
#995 = VERTEX_POINT ( 'NONE', #2394 ) ;
#996 = CARTESIAN_POINT ( 'NONE',  ( 4.884999999999998899, 6.416000682312242628E-16, 3.499999999999919176 ) ) ;
#997 = ORIENTED_EDGE ( 'NONE', *, *, #2522, .T. ) ;
#998 = ADVANCED_FACE ( 'NONE', ( #4107 ), #2309, .F. ) ;
#999 = DIRECTION ( 'NONE',  ( -0.000000000000000000, -0.000000000000000000, 1.000000000000000000 ) ) ;
#1000 = DIRECTION ( 'NONE',  ( 1.577021343365640629E-15, 0.000000000000000000, -1.000000000000000000 ) ) ;
#1001 = EDGE_CURVE ( 'NONE', #3205, #4613, #1546, .T. ) ;
#1002 = ADVANCED_FACE ( 'NONE', ( #4021 ), #5054, .F. ) ;
#1003 = CARTESIAN_POINT ( 'NONE',  ( 3.450000000281259194, 0.6999999999999986233, -3.000000000000004885 ) ) ;
#1004 = VERTEX_POINT ( 'NONE', #305 ) ;
#1005 = ADVANCED_FACE ( 'NONE', ( #1188 ), #1678, .F. ) ;
#1006 = EDGE_CURVE ( 'NONE', #543, #4221, #2513, .T. ) ;
#1007 = DIRECTION ( 'NONE',  ( 1.000000000000000000, 0.000000000000000000, -0.000000000000000000 ) ) ;
#1008 = DIRECTION ( 'NONE',  ( 0.9659258262890699775, 0.2588190451025143557, 0.000000000000000000 ) ) ;
#1009 = DIRECTION ( 'NONE',  ( -1.000000000000000000, 0.000000000000000000, 0.000000000000000000 ) ) ;
#1010 = CARTESIAN_POINT ( 'NONE',  ( -5.250000000000001776, 0.4000000000000000777, -3.399999999999998579 ) ) ;
#1011 = CARTESIAN_POINT ( 'NONE',  ( 4.949999999999999289, 0.5599999999999993872, -2.999999999999613198 ) ) ;
#1012 = EDGE_LOOP ( 'NONE', ( #591, #4863, #4363, #1702 ) ) ;
#1013 = ORIENTED_EDGE ( 'NONE', *, *, #666, .F. ) ;
#1014 = VERTEX_POINT ( 'NONE', #2534 ) ;
#1015 = VECTOR ( 'NONE', #5159, 1000.000000000000000 ) ;
#1016 = DIRECTION ( 'NONE',  ( -1.000000000000000000, 0.000000000000000000, 0.000000000000000000 ) ) ;
#1017 = DIRECTION ( 'NONE',  ( 0.000000000000000000, 2.220446049250313574E-16, 1.000000000000000000 ) ) ;
#1018 = VECTOR ( 'NONE', #607, 1000.000000000000000 ) ;
#1019 = CARTESIAN_POINT ( 'NONE',  ( 3.450000000281260082, 1.774999999999999689, 3.499999999999919176 ) ) ;
#1020 = ORIENTED_EDGE ( 'NONE', *, *, #64, .F. ) ;
#1021 = ORIENTED_EDGE ( 'NONE', *, *, #3858, .T. ) ;
#1022 = VECTOR ( 'NONE', #2179, 1000.000000000000000 ) ;
#1023 = VECTOR ( 'NONE', #4930, 1000.000000000000000 ) ;
#1024 = VECTOR ( 'NONE', #35, 1000.000000000000000 ) ;
#1025 = CARTESIAN_POINT ( 'NONE',  ( -5.150000000000001243, 7.227892038730409054E-16, -3.399999999999998579 ) ) ;
#1026 = ORIENTED_EDGE ( 'NONE', *, *, #2066, .T. ) ;
#1027 = ORIENTED_EDGE ( 'NONE', *, *, #2658, .T. ) ;
#1028 = CARTESIAN_POINT ( 'NONE',  ( 1.949999999999998623, 0.2999999999999990452, -2.850000000000000089 ) ) ;
#1029 = ORIENTED_EDGE ( 'NONE', *, *, #452, .F. ) ;
#1030 = DIRECTION ( 'NONE',  ( -1.000000000000000000, 0.000000000000000000, 0.000000000000000000 ) ) ;
#1031 = CARTESIAN_POINT ( 'NONE',  ( -5.230000000000002203, 0.5800000000000000711, 3.399999999999998579 ) ) ;
#1032 = EDGE_LOOP ( 'NONE', ( #5051, #5294, #1074, #1184 ) ) ;
#1033 = FACE_OUTER_BOUND ( 'NONE', #3701, .T. ) ;
#1034 = CARTESIAN_POINT ( 'NONE',  ( 3.550000000281260171, 0.1000000000000004774, 3.499999999999919176 ) ) ;
#1035 = CARTESIAN_POINT ( 'NONE',  ( 2.049999999999998490, 2.199999999999999289, -2.000000000000000000 ) ) ;
#1036 = DIRECTION ( 'NONE',  ( -1.000000000000000000, 0.000000000000000000, 0.000000000000000000 ) ) ;
#1037 = CARTESIAN_POINT ( 'NONE',  ( 2.049999999999998490, 0.6999999999999990674, -1.999999999999999556 ) ) ;
#1038 = VERTEX_POINT ( 'NONE', #730 ) ;
#1039 = CARTESIAN_POINT ( 'NONE',  ( -5.210000000000002629, 0.4200000000000000955, -3.200000000547038148 ) ) ;
#1040 = VERTEX_POINT ( 'NONE', #360 ) ;
#1041 = VERTEX_POINT ( 'NONE', #2027 ) ;
#1042 = LINE ( 'NONE', #1434, #705 ) ;
#1043 = ADVANCED_FACE ( 'NONE', ( #4267 ), #2451, .F. ) ;
#1044 = SURFACE_STYLE_FILL_AREA ( #621 ) ;
#1045 = DIRECTION ( 'NONE',  ( 1.000000000000000000, 0.000000000000000000, 0.000000000000000000 ) ) ;
#1046 = EDGE_LOOP ( 'NONE', ( #2610, #3609, #1306, #3905 ) ) ;
#1047 = UNCERTAINTY_MEASURE_WITH_UNIT (LENGTH_MEASURE( 1.000000000000000082E-05 ), #2793, 'distance_accuracy_value', 'NONE');
#1048 = ORIENTED_EDGE ( 'NONE', *, *, #1467, .F. ) ;
#1049 = ADVANCED_FACE ( 'NONE', ( #2128 ), #4580, .F. ) ;
#1050 = EDGE_CURVE ( 'NONE', #2915, #3995, #2483, .T. ) ;
#1051 = EDGE_CURVE ( 'NONE', #1928, #556, #4631, .T. ) ;
#1052 = CARTESIAN_POINT ( 'NONE',  ( 1.949999999999998623, 0.2999999999999990452, -2.850000000000000089 ) ) ;
#1053 = EDGE_CURVE ( 'NONE', #5350, #1748, #2873, .T. ) ;
#1054 = CIRCLE ( 'NONE', #4638, 0.06499999999999994671 ) ;
#1055 = EDGE_CURVE ( 'NONE', #2744, #2380, #759, .T. ) ;
#1056 = ORIENTED_EDGE ( 'NONE', *, *, #2486, .F. ) ;
#1057 = CARTESIAN_POINT ( 'NONE',  ( -2.050000000000001155, 2.099999999999998757, -3.400000000000001243 ) ) ;
#1058 = ORIENTED_EDGE ( 'NONE', *, *, #686, .T. ) ;
#1059 = MECHANICAL_DESIGN_GEOMETRIC_PRESENTATION_REPRESENTATION (  '', ( #4554 ), #1953 ) ;
#1060 = CARTESIAN_POINT ( 'NONE',  ( 5.249999999999999112, 2.849999999999999645, -3.750000000000001332 ) ) ;
#1061 = PLANE ( 'NONE',  #5322 ) ;
#1062 = EDGE_LOOP ( 'NONE', ( #3535, #4335, #2290, #3641, #3900, #770, #2707, #2711 ) ) ;
#1063 = VECTOR ( 'NONE', #463, 1000.000000000000000 ) ;
#1064 = CARTESIAN_POINT ( 'NONE',  ( 4.799999999999999822, 1.709999999999999742, 2.999999999999613198 ) ) ;
#1065 = AXIS2_PLACEMENT_3D ( 'NONE', #58, #3491, #4030 ) ;
#1066 = CARTESIAN_POINT ( 'NONE',  ( -3.999999999999999112, 2.099999999999998757, -3.400000000000001243 ) ) ;
#1067 = PLANE ( 'NONE',  #4651 ) ;
#1068 = LINE ( 'NONE', #3672, #2910 ) ;
#1069 = AXIS2_PLACEMENT_3D ( 'NONE', #4459, #3591, #5275 ) ;
#1070 = CARTESIAN_POINT ( 'NONE',  ( 3.450000000281259194, 0.04999999999999926725, -3.499999999999999112 ) ) ;
#1071 = DIRECTION ( 'NONE',  ( -0.000000000000000000, -0.000000000000000000, -1.000000000000000000 ) ) ;
#1072 = VERTEX_POINT ( 'NONE', #2059 ) ;
#1073 = CARTESIAN_POINT ( 'NONE',  ( 0.000000000000000000, 0.7000000000000000666, -3.122502256758252770E-16 ) ) ;
#1074 = ORIENTED_EDGE ( 'NONE', *, *, #731, .T. ) ;
#1075 = FACE_OUTER_BOUND ( 'NONE', #2766, .T. ) ;
#1076 = EDGE_CURVE ( 'NONE', #3747, #2425, #4280, .T. ) ;
#1077 = DIRECTION ( 'NONE',  ( 0.000000000000000000, -1.000000000000000000, 0.000000000000000000 ) ) ;
#1078 = VERTEX_POINT ( 'NONE', #4604 ) ;
#1079 = MANIFOLD_SOLID_BREP ( 'Boss-Extrude6', #2663 ) ;
#1080 = EDGE_CURVE ( 'NONE', #47, #2363, #2559, .T. ) ;
#1081 = VECTOR ( 'NONE', #2099, 1000.000000000000000 ) ;
#1082 = ADVANCED_FACE ( 'NONE', ( #3765 ), #1394, .F. ) ;
#1083 = LINE ( 'NONE', #5403, #1765 ) ;
#1084 = ADVANCED_FACE ( 'NONE', ( #2696 ), #4296, .F. ) ;
#1085 = ORIENTED_EDGE ( 'NONE', *, *, #4831, .T. ) ;
#1086 = CARTESIAN_POINT ( 'NONE',  ( -5.210000000000001741, 0.8800000000000000044, -3.399999999999998579 ) ) ;
#1087 = ORIENTED_EDGE ( 'NONE', *, *, #2802, .F. ) ;
#1088 = VECTOR ( 'NONE', #4414, 1000.000000000000000 ) ;
#1089 = EDGE_CURVE ( 'NONE', #589, #4102, #4818, .T. ) ;
#1090 = FACE_OUTER_BOUND ( 'NONE', #2858, .T. ) ;
#1091 = DIRECTION ( 'NONE',  ( 0.000000000000000000, -2.220446049250313574E-16, -1.000000000000000000 ) ) ;
#1092 = VECTOR ( 'NONE', #4191, 1000.000000000000000 ) ;
#1093 = ORIENTED_EDGE ( 'NONE', *, *, #594, .F. ) ;
#1094 = DIRECTION ( 'NONE',  ( -1.000000000000000000, 0.000000000000000000, 0.000000000000000000 ) ) ;
#1095 = CARTESIAN_POINT ( 'NONE',  ( -5.190000000000002167, 0.7400000000000001021, -3.200000000547038148 ) ) ;
#1096 = CARTESIAN_POINT ( 'NONE',  ( -5.250000000000001776, 1.925833024919774150, -3.750000000000000888 ) ) ;
#1097 = DIRECTION ( 'NONE',  ( -0.000000000000000000, 0.000000000000000000, -1.000000000000000000 ) ) ;
#1098 = DIRECTION ( 'NONE',  ( -0.000000000000000000, -0.000000000000000000, -1.000000000000000000 ) ) ;
#1099 = CARTESIAN_POINT ( 'NONE',  ( -5.230000000000002203, 0.5800000000000000711, -3.200000000547038148 ) ) ;
#1100 = ORIENTED_EDGE ( 'NONE', *, *, #3442, .F. ) ;
#1101 =( LENGTH_UNIT ( ) NAMED_UNIT ( * ) SI_UNIT ( .MILLI., .METRE. ) );
#1102 = EDGE_LOOP ( 'NONE', ( #2390, #2258, #4141, #1563 ) ) ;
#1103 = ADVANCED_FACE ( 'NONE', ( #1311 ), #3106, .F. ) ;
#1104 = DIRECTION ( 'NONE',  ( 0.000000000000000000, -1.000000000000000000, 0.000000000000000000 ) ) ;
#1105 = CARTESIAN_POINT ( 'NONE',  ( 4.884999999999998899, 6.640738306473714658E-16, -3.499999999999919176 ) ) ;
#1106 = LINE ( 'NONE', #1604, #5494 ) ;
#1107 = ORIENTED_EDGE ( 'NONE', *, *, #3133, .F. ) ;
#1108 = CARTESIAN_POINT ( 'NONE',  ( 0.000000000000000000, 0.05000000000000000278, -1.110223024625156910E-17 ) ) ;
#1109 = VECTOR ( 'NONE', #4118, 1000.000000000000000 ) ;
#1110 = FACE_OUTER_BOUND ( 'NONE', #479, .T. ) ;
#1111 = DIRECTION ( 'NONE',  ( 0.000000000000000000, -1.000000000000000000, 0.000000000000000000 ) ) ;
#1112 = AXIS2_PLACEMENT_3D ( 'NONE', #3310, #3385, #2049 ) ;
#1113 = VECTOR ( 'NONE', #3524, 1000.000000000000000 ) ;
#1114 = VERTEX_POINT ( 'NONE', #3951 ) ;
#1115 = CARTESIAN_POINT ( 'NONE',  ( 3.650000000281259815, 0.1000000000000004774, -3.499999999999919176 ) ) ;
#1116 = VERTEX_POINT ( 'NONE', #97 ) ;
#1117 = LINE ( 'NONE', #4532, #1109 ) ;
#1118 = CARTESIAN_POINT ( 'NONE',  ( -3.050000000000001599, 2.099999999999999645, 3.750000000000001332 ) ) ;
#1119 = VERTEX_POINT ( 'NONE', #1733 ) ;
#1120 = CARTESIAN_POINT ( 'NONE',  ( 4.799999999999999822, 1.709999999999999742, -3.499999999999919176 ) ) ;
#1121 = DIRECTION ( 'NONE',  ( -1.000000000000000000, -0.000000000000000000, 0.000000000000000000 ) ) ;
#1122 = CARTESIAN_POINT ( 'NONE',  ( -5.250000000000001776, 1.199999999999999956, 3.399999999999998579 ) ) ;
#1123 = CARTESIAN_POINT ( 'NONE',  ( -3.750000000140619072, 1.200000000000001066, 3.200000000547037260 ) ) ;
#1124 = CARTESIAN_POINT ( 'NONE',  ( 2.300000000000001599, -8.326672684688675039E-16, -3.749999999999999556 ) ) ;
#1125 = LINE ( 'NONE', #274, #536 ) ;
#1126 = ORIENTED_EDGE ( 'NONE', *, *, #5295, .T. ) ;
#1127 = VERTEX_POINT ( 'NONE', #3866 ) ;
#1128 = ORIENTED_EDGE ( 'NONE', *, *, #5143, .T. ) ;
#1129 = ORIENTED_EDGE ( 'NONE', *, *, #5334, .T. ) ;
#1130 = FACE_OUTER_BOUND ( 'NONE', #3929, .T. ) ;
#1131 = CYLINDRICAL_SURFACE ( 'NONE', #3825, 0.06499999999999994671 ) ;
#1132 = CARTESIAN_POINT ( 'NONE',  ( 2.049999999999998490, 2.199999999999999289, -2.000000000000000000 ) ) ;
#1133 = CARTESIAN_POINT ( 'NONE',  ( 0.7006569860407350081, 2.899999999999999467, 0.6860744237413060054 ) ) ;
#1134 = DIRECTION ( 'NONE',  ( 1.000000000000000000, 1.130443199202757152E-16, 0.000000000000000000 ) ) ;
#1135 = DIRECTION ( 'NONE',  ( 0.000000000000000000, 2.220147486588071522E-16, 1.000000000000000000 ) ) ;
#1136 = VECTOR ( 'NONE', #3722, 1000.000000000000000 ) ;
#1137 = ORIENTED_EDGE ( 'NONE', *, *, #2762, .F. ) ;
#1138 = EDGE_CURVE ( 'NONE', #769, #539, #4407, .T. ) ;
#1139 = CARTESIAN_POINT ( 'NONE',  ( -4.759252271188818106, 0.3499999999999999223, 3.399999999999998579 ) ) ;
#1140 = ORIENTED_EDGE ( 'NONE', *, *, #1246, .T. ) ;
#1141 = PLANE ( 'NONE',  #3967 ) ;
#1142 = AXIS2_PLACEMENT_3D ( 'NONE', #3680, #253, #5399 ) ;
#1143 = ORIENTED_EDGE ( 'NONE', *, *, #518, .F. ) ;
#1144 = VECTOR ( 'NONE', #2927, 1000.000000000000000 ) ;
#1145 = VECTOR ( 'NONE', #1850, 1000.000000000000000 ) ;
#1146 = FACE_OUTER_BOUND ( 'NONE', #5073, .T. ) ;
#1147 = CARTESIAN_POINT ( 'NONE',  ( 0.000000000000000000, 0.000000000000000000, -3.200000000547037704 ) ) ;
#1148 = CARTESIAN_POINT ( 'NONE',  ( 3.154779163986334733, 0.7000000000000000666, 3.499999999999919176 ) ) ;
#1149 = FACE_OUTER_BOUND ( 'NONE', #4792, .T. ) ;
#1150 = EDGE_CURVE ( 'NONE', #470, #4663, #4347, .T. ) ;
#1151 = CARTESIAN_POINT ( 'NONE',  ( -5.190000000000002167, 0.7400000000000001021, 3.200000000547038148 ) ) ;
#1152 = PLANE ( 'NONE',  #2882 ) ;
#1153 = ORIENTED_EDGE ( 'NONE', *, *, #5111, .F. ) ;
#1154 = ORIENTED_EDGE ( 'NONE', *, *, #3060, .T. ) ;
#1155 = ADVANCED_FACE ( 'NONE', ( #3445 ), #2186, .F. ) ;
#1156 = ORIENTED_EDGE ( 'NONE', *, *, #445, .F. ) ;
#1157 = VECTOR ( 'NONE', #3088, 1000.000000000000000 ) ;
#1158 = VECTOR ( 'NONE', #2512, 1000.000000000000000 ) ;
#1159 = DIRECTION ( 'NONE',  ( 0.000000000000000000, 0.000000000000000000, -1.000000000000000000 ) ) ;
#1160 = DIRECTION ( 'NONE',  ( 1.000000000000000000, 0.000000000000000000, -0.000000000000000000 ) ) ;
#1161 = EDGE_CURVE ( 'NONE', #5189, #407, #1340, .T. ) ;
#1162 = DIRECTION ( 'NONE',  ( -1.000000000000000000, 0.000000000000000000, 0.000000000000000000 ) ) ;
#1163 = VECTOR ( 'NONE', #5509, 1000.000000000000000 ) ;
#1164 = LINE ( 'NONE', #3269, #816 ) ;
#1165 = DIRECTION ( 'NONE',  ( 1.000000000000000000, 0.000000000000000000, 0.000000000000000000 ) ) ;
#1166 = ORIENTED_EDGE ( 'NONE', *, *, #5330, .F. ) ;
#1167 = CARTESIAN_POINT ( 'NONE',  ( -5.250000000000000888, 2.099999999999999645, 3.750000000000001332 ) ) ;
#1168 = ORIENTED_EDGE ( 'NONE', *, *, #4039, .F. ) ;
#1169 = EDGE_CURVE ( 'NONE', #2322, #2025, #1759, .T. ) ;
#1170 = ORIENTED_EDGE ( 'NONE', *, *, #453, .F. ) ;
#1171 = DIRECTION ( 'NONE',  ( 0.000000000000000000, -0.000000000000000000, -1.000000000000000000 ) ) ;
#1172 = ORIENTED_EDGE ( 'NONE', *, *, #3060, .F. ) ;
#1173 = EDGE_CURVE ( 'NONE', #2509, #369, #861, .T. ) ;
#1174 = CARTESIAN_POINT ( 'NONE',  ( 2.049999999999998490, 1.199999999999998845, 1.999999999999999556 ) ) ;
#1175 = DIRECTION ( 'NONE',  ( 0.000000000000000000, -0.000000000000000000, -1.000000000000000000 ) ) ;
#1176 = CARTESIAN_POINT ( 'NONE',  ( -3.600000000000001421, 0.04999999999999928807, -3.200000000547041701 ) ) ;
#1177 = EDGE_CURVE ( 'NONE', #4534, #3219, #4762, .T. ) ;
#1178 = DIRECTION ( 'NONE',  ( -1.000000000000000000, -1.674721690361916513E-31, -7.542275980663214388E-16 ) ) ;
#1179 = VECTOR ( 'NONE', #3700, 1000.000000000000000 ) ;
#1180 = CARTESIAN_POINT ( 'NONE',  ( -3.850000000140619161, 8.697468197535033146E-16, -3.399999999999998579 ) ) ;
#1181 = AXIS2_PLACEMENT_3D ( 'NONE', #473, #5222, #1349 ) ;
#1182 = DIRECTION ( 'NONE',  ( -0.000000000000000000, -0.000000000000000000, 1.000000000000000000 ) ) ;
#1183 = EDGE_LOOP ( 'NONE', ( #4117, #1886, #5183, #5257 ) ) ;
#1184 = ORIENTED_EDGE ( 'NONE', *, *, #2995, .T. ) ;
#1185 = EDGE_CURVE ( 'NONE', #4518, #3747, #70, .T. ) ;
#1186 = EDGE_CURVE ( 'NONE', #2907, #3342, #1289, .T. ) ;
#1187 = CARTESIAN_POINT ( 'NONE',  ( -4.250000000000000888, 2.899999999999999911, 2.849999999999998757 ) ) ;
#1188 = FACE_OUTER_BOUND ( 'NONE', #5342, .T. ) ;
#1189 = CARTESIAN_POINT ( 'NONE',  ( 3.650000000281260704, 4.903561885709708184E-16, 3.499999999999919176 ) ) ;
#1190 =( NAMED_UNIT ( * ) SI_UNIT ( $, .STERADIAN. ) SOLID_ANGLE_UNIT ( ) );
#1191 = CARTESIAN_POINT ( 'NONE',  ( 1.949999999999998623, 2.899999999999999911, 2.849999999999998757 ) ) ;
#1192 = ORIENTED_EDGE ( 'NONE', *, *, #1076, .F. ) ;
#1193 = FACE_OUTER_BOUND ( 'NONE', #2329, .T. ) ;
#1194 = EDGE_LOOP ( 'NONE', ( #3585, #1509, #1013, #3869, #1857, #2997, #5323, #2024, #3753, #2661, #893, #3582, #159, #2174, #3745, #4544 ) ) ;
#1195 = AXIS2_PLACEMENT_3D ( 'NONE', #5056, #1211, #2928 ) ;
#1196 = ORIENTED_EDGE ( 'NONE', *, *, #1320, .F. ) ;
#1197 = VECTOR ( 'NONE', #2173, 1000.000000000000000 ) ;
#1198 = CARTESIAN_POINT ( 'NONE',  ( 4.799999999999999822, 1.709999999999999742, -3.499999999999919176 ) ) ;
#1199 = ORIENTED_EDGE ( 'NONE', *, *, #5498, .T. ) ;
#1200 = CARTESIAN_POINT ( 'NONE',  ( 3.450000000281259194, 0.6999999999999986233, -2.900000000000004796 ) ) ;
#1201 = VECTOR ( 'NONE', #4013, 1000.000000000000000 ) ;
#1202 = DIRECTION ( 'NONE',  ( 1.000000000000000000, 0.000000000000000000, 0.000000000000000000 ) ) ;
#1203 = CARTESIAN_POINT ( 'NONE',  ( -5.210000000000001741, 0.8800000000000000044, -3.399999999999998579 ) ) ;
#1204 = DIRECTION ( 'NONE',  ( -0.000000000000000000, 0.000000000000000000, 1.000000000000000000 ) ) ;
#1205 = CARTESIAN_POINT ( 'NONE',  ( 4.799999999999999822, 0.6900000000000003908, -3.499999999999919176 ) ) ;
#1206 = DIRECTION ( 'NONE',  ( 0.000000000000000000, 0.000000000000000000, 1.000000000000000000 ) ) ;
#1207 = ORIENTED_EDGE ( 'NONE', *, *, #4277, .T. ) ;
#1208 = ORIENTED_EDGE ( 'NONE', *, *, #3818, .T. ) ;
#1209 = LINE ( 'NONE', #2558, #3574 ) ;
#1210 = FILL_AREA_STYLE_COLOUR ( '', #1406 ) ;
#1211 = DIRECTION ( 'NONE',  ( 1.000000000000000000, -6.195440985631461234E-15, 0.000000000000000000 ) ) ;
#1212 = FACE_OUTER_BOUND ( 'NONE', #2392, .T. ) ;
#1213 = ORIENTED_EDGE ( 'NONE', *, *, #1138, .T. ) ;
#1214 = AXIS2_PLACEMENT_3D ( 'NONE', #3890, #2551, #1303 ) ;
#1215 = CARTESIAN_POINT ( 'NONE',  ( 3.450000000281259194, 0.6999999999999989564, -3.499999999999999556 ) ) ;
#1216 = CARTESIAN_POINT ( 'NONE',  ( -9.035018105457634166E-16, 0.7000000000000000666, 3.749999999999999556 ) ) ;
#1217 = ADVANCED_FACE ( 'NONE', ( #3001, #1786 ), #435, .T. ) ;
#1218 = ADVANCED_FACE ( 'NONE', ( #947 ), #2670, .F. ) ;
#1219 = EDGE_CURVE ( 'NONE', #674, #5288, #5246, .T. ) ;
#1220 = PLANE ( 'NONE',  #4814 ) ;
#1221 = EDGE_CURVE ( 'NONE', #90, #824, #3558, .T. ) ;
#1222 = ORIENTED_EDGE ( 'NONE', *, *, #3403, .T. ) ;
#1223 = CARTESIAN_POINT ( 'NONE',  ( 3.450000000281258750, 0.6999999999999998446, 2.900000000000007461 ) ) ;
#1224 = CARTESIAN_POINT ( 'NONE',  ( 4.799999999999999822, 0.6900000000000003908, 3.499999999999919176 ) ) ;
#1225 = DIRECTION ( 'NONE',  ( 0.000000000000000000, -1.000000000000000000, 2.220446049250313574E-16 ) ) ;
#1226 = DIRECTION ( 'NONE',  ( -0.000000000000000000, -0.000000000000000000, 1.000000000000000000 ) ) ;
#1227 = DIRECTION ( 'NONE',  ( 0.000000000000000000, -1.000000000000000000, 0.000000000000000000 ) ) ;
#1228 = VERTEX_POINT ( 'NONE', #1123 ) ;
#1229 = AXIS2_PLACEMENT_3D ( 'NONE', #3366, #1654, #2105 ) ;
#1230 = ORIENTED_EDGE ( 'NONE', *, *, #3829, .T. ) ;
#1231 = VECTOR ( 'NONE', #297, 1000.000000000000000 ) ;
#1232 = DIRECTION ( 'NONE',  ( 8.673617380697141031E-16, -1.000000000000000000, 0.000000000000000000 ) ) ;
#1233 = FILL_AREA_STYLE ('',( #1210 ) ) ;
#1234 = VECTOR ( 'NONE', #4334, 1000.000000000000000 ) ;
#1235 = LINE ( 'NONE', #6, #198 ) ;
#1236 = DIRECTION ( 'NONE',  ( -1.000000000000000000, -1.232595164407830946E-32, 2.736911063134408949E-48 ) ) ;
#1237 = AXIS2_PLACEMENT_3D ( 'NONE', #4621, #2117, #3355 ) ;
#1238 = EDGE_LOOP ( 'NONE', ( #4703, #1638, #3144, #4747 ) ) ;
#1239 = VERTEX_POINT ( 'NONE', #3138 ) ;
#1240 = VECTOR ( 'NONE', #560, 1000.000000000000114 ) ;
#1241 = ADVANCED_FACE ( 'NONE', ( #184 ), #1906, .F. ) ;
#1242 = EDGE_CURVE ( 'NONE', #4613, #4983, #585, .T. ) ;
#1243 = FACE_OUTER_BOUND ( 'NONE', #3966, .T. ) ;
#1244 = AXIS2_PLACEMENT_3D ( 'NONE', #4720, #5567, #1609 ) ;
#1245 = DIRECTION ( 'NONE',  ( 0.000000000000000000, 0.000000000000000000, 1.000000000000000000 ) ) ;
#1246 = EDGE_CURVE ( 'NONE', #5570, #2425, #1068, .T. ) ;
#1247 = EDGE_CURVE ( 'NONE', #2193, #1004, #5306, .T. ) ;
#1248 = CARTESIAN_POINT ( 'NONE',  ( 2.530127506375326341E-77, 0.05000000000000000278, -1.110223024625156910E-17 ) ) ;
#1249 = DIRECTION ( 'NONE',  ( -0.000000000000000000, -0.000000000000000000, -1.000000000000000000 ) ) ;
#1250 = ORIENTED_EDGE ( 'NONE', *, *, #2875, .T. ) ;
#1251 = CARTESIAN_POINT ( 'NONE',  ( 4.949999999999999289, 0.06500000000000109857, -3.499999999999919176 ) ) ;
#1252 = DIRECTION ( 'NONE',  ( -1.000000000000000000, -1.232595164407830946E-32, 2.736911063134408949E-48 ) ) ;
#1253 = CARTESIAN_POINT ( 'NONE',  ( 4.949999999999999289, 0.5599999999999993872, 2.999999999999613198 ) ) ;
#1254 = DIRECTION ( 'NONE',  ( -0.5000000000000015543, 0.8660254037844378194, 0.000000000000000000 ) ) ;
#1255 = EDGE_LOOP ( 'NONE', ( #3331, #4805, #577, #4357, #4254 ) ) ;
#1256 = ORIENTED_EDGE ( 'NONE', *, *, #5225, .T. ) ;
#1257 = PRODUCT_CONTEXT ( 'NONE', #3569, 'mechanical' ) ;
#1258 = ORIENTED_EDGE ( 'NONE', *, *, #211, .T. ) ;
#1259 = VERTEX_POINT ( 'NONE', #155 ) ;
#1260 = EDGE_CURVE ( 'NONE', #528, #1498, #4961, .T. ) ;
#1261 = CARTESIAN_POINT ( 'NONE',  ( -5.250000000000000888, 1.199999999999999734, -3.400000000000000355 ) ) ;
#1262 = VECTOR ( 'NONE', #4790, 1000.000000000000000 ) ;
#1263 = VECTOR ( 'NONE', #985, 1000.000000000000000 ) ;
#1264 = CARTESIAN_POINT ( 'NONE',  ( 2.049999999999998490, 1.199999999999998845, -1.499999999999999334 ) ) ;
#1265 = LINE ( 'NONE', #3868, #4043 ) ;
#1266 = ORIENTED_EDGE ( 'NONE', *, *, #4614, .T. ) ;
#1267 = EDGE_CURVE ( 'NONE', #330, #5022, #2782, .T. ) ;
#1268 = VECTOR ( 'NONE', #2430, 1000.000000000000000 ) ;
#1269 = ORIENTED_EDGE ( 'NONE', *, *, #3788, .F. ) ;
#1270 = SURFACE_SIDE_STYLE ('',( #5109 ) ) ;
#1271 = CARTESIAN_POINT ( 'NONE',  ( 4.734999999999999432, 1.774999999999999689, -3.499999999999919176 ) ) ;
#1272 = CARTESIAN_POINT ( 'NONE',  ( 1.949999999999998623, 2.199999999999999289, -1.499999999999999556 ) ) ;
#1273 = ORIENTED_EDGE ( 'NONE', *, *, #3749, .T. ) ;
#1274 = FILL_AREA_STYLE ('',( #4619 ) ) ;
#1275 = ORIENTED_EDGE ( 'NONE', *, *, #3320, .F. ) ;
#1276 = CIRCLE ( 'NONE', #2268, 0.1000000000000002554 ) ;
#1277 = LINE ( 'NONE', #2990, #339 ) ;
#1278 = DIRECTION ( 'NONE',  ( 0.000000000000000000, 1.000000000000000000, 0.000000000000000000 ) ) ;
#1279 = AXIS2_PLACEMENT_3D ( 'NONE', #691, #717, #2440 ) ;
#1280 = DIRECTION ( 'NONE',  ( 1.000000000000000000, 0.000000000000000000, 0.000000000000000000 ) ) ;
#1281 = CARTESIAN_POINT ( 'NONE',  ( 3.550000000281260171, 0.1000000000000004774, 3.499999999999919176 ) ) ;
#1282 = CIRCLE ( 'NONE', #1112, 0.02000000000000005246 ) ;
#1283 = EDGE_LOOP ( 'NONE', ( #4186, #1939, #2147, #1140 ) ) ;
#1284 = ORIENTED_EDGE ( 'NONE', *, *, #4006, .F. ) ;
#1285 = VECTOR ( 'NONE', #1596, 1000.000000000000000 ) ;
#1286 = VECTOR ( 'NONE', #2301, 1000.000000000000000 ) ;
#1287 = ORIENTED_EDGE ( 'NONE', *, *, #250, .T. ) ;
#1288 = FACE_OUTER_BOUND ( 'NONE', #4074, .T. ) ;
#1289 = LINE ( 'NONE', #5185, #4607 ) ;
#1290 = CARTESIAN_POINT ( 'NONE',  ( -5.250000000000001776, 0.1000000000000014211, 3.399999999999998579 ) ) ;
#1291 = ADVANCED_FACE ( 'NONE', ( #3223 ), #4928, .T. ) ;
#1292 = CARTESIAN_POINT ( 'NONE',  ( -3.750000000140619072, 1.200000000000001066, 3.200000000547037260 ) ) ;
#1293 = VERTEX_POINT ( 'NONE', #3980 ) ;
#1294 = ORIENTED_EDGE ( 'NONE', *, *, #5034, .T. ) ;
#1295 = CARTESIAN_POINT ( 'NONE',  ( 1.949999999999998623, 0.2999999999999990452, -2.850000000000000089 ) ) ;
#1296 = CARTESIAN_POINT ( 'NONE',  ( 1.949999999999998623, 2.900000000000000799, -2.850000000000000533 ) ) ;
#1297 = VERTEX_POINT ( 'NONE', #4511 ) ;
#1298 = DIRECTION ( 'NONE',  ( -0.000000000000000000, -0.000000000000000000, -1.000000000000000000 ) ) ;
#1299 = ORIENTED_EDGE ( 'NONE', *, *, #2583, .T. ) ;
#1300 = DIRECTION ( 'NONE',  ( 0.000000000000000000, 0.000000000000000000, 1.000000000000000000 ) ) ;
#1301 = ORIENTED_EDGE ( 'NONE', *, *, #1219, .F. ) ;
#1302 = LINE ( 'NONE', #2176, #4112 ) ;
#1303 = DIRECTION ( 'NONE',  ( 0.000000000000000000, 0.000000000000000000, 1.000000000000000000 ) ) ;
#1304 = CARTESIAN_POINT ( 'NONE',  ( 0.000000000000000000, 0.05000000000000000278, -1.110223024625156910E-17 ) ) ;
#1305 = CARTESIAN_POINT ( 'NONE',  ( 4.949999999999999289, 0.06500000000000109857, -3.499999999999919176 ) ) ;
#1306 = ORIENTED_EDGE ( 'NONE', *, *, #5318, .T. ) ;
#1307 = EDGE_CURVE ( 'NONE', #3212, #1317, #4096, .T. ) ;
#1308 = EDGE_CURVE ( 'NONE', #2893, #3205, #240, .T. ) ;
#1309 = VERTEX_POINT ( 'NONE', #3618 ) ;
#1310 = DIRECTION ( 'NONE',  ( 1.000000000000000000, 0.000000000000000000, 0.000000000000000000 ) ) ;
#1311 = FACE_OUTER_BOUND ( 'NONE', #1012, .T. ) ;
#1312 = AXIS2_PLACEMENT_3D ( 'NONE', #2488, #3351, #5140 ) ;
#1313 = LINE ( 'NONE', #2615, #1015 ) ;
#1314 = CIRCLE ( 'NONE', #2761, 0.09999999999999982514 ) ;
#1315 = ADVANCED_FACE ( 'NONE', ( #2332 ), #4538, .T. ) ;
#1316 = DIRECTION ( 'NONE',  ( -0.000000000000000000, -0.000000000000000000, -1.000000000000000000 ) ) ;
#1317 = VERTEX_POINT ( 'NONE', #1934 ) ;
#1318 = ORIENTED_EDGE ( 'NONE', *, *, #4373, .T. ) ;
#1319 = VECTOR ( 'NONE', #2444, 1000.000000000000000 ) ;
#1320 = EDGE_CURVE ( 'NONE', #4687, #1119, #2360, .T. ) ;
#1321 = CARTESIAN_POINT ( 'NONE',  ( 4.399999999999999467, 1.309999999999999831, 3.499999999999919176 ) ) ;
#1322 = CARTESIAN_POINT ( 'NONE',  ( -5.150000000000001243, 7.227892038730409054E-16, 3.399999999999998579 ) ) ;
#1323 = ORIENTED_EDGE ( 'NONE', *, *, #5120, .T. ) ;
#1324 = VECTOR ( 'NONE', #3542, 1000.000000000000000 ) ;
#1325 = VECTOR ( 'NONE', #143, 1000.000000000000000 ) ;
#1326 = CARTESIAN_POINT ( 'NONE',  ( -4.600000000000001421, 2.099999999999999645, -3.750000000000000888 ) ) ;
#1327 = AXIS2_PLACEMENT_3D ( 'NONE', #3896, #5551, #2668 ) ;
#1328 = PLANE ( 'NONE',  #605 ) ;
#1329 = EDGE_CURVE ( 'NONE', #4692, #3581, #4460, .T. ) ;
#1330 = DIRECTION ( 'NONE',  ( 1.000000000000000000, -0.000000000000000000, -0.000000000000000000 ) ) ;
#1331 = ORIENTED_EDGE ( 'NONE', *, *, #3648, .T. ) ;
#1332 = LINE ( 'NONE', #5236, #3028 ) ;
#1333 = LINE ( 'NONE', #3016, #5247 ) ;
#1334 = LINE ( 'NONE', #402, #2009 ) ;
#1335 = CARTESIAN_POINT ( 'NONE',  ( 0.000000000000000000, 0.7000000000000000666, -3.500000000000000000 ) ) ;
#1336 = VECTOR ( 'NONE', #695, 1000.000000000000000 ) ;
#1337 = ORIENTED_EDGE ( 'NONE', *, *, #1650, .F. ) ;
#1338 = ORIENTED_EDGE ( 'NONE', *, *, #287, .T. ) ;
#1339 = LINE ( 'NONE', #1363, #1063 ) ;
#1340 = LINE ( 'NONE', #3023, #2729 ) ;
#1341 = DIRECTION ( 'NONE',  ( 0.000000000000000000, 0.000000000000000000, -1.000000000000000000 ) ) ;
#1342 = CARTESIAN_POINT ( 'NONE',  ( 3.550000000281260171, 0.5749999999999998446, -3.499999999999919176 ) ) ;
#1343 = EDGE_CURVE ( 'NONE', #2278, #3607, #2385, .T. ) ;
#1344 = ADVANCED_FACE ( 'NONE', ( #613 ), #4070, .F. ) ;
#1345 = VERTEX_POINT ( 'NONE', #1426 ) ;
#1346 = ORIENTED_EDGE ( 'NONE', *, *, #568, .F. ) ;
#1347 = VECTOR ( 'NONE', #2478, 1000.000000000000000 ) ;
#1348 = DIRECTION ( 'NONE',  ( 1.000000000000000000, 0.000000000000000000, 0.000000000000000000 ) ) ;
#1349 = DIRECTION ( 'NONE',  ( -1.000000000000000000, 0.000000000000000000, 0.000000000000000000 ) ) ;
#1350 = ORIENTED_EDGE ( 'NONE', *, *, #4803, .F. ) ;
#1351 = MECHANICAL_DESIGN_GEOMETRIC_PRESENTATION_REPRESENTATION (  '', ( #4048 ), #3330 ) ;
#1352 = ORIENTED_EDGE ( 'NONE', *, *, #4039, .T. ) ;
#1353 = LINE ( 'NONE', #5230, #2051 ) ;
#1354 = LINE ( 'NONE', #53, #2075 ) ;
#1355 = VERTEX_POINT ( 'NONE', #5338 ) ;
#1356 = DIRECTION ( 'NONE',  ( 0.000000000000000000, 1.000000000000000000, 0.000000000000000000 ) ) ;
#1357 = DIRECTION ( 'NONE',  ( -1.000000000000000000, 0.000000000000000000, 0.000000000000000000 ) ) ;
#1358 = CARTESIAN_POINT ( 'NONE',  ( 2.899999999999998135, 0.000000000000000000, 3.499999999999919176 ) ) ;
#1359 = CARTESIAN_POINT ( 'NONE',  ( 3.450000000281260082, 1.374999999999999778, 3.499999999999919176 ) ) ;
#1360 = VERTEX_POINT ( 'NONE', #2021 ) ;
#1361 = VECTOR ( 'NONE', #1162, 1000.000000000000000 ) ;
#1362 = PLANE ( 'NONE',  #1943 ) ;
#1363 = CARTESIAN_POINT ( 'NONE',  ( -5.250000000000001776, 0.9000000000000001332, -3.399999999999998579 ) ) ;
#1364 = DIRECTION ( 'NONE',  ( 0.000000000000000000, 1.000000000000000000, 0.000000000000000000 ) ) ;
#1365 = VECTOR ( 'NONE', #4297, 1000.000000000000000 ) ;
#1366 = DIRECTION ( 'NONE',  ( 0.000000000000000000, 0.000000000000000000, 1.000000000000000000 ) ) ;
#1367 = LINE ( 'NONE', #3085, #3050 ) ;
#1368 = VECTOR ( 'NONE', #3945, 1000.000000000000000 ) ;
#1369 = ADVANCED_FACE ( 'NONE', ( #5045 ), #4182, .F. ) ;
#1370 = ORIENTED_EDGE ( 'NONE', *, *, #3667, .F. ) ;
#1371 = ADVANCED_FACE ( 'NONE', ( #323 ), #4236, .F. ) ;
#1372 = VECTOR ( 'NONE', #550, 1000.000000000000000 ) ;
#1373 = LINE ( 'NONE', #4353, #2682 ) ;
#1374 = CARTESIAN_POINT ( 'NONE',  ( -0.8999999999999984679, 1.199999999999998845, 1.999999999999999556 ) ) ;
#1375 = LINE ( 'NONE', #2705, #1508 ) ;
#1376 = ORIENTED_EDGE ( 'NONE', *, *, #1219, .T. ) ;
#1377 = ORIENTED_EDGE ( 'NONE', *, *, #2463, .T. ) ;
#1378 = DIRECTION ( 'NONE',  ( -1.000000000000000000, -0.000000000000000000, -0.000000000000000000 ) ) ;
#1379 = ORIENTED_EDGE ( 'NONE', *, *, #2326, .F. ) ;
#1380 = CARTESIAN_POINT ( 'NONE',  ( 4.399999999999999467, 1.309999999999999831, -2.999999999999613198 ) ) ;
#1381 = EDGE_CURVE ( 'NONE', #140, #4388, #5018, .T. ) ;
#1382 = VERTEX_POINT ( 'NONE', #1595 ) ;
#1383 = VERTEX_POINT ( 'NONE', #1568 ) ;
#1384 = VECTOR ( 'NONE', #2149, 1000.000000000000000 ) ;
#1385 = DIRECTION ( 'NONE',  ( -0.000000000000000000, -0.000000000000000000, -1.000000000000000000 ) ) ;
#1386 = ORIENTED_EDGE ( 'NONE', *, *, #2625, .F. ) ;
#1387 = LINE ( 'NONE', #1977, #4348 ) ;
#1388 = EDGE_CURVE ( 'NONE', #1309, #4834, #4572, .T. ) ;
#1389 = CARTESIAN_POINT ( 'NONE',  ( -0.8999999999999984679, 1.199999999999998845, 1.999999999999999556 ) ) ;
#1390 = LINE ( 'NONE', #3918, #1917 ) ;
#1391 = EDGE_LOOP ( 'NONE', ( #4859, #1269, #3486, #740 ) ) ;
#1392 = DIRECTION ( 'NONE',  ( 1.000000000000000000, 0.000000000000000000, 0.000000000000000000 ) ) ;
#1393 = FACE_OUTER_BOUND ( 'NONE', #529, .T. ) ;
#1394 = PLANE ( 'NONE',  #417 ) ;
#1395 = FACE_OUTER_BOUND ( 'NONE', #3154, .T. ) ;
#1396 = DIRECTION ( 'NONE',  ( 0.000000000000000000, -1.000000000000000000, 2.220446049250313574E-16 ) ) ;
#1397 = VERTEX_POINT ( 'NONE', #1617 ) ;
#1398 = ORIENTED_EDGE ( 'NONE', *, *, #4035, .F. ) ;
#1399 = CARTESIAN_POINT ( 'NONE',  ( 1.949999999999998623, 2.199999999999999734, 2.000000000000000000 ) ) ;
#1400 = DIRECTION ( 'NONE',  ( 0.7071067811865425767, 1.570092458683786507E-16, 0.7071067811865525687 ) ) ;
#1401 = DIRECTION ( 'NONE',  ( 1.020425574104013071E-15, -2.220446049250314560E-16, -1.000000000000000000 ) ) ;
#1402 = ORIENTED_EDGE ( 'NONE', *, *, #1414, .F. ) ;
#1403 = ORIENTED_EDGE ( 'NONE', *, *, #1648, .T. ) ;
#1404 = VECTOR ( 'NONE', #4550, 1000.000000000000000 ) ;
#1405 = EDGE_CURVE ( 'NONE', #5317, #3119, #1990, .T. ) ;
#1406 = COLOUR_RGB ( '',0.7921568627450980005, 0.8196078431372548767, 0.9333333333333333481 ) ;
#1407 = DIRECTION ( 'NONE',  ( -0.000000000000000000, -1.000000000000000000, 2.220446049250313574E-16 ) ) ;
#1408 = VECTOR ( 'NONE', #1893, 1000.000000000000000 ) ;
#1409 = LINE ( 'NONE', #5172, #2967 ) ;
#1410 = ADVANCED_FACE ( 'NONE', ( #3724 ), #3779, .T. ) ;
#1411 = ORIENTED_EDGE ( 'NONE', *, *, #450, .F. ) ;
#1412 = ORIENTED_EDGE ( 'NONE', *, *, #1381, .F. ) ;
#1413 = VECTOR ( 'NONE', #2743, 1000.000000000000114 ) ;
#1414 = EDGE_CURVE ( 'NONE', #4663, #928, #1282, .T. ) ;
#1415 = ORIENTED_EDGE ( 'NONE', *, *, #4734, .T. ) ;
#1416 = AXIS2_PLACEMENT_3D ( 'NONE', #1824, #897, #3114 ) ;
#1417 = DIRECTION ( 'NONE',  ( 1.000000000000000000, 8.673617380697141031E-16, 0.000000000000000000 ) ) ;
#1418 = ORIENTED_EDGE ( 'NONE', *, *, #3068, .F. ) ;
#1419 = CARTESIAN_POINT ( 'NONE',  ( -2.050000000000001155, 2.099999999999999645, 3.399999999999999467 ) ) ;
#1420 = DIRECTION ( 'NONE',  ( 0.9351131265310302920, 0.2505628070857297551, 0.2505628070857297551 ) ) ;
#1421 = VECTOR ( 'NONE', #1503, 1000.000000000000000 ) ;
#1422 = LINE ( 'NONE', #2637, #383 ) ;
#1423 = ORIENTED_EDGE ( 'NONE', *, *, #5359, .F. ) ;
#1424 = DIRECTION ( 'NONE',  ( -1.000000000000000000, 0.000000000000000000, 0.000000000000000000 ) ) ;
#1425 = DIRECTION ( 'NONE',  ( 0.000000000000000000, -1.000000000000000000, 2.891205793294678326E-16 ) ) ;
#1426 = CARTESIAN_POINT ( 'NONE',  ( -4.250000000000000888, 3.199999999999999734, 3.750000000000000888 ) ) ;
#1427 = DIRECTION ( 'NONE',  ( -1.000000000000000000, -0.000000000000000000, 0.000000000000000000 ) ) ;
#1428 = FACE_OUTER_BOUND ( 'NONE', #2092, .T. ) ;
#1429 = ORIENTED_EDGE ( 'NONE', *, *, #3344, .F. ) ;
#1430 = EDGE_CURVE ( 'NONE', #3485, #3434, #3281, .T. ) ;
#1431 = CARTESIAN_POINT ( 'NONE',  ( -3.250000000000001332, 3.199999999999999289, -1.699999999999999956 ) ) ;
#1432 = ORIENTED_EDGE ( 'NONE', *, *, #1185, .F. ) ;
#1433 = ORIENTED_EDGE ( 'NONE', *, *, #2490, .T. ) ;
#1434 = CARTESIAN_POINT ( 'NONE',  ( 3.450000000281259194, 0.6999999999999986233, -3.000000000000004885 ) ) ;
#1435 = LINE ( 'NONE', #1374, #1983 ) ;
#1436 = CARTESIAN_POINT ( 'NONE',  ( 4.949999999999999289, 0.5599999999999993872, -3.499999999999919176 ) ) ;
#1437 = ORIENTED_EDGE ( 'NONE', *, *, #2739, .T. ) ;
#1438 = ORIENTED_EDGE ( 'NONE', *, *, #3532, .T. ) ;
#1439 = LINE ( 'NONE', #2196, #4465 ) ;
#1440 = VECTOR ( 'NONE', #1456, 1000.000000000000000 ) ;
#1441 = AXIS2_PLACEMENT_3D ( 'NONE', #3957, #43, #1825 ) ;
#1442 = ORIENTED_EDGE ( 'NONE', *, *, #2395, .T. ) ;
#1443 = ORIENTED_EDGE ( 'NONE', *, *, #3334, .F. ) ;
#1444 = DIRECTION ( 'NONE',  ( 0.000000000000000000, 0.000000000000000000, 1.000000000000000000 ) ) ;
#1445 = ORIENTED_EDGE ( 'NONE', *, *, #3503, .F. ) ;
#1446 = LINE ( 'NONE', #3296, #862 ) ;
#1447 = DIRECTION ( 'NONE',  ( 0.000000000000000000, 2.168404344971007882E-16, 1.000000000000000000 ) ) ;
#1448 = CARTESIAN_POINT ( 'NONE',  ( 3.650000000281260704, 4.903561885709708184E-16, 3.499999999999919176 ) ) ;
#1449 = ORIENTED_EDGE ( 'NONE', *, *, #3807, .F. ) ;
#1450 = ADVANCED_FACE ( 'NONE', ( #2418 ), #2890, .F. ) ;
#1451 = LINE ( 'NONE', #2358, #5232 ) ;
#1452 = CARTESIAN_POINT ( 'NONE',  ( -5.230000000000002203, 0.5800000000000000711, -3.399999999999998579 ) ) ;
#1453 = CARTESIAN_POINT ( 'NONE',  ( 2.049999999999998490, 0.000000000000000000, 0.000000000000000000 ) ) ;
#1454 = CARTESIAN_POINT ( 'NONE',  ( -5.250000000000000888, 1.199999999999999734, -4.232725281383408324E-16 ) ) ;
#1455 = EDGE_CURVE ( 'NONE', #4477, #2109, #752, .T. ) ;
#1456 = DIRECTION ( 'NONE',  ( -0.000000000000000000, -1.000000000000000000, 2.220446049250313574E-16 ) ) ;
#1457 = ADVANCED_FACE ( 'NONE', ( #2476 ), #352, .F. ) ;
#1458 = ORIENTED_EDGE ( 'NONE', *, *, #1242, .T. ) ;
#1459 = ADVANCED_FACE ( 'NONE', ( #1149 ), #5492, .F. ) ;
#1460 = DIRECTION ( 'NONE',  ( -0.000000000000000000, -0.000000000000000000, 1.000000000000000000 ) ) ;
#1461 = ORIENTED_EDGE ( 'NONE', *, *, #3580, .T. ) ;
#1462 = ORIENTED_EDGE ( 'NONE', *, *, #3166, .T. ) ;
#1463 = AXIS2_PLACEMENT_3D ( 'NONE', #1775, #2626, #2229 ) ;
#1464 = DIRECTION ( 'NONE',  ( -0.000000000000000000, -1.000000000000000000, 2.220446049250313574E-16 ) ) ;
#1465 = EDGE_CURVE ( 'NONE', #4416, #4145, #2982, .T. ) ;
#1466 = CARTESIAN_POINT ( 'NONE',  ( 1.949999999999998623, 2.899999999999999911, -0.5500000000000000444 ) ) ;
#1467 = EDGE_CURVE ( 'NONE', #3719, #3509, #5070, .T. ) ;
#1468 = AXIS2_PLACEMENT_3D ( 'NONE', #3611, #2355, #5383 ) ;
#1469 = DIRECTION ( 'NONE',  ( -1.000000000000000000, 0.000000000000000000, 0.000000000000000000 ) ) ;
#1470 = ORIENTED_EDGE ( 'NONE', *, *, #2675, .F. ) ;
#1471 = ORIENTED_EDGE ( 'NONE', *, *, #3344, .T. ) ;
#1472 = AXIS2_PLACEMENT_3D ( 'NONE', #3256, #644, #2361 ) ;
#1473 = VECTOR ( 'NONE', #2750, 1000.000000000000000 ) ;
#1474 = DIRECTION ( 'NONE',  ( -6.195440985631462023E-15, -1.000000000000000000, 0.000000000000000000 ) ) ;
#1475 = CARTESIAN_POINT ( 'NONE',  ( -5.250000000000001776, 0.4000000000000000777, 3.399999999999998579 ) ) ;
#1476 = ORIENTED_EDGE ( 'NONE', *, *, #5498, .F. ) ;
#1477 = CARTESIAN_POINT ( 'NONE',  ( -3.600000000000001421, 0.04999999999999928807, -3.200000000547041701 ) ) ;
#1478 = DIRECTION ( 'NONE',  ( 0.000000000000000000, -1.000000000000000000, 1.445602896647339163E-16 ) ) ;
#1479 = EDGE_LOOP ( 'NONE', ( #3415, #903, #1641, #1913, #5014, #4935 ) ) ;
#1480 = EDGE_CURVE ( 'NONE', #5155, #843, #2942, .T. ) ;
#1481 = VERTEX_POINT ( 'NONE', #1253 ) ;
#1482 = FACE_OUTER_BOUND ( 'NONE', #476, .T. ) ;
#1483 = LINE ( 'NONE', #2781, #65 ) ;
#1484 = CARTESIAN_POINT ( 'NONE',  ( -0.8999999999999984679, 1.199999999999998845, 1.499999999999999334 ) ) ;
#1485 = DIRECTION ( 'NONE',  ( -1.000000000000000000, 0.000000000000000000, 0.000000000000000000 ) ) ;
#1486 = ADVANCED_FACE ( 'NONE', ( #3697 ), #5420, .F. ) ;
#1487 = DIRECTION ( 'NONE',  ( -0.000000000000000000, -0.000000000000000000, 1.000000000000000000 ) ) ;
#1488 = ORIENTED_EDGE ( 'NONE', *, *, #3981, .F. ) ;
#1489 = DIRECTION ( 'NONE',  ( -1.000000000000000000, 0.000000000000000000, 0.000000000000000000 ) ) ;
#1490 = VERTEX_POINT ( 'NONE', #5178 ) ;
#1491 = ADVANCED_FACE ( 'NONE', ( #430 ), #2994, .T. ) ;
#1492 = FACE_OUTER_BOUND ( 'NONE', #2162, .T. ) ;
#1493 = CARTESIAN_POINT ( 'NONE',  ( -4.250000000000000888, 2.099999999999999645, -3.544337567297407343 ) ) ;
#1494 = PRODUCT_DEFINITION_SHAPE ( 'NONE', 'NONE',  #3816 ) ;
#1495 = VECTOR ( 'NONE', #4760, 1000.000000000000000 ) ;
#1496 = CARTESIAN_POINT ( 'NONE',  ( 3.450000000281260082, 1.774999999999999689, 3.499999999999919176 ) ) ;
#1497 = EDGE_LOOP ( 'NONE', ( #1087, #1107, #880, #2824 ) ) ;
#1498 = VERTEX_POINT ( 'NONE', #1725 ) ;
#1499 = EDGE_CURVE ( 'NONE', #1317, #2363, #2578, .T. ) ;
#1500 = SURFACE_STYLE_USAGE ( .BOTH. , #3634 ) ;
#1501 = CIRCLE ( 'NONE', #2582, 0.06499999999999994671 ) ;
#1502 = ORIENTED_EDGE ( 'NONE', *, *, #5562, .F. ) ;
#1503 = DIRECTION ( 'NONE',  ( -0.000000000000000000, -0.000000000000000000, 1.000000000000000000 ) ) ;
#1504 = ORIENTED_EDGE ( 'NONE', *, *, #331, .F. ) ;
#1505 = CIRCLE ( 'NONE', #5088, 0.06499999999999994671 ) ;
#1506 = DIRECTION ( 'NONE',  ( -0.000000000000000000, -1.000000000000000000, 2.220446049250314067E-16 ) ) ;
#1507 = DIRECTION ( 'NONE',  ( 0.000000000000000000, 1.000000000000000000, -2.220446049250313574E-16 ) ) ;
#1508 = VECTOR ( 'NONE', #1855, 1000.000000000000000 ) ;
#1509 = ORIENTED_EDGE ( 'NONE', *, *, #800, .T. ) ;
#1510 = DIRECTION ( 'NONE',  ( -0.000000000000000000, -2.220446049250313081E-16, -1.000000000000000000 ) ) ;
#1511 = CIRCLE ( 'NONE', #709, 0.09999999999999982514 ) ;
#1512 = LINE ( 'NONE', #4405, #2549 ) ;
#1513 = CARTESIAN_POINT ( 'NONE',  ( -3.050000000000001599, 2.899999999999999911, -0.5500000000000000444 ) ) ;
#1514 = DIRECTION ( 'NONE',  ( -0.000000000000000000, -1.000000000000000000, 2.220446049250313574E-16 ) ) ;
#1515 = VECTOR ( 'NONE', #1933, 1000.000000000000000 ) ;
#1516 = DIRECTION ( 'NONE',  ( 0.2588190451025187411, 0.000000000000000000, -0.9659258262890688673 ) ) ;
#1517 = CARTESIAN_POINT ( 'NONE',  ( -4.759252271188818106, 0.3499999999999999223, -3.750000000000000000 ) ) ;
#1518 = EDGE_LOOP ( 'NONE', ( #4129, #1701, #604, #1925, #4650, #1449, #2795, #245, #2700, #1020, #2765, #4001, #4199, #4464, #1559, #718, #1692, #4542 ) ) ;
#1519 = DIRECTION ( 'NONE',  ( 1.000000000000000000, -0.000000000000000000, -0.000000000000000000 ) ) ;
#1520 = VERTEX_POINT ( 'NONE', #4315 ) ;
#1521 = ORIENTED_EDGE ( 'NONE', *, *, #1899, .F. ) ;
#1522 = CARTESIAN_POINT ( 'NONE',  ( -5.250000000000000888, 2.099999999999999645, 3.750000000000001332 ) ) ;
#1523 = EDGE_CURVE ( 'NONE', #4948, #4889, #5207, .T. ) ;
#1524 = LINE ( 'NONE', #280, #4243 ) ;
#1525 = ORIENTED_EDGE ( 'NONE', *, *, #4566, .F. ) ;
#1526 = LINE ( 'NONE', #3965, #743 ) ;
#1527 = CARTESIAN_POINT ( 'NONE',  ( 4.949999999999999289, 0.5599999999999993872, 3.499999999999919176 ) ) ;
#1528 = EDGE_LOOP ( 'NONE', ( #1266, #1740, #4968, #3414 ) ) ;
#1529 = DIRECTION ( 'NONE',  ( -1.000000000000000000, 0.000000000000000000, 0.000000000000000000 ) ) ;
#1530 = ORIENTED_EDGE ( 'NONE', *, *, #5219, .F. ) ;
#1531 = VECTOR ( 'NONE', #2616, 1000.000000000000000 ) ;
#1532 = CARTESIAN_POINT ( 'NONE',  ( -5.250000000000000888, 1.200000000000001066, 3.200000000547037260 ) ) ;
#1533 = PLANE ( 'NONE',  #4159 ) ;
#1534 = VECTOR ( 'NONE', #4685, 1000.000000000000000 ) ;
#1535 = ORIENTED_EDGE ( 'NONE', *, *, #2964, .F. ) ;
#1536 = LINE ( 'NONE', #3721, #2223 ) ;
#1537 = CARTESIAN_POINT ( 'NONE',  ( 3.450000000281259194, 2.849999999999998312, -3.000000000000005329 ) ) ;
#1538 = CARTESIAN_POINT ( 'NONE',  ( -4.600000000000001421, 2.099999999999999645, 3.750000000000000888 ) ) ;
#1539 = DIRECTION ( 'NONE',  ( -0.000000000000000000, -0.000000000000000000, -1.000000000000000000 ) ) ;
#1540 = PLANE ( 'NONE',  #1472 ) ;
#1541 = FACE_OUTER_BOUND ( 'NONE', #5100, .T. ) ;
#1542 = ORIENTED_EDGE ( 'NONE', *, *, #4305, .T. ) ;
#1543 = CARTESIAN_POINT ( 'NONE',  ( 1.949999999999998623, 3.199999999999999734, -0.8000000000000014877 ) ) ;
#1544 = ORIENTED_EDGE ( 'NONE', *, *, #899, .F. ) ;
#1545 = PLANE ( 'NONE',  #337 ) ;
#1546 = LINE ( 'NONE', #2734, #1858 ) ;
#1547 = LINE ( 'NONE', #3235, #4862 ) ;
#1548 = EDGE_CURVE ( 'NONE', #1764, #5291, #3891, .T. ) ;
#1549 = CARTESIAN_POINT ( 'NONE',  ( 4.799999999999999822, 0.6900000000000003908, -2.999999999999613198 ) ) ;
#1550 = AXIS2_PLACEMENT_3D ( 'NONE', #361, #2084, #813 ) ;
#1551 = DIRECTION ( 'NONE',  ( 1.000000000000000000, -1.074262801865645751E-16, 0.000000000000000000 ) ) ;
#1552 = VECTOR ( 'NONE', #4783, 1000.000000000000000 ) ;
#1553 = DIRECTION ( 'NONE',  ( 1.000000000000000000, 0.000000000000000000, 0.000000000000000000 ) ) ;
#1554 = VECTOR ( 'NONE', #2236, 1000.000000000000000 ) ;
#1555 = VECTOR ( 'NONE', #2865, 1000.000000000000000 ) ;
#1556 = ORIENTED_EDGE ( 'NONE', *, *, #1586, .F. ) ;
#1557 = EDGE_CURVE ( 'NONE', #5384, #87, #2150, .T. ) ;
#1558 = DIRECTION ( 'NONE',  ( -0.000000000000000000, 2.220446049250313574E-16, 1.000000000000000000 ) ) ;
#1559 = ORIENTED_EDGE ( 'NONE', *, *, #3470, .T. ) ;
#1560 = CIRCLE ( 'NONE', #2097, 0.02000000000000005246 ) ;
#1561 = ADVANCED_FACE ( 'NONE', ( #5573 ), #5152, .T. ) ;
#1562 = LINE ( 'NONE', #2409, #3702 ) ;
#1563 = ORIENTED_EDGE ( 'NONE', *, *, #1185, .T. ) ;
#1564 = ADVANCED_FACE ( 'NONE', ( #1699 ), #4342, .F. ) ;
#1565 = DIRECTION ( 'NONE',  ( -0.000000000000000000, -0.000000000000000000, 1.000000000000000000 ) ) ;
#1566 = CARTESIAN_POINT ( 'NONE',  ( -3.050000000000001599, 0.2999999999999999334, -0.5500000000000003775 ) ) ;
#1567 = DIRECTION ( 'NONE',  ( -1.577021343365640629E-15, 2.220446049250313081E-16, 1.000000000000000000 ) ) ;
#1568 = CARTESIAN_POINT ( 'NONE',  ( -5.210000000000001741, 0.5800000000000000711, -3.399999999999998579 ) ) ;
#1569 = CARTESIAN_POINT ( 'NONE',  ( 1.061233197394067185, 3.616922863405962474, -2.850000000000000089 ) ) ;
#1570 = CARTESIAN_POINT ( 'NONE',  ( 3.450000000281258750, 0.6999999999999998446, 2.900000000000007461 ) ) ;
#1571 = ORIENTED_EDGE ( 'NONE', *, *, #2233, .T. ) ;
#1572 = VERTEX_POINT ( 'NONE', #883 ) ;
#1573 = ORIENTED_EDGE ( 'NONE', *, *, #67, .F. ) ;
#1574 = DIRECTION ( 'NONE',  ( -1.000000000000000000, 0.000000000000000000, 0.000000000000000000 ) ) ;
#1575 = CARTESIAN_POINT ( 'NONE',  ( -5.250000000000001776, 1.199999999999999956, 3.399999999999998579 ) ) ;
#1576 = DIRECTION ( 'NONE',  ( 0.000000000000000000, 0.000000000000000000, -1.000000000000000000 ) ) ;
#1577 = ADVANCED_FACE ( 'NONE', ( #5239 ), #459, .F. ) ;
#1578 = CYLINDRICAL_SURFACE ( 'NONE', #334, 0.09999999999999982514 ) ;
#1579 = DIRECTION ( 'NONE',  ( -0.000000000000000000, -1.000000000000000000, 2.220446049250313574E-16 ) ) ;
#1580 = EDGE_CURVE ( 'NONE', #1317, #2197, #3465, .T. ) ;
#1581 = ORIENTED_EDGE ( 'NONE', *, *, #3580, .F. ) ;
#1582 = EDGE_CURVE ( 'NONE', #5557, #5367, #1334, .T. ) ;
#1583 = DIRECTION ( 'NONE',  ( -0.7071067811865469066, -0.7071067811865482389, -0.000000000000000000 ) ) ;
#1584 = ORIENTED_EDGE ( 'NONE', *, *, #1260, .T. ) ;
#1585 = VECTOR ( 'NONE', #2567, 1000.000000000000000 ) ;
#1586 = EDGE_CURVE ( 'NONE', #982, #689, #3881, .T. ) ;
#1587 = EDGE_CURVE ( 'NONE', #1259, #2914, #92, .T. ) ;
#1588 = ORIENTED_EDGE ( 'NONE', *, *, #3364, .F. ) ;
#1589 = DIRECTION ( 'NONE',  ( 1.000000000000000000, 0.000000000000000000, -0.000000000000000000 ) ) ;
#1590 = ADVANCED_FACE ( 'NONE', ( #61 ), #830, .F. ) ;
#1591 = EDGE_LOOP ( 'NONE', ( #1153, #988, #3505, #834, #2924, #1673, #291 ) ) ;
#1592 = LINE ( 'NONE', #3307, #4556 ) ;
#1593 = FACE_OUTER_BOUND ( 'NONE', #2679, .T. ) ;
#1594 = CARTESIAN_POINT ( 'NONE',  ( 1.949999999999998623, 0.2999999999999999334, 2.849999999999999201 ) ) ;
#1595 = CARTESIAN_POINT ( 'NONE',  ( 1.949999999999998623, 2.199999999999999289, -1.499999999999999556 ) ) ;
#1596 = DIRECTION ( 'NONE',  ( -0.000000000000000000, -0.000000000000000000, 1.000000000000000000 ) ) ;
#1597 = VECTOR ( 'NONE', #2285, 1000.000000000000000 ) ;
#1598 = LINE ( 'NONE', #5471, #359 ) ;
#1599 = ORIENTED_EDGE ( 'NONE', *, *, #4831, .F. ) ;
#1600 = ORIENTED_EDGE ( 'NONE', *, *, #638, .T. ) ;
#1601 = VECTOR ( 'NONE', #237, 1000.000000000000000 ) ;
#1602 = CARTESIAN_POINT ( 'NONE',  ( -5.190000000000002167, 0.8799999999999997824, 3.200000000547038148 ) ) ;
#1603 = SURFACE_SIDE_STYLE ('',( #386 ) ) ;
#1604 = CARTESIAN_POINT ( 'NONE',  ( 4.799999999999999822, 1.709999999999999742, 2.999999999999613198 ) ) ;
#1605 = CYLINDRICAL_SURFACE ( 'NONE', #2348, 0.06499999999999994671 ) ;
#1606 = FILL_AREA_STYLE_COLOUR ( '', #4642 ) ;
#1607 = CYLINDRICAL_SURFACE ( 'NONE', #4192, 0.06499999999999994671 ) ;
#1608 = EDGE_LOOP ( 'NONE', ( #3005, #703, #1763, #2961 ) ) ;
#1609 = DIRECTION ( 'NONE',  ( -1.000000000000000000, 0.000000000000000000, 0.000000000000000000 ) ) ;
#1610 = ORIENTED_EDGE ( 'NONE', *, *, #808, .T. ) ;
#1611 =( NAMED_UNIT ( * ) SI_UNIT ( $, .STERADIAN. ) SOLID_ANGLE_UNIT ( ) );
#1612 = ORIENTED_EDGE ( 'NONE', *, *, #4169, .F. ) ;
#1613 = VECTOR ( 'NONE', #354, 999.9999999999998863 ) ;
#1614 = LINE ( 'NONE', #2779, #5536 ) ;
#1615 = LINE ( 'NONE', #5068, #4272 ) ;
#1616 = LINE ( 'NONE', #5467, #1319 ) ;
#1617 = CARTESIAN_POINT ( 'NONE',  ( 3.450000000281259194, 2.849999999999999645, -3.750000000000001332 ) ) ;
#1618 = CIRCLE ( 'NONE', #636, 0.06499999999999994671 ) ;
#1619 = DIRECTION ( 'NONE',  ( 1.000000000000000000, 0.000000000000000000, -0.000000000000000000 ) ) ;
#1620 = DIRECTION ( 'NONE',  ( 1.000000000000000000, 0.000000000000000000, 0.000000000000000000 ) ) ;
#1621 = EDGE_CURVE ( 'NONE', #5406, #2025, #942, .T. ) ;
#1622 = ORIENTED_EDGE ( 'NONE', *, *, #2238, .T. ) ;
#1623 = ORIENTED_EDGE ( 'NONE', *, *, #4664, .F. ) ;
#1624 = SURFACE_STYLE_USAGE ( .BOTH. , #3391 ) ;
#1625 = CARTESIAN_POINT ( 'NONE',  ( -5.250000000000000888, 0.1556624327025920851, -2.994337567297406633 ) ) ;
#1626 = EDGE_CURVE ( 'NONE', #1072, #4029, #3523, .T. ) ;
#1627 = DIRECTION ( 'NONE',  ( 0.000000000000000000, -0.000000000000000000, 1.000000000000000000 ) ) ;
#1628 = EDGE_CURVE ( 'NONE', #955, #3870, #4329, .T. ) ;
#1629 = ADVANCED_FACE ( 'NONE', ( #3639 ), #5382, .F. ) ;
#1630 = LINE ( 'NONE', #2876, #1798 ) ;
#1631 = EDGE_CURVE ( 'NONE', #4270, #5190, #1839, .T. ) ;
#1632 = EDGE_CURVE ( 'NONE', #2433, #4339, #4870, .T. ) ;
#1633 = FACE_OUTER_BOUND ( 'NONE', #4425, .T. ) ;
#1634 = DIRECTION ( 'NONE',  ( -1.000000000000000000, 0.000000000000000000, 0.000000000000000000 ) ) ;
#1635 = CARTESIAN_POINT ( 'NONE',  ( 2.049999999999998490, 1.199999999999998845, 1.499999999999999334 ) ) ;
#1636 = ORIENTED_EDGE ( 'NONE', *, *, #1621, .F. ) ;
#1637 = AXIS2_PLACEMENT_3D ( 'NONE', #3002, #864, #1485 ) ;
#1638 = ORIENTED_EDGE ( 'NONE', *, *, #1308, .T. ) ;
#1639 = VECTOR ( 'NONE', #2572, 1000.000000000000000 ) ;
#1640 = CARTESIAN_POINT ( 'NONE',  ( 3.154779163986334733, 0.7000000000000000666, -3.750000000000000000 ) ) ;
#1641 = ORIENTED_EDGE ( 'NONE', *, *, #3441, .F. ) ;
#1642 = DIRECTION ( 'NONE',  ( -1.000000000000000000, -0.000000000000000000, -0.000000000000000000 ) ) ;
#1643 = DIRECTION ( 'NONE',  ( 1.000000000000000000, 0.000000000000000000, 0.000000000000000000 ) ) ;
#1644 = CARTESIAN_POINT ( 'NONE',  ( -5.230000000000002203, 0.7200000000000000844, 3.399999999999998579 ) ) ;
#1645 = CARTESIAN_POINT ( 'NONE',  ( 4.334999999999999076, 1.309999999999999831, 2.999999999999613198 ) ) ;
#1646 = CARTESIAN_POINT ( 'NONE',  ( -4.759252271188818106, 0.3499999999999999223, -3.750000000000000000 ) ) ;
#1647 = CARTESIAN_POINT ( 'NONE',  ( -5.250000000000000888, -0.05000000000000012768, 3.750000000000000000 ) ) ;
#1649 = EDGE_LOOP ( 'NONE', ( #805, #3440, #677, #3783 ) ) ;
#1648 = EDGE_CURVE ( 'NONE', #5544, #4743, #203, .T. ) ;
#1650 = EDGE_CURVE ( 'NONE', #539, #969, #664, .T. ) ;
#1651 = ORIENTED_EDGE ( 'NONE', *, *, #3643, .T. ) ;
#1652 = ADVANCED_FACE ( 'NONE', ( #5353 ), #3189, .F. ) ;
#1653 = CARTESIAN_POINT ( 'NONE',  ( 4.334999999999999076, 1.309999999999999831, -3.499999999999919176 ) ) ;
#1654 = DIRECTION ( 'NONE',  ( 0.2588190451025187411, 0.9659258262890688673, 0.000000000000000000 ) ) ;
#1655 = LINE ( 'NONE', #2514, #1365 ) ;
#1656 = LINE ( 'NONE', #2029, #1268 ) ;
#1657 = ADVANCED_FACE ( 'NONE', ( #1926 ), #4896, .T. ) ;
#1658 = ORIENTED_EDGE ( 'NONE', *, *, #5112, .T. ) ;
#1659 = ORIENTED_EDGE ( 'NONE', *, *, #2240, .F. ) ;
#1660 = VECTOR ( 'NONE', #1778, 1000.000000000000000 ) ;
#1661 = FACE_OUTER_BOUND ( 'NONE', #3300, .T. ) ;
#1662 = DIRECTION ( 'NONE',  ( 0.000000000000000000, -5.782411586589405956E-16, 1.000000000000000000 ) ) ;
#1663 = EDGE_LOOP ( 'NONE', ( #909, #1612, #1535, #4064 ) ) ;
#1664 = CARTESIAN_POINT ( 'NONE',  ( 4.334999999999999076, 1.374999999999999778, 3.499999999999919176 ) ) ;
#1665 = EDGE_CURVE ( 'NONE', #5347, #344, #4005, .T. ) ;
#1666 = ORIENTED_EDGE ( 'NONE', *, *, #3470, .F. ) ;
#1667 = ORIENTED_EDGE ( 'NONE', *, *, #1840, .F. ) ;
#1668 = LINE ( 'NONE', #2605, #787 ) ;
#1669 = DIRECTION ( 'NONE',  ( 0.000000000000000000, -1.000000000000000000, 0.000000000000000000 ) ) ;
#1670 = CARTESIAN_POINT ( 'NONE',  ( 6.162975822039170467E-34, 1.200000000000000400, -2.664550187233489303E-16 ) ) ;
#1671 = EDGE_CURVE ( 'NONE', #5367, #1114, #2745, .T. ) ;
#1672 = CARTESIAN_POINT ( 'NONE',  ( 4.884999999999998899, 0.6249999999999998890, -2.999999999999613198 ) ) ;
#1673 = ORIENTED_EDGE ( 'NONE', *, *, #1794, .F. ) ;
#1674 = EDGE_LOOP ( 'NONE', ( #94, #381, #1058, #5511, #4421, #4281, #2053, #789, #1433, #3801, #905, #16, #128, #491, #1796, #4882, #3037, #1129 ) ) ;
#1675 = MECHANICAL_DESIGN_GEOMETRIC_PRESENTATION_REPRESENTATION (  '', ( #3740 ), #2123 ) ;
#1676 = VERTEX_POINT ( 'NONE', #2327 ) ;
#1677 = DIRECTION ( 'NONE',  ( 0.000000000000000000, -1.000000000000000000, 0.000000000000000000 ) ) ;
#1678 = PLANE ( 'NONE',  #957 ) ;
#1679 = VECTOR ( 'NONE', #4412, 1000.000000000000227 ) ;
#1680 = DIRECTION ( 'NONE',  ( 1.000000000000000000, 1.224646799147353207E-16, 0.000000000000000000 ) ) ;
#1681 = DIRECTION ( 'NONE',  ( 0.000000000000000000, -0.000000000000000000, 1.000000000000000000 ) ) ;
#1682 = VECTOR ( 'NONE', #2677, 1000.000000000000000 ) ;
#1683 = EDGE_LOOP ( 'NONE', ( #2818, #3245, #4160, #2336 ) ) ;
#1684 = ORIENTED_EDGE ( 'NONE', *, *, #3654, .F. ) ;
#1685 = VECTOR ( 'NONE', #4579, 1000.000000000000000 ) ;
#1686 = DIRECTION ( 'NONE',  ( -0.000000000000000000, -0.000000000000000000, 1.000000000000000000 ) ) ;
#1687 = AXIS2_PLACEMENT_3D ( 'NONE', #1167, #4086, #2826 ) ;
#1688 = LINE ( 'NONE', #3401, #3461 ) ;
#1689 = VERTEX_POINT ( 'NONE', #3159 ) ;
#1690 = ORIENTED_EDGE ( 'NONE', *, *, #3166, .F. ) ;
#1691 = CARTESIAN_POINT ( 'NONE',  ( 2.049999999999998490, 1.199999999999998845, 1.999999999999999556 ) ) ;
#1692 = ORIENTED_EDGE ( 'NONE', *, *, #5191, .F. ) ;
#1693 = CARTESIAN_POINT ( 'NONE',  ( -2.050000000000001155, 2.100000000000000977, -2.849999999999999201 ) ) ;
#1694 = VERTEX_POINT ( 'NONE', #1060 ) ;
#1695 = LINE ( 'NONE', #4726, #3920 ) ;
#1696 = EDGE_CURVE ( 'NONE', #499, #4221, #5220, .T. ) ;
#1697 = CARTESIAN_POINT ( 'NONE',  ( -3.750000000140619072, 0.1000000000000008521, 3.200000000547038148 ) ) ;
#1698 = EDGE_CURVE ( 'NONE', #1520, #5011, #5297, .T. ) ;
#1699 = FACE_OUTER_BOUND ( 'NONE', #4895, .T. ) ;
#1700 = FACE_OUTER_BOUND ( 'NONE', #901, .T. ) ;
#1701 = ORIENTED_EDGE ( 'NONE', *, *, #347, .F. ) ;
#1702 = ORIENTED_EDGE ( 'NONE', *, *, #5566, .T. ) ;
#1703 = DIRECTION ( 'NONE',  ( 1.000000000000000000, 0.000000000000000000, 0.000000000000000000 ) ) ;
#1704 = CARTESIAN_POINT ( 'NONE',  ( -1.783512574052134486E-13, 0.05000000000000077993, 3.499999999999742872 ) ) ;
#1705 = VECTOR ( 'NONE', #2810, 1000.000000000000000 ) ;
#1706 = DIRECTION ( 'NONE',  ( -1.000000000000000000, 0.000000000000000000, 0.000000000000000000 ) ) ;
#1707 = VECTOR ( 'NONE', #2251, 1000.000000000000000 ) ;
#1708 = LINE ( 'NONE', #36, #4682 ) ;
#1709 = DIRECTION ( 'NONE',  ( -1.000000000000000000, 0.000000000000000000, 0.000000000000000000 ) ) ;
#1710 = ORIENTED_EDGE ( 'NONE', *, *, #4890, .T. ) ;
#1711 = ORIENTED_EDGE ( 'NONE', *, *, #2210, .F. ) ;
#1712 = CARTESIAN_POINT ( 'NONE',  ( -5.250000000000000888, 0.000000000000000000, -1.568190022283032233E-16 ) ) ;
#1713 = CARTESIAN_POINT ( 'NONE',  ( -5.250000000000001776, 1.199999999999999956, -3.399999999999998579 ) ) ;
#1714 = CARTESIAN_POINT ( 'NONE',  ( 4.334999999999999076, 1.309999999999999831, 3.499999999999919176 ) ) ;
#1715 = ORIENTED_EDGE ( 'NONE', *, *, #4943, .F. ) ;
#1716 = EDGE_CURVE ( 'NONE', #3156, #5189, #3552, .T. ) ;
#1717 = DIRECTION ( 'NONE',  ( -1.000000000000000000, 0.000000000000000000, 0.000000000000000000 ) ) ;
#1718 = ORIENTED_EDGE ( 'NONE', *, *, #806, .T. ) ;
#1719 = EDGE_CURVE ( 'NONE', #1119, #4339, #5328, .T. ) ;
#1720 = VECTOR ( 'NONE', #1871, 1000.000000000000000 ) ;
#1721 = CARTESIAN_POINT ( 'NONE',  ( 4.334999999999999076, 1.374999999999999778, 3.499999999999919176 ) ) ;
#1722 = CARTESIAN_POINT ( 'NONE',  ( 4.399999999999999467, 0.6400000000000003464, 3.499999999999919176 ) ) ;
#1723 = EDGE_CURVE ( 'NONE', #5291, #3038, #3131, .T. ) ;
#1724 = AXIS2_PLACEMENT_3D ( 'NONE', #4210, #4007, #4872 ) ;
#1725 = CARTESIAN_POINT ( 'NONE',  ( -5.000000000000000000, 1.992820323027553187, 2.849999999999999201 ) ) ;
#1726 = LINE ( 'NONE', #3439, #2816 ) ;
#1727 = VECTOR ( 'NONE', #5547, 1000.000000000000000 ) ;
#1728 = ORIENTED_EDGE ( 'NONE', *, *, #4441, .T. ) ;
#1729 = EDGE_CURVE ( 'NONE', #1038, #2855, #3217, .T. ) ;
#1730 = AXIS2_PLACEMENT_3D ( 'NONE', #2022, #5363, #3673 ) ;
#1731 = CARTESIAN_POINT ( 'NONE',  ( 3.450000000281259194, 0.6999999999999988454, -3.750000000000000444 ) ) ;
#1732 = CARTESIAN_POINT ( 'NONE',  ( -4.250000000000000888, 2.099999999999999645, -3.750000000000000444 ) ) ;
#1733 = CARTESIAN_POINT ( 'NONE',  ( 2.049999999999998490, 0.6999999999999991784, -1.499999999999999334 ) ) ;
#1734 = DIRECTION ( 'NONE',  ( -0.000000000000000000, 0.000000000000000000, -1.000000000000000000 ) ) ;
#1735 = CARTESIAN_POINT ( 'NONE',  ( 2.049999999999998490, 2.199999999999999289, -2.000000000000000000 ) ) ;
#1736 = ORIENTED_EDGE ( 'NONE', *, *, #3620, .F. ) ;
#1737 = ORIENTED_EDGE ( 'NONE', *, *, #4006, .T. ) ;
#1738 = DIRECTION ( 'NONE',  ( 1.000000000000000000, 0.000000000000000000, -0.000000000000000000 ) ) ;
#1739 = CARTESIAN_POINT ( 'NONE',  ( -2.050000000000001155, 2.099999999999998757, -3.400000000000001243 ) ) ;
#1740 = ORIENTED_EDGE ( 'NONE', *, *, #874, .F. ) ;
#1741 = VERTEX_POINT ( 'NONE', #4811 ) ;
#1742 = CARTESIAN_POINT ( 'NONE',  ( -5.150000000000002132, 0.1000000000000007133, 3.399999999999998579 ) ) ;
#1743 = ORIENTED_EDGE ( 'NONE', *, *, #1823, .F. ) ;
#1744 = DIRECTION ( 'NONE',  ( -1.000000000000000000, 0.000000000000000000, 0.000000000000000000 ) ) ;
#1745 = ADVANCED_FACE ( 'NONE', ( #1090 ), #545, .F. ) ;
#1746 = LINE ( 'NONE', #538, #1197 ) ;
#1747 = EDGE_CURVE ( 'NONE', #3030, #5037, #3974, .T. ) ;
#1748 = VERTEX_POINT ( 'NONE', #690 ) ;
#1749 = LINE ( 'NONE', #3519, #2321 ) ;
#1750 = EDGE_CURVE ( 'NONE', #1239, #2103, #3613, .T. ) ;
#1751 = DIRECTION ( 'NONE',  ( 0.000000000000000000, -1.000000000000000000, -1.115560635320469528E-16 ) ) ;
#1752 = EDGE_CURVE ( 'NONE', #1689, #5556, #1117, .T. ) ;
#1753 = DIRECTION ( 'NONE',  ( -0.000000000000000000, -0.000000000000000000, 1.000000000000000000 ) ) ;
#1754 = EDGE_CURVE ( 'NONE', #2054, #1038, #1276, .T. ) ;
#1755 = DIRECTION ( 'NONE',  ( -0.000000000000000000, -0.000000000000000000, -1.000000000000000000 ) ) ;
#1756 = ORIENTED_EDGE ( 'NONE', *, *, #762, .F. ) ;
#1757 = ORIENTED_EDGE ( 'NONE', *, *, #4072, .F. ) ;
#1758 = DIRECTION ( 'NONE',  ( 0.3420201433256629397, 0.9396926207859104263, 0.000000000000000000 ) ) ;
#1759 = LINE ( 'NONE', #3055, #474 ) ;
#1760 = VECTOR ( 'NONE', #395, 1000.000000000000000 ) ;
#1761 = CARTESIAN_POINT ( 'NONE',  ( 1.949999999999998623, 3.199999999999999734, -8.673617379884035472E-16 ) ) ;
#1762 = CARTESIAN_POINT ( 'NONE',  ( 5.249999999999998224, 6.439293542825925487E-16, 2.900000000000007461 ) ) ;
#1763 = ORIENTED_EDGE ( 'NONE', *, *, #3786, .F. ) ;
#1764 = VERTEX_POINT ( 'NONE', #5410 ) ;
#1765 = VECTOR ( 'NONE', #2849, 1000.000000000000000 ) ;
#1766 = DIRECTION ( 'NONE',  ( -1.000000000000000000, 0.000000000000000000, 0.000000000000000000 ) ) ;
#1767 = CARTESIAN_POINT ( 'NONE',  ( 2.300000000000001599, 0.04999999999999917011, -3.749999999999999556 ) ) ;
#1768 = ORIENTED_EDGE ( 'NONE', *, *, #4803, .T. ) ;
#1769 = VECTOR ( 'NONE', #3784, 1000.000000000000000 ) ;
#1770 = ORIENTED_EDGE ( 'NONE', *, *, #4228, .F. ) ;
#1771 = VECTOR ( 'NONE', #4452, 1000.000000000000000 ) ;
#1772 = CARTESIAN_POINT ( 'NONE',  ( 6.162975822039170467E-34, 2.849999999999999201, -6.328286168496503717E-16 ) ) ;
#1773 = AXIS2_PLACEMENT_3D ( 'NONE', #5387, #642, #2749 ) ;
#1774 = DIRECTION ( 'NONE',  ( 0.000000000000000000, -1.000000000000000000, 0.000000000000000000 ) ) ;
#1775 = CARTESIAN_POINT ( 'NONE',  ( 5.249999999999999112, -0.05000000000000012768, 3.750000000000000000 ) ) ;
#1776 = ORIENTED_EDGE ( 'NONE', *, *, #3034, .F. ) ;
#1777 = FACE_OUTER_BOUND ( 'NONE', #5261, .T. ) ;
#1778 = DIRECTION ( 'NONE',  ( -0.000000000000000000, -1.000000000000000000, -0.000000000000000000 ) ) ;
#1779 = CARTESIAN_POINT ( 'NONE',  ( 2.049999999999998490, 2.199999999999999289, -2.000000000000000000 ) ) ;
#1780 = ADVANCED_FACE ( 'NONE', ( #3248 ), #2429, .F. ) ;
#1781 = PLANE ( 'NONE',  #4508 ) ;
#1782 = VECTOR ( 'NONE', #4123, 1000.000000000000000 ) ;
#1783 = ORIENTED_EDGE ( 'NONE', *, *, #2068, .F. ) ;
#1784 = FACE_OUTER_BOUND ( 'NONE', #2479, .T. ) ;
#1785 = CARTESIAN_POINT ( 'NONE',  ( -5.190000000000002167, 0.5600000000000000533, -3.200000000547038148 ) ) ;
#1786 = FACE_OUTER_BOUND ( 'NONE', #2140, .T. ) ;
#1787 = CARTESIAN_POINT ( 'NONE',  ( 4.799999999999999822, 0.6900000000000003908, 2.999999999999613198 ) ) ;
#1788 = LINE ( 'NONE', #4710, #5475 ) ;
#1789 = ORIENTED_EDGE ( 'NONE', *, *, #1138, .F. ) ;
#1790 = ORIENTED_EDGE ( 'NONE', *, *, #1650, .T. ) ;
#1791 = VECTOR ( 'NONE', #4245, 1000.000000000000000 ) ;
#1792 = CYLINDRICAL_SURFACE ( 'NONE', #1867, 0.06499999999999994671 ) ;
#1793 = LINE ( 'NONE', #2192, #2883 ) ;
#1794 = EDGE_CURVE ( 'NONE', #549, #4330, #5478, .T. ) ;
#1795 = DIRECTION ( 'NONE',  ( 0.9659258262890700886, 0.2588190451025143557, -0.000000000000000000 ) ) ;
#1796 = ORIENTED_EDGE ( 'NONE', *, *, #1754, .T. ) ;
#1797 = ORIENTED_EDGE ( 'NONE', *, *, #3545, .T. ) ;
#1798 = VECTOR ( 'NONE', #2515, 1000.000000000000000 ) ;
#1799 = ORIENTED_EDGE ( 'NONE', *, *, #4779, .T. ) ;
#1800 = EDGE_CURVE ( 'NONE', #1498, #5313, #4999, .T. ) ;
#1801 = LINE ( 'NONE', #3123, #1234 ) ;
#1802 = ORIENTED_EDGE ( 'NONE', *, *, #4380, .F. ) ;
#1803 = LINE ( 'NONE', #3125, #3615 ) ;
#1804 = ORIENTED_EDGE ( 'NONE', *, *, #2469, .T. ) ;
#1805 = ORIENTED_EDGE ( 'NONE', *, *, #2165, .F. ) ;
#1806 = CARTESIAN_POINT ( 'NONE',  ( 6.162975822039170467E-34, 1.200000000000000400, -2.664550187233489303E-16 ) ) ;
#1807 = EDGE_LOOP ( 'NONE', ( #1100, #1429, #2411, #575 ) ) ;
#1808 = LINE ( 'NONE', #2264, #2757 ) ;
#1809 = DIRECTION ( 'NONE',  ( -1.074262801865645875E-16, -1.000000000000000000, 0.000000000000000000 ) ) ;
#1810 = DIRECTION ( 'NONE',  ( 0.000000000000000000, -1.000000000000000000, 2.220446049250313574E-16 ) ) ;
#1811 = VERTEX_POINT ( 'NONE', #306 ) ;
#1812 = VECTOR ( 'NONE', #2589, 999.9999999999998863 ) ;
#1813 = LINE ( 'NONE', #4785, #2396 ) ;
#1814 = LINE ( 'NONE', #34, #2769 ) ;
#1815 = CARTESIAN_POINT ( 'NONE',  ( 4.878909777042438462E-15, 2.849999999999998312, -3.000000000000011102 ) ) ;
#1816 = AXIS2_PLACEMENT_3D ( 'NONE', #855, #1809, #519 ) ;
#1817 = EDGE_CURVE ( 'NONE', #1345, #2909, #708, .T. ) ;
#1818 = FACE_OUTER_BOUND ( 'NONE', #4753, .T. ) ;
#1819 = CARTESIAN_POINT ( 'NONE',  ( -2.050000000000001155, 2.899999999999999911, 2.849999999999998757 ) ) ;
#1820 = AXIS2_PLACEMENT_3D ( 'NONE', #3718, #5436, #1171 ) ;
#1821 = EDGE_LOOP ( 'NONE', ( #4992, #33, #3198, #44 ) ) ;
#1822 = VERTEX_POINT ( 'NONE', #5400 ) ;
#1823 = EDGE_CURVE ( 'NONE', #2103, #3747, #1106, .T. ) ;
#1824 = CARTESIAN_POINT ( 'NONE',  ( 4.884999999999999787, 0.06500000000000064060, 3.499999999999919176 ) ) ;
#1825 = DIRECTION ( 'NONE',  ( 0.000000000000000000, 0.000000000000000000, 1.000000000000000000 ) ) ;
#1826 = DIRECTION ( 'NONE',  ( 0.000000000000000000, -1.000000000000000000, 2.168404344971008128E-16 ) ) ;
#1827 = EDGE_CURVE ( 'NONE', #2035, #674, #1547, .T. ) ;
#1828 = ORIENTED_EDGE ( 'NONE', *, *, #596, .F. ) ;
#1829 = VERTEX_POINT ( 'NONE', #3657 ) ;
#1830 = LINE ( 'NONE', #2622, #421 ) ;
#1831 = ORIENTED_EDGE ( 'NONE', *, *, #1467, .T. ) ;
#1832 = CARTESIAN_POINT ( 'NONE',  ( -5.190000000000003055, 0.4200000000000002620, 3.200000000547038148 ) ) ;
#1833 = VERTEX_POINT ( 'NONE', #4166 ) ;
#1834 = ORIENTED_EDGE ( 'NONE', *, *, #683, .F. ) ;
#1835 = ORIENTED_EDGE ( 'NONE', *, *, #4215, .F. ) ;
#1836 = CARTESIAN_POINT ( 'NONE',  ( 2.918198511713308463, 0.05000000000000077993, 3.499999999999919176 ) ) ;
#1837 = ORIENTED_EDGE ( 'NONE', *, *, #1978, .F. ) ;
#1838 = DIRECTION ( 'NONE',  ( -1.000000000000000000, 0.000000000000000000, 0.000000000000000000 ) ) ;
#1839 = LINE ( 'NONE', #4034, #3514 ) ;
#1840 = EDGE_CURVE ( 'NONE', #955, #318, #1524, .T. ) ;
#1841 = LINE ( 'NONE', #1031, #1018 ) ;
#1842 = ORIENTED_EDGE ( 'NONE', *, *, #3749, .F. ) ;
#1843 = DIRECTION ( 'NONE',  ( -0.000000000000000000, -0.000000000000000000, 1.000000000000000000 ) ) ;
#1844 = ADVANCED_FACE ( 'NONE', ( #1974 ), #254, .F. ) ;
#1845 = DIRECTION ( 'NONE',  ( -0.000000000000000000, -0.000000000000000000, 1.000000000000000000 ) ) ;
#1846 = DIRECTION ( 'NONE',  ( 0.000000000000000000, 0.000000000000000000, -1.000000000000000000 ) ) ;
#1847 = PLANE ( 'NONE',  #4869 ) ;
#1848 = CARTESIAN_POINT ( 'NONE',  ( -5.230000000000002203, 0.5800000000000000711, -3.200000000547038148 ) ) ;
#1849 = ORIENTED_EDGE ( 'NONE', *, *, #2993, .T. ) ;
#1850 = DIRECTION ( 'NONE',  ( -0.000000000000000000, -0.000000000000000000, 1.000000000000000000 ) ) ;
#1851 = ORIENTED_EDGE ( 'NONE', *, *, #4304, .T. ) ;
#1852 = ORIENTED_EDGE ( 'NONE', *, *, #5439, .T. ) ;
#1853 = DIRECTION ( 'NONE',  ( -0.000000000000000000, -0.000000000000000000, 1.000000000000000000 ) ) ;
#1854 =( LENGTH_UNIT ( ) NAMED_UNIT ( * ) SI_UNIT ( .MILLI., .METRE. ) );
#1855 = DIRECTION ( 'NONE',  ( 1.000000000000000000, 0.000000000000000000, 0.000000000000000000 ) ) ;
#1856 = ORIENTED_EDGE ( 'NONE', *, *, #5565, .T. ) ;
#1857 = ORIENTED_EDGE ( 'NONE', *, *, #3264, .F. ) ;
#1858 = VECTOR ( 'NONE', #4442, 1000.000000000000000 ) ;
#1859 = VECTOR ( 'NONE', #4208, 999.9999999999998863 ) ;
#1860 = LINE ( 'NONE', #3878, #1324 ) ;
#1861 = VECTOR ( 'NONE', #501, 1000.000000000000000 ) ;
#1862 = ADVANCED_FACE ( 'NONE', ( #4971 ), #222, .F. ) ;
#1863 = CARTESIAN_POINT ( 'NONE',  ( -1.150000000000001688, 1.699999999999999289, -1.999999999999999556 ) ) ;
#1864 = ORIENTED_EDGE ( 'NONE', *, *, #2906, .F. ) ;
#1865 = ORIENTED_EDGE ( 'NONE', *, *, #481, .F. ) ;
#1866 = VECTOR ( 'NONE', #1356, 1000.000000000000000 ) ;
#1867 = AXIS2_PLACEMENT_3D ( 'NONE', #4793, #3903, #2676 ) ;
#1868 = LINE ( 'NONE', #3584, #1771 ) ;
#1869 = ORIENTED_EDGE ( 'NONE', *, *, #980, .T. ) ;
#1870 = CARTESIAN_POINT ( 'NONE',  ( -5.210000000000002629, 0.4200000000000000955, 3.399999999999998579 ) ) ;
#1871 = DIRECTION ( 'NONE',  ( -1.000000000000000000, 0.000000000000000000, 0.000000000000000000 ) ) ;
#1872 = CIRCLE ( 'NONE', #4382, 0.06499999999999994671 ) ;
#1873 = ADVANCED_FACE ( 'NONE', ( #2452 ), #3708, .F. ) ;
#1874 = DIRECTION ( 'NONE',  ( -1.000000000000000000, 0.000000000000000000, 0.000000000000000000 ) ) ;
#1875 = ORIENTED_EDGE ( 'NONE', *, *, #5333, .T. ) ;
#1876 = EDGE_CURVE ( 'NONE', #5320, #355, #335, .T. ) ;
#1877 = EDGE_CURVE ( 'NONE', #2225, #843, #2175, .T. ) ;
#1878 = VERTEX_POINT ( 'NONE', #5030 ) ;
#1879 = CARTESIAN_POINT ( 'NONE',  ( 4.334999999999999076, 1.374999999999999778, -3.499999999999919176 ) ) ;
#1880 = PLANE ( 'NONE',  #1069 ) ;
#1881 = DIRECTION ( 'NONE',  ( 0.000000000000000000, -1.000000000000000000, -1.445602896647339163E-16 ) ) ;
#1882 = PLANE ( 'NONE',  #3431 ) ;
#1883 = CARTESIAN_POINT ( 'NONE',  ( 4.334999999999999076, 1.374999999999999778, 3.499999999999919176 ) ) ;
#1884 = ORIENTED_EDGE ( 'NONE', *, *, #4331, .F. ) ;
#1885 = CARTESIAN_POINT ( 'NONE',  ( 1.949999999999998623, 0.2999999999999999334, 2.849999999999999201 ) ) ;
#1886 = ORIENTED_EDGE ( 'NONE', *, *, #4684, .F. ) ;
#1887 = ORIENTED_EDGE ( 'NONE', *, *, #899, .T. ) ;
#1888 = CARTESIAN_POINT ( 'NONE',  ( -5.250000000000001776, 0.1000000000000014211, 3.200000000547038148 ) ) ;
#1889 = LINE ( 'NONE', #3603, #3213 ) ;
#1890 = ORIENTED_EDGE ( 'NONE', *, *, #518, .T. ) ;
#1891 = ORIENTED_EDGE ( 'NONE', *, *, #3056, .T. ) ;
#1892 = CIRCLE ( 'NONE', #4224, 0.02000000000000005246 ) ;
#1893 = DIRECTION ( 'NONE',  ( -1.000000000000000000, 0.000000000000000000, 0.000000000000000000 ) ) ;
#1894 = AXIS2_PLACEMENT_3D ( 'NONE', #193, #2736, #1918 ) ;
#1895 = ORIENTED_EDGE ( 'NONE', *, *, #2675, .T. ) ;
#1896 = ORIENTED_EDGE ( 'NONE', *, *, #5562, .T. ) ;
#1897 = PLANE ( 'NONE',  #2415 ) ;
#1898 = VERTEX_POINT ( 'NONE', #1189 ) ;
#1899 = EDGE_CURVE ( 'NONE', #3212, #2785, #2899, .T. ) ;
#1900 = CARTESIAN_POINT ( 'NONE',  ( -5.210000000000001741, 0.8800000000000000044, 3.200000000547038148 ) ) ;
#1901 = DIRECTION ( 'NONE',  ( -0.000000000000000000, 1.445602896647339163E-16, 1.000000000000000000 ) ) ;
#1902 = ADVANCED_FACE ( 'NONE', ( #2484 ), #2060, .F. ) ;
#1903 = ORIENTED_EDGE ( 'NONE', *, *, #3441, .T. ) ;
#1904 = DIRECTION ( 'NONE',  ( 0.000000000000000000, 1.000000000000000000, 0.000000000000000000 ) ) ;
#1905 = DIRECTION ( 'NONE',  ( 0.000000000000000000, 0.000000000000000000, 1.000000000000000000 ) ) ;
#1906 = PLANE ( 'NONE',  #4429 ) ;
#1907 = DIRECTION ( 'NONE',  ( 0.2588190451025187411, 0.9659258262890688673, 0.000000000000000000 ) ) ;
#1908 = ADVANCED_FACE ( 'NONE', ( #4632 ), #4521, .T. ) ;
#1909 = DIRECTION ( 'NONE',  ( -1.000000000000000000, 0.000000000000000000, 0.000000000000000000 ) ) ;
#1910 = ORIENTED_EDGE ( 'NONE', *, *, #5376, .F. ) ;
#1911 = CARTESIAN_POINT ( 'NONE',  ( -5.210000000000001741, 0.7400000000000001021, -3.399999999999998579 ) ) ;
#1912 = ORIENTED_EDGE ( 'NONE', *, *, #4237, .T. ) ;
#1913 = ORIENTED_EDGE ( 'NONE', *, *, #3164, .F. ) ;
#1914 = AXIS2_PLACEMENT_3D ( 'NONE', #5427, #2846, #4190 ) ;
#1915 = CARTESIAN_POINT ( 'NONE',  ( -3.750000000140619072, 1.200000000000001288, 3.399999999999998579 ) ) ;
#1916 = SURFACE_SIDE_STYLE ('',( #1044 ) ) ;
#1917 = VECTOR ( 'NONE', #4758, 1000.000000000000000 ) ;
#1918 = DIRECTION ( 'NONE',  ( -0.000000000000000000, 0.000000000000000000, -1.000000000000000000 ) ) ;
#1919 = ORIENTED_EDGE ( 'NONE', *, *, #1247, .F. ) ;
#1920 = ORIENTED_EDGE ( 'NONE', *, *, #2374, .F. ) ;
#1921 = AXIS2_PLACEMENT_3D ( 'NONE', #2608, #2101, #2944 ) ;
#1922 = LINE ( 'NONE', #5319, #3566 ) ;
#1923 = ORIENTED_EDGE ( 'NONE', *, *, #1548, .T. ) ;
#1924 = CARTESIAN_POINT ( 'NONE',  ( 1.949999999999998623, 2.199999999999999734, 2.000000000000000000 ) ) ;
#1925 = ORIENTED_EDGE ( 'NONE', *, *, #3583, .F. ) ;
#1926 = FACE_OUTER_BOUND ( 'NONE', #1102, .T. ) ;
#1927 = DIRECTION ( 'NONE',  ( -1.000000000000000000, 0.000000000000000000, 0.000000000000000000 ) ) ;
#1928 = VERTEX_POINT ( 'NONE', #4939 ) ;
#1929 = VECTOR ( 'NONE', #2047, 1000.000000000000000 ) ;
#1930 = ADVANCED_FACE ( 'NONE', ( #2817 ), #2535, .F. ) ;
#1931 = LINE ( 'NONE', #3669, #4729 ) ;
#1932 = CARTESIAN_POINT ( 'NONE',  ( -5.230000000000002203, 0.5800000000000000711, -3.399999999999998579 ) ) ;
#1933 = DIRECTION ( 'NONE',  ( -6.195440985631462023E-15, -1.000000000000000000, -0.000000000000000000 ) ) ;
#1934 = CARTESIAN_POINT ( 'NONE',  ( -0.8999999999999984679, 1.199999999999998845, 1.499999999999999334 ) ) ;
#1935 = CARTESIAN_POINT ( 'NONE',  ( -5.089054445662281267, 2.099999999999999645, 4.028765877365271919 ) ) ;
#1936 = DIRECTION ( 'NONE',  ( -0.000000000000000000, -0.000000000000000000, 1.000000000000000000 ) ) ;
#1937 = ORIENTED_EDGE ( 'NONE', *, *, #2241, .F. ) ;
#1938 = DIRECTION ( 'NONE',  ( -0.000000000000000000, -0.000000000000000000, -1.000000000000000000 ) ) ;
#1939 = ORIENTED_EDGE ( 'NONE', *, *, #3568, .F. ) ;
#1940 = ORIENTED_EDGE ( 'NONE', *, *, #1750, .T. ) ;
#1941 = CARTESIAN_POINT ( 'NONE',  ( -5.190000000000002167, 0.5600000000000000533, -3.399999999999998579 ) ) ;
#1942 = LINE ( 'NONE', #3148, #2401 ) ;
#1943 = AXIS2_PLACEMENT_3D ( 'NONE', #5210, #523, #3527 ) ;
#1944 = DIRECTION ( 'NONE',  ( 1.000000000000000000, 0.000000000000000000, -0.000000000000000000 ) ) ;
#1945 = VERTEX_POINT ( 'NONE', #4683 ) ;
#1946 = UNCERTAINTY_MEASURE_WITH_UNIT (LENGTH_MEASURE( 1.000000000000000082E-05 ), #2485, 'distance_accuracy_value', 'NONE');
#1947 = LINE ( 'NONE', #4054, #2042 ) ;
#1948 = MECHANICAL_DESIGN_GEOMETRIC_PRESENTATION_REPRESENTATION (  '', ( #4808 ), #2402 ) ;
#1949 = AXIS2_PLACEMENT_3D ( 'NONE', #1073, #4545, #5341 ) ;
#1950 = ORIENTED_EDGE ( 'NONE', *, *, #2546, .F. ) ;
#1951 = CARTESIAN_POINT ( 'NONE',  ( -4.999999999999999112, 0.2999999999999999334, 2.849999999999999201 ) ) ;
#1952 = ORIENTED_EDGE ( 'NONE', *, *, #347, .T. ) ;
#1953 =( GEOMETRIC_REPRESENTATION_CONTEXT ( 3 ) GLOBAL_UNCERTAINTY_ASSIGNED_CONTEXT ( ( #1047 ) ) GLOBAL_UNIT_ASSIGNED_CONTEXT ( ( #2793, #419, #3323 ) ) REPRESENTATION_CONTEXT ( 'NONE', 'WORKASPACE' ) );
#1954 = DIRECTION ( 'NONE',  ( -0.9396926207859105373, 0.3420201433256629953, 0.000000000000000000 ) ) ;
#1955 = FACE_OUTER_BOUND ( 'NONE', #1479, .T. ) ;
#1956 = AXIS2_PLACEMENT_3D ( 'NONE', #532, #1826, #3538 ) ;
#1957 = ORIENTED_EDGE ( 'NONE', *, *, #2764, .T. ) ;
#1958 = VECTOR ( 'NONE', #3988, 1000.000000000000000 ) ;
#1959 = DIRECTION ( 'NONE',  ( 0.7071067811865469066, 0.7071067811865482389, 0.000000000000000000 ) ) ;
#1960 = VECTOR ( 'NONE', #3608, 1000.000000000000000 ) ;
#1961 = EDGE_CURVE ( 'NONE', #716, #470, #840, .T. ) ;
#1962 = PLANE ( 'NONE',  #4091 ) ;
#1963 = LINE ( 'NONE', #1452, #2511 ) ;
#1964 = EDGE_CURVE ( 'NONE', #4415, #5482, #4661, .T. ) ;
#1965 = CARTESIAN_POINT ( 'NONE',  ( 2.049999999999998490, 0.6999999999999990674, -1.999999999999999556 ) ) ;
#1966 = DIRECTION ( 'NONE',  ( -0.000000000000000000, 2.220446049250313081E-16, 1.000000000000000000 ) ) ;
#1967 = DIRECTION ( 'NONE',  ( -1.000000000000000000, 0.000000000000000000, 0.000000000000000000 ) ) ;
#1968 = ORIENTED_EDGE ( 'NONE', *, *, #2799, .F. ) ;
#1969 = VERTEX_POINT ( 'NONE', #436 ) ;
#1970 = DIRECTION ( 'NONE',  ( 0.000000000000000000, 0.000000000000000000, 1.000000000000000000 ) ) ;
#1971 = ORIENTED_EDGE ( 'NONE', *, *, #4035, .T. ) ;
#1972 = DIRECTION ( 'NONE',  ( -0.000000000000000000, -1.000000000000000000, 0.000000000000000000 ) ) ;
#1973 = FACE_OUTER_BOUND ( 'NONE', #5549, .T. ) ;
#1974 = FACE_OUTER_BOUND ( 'NONE', #842, .T. ) ;
#1975 = EDGE_CURVE ( 'NONE', #5310, #4743, #1655, .T. ) ;
#1976 = DIRECTION ( 'NONE',  ( 1.000000000000000000, 0.000000000000000000, 0.000000000000000000 ) ) ;
#1977 = CARTESIAN_POINT ( 'NONE',  ( -3.750000000140619072, 1.200000000000001288, -3.200000000547038148 ) ) ;
#1978 = EDGE_CURVE ( 'NONE', #956, #5142, #4738, .T. ) ;
#1979 = ORIENTED_EDGE ( 'NONE', *, *, #2055, .T. ) ;
#1980 = DIRECTION ( 'NONE',  ( 0.000000000000000000, -1.000000000000000000, 0.000000000000000000 ) ) ;
#1981 = VERTEX_POINT ( 'NONE', #1264 ) ;
#1982 = AXIS2_PLACEMENT_3D ( 'NONE', #616, #4463, #2335 ) ;
#1983 = VECTOR ( 'NONE', #5285, 1000.000000000000000 ) ;
#1984 = CARTESIAN_POINT ( 'NONE',  ( -5.150000000000002132, 0.1000000000000007133, 3.399999999999998579 ) ) ;
#1985 = CARTESIAN_POINT ( 'NONE',  ( 3.450000000281260082, 1.774999999999999689, 3.499999999999919176 ) ) ;
#1986 = ORIENTED_EDGE ( 'NONE', *, *, #3623, .T. ) ;
#1987 = CARTESIAN_POINT ( 'NONE',  ( -1.150000000000001688, 0.000000000000000000, -1.566987298107780369 ) ) ;
#1988 = DIRECTION ( 'NONE',  ( 7.779150588950973965E-14, -2.220446049250313574E-16, -1.000000000000000000 ) ) ;
#1989 = CARTESIAN_POINT ( 'NONE',  ( -3.750000000140619072, 0.1000000000000008521, -3.399999999999998579 ) ) ;
#1990 = LINE ( 'NONE', #776, #5228 ) ;
#1991 = DIRECTION ( 'NONE',  ( 0.000000000000000000, -2.168404344971005910E-16, -1.000000000000000000 ) ) ;
#1992 = DIRECTION ( 'NONE',  ( -0.000000000000000000, -0.000000000000000000, -1.000000000000000000 ) ) ;
#1993 = ORIENTED_EDGE ( 'NONE', *, *, #3943, .F. ) ;
#1994 = EDGE_CURVE ( 'NONE', #1498, #4352, #3446, .T. ) ;
#1995 = ORIENTED_EDGE ( 'NONE', *, *, #2934, .T. ) ;
#1996 = LINE ( 'NONE', #1187, #3120 ) ;
#1997 = EDGE_CURVE ( 'NONE', #516, #4635, #5503, .T. ) ;
#1998 = FACE_OUTER_BOUND ( 'NONE', #2239, .T. ) ;
#1999 = DIRECTION ( 'NONE',  ( 0.000000000000000000, -1.000000000000000000, 0.000000000000000000 ) ) ;
#2000 = EDGE_CURVE ( 'NONE', #1694, #4712, #1313, .T. ) ;
#2001 = PRESENTATION_STYLE_ASSIGNMENT (( #2453 ) ) ;
#2002 = EDGE_CURVE ( 'NONE', #1309, #483, #4153, .T. ) ;
#2003 = AXIS2_PLACEMENT_3D ( 'NONE', #2119, #3834, #1030 ) ;
#2004 = ADVANCED_FACE ( 'NONE', ( #4218 ), #890, .T. ) ;
#2005 = CARTESIAN_POINT ( 'NONE',  ( 2.300000000000000711, -6.439293542825923514E-16, -2.900000000000006573 ) ) ;
#2006 = VECTOR ( 'NONE', #5118, 1000.000000000000000 ) ;
#2007 = CARTESIAN_POINT ( 'NONE',  ( 0.000000000000000000, 0.000000000000000000, -3.750000000000000000 ) ) ;
#2008 = ADVANCED_FACE ( 'NONE', ( #3815 ), #3367, .F. ) ;
#2009 = VECTOR ( 'NONE', #4261, 1000.000000000000000 ) ;
#2010 = AXIS2_PLACEMENT_3D ( 'NONE', #2697, #615, #2334 ) ;
#2011 = VERTEX_POINT ( 'NONE', #3026 ) ;
#2012 = VECTOR ( 'NONE', #4012, 1000.000000000000000 ) ;
#2013 = CARTESIAN_POINT ( 'NONE',  ( -5.150000000000001243, 5.827586677109586333E-16, -3.399999999999998579 ) ) ;
#2014 = ORIENTED_EDGE ( 'NONE', *, *, #1586, .T. ) ;
#2015 = VERTEX_POINT ( 'NONE', #466 ) ;
#2016 = PLANE ( 'NONE',  #1820 ) ;
#2017 = EDGE_LOOP ( 'NONE', ( #4766, #2207, #144, #2448 ) ) ;
#2018 = DIRECTION ( 'NONE',  ( 0.000000000000000000, 0.000000000000000000, 1.000000000000000000 ) ) ;
#2019 = LINE ( 'NONE', #2416, #1782 ) ;
#2020 = DIRECTION ( 'NONE',  ( 1.000000000000000000, 0.000000000000000000, 0.000000000000000000 ) ) ;
#2021 = CARTESIAN_POINT ( 'NONE',  ( 3.154779163986334733, 0.7000000000000000666, 3.750000000000000000 ) ) ;
#2022 = CARTESIAN_POINT ( 'NONE',  ( -3.750000000140617296, 0.04999999999999928807, -3.200000000547041701 ) ) ;
#2023 = DIRECTION ( 'NONE',  ( 0.7071067811865425767, -1.570092458683786507E-16, -0.7071067811865525687 ) ) ;
#2024 = ORIENTED_EDGE ( 'NONE', *, *, #5031, .T. ) ;
#2025 = VERTEX_POINT ( 'NONE', #3898 ) ;
#2026 = LINE ( 'NONE', #1602, #5277 ) ;
#2027 = CARTESIAN_POINT ( 'NONE',  ( 3.450000000281259194, 2.850000000000000089, 2.999999999999881428 ) ) ;
#2028 = DIRECTION ( 'NONE',  ( -0.000000000000000000, -0.000000000000000000, 1.000000000000000000 ) ) ;
#2029 = CARTESIAN_POINT ( 'NONE',  ( 3.154779163986334733, 0.7000000000000000666, -3.499999999999999556 ) ) ;
#2030 = CARTESIAN_POINT ( 'NONE',  ( 2.049999999999998490, 0.6999999999999990674, -1.999999999999999556 ) ) ;
#2031 = VERTEX_POINT ( 'NONE', #5525 ) ;
#2032 = LINE ( 'NONE', #4193, #5564 ) ;
#2033 = ORIENTED_EDGE ( 'NONE', *, *, #686, .F. ) ;
#2034 = CARTESIAN_POINT ( 'NONE',  ( -3.050000000000001599, 0.2999999999999999334, 0.5499999999999990452 ) ) ;
#2035 = VERTEX_POINT ( 'NONE', #4708 ) ;
#2036 = VECTOR ( 'NONE', #2905, 1000.000000000000000 ) ;
#2037 = EDGE_CURVE ( 'NONE', #2907, #5011, #1235, .T. ) ;
#2038 = AXIS2_PLACEMENT_3D ( 'NONE', #4041, #183, #1905 ) ;
#2039 = ORIENTED_EDGE ( 'NONE', *, *, #2215, .F. ) ;
#2040 = CARTESIAN_POINT ( 'NONE',  ( -2.050000000000001155, 2.099999999999998757, -3.400000000000001243 ) ) ;
#2041 = ORIENTED_EDGE ( 'NONE', *, *, #3442, .T. ) ;
#2042 = VECTOR ( 'NONE', #224, 1000.000000000000000 ) ;
#2043 = EDGE_CURVE ( 'NONE', #126, #955, #1708, .T. ) ;
#2044 = CARTESIAN_POINT ( 'NONE',  ( -3.600000000000000977, 0.04999999999999917011, -3.749999999999998668 ) ) ;
#2045 = EDGE_CURVE ( 'NONE', #4838, #1383, #5132, .T. ) ;
#2046 = ADVANCED_FACE ( 'NONE', ( #3057, #5187 ), #5105, .T. ) ;
#2047 = DIRECTION ( 'NONE',  ( -0.000000000000000000, -1.000000000000000000, 2.220446049250313574E-16 ) ) ;
#2048 = LINE ( 'NONE', #2863, #2216 ) ;
#2049 = DIRECTION ( 'NONE',  ( -1.000000000000000000, 0.000000000000000000, 0.000000000000000000 ) ) ;
#2050 = CARTESIAN_POINT ( 'NONE',  ( 1.949999999999998623, 2.899999999999999911, 2.849999999999998757 ) ) ;
#2051 = VECTOR ( 'NONE', #19, 1000.000000000000000 ) ;
#2052 = CARTESIAN_POINT ( 'NONE',  ( 0.000000000000000000, 3.124999999999999112, 1.665334536937735057E-17 ) ) ;
#2053 = ORIENTED_EDGE ( 'NONE', *, *, #2986, .T. ) ;
#2054 = VERTEX_POINT ( 'NONE', #1290 ) ;
#2055 = EDGE_CURVE ( 'NONE', #3636, #1040, #2719, .T. ) ;
#2056 = EDGE_LOOP ( 'NONE', ( #1884, #415, #4410, #2472, #5346, #1599, #742, #4450, #1842, #3928, #174, #3013 ) ) ;
#2057 = VECTOR ( 'NONE', #1310, 1000.000000000000000 ) ;
#2058 = CARTESIAN_POINT ( 'NONE',  ( 3.450000000281260082, 1.374999999999999778, 3.499999999999919176 ) ) ;
#2059 = CARTESIAN_POINT ( 'NONE',  ( 3.450000000281260082, 1.374999999999999778, -2.999999999999613198 ) ) ;
#2060 = PLANE ( 'NONE',  #1195 ) ;
#2061 = CARTESIAN_POINT ( 'NONE',  ( 1.949999999999998623, 0.2999999999999998224, -0.8000000000000020428 ) ) ;
#2062 = PLANE ( 'NONE',  #3382 ) ;
#2063 = LINE ( 'NONE', #1191, #4719 ) ;
#2064 = CARTESIAN_POINT ( 'NONE',  ( 5.249999999999999112, 2.850000000000000089, 3.000000000000007550 ) ) ;
#2065 = ORIENTED_EDGE ( 'NONE', *, *, #2374, .T. ) ;
#2066 = EDGE_CURVE ( 'NONE', #885, #522, #2302, .T. ) ;
#2067 = ORIENTED_EDGE ( 'NONE', *, *, #1621, .T. ) ;
#2068 = EDGE_CURVE ( 'NONE', #4946, #5320, #4349, .T. ) ;
#2069 = VECTOR ( 'NONE', #1401, 1000.000000000000000 ) ;
#2070 = CYLINDRICAL_SURFACE ( 'NONE', #4289, 0.1000000000000002554 ) ;
#2071 = CARTESIAN_POINT ( 'NONE',  ( -2.333745176684991413E-13, 2.850000000000000089, 2.999999999999612754 ) ) ;
#2072 = PLANE ( 'NONE',  #506 ) ;
#2073 = CARTESIAN_POINT ( 'NONE',  ( -5.190000000000003055, 0.4200000000000002620, -3.399999999999998579 ) ) ;
#2074 = ADVANCED_FACE ( 'NONE', ( #553 ), #2214, .F. ) ;
#2075 = VECTOR ( 'NONE', #1330, 1000.000000000000000 ) ;
#2076 = DIRECTION ( 'NONE',  ( -0.000000000000000000, -0.000000000000000000, 1.000000000000000000 ) ) ;
#2077 = LINE ( 'NONE', #5072, #1613 ) ;
#2078 = ORIENTED_EDGE ( 'NONE', *, *, #1329, .F. ) ;
#2079 = VERTEX_POINT ( 'NONE', #98 ) ;
#2080 =( NAMED_UNIT ( * ) SI_UNIT ( $, .STERADIAN. ) SOLID_ANGLE_UNIT ( ) );
#2081 = DIRECTION ( 'NONE',  ( 0.000000000000000000, 0.000000000000000000, -1.000000000000000000 ) ) ;
#2082 = DIRECTION ( 'NONE',  ( -0.3420201433256629397, -0.9396926207859104263, -0.000000000000000000 ) ) ;
#2083 = ADVANCED_FACE ( 'NONE', ( #1818 ), #1882, .F. ) ;
#2084 = DIRECTION ( 'NONE',  ( -0.8660254037844378194, -0.5000000000000015543, 0.000000000000000000 ) ) ;
#2085 = ORIENTED_EDGE ( 'NONE', *, *, #5333, .F. ) ;
#2086 = ORIENTED_EDGE ( 'NONE', *, *, #2970, .T. ) ;
#2087 = CARTESIAN_POINT ( 'NONE',  ( 4.884999999999999787, 0.5599999999999999423, -2.999999999999613198 ) ) ;
#2088 = CARTESIAN_POINT ( 'NONE',  ( 3.450000000281260082, 1.374999999999999778, -3.499999999999919176 ) ) ;
#2089 = VECTOR ( 'NONE', #2974, 1000.000000000000000 ) ;
#2090 = EDGE_CURVE ( 'NONE', #528, #2152, #3084, .T. ) ;
#2091 = DIRECTION ( 'NONE',  ( 1.232595164407830946E-32, -1.000000000000000000, 2.220147486588071276E-16 ) ) ;
#2092 = EDGE_LOOP ( 'NONE', ( #2923, #1835, #3329, #1802, #2277, #1085 ) ) ;
#2093 = AXIS2_PLACEMENT_3D ( 'NONE', #1304, #4757, #3017 ) ;
#2094 = AXIS2_PLACEMENT_3D ( 'NONE', #1335, #2237, #4343 ) ;
#2095 = CARTESIAN_POINT ( 'NONE',  ( -5.210000000000002629, 0.4000000000000000777, -3.200000000547038148 ) ) ;
#2096 = ORIENTED_EDGE ( 'NONE', *, *, #5111, .T. ) ;
#2097 = AXIS2_PLACEMENT_3D ( 'NONE', #5274, #5336, #1392 ) ;
#2098 = FACE_OUTER_BOUND ( 'NONE', #5352, .T. ) ;
#2099 = DIRECTION ( 'NONE',  ( -0.000000000000000000, -0.000000000000000000, -1.000000000000000000 ) ) ;
#2100 = DIRECTION ( 'NONE',  ( -1.000000000000000000, 0.000000000000000000, 0.000000000000000000 ) ) ;
#2101 = DIRECTION ( 'NONE',  ( 0.000000000000000000, -1.000000000000000000, 0.000000000000000000 ) ) ;
#2102 = ORIENTED_EDGE ( 'NONE', *, *, #4940, .F. ) ;
#2103 = VERTEX_POINT ( 'NONE', #1787 ) ;
#2104 = DIRECTION ( 'NONE',  ( 0.000000000000000000, 0.000000000000000000, -1.000000000000000000 ) ) ;
#2105 = DIRECTION ( 'NONE',  ( 0.000000000000000000, 0.000000000000000000, -1.000000000000000000 ) ) ;
#2106 = DIRECTION ( 'NONE',  ( 0.000000000000000000, 0.000000000000000000, -1.000000000000000000 ) ) ;
#2107 = DIRECTION ( 'NONE',  ( 0.000000000000000000, 1.000000000000000000, 0.000000000000000000 ) ) ;
#2108 = ORIENTED_EDGE ( 'NONE', *, *, #3809, .F. ) ;
#2109 = VERTEX_POINT ( 'NONE', #5248 ) ;
#2110 = AXIS2_PLACEMENT_3D ( 'NONE', #429, #26, #911 ) ;
#2111 = CARTESIAN_POINT ( 'NONE',  ( 4.865000000000000213, 0.6249999999999998890, 3.499999999999919176 ) ) ;
#2112 = DIRECTION ( 'NONE',  ( 0.000000000000000000, 3.771137991253928573E-16, -1.000000000000000000 ) ) ;
#2113 = LINE ( 'NONE', #1272, #2949 ) ;
#2114 = VECTOR ( 'NONE', #945, 1000.000000000000000 ) ;
#2115 = DIRECTION ( 'NONE',  ( 0.000000000000000000, 1.000000000000000000, -2.220446049250313574E-16 ) ) ;
#2116 = ORIENTED_EDGE ( 'NONE', *, *, #980, .F. ) ;
#2117 = DIRECTION ( 'NONE',  ( 0.000000000000000000, -1.000000000000000000, 0.000000000000000000 ) ) ;
#2118 = CARTESIAN_POINT ( 'NONE',  ( -0.8999999999999984679, 1.199999999999998845, -1.999999999999999556 ) ) ;
#2119 = CARTESIAN_POINT ( 'NONE',  ( 4.884999999999999787, 0.06500000000000064060, -3.499999999999919176 ) ) ;
#2120 = LINE ( 'NONE', #4290, #659 ) ;
#2121 = ORIENTED_EDGE ( 'NONE', *, *, #1729, .F. ) ;
#2122 = VECTOR ( 'NONE', #812, 1000.000000000000000 ) ;
#2123 =( GEOMETRIC_REPRESENTATION_CONTEXT ( 3 ) GLOBAL_UNCERTAINTY_ASSIGNED_CONTEXT ( ( #4024 ) ) GLOBAL_UNIT_ASSIGNED_CONTEXT ( ( #2870, #4158, #2080 ) ) REPRESENTATION_CONTEXT ( 'NONE', 'WORKASPACE' ) );
#2124 = ORIENTED_EDGE ( 'NONE', *, *, #1480, .T. ) ;
#2125 = ADVANCED_FACE ( 'NONE', ( #1395 ), #1847, .F. ) ;
#2126 = EDGE_LOOP ( 'NONE', ( #3301, #1887, #1386, #3882, #4451, #172, #5162, #3490, #4602, #5538 ) ) ;
#2127 = DIRECTION ( 'NONE',  ( 0.000000000000000000, -1.000000000000000000, 2.220446049250313574E-16 ) ) ;
#2128 = FACE_OUTER_BOUND ( 'NONE', #301, .T. ) ;
#2129 = VECTOR ( 'NONE', #5348, 1000.000000000000000 ) ;
#2130 = CARTESIAN_POINT ( 'NONE',  ( 4.334999999999999076, 1.374999999999999778, 3.499999999999919176 ) ) ;
#2131 = DIRECTION ( 'NONE',  ( -0.000000000000000000, -2.220446049250314560E-16, -1.000000000000000000 ) ) ;
#2132 = CIRCLE ( 'NONE', #3386, 0.06499999999999994671 ) ;
#2133 = ORIENTED_EDGE ( 'NONE', *, *, #1794, .T. ) ;
#2134 = ORIENTED_EDGE ( 'NONE', *, *, #4890, .F. ) ;
#2135 = VECTOR ( 'NONE', #1104, 1000.000000000000000 ) ;
#2136 = CARTESIAN_POINT ( 'NONE',  ( -4.250000000000000888, 3.124999999999999112, -1.122649730810374002 ) ) ;
#2137 = VECTOR ( 'NONE', #5407, 1000.000000000000000 ) ;
#2138 = CARTESIAN_POINT ( 'NONE',  ( 3.450000000281258750, 0.6999999999999998446, 2.900000000000007461 ) ) ;
#2139 = ADVANCED_FACE ( 'NONE', ( #4789 ), #948, .F. ) ;
#2140 = EDGE_LOOP ( 'NONE', ( #3595, #5423, #461, #3182 ) ) ;
#2141 = EDGE_CURVE ( 'NONE', #3607, #2881, #3952, .T. ) ;
#2142 = CARTESIAN_POINT ( 'NONE',  ( -5.250000000000001776, 1.199999999999999956, 3.750000000000000000 ) ) ;
#2143 = ORIENTED_EDGE ( 'NONE', *, *, #4799, .T. ) ;
#2144 = VERTEX_POINT ( 'NONE', #4820 ) ;
#2145 = ADVANCED_FACE ( 'NONE', ( #3107 ), #979, .F. ) ;
#2146 = DIRECTION ( 'NONE',  ( 0.000000000000000000, 4.731064025391276657E-15, 1.000000000000000000 ) ) ;
#2147 = ORIENTED_EDGE ( 'NONE', *, *, #3545, .F. ) ;
#2148 = CARTESIAN_POINT ( 'NONE',  ( 4.799999999999999822, 0.6900000000000003908, -3.499999999999919176 ) ) ;
#2149 = DIRECTION ( 'NONE',  ( 0.000000000000000000, -2.220446049250322942E-16, -1.000000000000000000 ) ) ;
#2150 = LINE ( 'NONE', #3048, #1727 ) ;
#2151 = LINE ( 'NONE', #3862, #2369 ) ;
#2152 = VERTEX_POINT ( 'NONE', #2752 ) ;
#2153 = CARTESIAN_POINT ( 'NONE',  ( -5.150000000000001243, 7.227892038730409054E-16, -3.200000000547038148 ) ) ;
#2154 = DIRECTION ( 'NONE',  ( -0.000000000000000000, -0.000000000000000000, 1.000000000000000000 ) ) ;
#2155 = VECTOR ( 'NONE', #1182, 1000.000000000000000 ) ;
#2156 = DIRECTION ( 'NONE',  ( 0.000000000000000000, 0.000000000000000000, -1.000000000000000000 ) ) ;
#2157 = AXIS2_PLACEMENT_3D ( 'NONE', #3063, #3483, #2704 ) ;
#2158 = CARTESIAN_POINT ( 'NONE',  ( -5.210000000000001741, 0.7200000000000000844, -3.399999999999998579 ) ) ;
#2159 = EDGE_CURVE ( 'NONE', #5408, #1928, #4408, .T. ) ;
#2160 = CARTESIAN_POINT ( 'NONE',  ( 3.450000000281259194, 0.6999999999999998446, 3.750000000000000444 ) ) ;
#2161 = VERTEX_POINT ( 'NONE', #3593 ) ;
#2162 = EDGE_LOOP ( 'NONE', ( #3742, #1728, #4018, #4396 ) ) ;
#2163 = ADVANCED_FACE ( 'NONE', ( #3982 ), #4461, .F. ) ;
#2164 = DIRECTION ( 'NONE',  ( 0.000000000000000000, 0.000000000000000000, -1.000000000000000000 ) ) ;
#2165 = EDGE_CURVE ( 'NONE', #483, #3638, #4044, .T. ) ;
#2166 = ORIENTED_EDGE ( 'NONE', *, *, #1648, .F. ) ;
#2167 = ORIENTED_EDGE ( 'NONE', *, *, #2556, .T. ) ;
#2168 = EDGE_CURVE ( 'NONE', #1228, #1259, #919, .T. ) ;
#2169 = EDGE_CURVE ( 'NONE', #2548, #5011, #157, .T. ) ;
#2170 = CARTESIAN_POINT ( 'NONE',  ( 1.949999999999998623, 0.6999999999999991784, -1.499999999999999334 ) ) ;
#2171 = ORIENTED_EDGE ( 'NONE', *, *, #3807, .T. ) ;
#2172 = LINE ( 'NONE', #721, #2403 ) ;
#2173 = DIRECTION ( 'NONE',  ( 0.9351131265310302920, -0.2505628070857297551, -0.2505628070857297551 ) ) ;
#2174 = ORIENTED_EDGE ( 'NONE', *, *, #213, .T. ) ;
#2175 = CIRCLE ( 'NONE', #4506, 0.02000000000000005246 ) ;
#2176 = CARTESIAN_POINT ( 'NONE',  ( -1.150000000000001688, 0.000000000000000000, 1.566987298107780369 ) ) ;
#2177 = CARTESIAN_POINT ( 'NONE',  ( 4.884999999999999787, 0.06500000000000064060, -3.499999999999919176 ) ) ;
#2178 = VECTOR ( 'NONE', #3852, 1000.000000000000000 ) ;
#2179 = DIRECTION ( 'NONE',  ( -0.9351131265310302920, 0.2505628070857297551, 0.2505628070857297551 ) ) ;
#2180 = DIRECTION ( 'NONE',  ( -0.000000000000000000, -0.000000000000000000, -1.000000000000000000 ) ) ;
#2181 = ORIENTED_EDGE ( 'NONE', *, *, #821, .F. ) ;
#2182 = VECTOR ( 'NONE', #1427, 1000.000000000000000 ) ;
#2183 = VECTOR ( 'NONE', #1539, 1000.000000000000000 ) ;
#2184 = CARTESIAN_POINT ( 'NONE',  ( 2.049999999999998490, 1.199999999999998845, -1.999999999999999556 ) ) ;
#2185 = CARTESIAN_POINT ( 'NONE',  ( -5.210000000000001741, 0.5800000000000000711, 3.200000000547038148 ) ) ;
#2186 = CYLINDRICAL_SURFACE ( 'NONE', #15, 0.06499999999999994671 ) ;
#2187 = DIRECTION ( 'NONE',  ( -0.5000000000000015543, 0.8660254037844378194, 0.000000000000000000 ) ) ;
#2188 = LINE ( 'NONE', #5106, #2701 ) ;
#2189 = EDGE_LOOP ( 'NONE', ( #1352, #1488, #4085, #161 ) ) ;
#2190 = VERTEX_POINT ( 'NONE', #3171 ) ;
#2191 = DIRECTION ( 'NONE',  ( -1.000000000000000000, -0.000000000000000000, 0.000000000000000000 ) ) ;
#2192 = CARTESIAN_POINT ( 'NONE',  ( 1.949999999999998623, 2.899999999999999467, 0.8000000000000027089 ) ) ;
#2193 = VERTEX_POINT ( 'NONE', #4877 ) ;
#2194 = ORIENTED_EDGE ( 'NONE', *, *, #4163, .F. ) ;
#2195 = ORIENTED_EDGE ( 'NONE', *, *, #4063, .F. ) ;
#2196 = CARTESIAN_POINT ( 'NONE',  ( 3.450000000281259194, -6.439293542825919570E-16, -2.900000000000004796 ) ) ;
#2197 = VERTEX_POINT ( 'NONE', #185 ) ;
#2198 = PLANE ( 'NONE',  #3463 ) ;
#2199 = EDGE_LOOP ( 'NONE', ( #4300, #4823, #2039, #3612, #1445, #745, #1805, #3142, #73, #1370, #2260, #796, #2741, #4565, #4718, #3912, #21, #4365 ) ) ;
#2200 = DIRECTION ( 'NONE',  ( 0.000000000000000000, 0.000000000000000000, 1.000000000000000000 ) ) ;
#2201 = ORIENTED_EDGE ( 'NONE', *, *, #5240, .T. ) ;
#2202 = EDGE_LOOP ( 'NONE', ( #3405, #871, #1192, #1743, #503, #66, #2338, #3398, #133, #314, #1757, #4077, #18, #4483, #3497, #5458, #3713 ) ) ;
#2203 = FACE_OUTER_BOUND ( 'NONE', #2538, .T. ) ;
#2204 = FACE_OUTER_BOUND ( 'NONE', #4941, .T. ) ;
#2205 = DIRECTION ( 'NONE',  ( 0.000000000000000000, 1.000000000000000000, -2.891205793294678326E-16 ) ) ;
#2206 = CARTESIAN_POINT ( 'NONE',  ( 1.949999999999998623, 0.2999999999999999334, -0.5499999999999994893 ) ) ;
#2207 = ORIENTED_EDGE ( 'NONE', *, *, #661, .F. ) ;
#2208 = EDGE_CURVE ( 'NONE', #2563, #4037, #3725, .T. ) ;
#2209 = EDGE_CURVE ( 'NONE', #602, #3457, #5019, .T. ) ;
#2210 = EDGE_CURVE ( 'NONE', #55, #3955, #2461, .T. ) ;
#2211 = LINE ( 'NONE', #3895, #5349 ) ;
#2212 = CARTESIAN_POINT ( 'NONE',  ( -5.250000000000001776, 0.1000000000000014211, -3.200000000547038148 ) ) ;
#2213 = DIRECTION ( 'NONE',  ( -0.000000000000000000, -0.000000000000000000, -1.000000000000000000 ) ) ;
#2214 = CYLINDRICAL_SURFACE ( 'NONE', #13, 0.02000000000000005246 ) ;
#2215 = EDGE_CURVE ( 'NONE', #2404, #5408, #2808, .T. ) ;
#2216 = VECTOR ( 'NONE', #4570, 1000.000000000000000 ) ;
#2217 = ADVANCED_FACE ( 'NONE', ( #4512 ), #4573, .F. ) ;
#2218 = PLANE ( 'NONE',  #2613 ) ;
#2219 = ORIENTED_EDGE ( 'NONE', *, *, #3648, .F. ) ;
#2220 = ORIENTED_EDGE ( 'NONE', *, *, #1055, .T. ) ;
#2221 = VECTOR ( 'NONE', #3241, 1000.000000000000000 ) ;
#2222 = CARTESIAN_POINT ( 'NONE',  ( -5.190000000000002167, 0.7400000000000001021, 3.399999999999998579 ) ) ;
#2223 = VECTOR ( 'NONE', #5438, 1000.000000000000000 ) ;
#2224 = ORIENTED_EDGE ( 'NONE', *, *, #5112, .F. ) ;
#2225 = VERTEX_POINT ( 'NONE', #1151 ) ;
#2226 = AXIS2_PLACEMENT_3D ( 'NONE', #3865, #977, #3444 ) ;
#2227 = VECTOR ( 'NONE', #3428, 1000.000000000000000 ) ;
#2228 = CARTESIAN_POINT ( 'NONE',  ( -5.230000000000002203, 0.7200000000000000844, 3.200000000547038148 ) ) ;
#2229 = DIRECTION ( 'NONE',  ( 1.000000000000000000, -0.000000000000000000, 0.000000000000000000 ) ) ;
#2230 = VERTEX_POINT ( 'NONE', #1070 ) ;
#2231 = CARTESIAN_POINT ( 'NONE',  ( 4.399999999999999467, 0.6399999999999997913, -2.999999999999613198 ) ) ;
#2232 = VERTEX_POINT ( 'NONE', #2386 ) ;
#2233 = EDGE_CURVE ( 'NONE', #55, #627, #4127, .T. ) ;
#2234 = ADVANCED_FACE ( 'NONE', ( #724 ), #3759, .F. ) ;
#2235 = PLANE ( 'NONE',  #5444 ) ;
#2236 = DIRECTION ( 'NONE',  ( -1.000000000000000000, -0.000000000000000000, -0.000000000000000000 ) ) ;
#2237 = DIRECTION ( 'NONE',  ( 0.000000000000000000, 0.000000000000000000, 1.000000000000000000 ) ) ;
#2238 = EDGE_CURVE ( 'NONE', #407, #4270, #4097, .T. ) ;
#2239 = EDGE_LOOP ( 'NONE', ( #5527, #1920, #406, #3407 ) ) ;
#2240 = EDGE_CURVE ( 'NONE', #126, #176, #2446, .T. ) ;
#2241 = EDGE_CURVE ( 'NONE', #2380, #2025, #698, .T. ) ;
#2242 = EDGE_LOOP ( 'NONE', ( #1622, #929, #2686, #924, #4103, #4966, #200 ) ) ;
#2243 = CARTESIAN_POINT ( 'NONE',  ( -5.210000000000001741, 0.7200000000000000844, 3.399999999999998579 ) ) ;
#2244 = DIRECTION ( 'NONE',  ( 0.000000000000000000, 1.000000000000000000, 0.000000000000000000 ) ) ;
#2245 = DIRECTION ( 'NONE',  ( -1.000000000000000000, 0.000000000000000000, 0.000000000000000000 ) ) ;
#2246 = DIRECTION ( 'NONE',  ( -0.000000000000000000, 0.000000000000000000, -1.000000000000000000 ) ) ;
#2247 = VERTEX_POINT ( 'NONE', #4540 ) ;
#2248 = VERTEX_POINT ( 'NONE', #2839 ) ;
#2249 = VECTOR ( 'NONE', #4879, 1000.000000000000000 ) ;
#2250 = DIRECTION ( 'NONE',  ( 0.000000000000000000, 0.000000000000000000, -1.000000000000000000 ) ) ;
#2251 = DIRECTION ( 'NONE',  ( 1.000000000000000000, 1.130443199202757152E-16, 0.000000000000000000 ) ) ;
#2252 = LINE ( 'NONE', #3181, #1157 ) ;
#2253 = ORIENTED_EDGE ( 'NONE', *, *, #4441, .F. ) ;
#2254 = VECTOR ( 'NONE', #4942, 1000.000000000000000 ) ;
#2255 = ADVANCED_FACE ( 'NONE', ( #4152 ), #299, .F. ) ;
#2256 = CARTESIAN_POINT ( 'NONE',  ( -5.210000000000001741, 0.7200000000000000844, -3.399999999999998579 ) ) ;
#2257 = CARTESIAN_POINT ( 'NONE',  ( -5.230000000000002203, 0.7200000000000000844, -3.399999999999998579 ) ) ;
#2258 = ORIENTED_EDGE ( 'NONE', *, *, #1246, .F. ) ;
#2259 = ORIENTED_EDGE ( 'NONE', *, *, #4713, .F. ) ;
#2260 = ORIENTED_EDGE ( 'NONE', *, *, #2045, .F. ) ;
#2261 = ADVANCED_FACE ( 'NONE', ( #4597 ), #4989, .F. ) ;
#2262 = PLANE ( 'NONE',  #1065 ) ;
#2263 = EDGE_LOOP ( 'NONE', ( #5265, #5234, #4932, #4791 ) ) ;
#2264 = CARTESIAN_POINT ( 'NONE',  ( -3.750000000140618184, 1.200000000000000400, -2.664550187233489303E-16 ) ) ;
#2265 = DIRECTION ( 'NONE',  ( 0.000000000000000000, -1.000000000000000000, 0.000000000000000000 ) ) ;
#2266 = DIRECTION ( 'NONE',  ( 0.000000000000000000, -1.000000000000000000, 0.000000000000000000 ) ) ;
#2267 = ORIENTED_EDGE ( 'NONE', *, *, #453, .T. ) ;
#2268 = AXIS2_PLACEMENT_3D ( 'NONE', #1984, #2408, #3691 ) ;
#2269 = VECTOR ( 'NONE', #403, 1000.000000000000000 ) ;
#2270 = FACE_OUTER_BOUND ( 'NONE', #2568, .T. ) ;
#2271 = CARTESIAN_POINT ( 'NONE',  ( -5.250000000000000888, 1.200000000000001066, 3.200000000547037260 ) ) ;
#2272 = CARTESIAN_POINT ( 'NONE',  ( -3.750000000140619072, 0.1000000000000008521, 3.399999999999998579 ) ) ;
#2273 = AXIS2_PLACEMENT_3D ( 'NONE', #3493, #4701, #3861 ) ;
#2274 = CARTESIAN_POINT ( 'NONE',  ( -3.750000000140619072, 0.1000000000000008521, -3.399999999999998579 ) ) ;
#2275 = FACE_OUTER_BOUND ( 'NONE', #1608, .T. ) ;
#2276 = VECTOR ( 'NONE', #2579, 1000.000000000000000 ) ;
#2277 = ORIENTED_EDGE ( 'NONE', *, *, #3915, .F. ) ;
#2278 = VERTEX_POINT ( 'NONE', #2477 ) ;
#2279 = VECTOR ( 'NONE', #583, 1000.000000000000000 ) ;
#2280 = FACE_OUTER_BOUND ( 'NONE', #2056, .T. ) ;
#2281 = SURFACE_SIDE_STYLE ('',( #561 ) ) ;
#2282 = CARTESIAN_POINT ( 'NONE',  ( -5.210000000000001741, 0.9000000000000001332, 3.399999999999998579 ) ) ;
#2283 = ORIENTED_EDGE ( 'NONE', *, *, #3990, .T. ) ;
#2284 = ORIENTED_EDGE ( 'NONE', *, *, #4644, .F. ) ;
#2285 = DIRECTION ( 'NONE',  ( -0.000000000000000000, -0.000000000000000000, -1.000000000000000000 ) ) ;
#2286 = ORIENTED_EDGE ( 'NONE', *, *, #1827, .T. ) ;
#2287 = LINE ( 'NONE', #1863, #5480 ) ;
#2288 = ADVANCED_FACE ( 'NONE', ( #5470 ), #5390, .F. ) ;
#2289 = ADVANCED_FACE ( 'NONE', ( #4962 ), #1540, .T. ) ;
#2290 = ORIENTED_EDGE ( 'NONE', *, *, #59, .T. ) ;
#2291 = ORIENTED_EDGE ( 'NONE', *, *, #5123, .F. ) ;
#2292 = VERTEX_POINT ( 'NONE', #1124 ) ;
#2293 = CARTESIAN_POINT ( 'NONE',  ( -5.210000000000001741, 0.5600000000000000533, 3.399999999999998579 ) ) ;
#2294 = ORIENTED_EDGE ( 'NONE', *, *, #1053, .F. ) ;
#2295 = DIRECTION ( 'NONE',  ( 0.000000000000000000, -1.000000000000000000, 0.000000000000000000 ) ) ;
#2296 = CARTESIAN_POINT ( 'NONE',  ( 2.049999999999998490, 0.6999999999999991784, -1.499999999999999334 ) ) ;
#2297 = CARTESIAN_POINT ( 'NONE',  ( 3.550000000281260171, 0.5749999999999998446, 3.499999999999919176 ) ) ;
#2298 = VERTEX_POINT ( 'NONE', #5421 ) ;
#2299 = DIRECTION ( 'NONE',  ( -0.000000000000000000, -0.000000000000000000, 1.000000000000000000 ) ) ;
#2300 = CARTESIAN_POINT ( 'NONE',  ( -0.8999999999999984679, 1.699999999999999289, -1.999999999999999556 ) ) ;
#2301 = DIRECTION ( 'NONE',  ( 0.000000000000000000, 1.000000000000000000, 0.000000000000000000 ) ) ;
#2302 = LINE ( 'NONE', #5307, #3163 ) ;
#2303 = PLANE ( 'NONE',  #4488 ) ;
#2304 = ORIENTED_EDGE ( 'NONE', *, *, #2238, .F. ) ;
#2305 = CARTESIAN_POINT ( 'NONE',  ( 2.049999999999998490, 2.199999999999999289, -1.499999999999999556 ) ) ;
#2306 = EDGE_LOOP ( 'NONE', ( #141, #5041, #107, #5075 ) ) ;
#2307 = VECTOR ( 'NONE', #3796, 999.9999999999998863 ) ;
#2308 = PLANE ( 'NONE',  #2412 ) ;
#2309 = PLANE ( 'NONE',  #1142 ) ;
#2310 = CARTESIAN_POINT ( 'NONE',  ( -5.190000000000002167, 0.5600000000000000533, 3.200000000547038148 ) ) ;
#2311 = ORIENTED_EDGE ( 'NONE', *, *, #4578, .T. ) ;
#2312 = ORIENTED_EDGE ( 'NONE', *, *, #626, .T. ) ;
#2313 = EDGE_CURVE ( 'NONE', #2841, #4330, #210, .T. ) ;
#2314 = AXIS2_PLACEMENT_3D ( 'NONE', #1039, #3677, #5394 ) ;
#2315 = LINE ( 'NONE', #1052, #1408 ) ;
#2316 = EDGE_CURVE ( 'NONE', #5301, #5312, #5154, .T. ) ;
#2317 = AXIS2_PLACEMENT_3D ( 'NONE', #1326, #3041, #3934 ) ;
#2318 = EDGE_CURVE ( 'NONE', #4037, #5081, #3359, .T. ) ;
#2319 = EDGE_LOOP ( 'NONE', ( #702, #3354, #4559, #866 ) ) ;
#2320 = ORIENTED_EDGE ( 'NONE', *, *, #930, .F. ) ;
#2321 = VECTOR ( 'NONE', #939, 1000.000000000000000 ) ;
#2322 = VERTEX_POINT ( 'NONE', #2996 ) ;
#2323 = VECTOR ( 'NONE', #1574, 1000.000000000000000 ) ;
#2324 = CARTESIAN_POINT ( 'NONE',  ( 4.799999999999999822, 0.6900000000000003908, 3.499999999999919176 ) ) ;
#2325 = ORIENTED_EDGE ( 'NONE', *, *, #4206, .T. ) ;
#2326 = EDGE_CURVE ( 'NONE', #3342, #2548, #3780, .T. ) ;
#2327 = CARTESIAN_POINT ( 'NONE',  ( 2.049999999999998490, 1.699999999999999289, 1.999999999999999556 ) ) ;
#2328 = FACE_OUTER_BOUND ( 'NONE', #5446, .T. ) ;
#2329 = EDGE_LOOP ( 'NONE', ( #1875, #2730, #2869, #1438, #2171, #4025 ) ) ;
#2330 = PLANE ( 'NONE',  #3977 ) ;
#2331 = CARTESIAN_POINT ( 'NONE',  ( -4.600000000000001421, 2.099999999999999645, -3.750000000000000888 ) ) ;
#2332 = FACE_OUTER_BOUND ( 'NONE', #3250, .T. ) ;
#2333 = EDGE_CURVE ( 'NONE', #4029, #2915, #2984, .T. ) ;
#2334 = DIRECTION ( 'NONE',  ( -0.8660254037844385966, 0.000000000000000000, -0.5000000000000001110 ) ) ;
#2335 = DIRECTION ( 'NONE',  ( 0.000000000000000000, 0.000000000000000000, -1.000000000000000000 ) ) ;
#2336 = ORIENTED_EDGE ( 'NONE', *, *, #5145, .T. ) ;
#2337 = DIRECTION ( 'NONE',  ( 1.000000000000000000, 1.232595164407830946E-32, -2.736911063134408949E-48 ) ) ;
#2338 = ORIENTED_EDGE ( 'NONE', *, *, #260, .F. ) ;
#2339 = EDGE_LOOP ( 'NONE', ( #1684, #1048, #10, #2618, #5167, #23 ) ) ;
#2340 = DIRECTION ( 'NONE',  ( -0.000000000000000000, -0.000000000000000000, 1.000000000000000000 ) ) ;
#2341 = CARTESIAN_POINT ( 'NONE',  ( -5.190000000000002167, 0.8799999999999997824, -3.200000000547038148 ) ) ;
#2342 = LINE ( 'NONE', #4443, #2069 ) ;
#2343 = EDGE_LOOP ( 'NONE', ( #259, #5379, #4830, #5262 ) ) ;
#2344 = UNCERTAINTY_MEASURE_WITH_UNIT (LENGTH_MEASURE( 1.000000000000000082E-05 ), #1101, 'distance_accuracy_value', 'NONE');
#2345 = ORIENTED_EDGE ( 'NONE', *, *, #3944, .T. ) ;
#2346 = VECTOR ( 'NONE', #1469, 1000.000000000000000 ) ;
#2347 = CARTESIAN_POINT ( 'NONE',  ( 4.334999999999999076, 0.6399999999999997913, -3.499999999999919176 ) ) ;
#2348 = AXIS2_PLACEMENT_3D ( 'NONE', #710, #4582, #256 ) ;
#2349 = ADVANCED_FACE ( 'NONE', ( #5517 ), #3339, .T. ) ;
#2350 = ORIENTED_EDGE ( 'NONE', *, *, #1221, .T. ) ;
#2351 = EDGE_CURVE ( 'NONE', #3955, #2953, #3413, .T. ) ;
#2352 = FACE_OUTER_BOUND ( 'NONE', #772, .T. ) ;
#2353 = VERTEX_POINT ( 'NONE', #1672 ) ;
#2354 = CARTESIAN_POINT ( 'NONE',  ( -5.250000000000000888, 1.200000000000000400, -2.664550187233489303E-16 ) ) ;
#2355 = DIRECTION ( 'NONE',  ( 0.000000000000000000, 1.000000000000000000, 0.000000000000000000 ) ) ;
#2356 = ORIENTED_EDGE ( 'NONE', *, *, #4170, .F. ) ;
#2357 = CARTESIAN_POINT ( 'NONE',  ( 2.049999999999998490, 1.699999999999999289, 1.499999999999999334 ) ) ;
#2358 = CARTESIAN_POINT ( 'NONE',  ( 1.949999999999998623, 2.899999999999999023, -0.8000000000000014877 ) ) ;
#2359 = DIRECTION ( 'NONE',  ( 0.2588190451025143557, -0.9659258262890699775, 0.000000000000000000 ) ) ;
#2360 = LINE ( 'NONE', #1965, #4167 ) ;
#2361 = DIRECTION ( 'NONE',  ( -0.000000000000000000, 0.000000000000000000, 1.000000000000000000 ) ) ;
#2362 = CARTESIAN_POINT ( 'NONE',  ( -0.8999999999999984679, 1.699999999999999289, 1.499999999999999334 ) ) ;
#2363 = VERTEX_POINT ( 'NONE', #5548 ) ;
#2364 = LINE ( 'NONE', #3261, #1145 ) ;
#2365 = VERTEX_POINT ( 'NONE', #3387 ) ;
#2366 = AXIS2_PLACEMENT_3D ( 'NONE', #2130, #5553, #5078 ) ;
#2367 = LINE ( 'NONE', #650, #2772 ) ;
#2368 =( NAMED_UNIT ( * ) PLANE_ANGLE_UNIT ( ) SI_UNIT ( $, .RADIAN. ) );
#2369 = VECTOR ( 'NONE', #5574, 1000.000000000000000 ) ;
#2370 = DIRECTION ( 'NONE',  ( -0.000000000000000000, -0.000000000000000000, -1.000000000000000000 ) ) ;
#2371 = ORIENTED_EDGE ( 'NONE', *, *, #2210, .T. ) ;
#2372 = DIRECTION ( 'NONE',  ( 0.000000000000000000, 1.000000000000000000, -2.220446049250313574E-16 ) ) ;
#2373 = ORIENTED_EDGE ( 'NONE', *, *, #4358, .T. ) ;
#2374 = EDGE_CURVE ( 'NONE', #3870, #5148, #4655, .T. ) ;
#2375 = ADVANCED_FACE ( 'NONE', ( #1700 ), #803, .T. ) ;
#2376 = DIRECTION ( 'NONE',  ( 1.000000000000000000, -0.000000000000000000, 0.000000000000000000 ) ) ;
#2377 = VERTEX_POINT ( 'NONE', #2921 ) ;
#2378 = DIRECTION ( 'NONE',  ( -0.000000000000000000, -0.000000000000000000, -1.000000000000000000 ) ) ;
#2379 = DIRECTION ( 'NONE',  ( 0.7071067811865469066, 0.7071067811865482389, 0.000000000000000000 ) ) ;
#2380 = VERTEX_POINT ( 'NONE', #28 ) ;
#2381 = AXIS2_PLACEMENT_3D ( 'NONE', #685, #713, #258 ) ;
#2382 = DIRECTION ( 'NONE',  ( -1.000000000000000000, 0.000000000000000000, 0.000000000000000000 ) ) ;
#2383 = LINE ( 'NONE', #3645, #2279 ) ;
#2384 = DIRECTION ( 'NONE',  ( 0.000000000000000000, 2.220446049250313081E-16, 1.000000000000000000 ) ) ;
#2385 = LINE ( 'NONE', #2838, #2465 ) ;
#2386 = CARTESIAN_POINT ( 'NONE',  ( -3.600000000000003197, 8.326672684688665178E-16, 3.749999999999995115 ) ) ;
#2387 = CARTESIAN_POINT ( 'NONE',  ( 2.300000000000000711, 0.04999999999999935746, -2.900000000000006573 ) ) ;
#2388 = ORIENTED_EDGE ( 'NONE', *, *, #1186, .F. ) ;
#2389 = EDGE_CURVE ( 'NONE', #2015, #311, #5493, .T. ) ;
#2390 = ORIENTED_EDGE ( 'NONE', *, *, #1076, .T. ) ;
#2391 = FACE_OUTER_BOUND ( 'NONE', #2737, .T. ) ;
#2392 = EDGE_LOOP ( 'NONE', ( #3443, #5434, #1903, #2311 ) ) ;
#2393 = CARTESIAN_POINT ( 'NONE',  ( -1.150000000000001688, 1.633012701892218255, 0.000000000000000000 ) ) ;
#2394 = CARTESIAN_POINT ( 'NONE',  ( -5.150000000000001243, 5.827586677109586333E-16, -3.399999999999998579 ) ) ;
#2395 = EDGE_CURVE ( 'NONE', #4698, #5107, #4770, .T. ) ;
#2396 = VECTOR ( 'NONE', #1703, 1000.000000000000000 ) ;
#2397 = CARTESIAN_POINT ( 'NONE',  ( -2.050000000000001155, 2.099999999999999645, 3.399999999999999467 ) ) ;
#2398 =( NAMED_UNIT ( * ) PLANE_ANGLE_UNIT ( ) SI_UNIT ( $, .RADIAN. ) );
#2399 = CARTESIAN_POINT ( 'NONE',  ( -3.050000000000001599, 2.899999999999999911, 0.5499999999999981570 ) ) ;
#2400 = LINE ( 'NONE', #3098, #5166 ) ;
#2401 = VECTOR ( 'NONE', #3602, 1000.000000000000000 ) ;
#2402 =( GEOMETRIC_REPRESENTATION_CONTEXT ( 3 ) GLOBAL_UNCERTAINTY_ASSIGNED_CONTEXT ( ( #4522 ) ) GLOBAL_UNIT_ASSIGNED_CONTEXT ( ( #4660, #3290, #5104 ) ) REPRESENTATION_CONTEXT ( 'NONE', 'WORKASPACE' ) );
#2403 = VECTOR ( 'NONE', #5044, 1000.000000000000000 ) ;
#2404 = VERTEX_POINT ( 'NONE', #5046 ) ;
#2405 = PLANE ( 'NONE',  #3393 ) ;
#2406 = EDGE_LOOP ( 'NONE', ( #2220, #3381, #4754, #1828, #3118, #4617 ) ) ;
#2407 = VECTOR ( 'NONE', #1662, 1000.000000000000000 ) ;
#2408 = DIRECTION ( 'NONE',  ( 0.000000000000000000, 0.000000000000000000, 1.000000000000000000 ) ) ;
#2409 = CARTESIAN_POINT ( 'NONE',  ( 4.949999999999999289, 0.5599999999999993872, -3.499999999999919176 ) ) ;
#2410 = VECTOR ( 'NONE', #1510, 1000.000000000000000 ) ;
#2411 = ORIENTED_EDGE ( 'NONE', *, *, #2159, .T. ) ;
#2412 = AXIS2_PLACEMENT_3D ( 'NONE', #2393, #3655, #3679 ) ;
#2413 = ADVANCED_FACE ( 'NONE', ( #4677 ), #832, .T. ) ;
#2414 = LINE ( 'NONE', #2887, #1601 ) ;
#2415 = AXIS2_PLACEMENT_3D ( 'NONE', #201, #2376, #2880 ) ;
#2416 = CARTESIAN_POINT ( 'NONE',  ( -5.250000000000001776, 0.9000000000000001332, -3.399999999999998579 ) ) ;
#2417 = CARTESIAN_POINT ( 'NONE',  ( 5.249999999999999112, 3.199999999999999734, 3.749999999999999112 ) ) ;
#2418 = FACE_OUTER_BOUND ( 'NONE', #2886, .T. ) ;
#2419 = DIRECTION ( 'NONE',  ( 0.000000000000000000, 0.000000000000000000, -1.000000000000000000 ) ) ;
#2420 = LINE ( 'NONE', #4964, #177 ) ;
#2421 = ORIENTED_EDGE ( 'NONE', *, *, #2762, .T. ) ;
#2422 = ORIENTED_EDGE ( 'NONE', *, *, #481, .T. ) ;
#2423 = CARTESIAN_POINT ( 'NONE',  ( 2.299999999999998934, 0.05000000000000064809, 2.900000000000007461 ) ) ;
#2424 = EDGE_CURVE ( 'NONE', #2015, #3839, #856, .T. ) ;
#2425 = VERTEX_POINT ( 'NONE', #353 ) ;
#2426 = EDGE_CURVE ( 'NONE', #5039, #3102, #2120, .T. ) ;
#2427 = CYLINDRICAL_SURFACE ( 'NONE', #4731, 0.02000000000000005246 ) ;
#2428 = CARTESIAN_POINT ( 'NONE',  ( 4.949999999999999289, 0.5599999999999993872, 3.499999999999919176 ) ) ;
#2429 = PLANE ( 'NONE',  #3072 ) ;
#2430 = DIRECTION ( 'NONE',  ( -0.000000000000000000, -0.000000000000000000, -1.000000000000000000 ) ) ;
#2431 = CARTESIAN_POINT ( 'NONE',  ( -5.250000000000001776, 1.199999999999999956, 3.399999999999998579 ) ) ;
#2432 = DIRECTION ( 'NONE',  ( 0.000000000000000000, 0.000000000000000000, 1.000000000000000000 ) ) ;
#2433 = VERTEX_POINT ( 'NONE', #2505 ) ;
#2434 = EDGE_CURVE ( 'NONE', #2363, #3653, #2151, .T. ) ;
#2435 = CARTESIAN_POINT ( 'NONE',  ( 0.000000000000000000, 0.7000000000000000666, -3.122502256758252770E-16 ) ) ;
#2436 = ORIENTED_EDGE ( 'NONE', *, *, #1388, .F. ) ;
#2437 = VECTOR ( 'NONE', #1936, 1000.000000000000000 ) ;
#2438 = VECTOR ( 'NONE', #3989, 1000.000000000000000 ) ;
#2439 = EDGE_LOOP ( 'NONE', ( #3628, #3624, #4318, #1849 ) ) ;
#2440 = DIRECTION ( 'NONE',  ( 0.000000000000000000, 1.000000000000000000, 0.000000000000000000 ) ) ;
#2441 = ORIENTED_EDGE ( 'NONE', *, *, #2739, .F. ) ;
#2442 = LINE ( 'NONE', #5015, #56 ) ;
#2443 = CARTESIAN_POINT ( 'NONE',  ( 3.450000000281260082, 1.774999999999999689, -2.999999999999613198 ) ) ;
#2444 = DIRECTION ( 'NONE',  ( 1.000000000000000000, 1.224646799147353207E-16, -0.000000000000000000 ) ) ;
#2445 = DIRECTION ( 'NONE',  ( 0.000000000000000000, 1.000000000000000000, -0.000000000000000000 ) ) ;
#2446 = LINE ( 'NONE', #242, #1285 ) ;
#2447 = CARTESIAN_POINT ( 'NONE',  ( 3.550000000281260171, 0.1000000000000004774, -3.499999999999919176 ) ) ;
#2448 = ORIENTED_EDGE ( 'NONE', *, *, #5127, .T. ) ;
#2449 = ORIENTED_EDGE ( 'NONE', *, *, #5522, .T. ) ;
#2450 = CARTESIAN_POINT ( 'NONE',  ( -0.8999999999999984679, 1.699999999999999289, 1.999999999999999556 ) ) ;
#2451 = PLANE ( 'NONE',  #1229 ) ;
#2452 = FACE_OUTER_BOUND ( 'NONE', #692, .T. ) ;
#2453 = SURFACE_STYLE_USAGE ( .BOTH. , #5401 ) ;
#2454 = AXIS2_PLACEMENT_3D ( 'NONE', #2874, #3268, #1999 ) ;
#2455 = EDGE_CURVE ( 'NONE', #205, #2161, #1726, .T. ) ;
#2456 = LINE ( 'NONE', #4171, #4285 ) ;
#2457 = CIRCLE ( 'NONE', #3262, 0.02000000000000005246 ) ;
#2458 = LINE ( 'NONE', #5456, #1760 ) ;
#2459 = AXIS2_PLACEMENT_3D ( 'NONE', #3412, #3942, #4728 ) ;
#2460 = ADVANCED_FACE ( 'NONE', ( #884 ), #4316, .F. ) ;
#2461 = CIRCLE ( 'NONE', #3267, 0.06499999999999994671 ) ;
#2462 = ORIENTED_EDGE ( 'NONE', *, *, #4228, .T. ) ;
#2463 = EDGE_CURVE ( 'NONE', #266, #3200, #63, .T. ) ;
#2464 = ADVANCED_FACE ( 'NONE', ( #973 ), #1781, .F. ) ;
#2465 = VECTOR ( 'NONE', #123, 1000.000000000000000 ) ;
#2466 = LINE ( 'NONE', #3274, #5008 ) ;
#2467 = ORIENTED_EDGE ( 'NONE', *, *, #1997, .F. ) ;
#2468 = ADVANCED_FACE ( 'NONE', ( #2692 ), #3132, .F. ) ;
#2469 = EDGE_CURVE ( 'NONE', #2054, #4910, #4455, .T. ) ;
#2470 = ORIENTED_EDGE ( 'NONE', *, *, #594, .T. ) ;
#2471 = PLANE ( 'NONE',  #1468 ) ;
#2472 = ORIENTED_EDGE ( 'NONE', *, *, #2755, .T. ) ;
#2473 = LINE ( 'NONE', #1120, #3571 ) ;
#2474 = DIRECTION ( 'NONE',  ( 0.000000000000000000, 0.000000000000000000, -1.000000000000000000 ) ) ;
#2475 = CARTESIAN_POINT ( 'NONE',  ( 3.650000000281259815, 0.1000000000000004774, 3.499999999999919176 ) ) ;
#2476 = FACE_OUTER_BOUND ( 'NONE', #4797, .T. ) ;
#2477 = CARTESIAN_POINT ( 'NONE',  ( -5.190000000000002167, 0.5600000000000000533, 3.399999999999998579 ) ) ;
#2478 = DIRECTION ( 'NONE',  ( -1.000000000000000000, -0.000000000000000000, -0.000000000000000000 ) ) ;
#2479 = EDGE_LOOP ( 'NONE', ( #189, #3729, #2650, #4008 ) ) ;
#2480 = ORIENTED_EDGE ( 'NONE', *, *, #2851, .T. ) ;
#2481 = ORIENTED_EDGE ( 'NONE', *, *, #4304, .F. ) ;
#2482 = FACE_OUTER_BOUND ( 'NONE', #5250, .T. ) ;
#2483 = LINE ( 'NONE', #3731, #2122 ) ;
#2484 = FACE_OUTER_BOUND ( 'NONE', #404, .T. ) ;
#2485 =( LENGTH_UNIT ( ) NAMED_UNIT ( * ) SI_UNIT ( .MILLI., .METRE. ) );
#2486 = EDGE_CURVE ( 'NONE', #2827, #3162, #1422, .T. ) ;
#2487 =( LENGTH_UNIT ( ) NAMED_UNIT ( * ) SI_UNIT ( .MILLI., .METRE. ) );
#2488 = CARTESIAN_POINT ( 'NONE',  ( 4.734999999999999432, 1.709999999999999742, -2.999999999999613198 ) ) ;
#2489 = ADVANCED_FACE ( 'NONE', ( #4841 ), #93, .F. ) ;
#2490 = EDGE_CURVE ( 'NONE', #344, #1833, #1841, .T. ) ;
#2491 = DIRECTION ( 'NONE',  ( -8.758115402030108638E-47, -1.000000000000000000, 2.220446049250314560E-16 ) ) ;
#2492 = VERTEX_POINT ( 'NONE', #149 ) ;
#2493 = VECTOR ( 'NONE', #4426, 1000.000000000000000 ) ;
#2494 = ORIENTED_EDGE ( 'NONE', *, *, #2215, .T. ) ;
#2495 = CIRCLE ( 'NONE', #2314, 0.02000000000000005246 ) ;
#2496 = ORIENTED_EDGE ( 'NONE', *, *, #3448, .T. ) ;
#2497 = CARTESIAN_POINT ( 'NONE',  ( -1.150000000000001688, 1.633012701892218255, 1.566987298107780369 ) ) ;
#2498 = EDGE_LOOP ( 'NONE', ( #2644, #3127, #4393, #2657 ) ) ;
#2499 = AXIS2_PLACEMENT_3D ( 'NONE', #3848, #2518, #5086 ) ;
#2500 = ADVANCED_FACE ( 'NONE', ( #2328 ), #943, .F. ) ;
#2501 = LINE ( 'NONE', #3335, #4201 ) ;
#2502 = CARTESIAN_POINT ( 'NONE',  ( -3.600000000000003197, 0.05000000000000083544, 3.749999999999995115 ) ) ;
#2503 = CARTESIAN_POINT ( 'NONE',  ( -5.230000000000002203, 0.7200000000000000844, -3.399999999999998579 ) ) ;
#2504 = CARTESIAN_POINT ( 'NONE',  ( -5.210000000000001741, 0.5600000000000000533, 3.399999999999998579 ) ) ;
#2505 = CARTESIAN_POINT ( 'NONE',  ( 1.949999999999998623, 0.6999999999999992895, -1.999999999999999556 ) ) ;
#2506 = AXIS2_PLACEMENT_3D ( 'NONE', #3528, #3082, #4761 ) ;
#2507 = FACE_OUTER_BOUND ( 'NONE', #3961, .T. ) ;
#2508 = ORIENTED_EDGE ( 'NONE', *, *, #1414, .T. ) ;
#2509 = VERTEX_POINT ( 'NONE', #3588 ) ;
#2510 = VECTOR ( 'NONE', #2860, 1000.000000000000000 ) ;
#2511 = VECTOR ( 'NONE', #4927, 1000.000000000000000 ) ;
#2512 = DIRECTION ( 'NONE',  ( 0.000000000000000000, 0.000000000000000000, 1.000000000000000000 ) ) ;
#2513 = LINE ( 'NONE', #3319, #3560 ) ;
#2514 = CARTESIAN_POINT ( 'NONE',  ( 2.299999999999998934, 6.439293542825925487E-16, 2.900000000000007461 ) ) ;
#2515 = DIRECTION ( 'NONE',  ( -0.000000000000000000, -1.000000000000000000, -0.000000000000000000 ) ) ;
#2516 = ORIENTED_EDGE ( 'NONE', *, *, #5195, .T. ) ;
#2517 = ORIENTED_EDGE ( 'NONE', *, *, #2351, .T. ) ;
#2518 = DIRECTION ( 'NONE',  ( 0.000000000000000000, -1.000000000000000000, 0.000000000000000000 ) ) ;
#2519 = CARTESIAN_POINT ( 'NONE',  ( 4.334999999999999076, 0.6399999999999997913, 3.499999999999919176 ) ) ;
#2520 = DIRECTION ( 'NONE',  ( 0.000000000000000000, -2.220446049250314560E-16, -1.000000000000000000 ) ) ;
#2521 = ORIENTED_EDGE ( 'NONE', *, *, #1719, .T. ) ;
#2522 = EDGE_CURVE ( 'NONE', #1898, #2531, #4370, .T. ) ;
#2523 = ORIENTED_EDGE ( 'NONE', *, *, #658, .T. ) ;
#2524 = VECTOR ( 'NONE', #5315, 1000.000000000000000 ) ;
#2525 = LINE ( 'NONE', #1200, #704 ) ;
#2526 = DIRECTION ( 'NONE',  ( -1.000000000000000000, 0.000000000000000000, -7.779150588950973965E-14 ) ) ;
#2527 = CARTESIAN_POINT ( 'NONE',  ( 5.249999999999999112, -0.05000000000000012768, -3.750000000000000000 ) ) ;
#2528 = AXIS2_PLACEMENT_3D ( 'NONE', #85, #3094, #2685 ) ;
#2529 = DIRECTION ( 'NONE',  ( 0.8660254037844401509, -1.110223024625150870E-16, -0.4999999999999973355 ) ) ;
#2530 = DIRECTION ( 'NONE',  ( 0.000000000000000000, 0.000000000000000000, 1.000000000000000000 ) ) ;
#2531 = VERTEX_POINT ( 'NONE', #5298 ) ;
#2532 = ORIENTED_EDGE ( 'NONE', *, *, #3157, .T. ) ;
#2533 = DIRECTION ( 'NONE',  ( 1.000000000000000000, -0.000000000000000000, -0.000000000000000000 ) ) ;
#2534 = CARTESIAN_POINT ( 'NONE',  ( 4.799999999999999822, 1.709999999999999742, -2.999999999999613198 ) ) ;
#2535 = PLANE ( 'NONE',  #465 ) ;
#2536 = DIRECTION ( 'NONE',  ( -0.000000000000000000, -1.000000000000000000, 2.220446049250314067E-16 ) ) ;
#2537 = ORIENTED_EDGE ( 'NONE', *, *, #1006, .T. ) ;
#2538 = EDGE_LOOP ( 'NONE', ( #966, #3129, #1710, #4843 ) ) ;
#2539 = DIRECTION ( 'NONE',  ( 0.000000000000000000, -1.000000000000000000, 0.000000000000000000 ) ) ;
#2540 = PLANE ( 'NONE',  #1312 ) ;
#2541 = VECTOR ( 'NONE', #2265, 1000.000000000000000 ) ;
#2542 = PRESENTATION_LAYER_ASSIGNMENT (  '', '', ( #3350 ) ) ;
#2543 = DIRECTION ( 'NONE',  ( 1.000000000000000000, 0.000000000000000000, -0.000000000000000000 ) ) ;
#2544 = VECTOR ( 'NONE', #1280, 1000.000000000000000 ) ;
#2545 = VECTOR ( 'NONE', #1755, 1000.000000000000000 ) ;
#2546 = EDGE_CURVE ( 'NONE', #2787, #516, #521, .T. ) ;
#2547 = ADVANCED_FACE ( 'NONE', ( #5180 ), #3101, .F. ) ;
#2548 = VERTEX_POINT ( 'NONE', #3975 ) ;
#2549 = VECTOR ( 'NONE', #207, 1000.000000000000000 ) ;
#2550 = CARTESIAN_POINT ( 'NONE',  ( 3.450000000281258750, 0.05000000000000064809, 2.900000000000007461 ) ) ;
#2551 = DIRECTION ( 'NONE',  ( 0.000000000000000000, -1.000000000000000000, 0.000000000000000000 ) ) ;
#2552 = CARTESIAN_POINT ( 'NONE',  ( 4.334999999999999076, 1.374999999999999778, -2.999999999999613198 ) ) ;
#2553 = CARTESIAN_POINT ( 'NONE',  ( 4.334999999999999076, 1.309999999999999831, -2.999999999999613198 ) ) ;
#2554 = ORIENTED_EDGE ( 'NONE', *, *, #112, .F. ) ;
#2555 = ORIENTED_EDGE ( 'NONE', *, *, #4779, .F. ) ;
#2556 = EDGE_CURVE ( 'NONE', #1741, #330, #3161, .T. ) ;
#2557 = DIRECTION ( 'NONE',  ( 0.000000000000000000, 1.000000000000000000, -4.034240641806526418E-16 ) ) ;
#2558 = CARTESIAN_POINT ( 'NONE',  ( -1.150000000000001688, 1.199999999999998845, -1.999999999999999556 ) ) ;
#2559 = LINE ( 'NONE', #495, #5083 ) ;
#2560 = CARTESIAN_POINT ( 'NONE',  ( 1.061233197394067185, 3.616922863405962474, 2.849999999999999201 ) ) ;
#2561 = EDGE_CURVE ( 'NONE', #1945, #5350, #3049, .T. ) ;
#2562 = CARTESIAN_POINT ( 'NONE',  ( 6.162975822039170467E-34, 1.199999999999999734, -3.200000000547038148 ) ) ;
#2563 = VERTEX_POINT ( 'NONE', #5241 ) ;
#2564 = EDGE_LOOP ( 'NONE', ( #3277, #84, #3112, #4383 ) ) ;
#2565 = EDGE_CURVE ( 'NONE', #3457, #4910, #1390, .T. ) ;
#2566 = CARTESIAN_POINT ( 'NONE',  ( 3.450000000281260082, 1.774999999999999689, -2.999999999999613198 ) ) ;
#2567 = DIRECTION ( 'NONE',  ( -0.000000000000000000, 1.000000000000000000, -0.000000000000000000 ) ) ;
#2568 = EDGE_LOOP ( 'NONE', ( #2067, #1937, #4187, #2938 ) ) ;
#2569 = LINE ( 'NONE', #5459, #5543 ) ;
#2570 = VERTEX_POINT ( 'NONE', #913 ) ;
#2571 = CLOSED_SHELL ( 'NONE', ( #5418, #5447, #88, #1344, #831, #1908, #4914, #2464, #1084, #1043 ) ) ;
#2572 = DIRECTION ( 'NONE',  ( 0.000000000000000000, -1.000000000000000000, 2.220446049250313574E-16 ) ) ;
#2573 = ORIENTED_EDGE ( 'NONE', *, *, #4137, .F. ) ;
#2574 = VECTOR ( 'NONE', #970, 1000.000000000000000 ) ;
#2575 = DIRECTION ( 'NONE',  ( 1.000000000000000000, 0.000000000000000000, 0.000000000000000000 ) ) ;
#2576 = ADVANCED_FACE ( 'NONE', ( #5208 ), #4812, .F. ) ;
#2577 = DIRECTION ( 'NONE',  ( 0.000000000000000000, 1.445602896647339163E-16, -1.000000000000000000 ) ) ;
#2578 = LINE ( 'NONE', #1389, #5414 ) ;
#2579 = DIRECTION ( 'NONE',  ( 1.000000000000000000, 0.000000000000000000, 0.000000000000000000 ) ) ;
#2580 = ORIENTED_EDGE ( 'NONE', *, *, #1557, .F. ) ;
#2581 = ADVANCED_FACE ( 'NONE', ( #5354 ), #1141, .F. ) ;
#2582 = AXIS2_PLACEMENT_3D ( 'NONE', #4537, #5419, #2020 ) ;
#2583 = EDGE_CURVE ( 'NONE', #1676, #3653, #290, .T. ) ;
#2584 = EDGE_CURVE ( 'NONE', #3636, #3259, #1562, .T. ) ;
#2585 = PLANE ( 'NONE',  #4714 ) ;
#2586 = CARTESIAN_POINT ( 'NONE',  ( -4.999999999999999112, 0.2999999999999990452, -2.850000000000000089 ) ) ;
#2587 = DIRECTION ( 'NONE',  ( -0.000000000000000000, -0.000000000000000000, -1.000000000000000000 ) ) ;
#2588 = PRESENTATION_LAYER_ASSIGNMENT (  '', '', ( #2939 ) ) ;
#2589 = DIRECTION ( 'NONE',  ( -0.7071067811865425767, -1.570092458683786507E-16, -0.7071067811865525687 ) ) ;
#2590 = LINE ( 'NONE', #2952, #5114 ) ;
#2591 = EDGE_CURVE ( 'NONE', #4994, #4534, #2777, .T. ) ;
#2592 = VECTOR ( 'NONE', #1045, 1000.000000000000000 ) ;
#2593 = ADVANCED_FACE ( 'NONE', ( #3190 ), #1533, .F. ) ;
#2594 = ORIENTED_EDGE ( 'NONE', *, *, #3739, .T. ) ;
#2595 = ORIENTED_EDGE ( 'NONE', *, *, #3160, .F. ) ;
#2596 = VECTOR ( 'NONE', #868, 1000.000000000000000 ) ;
#2597 = LINE ( 'NONE', #530, #4378 ) ;
#2598 = ORIENTED_EDGE ( 'NONE', *, *, #3034, .T. ) ;
#2599 = ORIENTED_EDGE ( 'NONE', *, *, #5058, .F. ) ;
#2600 = CARTESIAN_POINT ( 'NONE',  ( -4.600000000000001421, 2.099999999999999645, 2.849999999999997424 ) ) ;
#2601 = DIRECTION ( 'NONE',  ( -1.000000000000000000, 0.000000000000000000, 0.000000000000000000 ) ) ;
#2602 = CIRCLE ( 'NONE', #3732, 0.06499999999999994671 ) ;
#2603 = DIRECTION ( 'NONE',  ( 0.000000000000000000, 0.000000000000000000, 1.000000000000000000 ) ) ;
#2604 = ORIENTED_EDGE ( 'NONE', *, *, #632, .T. ) ;
#2605 = CARTESIAN_POINT ( 'NONE',  ( 4.399999999999999467, 1.309999999999999831, 3.499999999999919176 ) ) ;
#2606 = CARTESIAN_POINT ( 'NONE',  ( 2.049999999999998490, 2.199999999999999734, 1.500000000000000000 ) ) ;
#2607 = DIRECTION ( 'NONE',  ( 0.000000000000000000, 0.000000000000000000, 1.000000000000000000 ) ) ;
#2608 = CARTESIAN_POINT ( 'NONE',  ( 0.000000000000000000, 0.7000000000000000666, -3.122502256758252770E-16 ) ) ;
#2609 = VECTOR ( 'NONE', #588, 1000.000000000000000 ) ;
#2610 = ORIENTED_EDGE ( 'NONE', *, *, #808, .F. ) ;
#2611 = DIRECTION ( 'NONE',  ( 1.000000000000000000, 0.000000000000000000, -0.000000000000000000 ) ) ;
#2612 = CARTESIAN_POINT ( 'NONE',  ( -4.250000000000000888, 2.899999999999999911, -3.544337567297407343 ) ) ;
#2613 = AXIS2_PLACEMENT_3D ( 'NONE', #4764, #5555, #1681 ) ;
#2614 = CARTESIAN_POINT ( 'NONE',  ( 4.334999999999999076, 0.6399999999999997913, -3.499999999999919176 ) ) ;
#2615 = CARTESIAN_POINT ( 'NONE',  ( 5.249999999999999112, -0.05000000000000012768, -3.750000000000000000 ) ) ;
#2616 = DIRECTION ( 'NONE',  ( -1.000000000000000000, -0.000000000000000000, -0.000000000000000000 ) ) ;
#2617 = ORIENTED_EDGE ( 'NONE', *, *, #2732, .F. ) ;
#2618 = ORIENTED_EDGE ( 'NONE', *, *, #1587, .F. ) ;
#2619 = DIRECTION ( 'NONE',  ( 0.000000000000000000, 0.000000000000000000, 1.000000000000000000 ) ) ;
#2620 = FILL_AREA_STYLE_COLOUR ( '', #2702 ) ;
#2621 = EDGE_CURVE ( 'NONE', #5092, #769, #4897, .T. ) ;
#2622 = CARTESIAN_POINT ( 'NONE',  ( 6.162975822039170467E-34, 1.199999999999999734, -3.400000000000000355 ) ) ;
#2623 = ORIENTED_EDGE ( 'NONE', *, *, #4644, .T. ) ;
#2624 = FACE_OUTER_BOUND ( 'NONE', #2017, .T. ) ;
#2625 = EDGE_CURVE ( 'NONE', #5384, #528, #2856, .T. ) ;
#2626 = DIRECTION ( 'NONE',  ( 0.000000000000000000, 0.000000000000000000, -1.000000000000000000 ) ) ;
#2627 = ADVANCED_FACE ( 'NONE', ( #5331 ), #4953, .F. ) ;
#2628 = ADVANCED_FACE ( 'NONE', ( #4981 ), #4564, .F. ) ;
#2629 = ORIENTED_EDGE ( 'NONE', *, *, #658, .F. ) ;
#2630 = ORIENTED_EDGE ( 'NONE', *, *, #1150, .F. ) ;
#2631 = AXIS2_PLACEMENT_3D ( 'NONE', #4322, #2106, #3844 ) ;
#2632 = DIRECTION ( 'NONE',  ( 0.000000000000000000, -2.220147486588071276E-16, -1.000000000000000000 ) ) ;
#2633 = CARTESIAN_POINT ( 'NONE',  ( -4.250000000000000888, 2.099999999999999645, -3.544337567297407343 ) ) ;
#2634 = ADVANCED_FACE ( 'NONE', ( #3640 ), #230, .F. ) ;
#2635 = VECTOR ( 'NONE', #4671, 1000.000000000000000 ) ;
#2636 = CARTESIAN_POINT ( 'NONE',  ( -0.8531390860147377575, 1.187443655941063936, 1.487443655941064646 ) ) ;
#2637 = CARTESIAN_POINT ( 'NONE',  ( -2.050000000000001155, 2.099999999999999645, 2.849999999999999201 ) ) ;
#2638 = ORIENTED_EDGE ( 'NONE', *, *, #5127, .F. ) ;
#2639 = LINE ( 'NONE', #2153, #3291 ) ;
#2640 = LINE ( 'NONE', #3472, #2057 ) ;
#2641 = DIRECTION ( 'NONE',  ( -1.000000000000000000, 0.000000000000000000, 0.000000000000000000 ) ) ;
#2642 = CARTESIAN_POINT ( 'NONE',  ( -5.210000000000001741, 0.8800000000000000044, 3.399999999999998579 ) ) ;
#2643 = LINE ( 'NONE', #527, #4669 ) ;
#2644 = ORIENTED_EDGE ( 'NONE', *, *, #2090, .T. ) ;
#2645 = LINE ( 'NONE', #2703, #1861 ) ;
#2646 = LINE ( 'NONE', #4827, #1263 ) ;
#2647 = VERTEX_POINT ( 'NONE', #635 ) ;
#2648 = ORIENTED_EDGE ( 'NONE', *, *, #32, .T. ) ;
#2649 = AXIS2_PLACEMENT_3D ( 'NONE', #2606, #2577, #4260 ) ;
#2650 = ORIENTED_EDGE ( 'NONE', *, *, #319, .F. ) ;
#2651 = ADVANCED_FACE ( 'NONE', ( #3249 ), #2471, .F. ) ;
#2652 = ADVANCED_FACE ( 'NONE', ( #1955 ), #1061, .F. ) ;
#2653 = CARTESIAN_POINT ( 'NONE',  ( -4.999999999999999112, 0.2999999999999990452, -2.850000000000000089 ) ) ;
#2654 = ADVANCED_FACE ( 'NONE', ( #4533 ), #3302, .F. ) ;
#2655 = CARTESIAN_POINT ( 'NONE',  ( -3.750000000140619072, 0.1000000000000008521, -3.399999999999998579 ) ) ;
#2656 = ADVANCED_FACE ( 'NONE', ( #4146 ), #2016, .F. ) ;
#2657 = ORIENTED_EDGE ( 'NONE', *, *, #1260, .F. ) ;
#2658 = EDGE_CURVE ( 'NONE', #549, #3455, #2885, .T. ) ;
#2659 = ORIENTED_EDGE ( 'NONE', *, *, #5523, .F. ) ;
#2660 = DIRECTION ( 'NONE',  ( -0.000000000000000000, -0.000000000000000000, -1.000000000000000000 ) ) ;
#2661 = ORIENTED_EDGE ( 'NONE', *, *, #846, .F. ) ;
#2662 = CARTESIAN_POINT ( 'NONE',  ( -5.250000000000001776, 0.9000000000000001332, -3.200000000547038148 ) ) ;
#2663 = CLOSED_SHELL ( 'NONE', ( #2576, #2008, #1155, #5050, #734, #2468, #4577, #4615, #3373, #4801, #4709, #5029, #4641, #2957, #2735, #1657, #2627, #1002, #1291 ) ) ;
#2664 = CARTESIAN_POINT ( 'NONE',  ( -3.750000000140617296, 0.04999999999999928807, -3.200000000547041701 ) ) ;
#2665 = CARTESIAN_POINT ( 'NONE',  ( -5.250000000000001776, 1.199999999999999956, 3.399999999999998579 ) ) ;
#2666 = EDGE_LOOP ( 'NONE', ( #2320, #3703, #4325, #5500 ) ) ;
#2667 = ORIENTED_EDGE ( 'NONE', *, *, #5398, .T. ) ;
#2668 = DIRECTION ( 'NONE',  ( 0.000000000000000000, 0.000000000000000000, 1.000000000000000000 ) ) ;
#2669 =( GEOMETRIC_REPRESENTATION_CONTEXT ( 3 ) GLOBAL_UNCERTAINTY_ASSIGNED_CONTEXT ( ( #3237 ) ) GLOBAL_UNIT_ASSIGNED_CONTEXT ( ( #1854, #4716, #869 ) ) REPRESENTATION_CONTEXT ( 'NONE', 'WORKASPACE' ) );
#2670 = PLANE ( 'NONE',  #5141 ) ;
#2671 = CARTESIAN_POINT ( 'NONE',  ( -3.850000000140619161, 8.697468197535033146E-16, 3.399999999999998579 ) ) ;
#2672 = AXIS2_PLACEMENT_3D ( 'NONE', #5452, #3395, #3785 ) ;
#2673 = LINE ( 'NONE', #645, #3946 ) ;
#2674 = ORIENTED_EDGE ( 'NONE', *, *, #1329, .T. ) ;
#2675 = EDGE_CURVE ( 'NONE', #1345, #3314, #5542, .T. ) ;
#2676 = DIRECTION ( 'NONE',  ( -1.000000000000000000, 0.000000000000000000, 0.000000000000000000 ) ) ;
#2677 = DIRECTION ( 'NONE',  ( -0.000000000000000000, 1.000000000000000000, -2.390448949896046487E-15 ) ) ;
#2678 = AXIS2_PLACEMENT_3D ( 'NONE', #1806, #910, #2632 ) ;
#2679 = EDGE_LOOP ( 'NONE', ( #4527, #2999, #892, #951 ) ) ;
#2680 = ORIENTED_EDGE ( 'NONE', *, *, #4614, .F. ) ;
#2681 = EDGE_CURVE ( 'NONE', #2365, #3086, #879, .T. ) ;
#2682 = VECTOR ( 'NONE', #1766, 1000.000000000000000 ) ;
#2683 = AXIS2_PLACEMENT_3D ( 'NONE', #4225, #2091, #3798 ) ;
#2684 = FACE_OUTER_BOUND ( 'NONE', #4198, .T. ) ;
#2685 = DIRECTION ( 'NONE',  ( 0.000000000000000000, 1.000000000000000000, 0.000000000000000000 ) ) ;
#2686 = ORIENTED_EDGE ( 'NONE', *, *, #4618, .F. ) ;
#2687 = ORIENTED_EDGE ( 'NONE', *, *, #5326, .F. ) ;
#2688 = DIRECTION ( 'NONE',  ( -0.000000000000000000, -0.000000000000000000, -1.000000000000000000 ) ) ;
#2689 = ORIENTED_EDGE ( 'NONE', *, *, #683, .T. ) ;
#2690 = DIRECTION ( 'NONE',  ( -0.000000000000000000, -1.000000000000000000, 2.220446049250313574E-16 ) ) ;
#2691 = DIRECTION ( 'NONE',  ( 0.000000000000000000, -1.000000000000000000, 0.000000000000000000 ) ) ;
#2692 = FACE_OUTER_BOUND ( 'NONE', #3812, .T. ) ;
#2693 = ORIENTED_EDGE ( 'NONE', *, *, #4447, .F. ) ;
#2694 = DIRECTION ( 'NONE',  ( -0.000000000000000000, -0.000000000000000000, 1.000000000000000000 ) ) ;
#2695 = LINE ( 'NONE', #1538, #3930 ) ;
#2696 = FACE_OUTER_BOUND ( 'NONE', #2837, .T. ) ;
#2697 = CARTESIAN_POINT ( 'NONE',  ( -4.250000000000000888, 3.124999999999999112, -2.277350269189625909 ) ) ;
#2698 = CARTESIAN_POINT ( 'NONE',  ( 4.399999999999999467, 0.6399999999999997913, 3.499999999999919176 ) ) ;
#2699 = ORIENTED_EDGE ( 'NONE', *, *, #766, .T. ) ;
#2700 = ORIENTED_EDGE ( 'NONE', *, *, #632, .F. ) ;
#2701 = VECTOR ( 'NONE', #38, 1000.000000000000000 ) ;
#2702 = COLOUR_RGB ( '',0.7921568627450980005, 0.8196078431372548767, 0.9333333333333333481 ) ;
#2703 = CARTESIAN_POINT ( 'NONE',  ( 4.884999999999998899, 6.640738306473714658E-16, 3.499999999999919176 ) ) ;
#2704 = DIRECTION ( 'NONE',  ( 1.000000000000000000, 0.000000000000000000, 0.000000000000000000 ) ) ;
#2705 = CARTESIAN_POINT ( 'NONE',  ( 0.000000000000000000, 0.7000000000000000666, -3.750000000000000444 ) ) ;
#2706 = ORIENTED_EDGE ( 'NONE', *, *, #3503, .T. ) ;
#2707 = ORIENTED_EDGE ( 'NONE', *, *, #4380, .T. ) ;
#2708 = CARTESIAN_POINT ( 'NONE',  ( 4.334999999999999076, 1.374999999999999778, 2.999999999999613198 ) ) ;
#2709 = CARTESIAN_POINT ( 'NONE',  ( -4.759252271188818106, 0.3499999999999999223, 3.399999999999998579 ) ) ;
#2710 = ORIENTED_EDGE ( 'NONE', *, *, #1320, .T. ) ;
#2711 = ORIENTED_EDGE ( 'NONE', *, *, #3233, .F. ) ;
#2712 = VERTEX_POINT ( 'NONE', #3800 ) ;
#2713 = LINE ( 'NONE', #1836, #3835 ) ;
#2714 = VERTEX_POINT ( 'NONE', #2095 ) ;
#2715 = CARTESIAN_POINT ( 'NONE',  ( -3.750000000140618184, 1.199999999999999734, -3.400000000000000355 ) ) ;
#2716 = CARTESIAN_POINT ( 'NONE',  ( 4.734999999999999432, 1.709999999999999742, 3.499999999999919176 ) ) ;
#2717 = DIRECTION ( 'NONE',  ( 0.000000000000000000, -0.000000000000000000, -1.000000000000000000 ) ) ;
#2718 = VERTEX_POINT ( 'NONE', #5040 ) ;
#2719 = CIRCLE ( 'NONE', #1637, 0.06499999999999994671 ) ;
#2720 = VECTOR ( 'NONE', #3488, 1000.000000000000000 ) ;
#2721 = CARTESIAN_POINT ( 'NONE',  ( 3.650000000281260704, 4.903561885709708184E-16, -2.999999999999613198 ) ) ;
#2722 = DIRECTION ( 'NONE',  ( -6.195440985631462023E-15, -1.000000000000000000, -0.000000000000000000 ) ) ;
#2723 = DIRECTION ( 'NONE',  ( 0.000000000000000000, 1.000000000000000000, 0.000000000000000000 ) ) ;
#2724 = AXIS2_PLACEMENT_3D ( 'NONE', #2527, #2864, #2100 ) ;
#2725 = DIRECTION ( 'NONE',  ( -0.000000000000000000, 2.220147486588071522E-16, 1.000000000000000000 ) ) ;
#2726 = LINE ( 'NONE', #212, #2249 ) ;
#2727 = VECTOR ( 'NONE', #1366, 1000.000000000000000 ) ;
#2728 = ORIENTED_EDGE ( 'NONE', *, *, #3667, .T. ) ;
#2729 = VECTOR ( 'NONE', #552, 1000.000000000000000 ) ;
#2730 = ORIENTED_EDGE ( 'NONE', *, *, #3233, .T. ) ;
#2731 = ORIENTED_EDGE ( 'NONE', *, *, #1817, .T. ) ;
#2732 = EDGE_CURVE ( 'NONE', #5081, #3607, #2457, .T. ) ;
#2733 = DIRECTION ( 'NONE',  ( -0.000000000000000000, 1.000000000000000000, 0.000000000000000000 ) ) ;
#2734 = CARTESIAN_POINT ( 'NONE',  ( 2.049999999999998490, 0.6999999999999995115, 2.000000000000000444 ) ) ;
#2735 = ADVANCED_FACE ( 'NONE', ( #4283 ), #371, .F. ) ;
#2736 = DIRECTION ( 'NONE',  ( 0.000000000000000000, 1.000000000000000000, 0.000000000000000000 ) ) ;
#2737 = EDGE_LOOP ( 'NONE', ( #5355, #847, #2728, #2959 ) ) ;
#2738 = ORIENTED_EDGE ( 'NONE', *, *, #5376, .T. ) ;
#2739 = EDGE_CURVE ( 'NONE', #2774, #3247, #5462, .T. ) ;
#2740 = DIRECTION ( 'NONE',  ( -0.000000000000000000, -0.000000000000000000, -1.000000000000000000 ) ) ;
#2741 = ORIENTED_EDGE ( 'NONE', *, *, #5318, .F. ) ;
#2742 = ORIENTED_EDGE ( 'NONE', *, *, #4733, .T. ) ;
#2743 = DIRECTION ( 'NONE',  ( -0.8660254037844384856, -0.000000000000000000, -0.5000000000000002220 ) ) ;
#2744 = VERTEX_POINT ( 'NONE', #317 ) ;
#2745 = LINE ( 'NONE', #606, #4065 ) ;
#2746 = DIRECTION ( 'NONE',  ( 0.000000000000000000, 1.000000000000000000, -2.220446049250313574E-16 ) ) ;
#2747 = VERTEX_POINT ( 'NONE', #398 ) ;
#2748 = DIRECTION ( 'NONE',  ( -0.000000000000000000, -0.000000000000000000, 1.000000000000000000 ) ) ;
#2749 = DIRECTION ( 'NONE',  ( 0.000000000000000000, 0.000000000000000000, -1.000000000000000000 ) ) ;
#2750 = DIRECTION ( 'NONE',  ( 0.000000000000000000, -1.000000000000000000, 0.000000000000000000 ) ) ;
#2751 = EDGE_CURVE ( 'NONE', #2404, #5448, #3432, .T. ) ;
#2752 = CARTESIAN_POINT ( 'NONE',  ( -5.250000000000000888, 0.1556624327025934174, 2.994337567297405744 ) ) ;
#2753 = DIRECTION ( 'NONE',  ( -1.000000000000000000, -0.000000000000000000, -0.000000000000000000 ) ) ;
#2754 = VERTEX_POINT ( 'NONE', #4723 ) ;
#2755 = EDGE_CURVE ( 'NONE', #311, #3102, #5487, .T. ) ;
#2756 = VERTEX_POINT ( 'NONE', #1640 ) ;
#2757 = VECTOR ( 'NONE', #1135, 1000.000000000000000 ) ;
#2758 = LINE ( 'NONE', #163, #3388 ) ;
#2759 = DIRECTION ( 'NONE',  ( -1.000000000000000000, 0.000000000000000000, 0.000000000000000000 ) ) ;
#2760 = EDGE_CURVE ( 'NONE', #5392, #3177, #2913, .T. ) ;
#2761 = AXIS2_PLACEMENT_3D ( 'NONE', #2475, #4181, #322 ) ;
#2762 = EDGE_CURVE ( 'NONE', #3955, #982, #5146, .T. ) ;
#2763 = FACE_OUTER_BOUND ( 'NONE', #4131, .T. ) ;
#2764 = EDGE_CURVE ( 'NONE', #2079, #5374, #823, .T. ) ;
#2765 = ORIENTED_EDGE ( 'NONE', *, *, #1055, .F. ) ;
#2766 = EDGE_LOOP ( 'NONE', ( #3932, #3216, #2894, #534 ) ) ;
#2767 = COLOUR_RGB ( '',0.7921568627450980005, 0.8196078431372548767, 0.9333333333333333481 ) ;
#2768 = FILL_AREA_STYLE ('',( #4891 ) ) ;
#2769 = VECTOR ( 'NONE', #2154, 1000.000000000000000 ) ;
#2770 = ORIENTED_EDGE ( 'NONE', *, *, #345, .F. ) ;
#2771 = VECTOR ( 'NONE', #4067, 1000.000000000000000 ) ;
#2772 = VECTOR ( 'NONE', #1464, 1000.000000000000000 ) ;
#2773 = DIRECTION ( 'NONE',  ( -0.000000000000000000, -0.000000000000000000, 1.000000000000000000 ) ) ;
#2774 = VERTEX_POINT ( 'NONE', #2040 ) ;
#2775 = MANIFOLD_SOLID_BREP ( 'Mirror1', #2571 ) ;
#2776 = DIRECTION ( 'NONE',  ( -0.000000000000000000, -0.000000000000000000, -1.000000000000000000 ) ) ;
#2777 = LINE ( 'NONE', #3276, #4250 ) ;
#2778 = ORIENTED_EDGE ( 'NONE', *, *, #4774, .T. ) ;
#2779 = CARTESIAN_POINT ( 'NONE',  ( 3.154779163986334733, 0.7000000000000000666, 3.499999999999919176 ) ) ;
#2780 = DIRECTION ( 'NONE',  ( 0.000000000000000000, -1.000000000000000000, 0.000000000000000000 ) ) ;
#2781 = CARTESIAN_POINT ( 'NONE',  ( 4.865000000000000213, 0.6249999999999998890, -3.499999999999919176 ) ) ;
#2782 = LINE ( 'NONE', #697, #2012 ) ;
#2783 = CARTESIAN_POINT ( 'NONE',  ( -5.250000000000001776, 0.4000000000000000777, -3.399999999999998579 ) ) ;
#2784 = DIRECTION ( 'NONE',  ( 0.5000000000000001110, 1.922962686383564556E-16, 0.8660254037844387076 ) ) ;
#2785 = VERTEX_POINT ( 'NONE', #2497 ) ;
#2786 = CARTESIAN_POINT ( 'NONE',  ( 3.450000000281259194, 2.849999999999999645, 3.750000000000001332 ) ) ;
#2787 = VERTEX_POINT ( 'NONE', #4648 ) ;
#2788 = CARTESIAN_POINT ( 'NONE',  ( -1.150000000000001688, 1.266987298107779880, -1.566987298107780369 ) ) ;
#2789 = DIRECTION ( 'NONE',  ( -1.000000000000000000, 0.000000000000000000, 0.000000000000000000 ) ) ;
#2790 = CARTESIAN_POINT ( 'NONE',  ( 4.949999999999999289, 0.06500000000000109857, 2.999999999999613198 ) ) ;
#2791 = EDGE_LOOP ( 'NONE', ( #4880, #4667, #1415, #537 ) ) ;
#2792 = VECTOR ( 'NONE', #1077, 1000.000000000000000 ) ;
#2793 =( LENGTH_UNIT ( ) NAMED_UNIT ( * ) SI_UNIT ( .MILLI., .METRE. ) );
#2794 = VECTOR ( 'NONE', #3043, 1000.000000000000000 ) ;
#2795 = ORIENTED_EDGE ( 'NONE', *, *, #874, .T. ) ;
#2796 = FACE_OUTER_BOUND ( 'NONE', #4284, .T. ) ;
#2797 = ORIENTED_EDGE ( 'NONE', *, *, #4255, .T. ) ;
#2798 = CARTESIAN_POINT ( 'NONE',  ( 3.450000000281260082, 1.374999999999999778, -3.499999999999919176 ) ) ;
#2799 = EDGE_CURVE ( 'NONE', #5142, #2109, #4231, .T. ) ;
#2800 = DIRECTION ( 'NONE',  ( 0.000000000000000000, -1.000000000000000000, 0.000000000000000000 ) ) ;
#2801 = EDGE_LOOP ( 'NONE', ( #3539, #5381, #454, #4711, #3633, #1995, #1026, #2462, #646, #1851, #1891, #2623, #935, #1718, #1462, #2, #1287 ) ) ;
#2802 = EDGE_CURVE ( 'NONE', #5165, #2433, #22, .T. ) ;
#2803 = EDGE_CURVE ( 'NONE', #5023, #4185, #1526, .T. ) ;
#2804 = DIRECTION ( 'NONE',  ( 0.000000000000000000, 1.000000000000000000, 0.000000000000000000 ) ) ;
#2805 = DIRECTION ( 'NONE',  ( -1.000000000000000000, 0.000000000000000000, 0.000000000000000000 ) ) ;
#2806 = FACE_OUTER_BOUND ( 'NONE', #2406, .T. ) ;
#2807 = CARTESIAN_POINT ( 'NONE',  ( -4.999999999999999112, 0.2999999999999999334, 2.849999999999999201 ) ) ;
#2808 = LINE ( 'NONE', #1180, #836 ) ;
#2809 = VECTOR ( 'NONE', #4399, 1000.000000000000000 ) ;
#2810 = DIRECTION ( 'NONE',  ( -1.000000000000000000, -0.000000000000000000, -0.000000000000000000 ) ) ;
#2811 = ORIENTED_EDGE ( 'NONE', *, *, #873, .T. ) ;
#2812 = ORIENTED_EDGE ( 'NONE', *, *, #5147, .T. ) ;
#2813 = DIRECTION ( 'NONE',  ( 0.000000000000000000, 1.000000000000000000, 0.000000000000000000 ) ) ;
#2814 = ORIENTED_EDGE ( 'NONE', *, *, #5566, .F. ) ;
#2815 = CARTESIAN_POINT ( 'NONE',  ( -5.250000000000001776, 1.925833024919774150, -3.750000000000000888 ) ) ;
#2816 = VECTOR ( 'NONE', #3018, 1000.000000000000000 ) ;
#2817 = FACE_OUTER_BOUND ( 'NONE', #1674, .T. ) ;
#2818 = ORIENTED_EDGE ( 'NONE', *, *, #960, .F. ) ;
#2819 = CARTESIAN_POINT ( 'NONE',  ( -5.230000000000002203, 0.7200000000000000844, -3.200000000547038148 ) ) ;
#2820 = AXIS2_PLACEMENT_3D ( 'NONE', #3978, #121, #4068 ) ;
#2821 = LINE ( 'NONE', #3606, #699 ) ;
#2822 = DIRECTION ( 'NONE',  ( 0.000000000000000000, 0.000000000000000000, 1.000000000000000000 ) ) ;
#2823 = ADVANCED_FACE ( 'NONE', ( #572 ), #4420, .F. ) ;
#2824 = ORIENTED_EDGE ( 'NONE', *, *, #1632, .F. ) ;
#2825 = EDGE_CURVE ( 'NONE', #969, #3156, #1803, .T. ) ;
#2826 = DIRECTION ( 'NONE',  ( 0.000000000000000000, 0.000000000000000000, 1.000000000000000000 ) ) ;
#2827 = VERTEX_POINT ( 'NONE', #3910 ) ;
#2828 = CARTESIAN_POINT ( 'NONE',  ( 4.864999999999999325, 0.6899999999999998357, 2.999999999999613198 ) ) ;
#2829 = PRODUCT_RELATED_PRODUCT_CATEGORY ( 'part', '', ( #3871 ) ) ;
#2830 = CARTESIAN_POINT ( 'NONE',  ( 2.049999999999998490, 1.199999999999998845, 1.999999999999999556 ) ) ;
#2831 = EDGE_CURVE ( 'NONE', #2190, #511, #1746, .T. ) ;
#2832 = ORIENTED_EDGE ( 'NONE', *, *, #4331, .T. ) ;
#2833 = AXIS2_PLACEMENT_3D ( 'NONE', #3586, #2432, #1838 ) ;
#2834 = LINE ( 'NONE', #4535, #2771 ) ;
#2835 = FACE_OUTER_BOUND ( 'NONE', #3304, .T. ) ;
#2836 = DIRECTION ( 'NONE',  ( 1.000000000000000000, 0.000000000000000000, 0.000000000000000000 ) ) ;
#2837 = EDGE_LOOP ( 'NONE', ( #1521, #4892, #4239, #4575 ) ) ;
#2838 = CARTESIAN_POINT ( 'NONE',  ( -5.190000000000002167, 0.5600000000000000533, 3.399999999999998579 ) ) ;
#2839 = CARTESIAN_POINT ( 'NONE',  ( -5.250000000000001776, 0.9000000000000001332, 3.200000000547038148 ) ) ;
#2840 = DIRECTION ( 'NONE',  ( -0.000000000000000000, -0.000000000000000000, 1.000000000000000000 ) ) ;
#2841 = VERTEX_POINT ( 'NONE', #3544 ) ;
#2842 = VERTEX_POINT ( 'NONE', #2257 ) ;
#2843 = ORIENTED_EDGE ( 'NONE', *, *, #4038, .T. ) ;
#2844 = PLANE ( 'NONE',  #967 ) ;
#2845 = LINE ( 'NONE', #4494, #3557 ) ;
#2846 = DIRECTION ( 'NONE',  ( -1.224646799147353207E-16, 1.000000000000000000, 0.000000000000000000 ) ) ;
#2847 = ADVANCED_FACE ( 'NONE', ( #111 ), #138, .F. ) ;
#2848 = DIRECTION ( 'NONE',  ( 1.000000000000000000, 0.000000000000000000, 0.000000000000000000 ) ) ;
#2849 = DIRECTION ( 'NONE',  ( 0.000000000000000000, 2.220446049250313081E-16, 1.000000000000000000 ) ) ;
#2850 = CARTESIAN_POINT ( 'NONE',  ( 3.450000000281259194, 2.849999999999998312, -3.000000000000005329 ) ) ;
#2851 = EDGE_CURVE ( 'NONE', #5174, #2248, #4752, .T. ) ;
#2852 = AXIS2_PLACEMENT_3D ( 'NONE', #3723, #3458, #2836 ) ;
#2853 = ORIENTED_EDGE ( 'NONE', *, *, #4563, .F. ) ;
#2854 = DIRECTION ( 'NONE',  ( 1.000000000000000000, -1.074262801865645751E-16, 0.000000000000000000 ) ) ;
#2855 = VERTEX_POINT ( 'NONE', #964 ) ;
#2856 = LINE ( 'NONE', #3666, #8 ) ;
#2857 = VECTOR ( 'NONE', #1385, 1000.000000000000000 ) ;
#2858 = EDGE_LOOP ( 'NONE', ( #3901, #3275, #2286, #4658 ) ) ;
#2859 = VECTOR ( 'NONE', #2191, 1000.000000000000000 ) ;
#2860 = DIRECTION ( 'NONE',  ( 0.000000000000000000, -1.000000000000000000, 0.000000000000000000 ) ) ;
#2861 = CIRCLE ( 'NONE', #425, 0.06499999999999994671 ) ;
#2862 = PLANE ( 'NONE',  #3270 ) ;
#2863 = CARTESIAN_POINT ( 'NONE',  ( -5.250000000000001776, 0.4000000000000000777, -3.200000000547038148 ) ) ;
#2864 = DIRECTION ( 'NONE',  ( 0.000000000000000000, 0.000000000000000000, 1.000000000000000000 ) ) ;
#2865 = DIRECTION ( 'NONE',  ( -0.000000000000000000, -0.000000000000000000, 1.000000000000000000 ) ) ;
#2866 = CARTESIAN_POINT ( 'NONE',  ( -3.750000000140619072, 0.1000000000000008521, -3.200000000547038148 ) ) ;
#2867 = EDGE_CURVE ( 'NONE', #344, #4037, #510, .T. ) ;
#2868 = ORIENTED_EDGE ( 'NONE', *, *, #4664, .T. ) ;
#2869 = ORIENTED_EDGE ( 'NONE', *, *, #1430, .T. ) ;
#2870 =( LENGTH_UNIT ( ) NAMED_UNIT ( * ) SI_UNIT ( .MILLI., .METRE. ) );
#2871 = ORIENTED_EDGE ( 'NONE', *, *, #4977, .T. ) ;
#2872 = CARTESIAN_POINT ( 'NONE',  ( -5.250000000000001776, 1.199999999999999956, 3.399999999999998579 ) ) ;
#2873 = LINE ( 'NONE', #5077, #4366 ) ;
#2874 = CARTESIAN_POINT ( 'NONE',  ( 1.949999999999998623, 3.199999999999999734, 0.8000000000000027089 ) ) ;
#2875 = EDGE_CURVE ( 'NONE', #5270, #2193, #2287, .T. ) ;
#2876 = CARTESIAN_POINT ( 'NONE',  ( 3.550000000281260171, 0.1000000000000011852, 2.999999999999613198 ) ) ;
#2877 = EDGE_CURVE ( 'NONE', #3065, #5126, #5375, .T. ) ;
#2878 = DIRECTION ( 'NONE',  ( -1.000000000000000000, -1.130443199202757152E-16, 0.000000000000000000 ) ) ;
#2879 = ORIENTED_EDGE ( 'NONE', *, *, #4798, .F. ) ;
#2880 = DIRECTION ( 'NONE',  ( 0.000000000000000000, 0.000000000000000000, -1.000000000000000000 ) ) ;
#2881 = VERTEX_POINT ( 'NONE', #1832 ) ;
#2882 = AXIS2_PLACEMENT_3D ( 'NONE', #2052, #4574, #326 ) ;
#2883 = VECTOR ( 'NONE', #1400, 999.9999999999998863 ) ;
#2884 = ORIENTED_EDGE ( 'NONE', *, *, #1080, .F. ) ;
#2885 = LINE ( 'NONE', #4591, #4958 ) ;
#2886 = EDGE_LOOP ( 'NONE', ( #3604, #3906, #3676, #1318 ) ) ;
#2887 = CARTESIAN_POINT ( 'NONE',  ( 5.249999999999999112, 3.199999999999999734, 3.749999999999999112 ) ) ;
#2888 = LINE ( 'NONE', #5386, #75 ) ;
#2889 = CARTESIAN_POINT ( 'NONE',  ( -3.750000000140619072, 0.1000000000000008521, 3.399999999999998579 ) ) ;
#2890 = CYLINDRICAL_SURFACE ( 'NONE', #3170, 0.02000000000000005246 ) ;
#2891 = CARTESIAN_POINT ( 'NONE',  ( -3.750000000140618184, 0.04999999999999991257, -1.679212324745548725E-16 ) ) ;
#2892 = CARTESIAN_POINT ( 'NONE',  ( 1.949999999999998401, 0.2999999999999990452, -0.8000000000000011546 ) ) ;
#2893 = VERTEX_POINT ( 'NONE', #4802 ) ;
#2894 = ORIENTED_EDGE ( 'NONE', *, *, #3986, .F. ) ;
#2895 = ORIENTED_EDGE ( 'NONE', *, *, #4578, .F. ) ;
#2896 = LINE ( 'NONE', #2872, #1769 ) ;
#2897 = DIRECTION ( 'NONE',  ( -0.000000000000000000, 0.000000000000000000, -1.000000000000000000 ) ) ;
#2898 = EDGE_CURVE ( 'NONE', #923, #1293, #1618, .T. ) ;
#2899 = LINE ( 'NONE', #4606, #3426 ) ;
#2900 =( NAMED_UNIT ( * ) SI_UNIT ( $, .STERADIAN. ) SOLID_ANGLE_UNIT ( ) );
#2901 = EDGE_CURVE ( 'NONE', #4292, #4416, #1354, .T. ) ;
#2902 = ADVANCED_BREP_SHAPE_REPRESENTATION ( 'SM02B-BHSS-1-TB(LF)(SN)', ( #886, #2775, #2935, #4674, #1079, #933, #4622, #4998 ), #3378 ) ;
#2903 = AXIS2_PLACEMENT_3D ( 'NONE', #1900, #2776, #633 ) ;
#2904 = VECTOR ( 'NONE', #3406, 1000.000000000000000 ) ;
#2905 = DIRECTION ( 'NONE',  ( -0.000000000000000000, -0.000000000000000000, 1.000000000000000000 ) ) ;
#2906 = EDGE_CURVE ( 'NONE', #1969, #3457, #3069, .T. ) ;
#2907 = VERTEX_POINT ( 'NONE', #3885 ) ;
#2908 = VECTOR ( 'NONE', #1098, 1000.000000000000000 ) ;
#2909 = VERTEX_POINT ( 'NONE', #934 ) ;
#2910 = VECTOR ( 'NONE', #4434, 1000.000000000000000 ) ;
#2911 = DIRECTION ( 'NONE',  ( -0.000000000000000000, -1.000000000000000000, 0.000000000000000000 ) ) ;
#2912 = ORIENTED_EDGE ( 'NONE', *, *, #241, .F. ) ;
#2913 = LINE ( 'NONE', #1664, #2006 ) ;
#2914 = VERTEX_POINT ( 'NONE', #3459 ) ;
#2915 = VERTEX_POINT ( 'NONE', #1380 ) ;
#2916 = EDGE_CURVE ( 'NONE', #3554, #1481, #1409, .T. ) ;
#2917 = PLANE ( 'NONE',  #1237 ) ;
#2918 = CARTESIAN_POINT ( 'NONE',  ( 5.249999999999998224, 0.6999999999999998446, 2.900000000000007461 ) ) ;
#2919 = CARTESIAN_POINT ( 'NONE',  ( 3.450000000281258750, 0.05000000000000089095, 2.900000000000007461 ) ) ;
#2920 = DIRECTION ( 'NONE',  ( -0.000000000000000000, -0.000000000000000000, -1.000000000000000000 ) ) ;
#2921 = CARTESIAN_POINT ( 'NONE',  ( -3.850000000140619161, 8.697468197535033146E-16, 3.200000000547038148 ) ) ;
#2922 = LINE ( 'NONE', #4098, #4929 ) ;
#2923 = ORIENTED_EDGE ( 'NONE', *, *, #4447, .T. ) ;
#2924 = ORIENTED_EDGE ( 'NONE', *, *, #2313, .T. ) ;
#2925 = FILL_AREA_STYLE ('',( #3343 ) ) ;
#2926 = LINE ( 'NONE', #3814, #1158 ) ;
#2927 = DIRECTION ( 'NONE',  ( -0.000000000000000000, -0.000000000000000000, 1.000000000000000000 ) ) ;
#2928 = DIRECTION ( 'NONE',  ( 6.195440985631461234E-15, 1.000000000000000000, 0.000000000000000000 ) ) ;
#2929 = FACE_OUTER_BOUND ( 'NONE', #667, .T. ) ;
#2930 = ORIENTED_EDGE ( 'NONE', *, *, #2875, .F. ) ;
#2931 = ADVANCED_FACE ( 'NONE', ( #482 ), #3936, .F. ) ;
#2932 = PLANE ( 'NONE',  #4110 ) ;
#2933 = DIRECTION ( 'NONE',  ( -0.000000000000000000, -0.000000000000000000, 1.000000000000000000 ) ) ;
#2934 = EDGE_CURVE ( 'NONE', #3678, #885, #4392, .T. ) ;
#2935 = MANIFOLD_SOLID_BREP ( 'Cut-Extrude20', #134 ) ;
#2936 = LINE ( 'NONE', #3744, #5454 ) ;
#2937 = CIRCLE ( 'NONE', #5531, 0.02000000000000005246 ) ;
#2938 = ORIENTED_EDGE ( 'NONE', *, *, #5326, .T. ) ;
#2939 = STYLED_ITEM ( 'NONE', ( #394 ), #4674 ) ;
#2940 = CARTESIAN_POINT ( 'NONE',  ( -5.150000000000002132, 0.1000000000000007133, -3.399999999999998579 ) ) ;
#2941 = DIRECTION ( 'NONE',  ( -0.000000000000000000, -0.000000000000000000, -1.000000000000000000 ) ) ;
#2942 = LINE ( 'NONE', #4654, #11 ) ;
#2943 = AXIS2_PLACEMENT_3D ( 'NONE', #4957, #5358, #694 ) ;
#2944 = DIRECTION ( 'NONE',  ( 0.000000000000000000, 0.000000000000000000, 1.000000000000000000 ) ) ;
#2945 = VECTOR ( 'NONE', #4385, 1000.000000000000000 ) ;
#2946 = FACE_OUTER_BOUND ( 'NONE', #597, .T. ) ;
#2947 = ORIENTED_EDGE ( 'NONE', *, *, #173, .T. ) ;
#2948 = CARTESIAN_POINT ( 'NONE',  ( 0.000000000000000000, 0.000000000000000000, 0.000000000000000000 ) ) ;
#2949 = VECTOR ( 'NONE', #3009, 1000.000000000000000 ) ;
#2950 = PLANE ( 'NONE',  #3754 ) ;
#2951 = CARTESIAN_POINT ( 'NONE',  ( -5.230000000000002203, 0.5800000000000000711, -3.399999999999998579 ) ) ;
#2952 = CARTESIAN_POINT ( 'NONE',  ( -2.333745176684991413E-13, 2.850000000000000089, 2.999999999999612754 ) ) ;
#2953 = VERTEX_POINT ( 'NONE', #1549 ) ;
#2954 = ORIENTED_EDGE ( 'NONE', *, *, #1877, .F. ) ;
#2955 = PLANE ( 'NONE',  #784 ) ;
#2956 = FACE_OUTER_BOUND ( 'NONE', #927, .T. ) ;
#2957 = ADVANCED_FACE ( 'NONE', ( #2929 ), #1605, .F. ) ;
#2958 = PLANE ( 'NONE',  #3113 ) ;
#2959 = ORIENTED_EDGE ( 'NONE', *, *, #4886, .T. ) ;
#2960 = CARTESIAN_POINT ( 'NONE',  ( 3.550000000281260171, 0.5749999999999998446, 3.499999999999919176 ) ) ;
#2961 = ORIENTED_EDGE ( 'NONE', *, *, #4636, .T. ) ;
#2962 = VECTOR ( 'NONE', #1071, 1000.000000000000000 ) ;
#2963 = FACE_OUTER_BOUND ( 'NONE', #936, .T. ) ;
#2964 = EDGE_CURVE ( 'NONE', #74, #3762, #5428, .T. ) ;
#2965 = DIRECTION ( 'NONE',  ( -0.000000000000000000, -0.000000000000000000, 1.000000000000000000 ) ) ;
#2966 = CARTESIAN_POINT ( 'NONE',  ( -1.150000000000001688, 1.199999999999998845, -1.999999999999999556 ) ) ;
#2967 = VECTOR ( 'NONE', #4773, 1000.000000000000000 ) ;
#2968 = DIRECTION ( 'NONE',  ( 9.136210306809723271E-14, -0.000000000000000000, -1.000000000000000000 ) ) ;
#2969 = ORIENTED_EDGE ( 'NONE', *, *, #287, .F. ) ;
#2970 = EDGE_CURVE ( 'NONE', #1520, #4919, #5479, .T. ) ;
#2971 = ORIENTED_EDGE ( 'NONE', *, *, #4543, .F. ) ;
#2972 = CARTESIAN_POINT ( 'NONE',  ( -3.600000000000003197, 0.05000000000000071054, 3.200000000547038148 ) ) ;
#2973 = CARTESIAN_POINT ( 'NONE',  ( -3.850000000140619161, 8.697468197535033146E-16, 3.399999999999998579 ) ) ;
#2974 = DIRECTION ( 'NONE',  ( 0.000000000000000000, -1.000000000000000000, 0.000000000000000000 ) ) ;
#2975 = CARTESIAN_POINT ( 'NONE',  ( 2.299999999999998934, 0.05000000000000064809, 2.900000000000007461 ) ) ;
#2976 = ORIENTED_EDGE ( 'NONE', *, *, #1006, .F. ) ;
#2977 = ORIENTED_EDGE ( 'NONE', *, *, #3040, .T. ) ;
#2978 = LINE ( 'NONE', #3372, #4403 ) ;
#2979 = ORIENTED_EDGE ( 'NONE', *, *, #3416, .F. ) ;
#2980 = AXIS2_PLACEMENT_3D ( 'NONE', #1985, #2800, #3692 ) ;
#2981 = DIRECTION ( 'NONE',  ( -0.000000000000000000, -1.000000000000000000, 2.220446049250313574E-16 ) ) ;
#2982 = CIRCLE ( 'NONE', #3518, 0.06499999999999994671 ) ;
#2983 = EDGE_CURVE ( 'NONE', #132, #5482, #3687, .T. ) ;
#2984 = CIRCLE ( 'NONE', #3622, 0.06499999999999994671 ) ;
#2985 = SURFACE_STYLE_FILL_AREA ( #1274 ) ;
#2986 = EDGE_CURVE ( 'NONE', #5155, #5347, #3767, .T. ) ;
#2987 = VECTOR ( 'NONE', #3195, 1000.000000000000000 ) ;
#2988 = EDGE_CURVE ( 'NONE', #2744, #3342, #1164, .T. ) ;
#2989 = ORIENTED_EDGE ( 'NONE', *, *, #5052, .T. ) ;
#2990 = CARTESIAN_POINT ( 'NONE',  ( 4.734999999999999432, 1.774999999999999689, -3.499999999999919176 ) ) ;
#2991 = EDGE_CURVE ( 'NONE', #3162, #549, #4608, .T. ) ;
#2992 = CARTESIAN_POINT ( 'NONE',  ( -4.999999999999999112, 0.2999999999999999334, 2.849999999999999201 ) ) ;
#2993 = EDGE_CURVE ( 'NONE', #1383, #4698, #4134, .T. ) ;
#2994 = PLANE ( 'NONE',  #1816 ) ;
#2995 = EDGE_CURVE ( 'NONE', #987, #2756, #1656, .T. ) ;
#2996 = CARTESIAN_POINT ( 'NONE',  ( -3.750000000140618184, 1.199999999999999734, -3.200000000547038148 ) ) ;
#2997 = ORIENTED_EDGE ( 'NONE', *, *, #3943, .T. ) ;
#2998 = ORIENTED_EDGE ( 'NONE', *, *, #2764, .F. ) ;
#2999 = ORIENTED_EDGE ( 'NONE', *, *, #2209, .F. ) ;
#3000 = CARTESIAN_POINT ( 'NONE',  ( -2.050000000000001155, 3.199999999999999734, -8.673617379884035472E-16 ) ) ;
#3001 = FACE_BOUND ( 'NONE', #3315, .T. ) ;
#3002 = CARTESIAN_POINT ( 'NONE',  ( 4.884999999999999787, 0.5599999999999999423, -3.499999999999919176 ) ) ;
#3003 = CARTESIAN_POINT ( 'NONE',  ( -5.250000000000001776, 1.925833024919774150, -3.750000000000000888 ) ) ;
#3004 = ORIENTED_EDGE ( 'NONE', *, *, #1975, .F. ) ;
#3005 = ORIENTED_EDGE ( 'NONE', *, *, #4713, .T. ) ;
#3006 = CARTESIAN_POINT ( 'NONE',  ( 4.334999999999999076, 0.6399999999999997913, -2.999999999999613198 ) ) ;
#3007 = DIRECTION ( 'NONE',  ( -1.000000000000000000, 0.000000000000000000, -0.000000000000000000 ) ) ;
#3008 = VERTEX_POINT ( 'NONE', #2061 ) ;
#3009 = DIRECTION ( 'NONE',  ( -0.000000000000000000, 1.000000000000000000, -1.445602896647339163E-16 ) ) ;
#3010 = ORIENTED_EDGE ( 'NONE', *, *, #3081, .F. ) ;
#3011 = PLANE ( 'NONE',  #781 ) ;
#3012 =( NAMED_UNIT ( * ) PLANE_ANGLE_UNIT ( ) SI_UNIT ( $, .RADIAN. ) );
#3013 = ORIENTED_EDGE ( 'NONE', *, *, #2463, .F. ) ;
#3014 = AXIS2_PLACEMENT_3D ( 'NONE', #3686, #4398, #2878 ) ;
#3015 = DIRECTION ( 'NONE',  ( -0.000000000000000000, -0.000000000000000000, -1.000000000000000000 ) ) ;
#3016 = CARTESIAN_POINT ( 'NONE',  ( -1.532622338801089112, 1.530489355204360358, -1.669510644795638266 ) ) ;
#3017 = DIRECTION ( 'NONE',  ( 0.000000000000000000, -2.220446049250314560E-16, -1.000000000000000000 ) ) ;
#3018 = DIRECTION ( 'NONE',  ( 1.000000000000000000, -0.000000000000000000, -0.000000000000000000 ) ) ;
#3019 = EDGE_LOOP ( 'NONE', ( #5231, #4807, #1376, #5217 ) ) ;
#3020 = AXIS2_PLACEMENT_3D ( 'NONE', #2331, #2359, #1008 ) ;
#3021 = CARTESIAN_POINT ( 'NONE',  ( -3.999999999999999112, 2.899999999999999911, 3.399999999999999023 ) ) ;
#3022 = DIRECTION ( 'NONE',  ( 0.000000000000000000, 0.000000000000000000, 1.000000000000000000 ) ) ;
#3023 = CARTESIAN_POINT ( 'NONE',  ( -4.600000000000001421, 2.099999999999999645, -3.750000000000000888 ) ) ;
#3024 = VECTOR ( 'NONE', #1378, 1000.000000000000000 ) ;
#3025 = EDGE_CURVE ( 'NONE', #2109, #5312, #1630, .T. ) ;
#3026 = CARTESIAN_POINT ( 'NONE',  ( 1.699999999999998401, 2.899999999999999911, 0.5499999999999984901 ) ) ;
#3027 = DIRECTION ( 'NONE',  ( 1.000000000000000000, 1.728318757949369797E-29, 7.779150588950973965E-14 ) ) ;
#3028 = VECTOR ( 'NONE', #2660, 1000.000000000000000 ) ;
#3029 = ORIENTED_EDGE ( 'NONE', *, *, #1405, .T. ) ;
#3030 = VERTEX_POINT ( 'NONE', #3322 ) ;
#3031 = VECTOR ( 'NONE', #3764, 1000.000000000000000 ) ;
#3032 = ADVANCED_FACE ( 'NONE', ( #1212 ), #5057, .F. ) ;
#3033 = CARTESIAN_POINT ( 'NONE',  ( 5.249999999999999112, -0.05000000000000012768, 3.750000000000000000 ) ) ;
#3034 = EDGE_CURVE ( 'NONE', #2492, #3341, #3368, .T. ) ;
#3035 = LINE ( 'NONE', #1739, #2438 ) ;
#3036 = EDGE_CURVE ( 'NONE', #4330, #74, #733, .T. ) ;
#3037 = ORIENTED_EDGE ( 'NONE', *, *, #2591, .T. ) ;
#3038 = VERTEX_POINT ( 'NONE', #5079 ) ;
#3039 = ADVANCED_FACE ( 'NONE', ( #4350 ), #2218, .F. ) ;
#3040 = EDGE_CURVE ( 'NONE', #4917, #4185, #467, .T. ) ;
#3041 = DIRECTION ( 'NONE',  ( 0.2588190451025143557, -0.9659258262890699775, 0.000000000000000000 ) ) ;
#3042 = CARTESIAN_POINT ( 'NONE',  ( -5.250000000000001776, 1.199999999999999956, -3.399999999999998579 ) ) ;
#3043 = DIRECTION ( 'NONE',  ( -0.000000000000000000, -0.000000000000000000, -1.000000000000000000 ) ) ;
#3044 = EDGE_LOOP ( 'NONE', ( #101, #439, #629, #1458 ) ) ;
#3045 = ORIENTED_EDGE ( 'NONE', *, *, #896, .F. ) ;
#3046 = CARTESIAN_POINT ( 'NONE',  ( 4.334999999999999076, 0.6399999999999997913, 3.499999999999919176 ) ) ;
#3047 = DIRECTION ( 'NONE',  ( 0.000000000000000000, 0.000000000000000000, -1.000000000000000000 ) ) ;
#3048 = CARTESIAN_POINT ( 'NONE',  ( 1.949999999999998623, 0.2999999999999999334, 2.849999999999999201 ) ) ;
#3049 = LINE ( 'NONE', #3553, #1368 ) ;
#3050 = VECTOR ( 'NONE', #3594, 1000.000000000000000 ) ;
#3051 = ORIENTED_EDGE ( 'NONE', *, *, #1169, .T. ) ;
#3052 = DIRECTION ( 'NONE',  ( 0.000000000000000000, 0.000000000000000000, -1.000000000000000000 ) ) ;
#3053 = DIRECTION ( 'NONE',  ( 1.000000000000000000, 1.131483842526460502E-29, 5.095750211577901339E-14 ) ) ;
#3054 = VECTOR ( 'NONE', #3735, 1000.000000000000000 ) ;
#3055 = CARTESIAN_POINT ( 'NONE',  ( -3.750000000140618184, 1.199999999999999734, -3.200000000547038148 ) ) ;
#3056 = EDGE_CURVE ( 'NONE', #5148, #3259, #865, .T. ) ;
#3057 = FACE_BOUND ( 'NONE', #1497, .T. ) ;
#3058 = DIRECTION ( 'NONE',  ( -1.000000000000000000, -0.000000000000000000, 0.000000000000000000 ) ) ;
#3059 = ORIENTED_EDGE ( 'NONE', *, *, #24, .F. ) ;
#3060 = EDGE_CURVE ( 'NONE', #2881, #1969, #1892, .T. ) ;
#3061 = EDGE_CURVE ( 'NONE', #3870, #3636, #1788, .T. ) ;
#3062 = LINE ( 'NONE', #129, #1240 ) ;
#3063 = CARTESIAN_POINT ( 'NONE',  ( 4.864999999999999325, 0.6899999999999998357, -2.999999999999613198 ) ) ;
#3064 = EDGE_CURVE ( 'NONE', #5182, #3509, #4298, .T. ) ;
#3065 = VERTEX_POINT ( 'NONE', #390 ) ;
#3066 = ORIENTED_EDGE ( 'NONE', *, *, #2240, .T. ) ;
#3067 = CYLINDRICAL_SURFACE ( 'NONE', #4725, 0.1000000000000002554 ) ;
#3068 = EDGE_CURVE ( 'NONE', #3893, #1116, #4323, .T. ) ;
#3069 = LINE ( 'NONE', #5259, #5396 ) ;
#3070 = ORIENTED_EDGE ( 'NONE', *, *, #3122, .T. ) ;
#3071 = EDGE_LOOP ( 'NONE', ( #3879, #2224, #608, #2124 ) ) ;
#3072 = AXIS2_PLACEMENT_3D ( 'NONE', #681, #4552, #732 ) ;
#3073 = CARTESIAN_POINT ( 'NONE',  ( -5.190000000000002167, 0.5600000000000000533, -3.399999999999998579 ) ) ;
#3074 = LINE ( 'NONE', #1722, #1660 ) ;
#3075 = VECTOR ( 'NONE', #2146, 1000.000000000000000 ) ;
#3076 = DIRECTION ( 'NONE',  ( -0.9396926207859105373, 0.3420201433256629953, 0.000000000000000000 ) ) ;
#3077 = DIRECTION ( 'NONE',  ( 1.000000000000000000, 0.000000000000000000, 0.000000000000000000 ) ) ;
#3078 = EDGE_LOOP ( 'NONE', ( #4264, #414, #4202, #3317 ) ) ;
#3079 = AXIS2_PLACEMENT_3D ( 'NONE', #4926, #2694, #2805 ) ;
#3080 = DIRECTION ( 'NONE',  ( -0.000000000000000000, 0.000000000000000000, -1.000000000000000000 ) ) ;
#3081 = EDGE_CURVE ( 'NONE', #2079, #2915, #2188, .T. ) ;
#3082 = DIRECTION ( 'NONE',  ( -1.000000000000000000, 0.000000000000000000, 0.000000000000000000 ) ) ;
#3083 = DIRECTION ( 'NONE',  ( -0.000000000000000000, -1.000000000000000000, 2.220446049250314067E-16 ) ) ;
#3084 = LINE ( 'NONE', #3925, #3173 ) ;
#3085 = CARTESIAN_POINT ( 'NONE',  ( 4.399999999999999467, 0.6400000000000003464, 2.999999999999613198 ) ) ;
#3086 = VERTEX_POINT ( 'NONE', #2160 ) ;
#3087 = CARTESIAN_POINT ( 'NONE',  ( 2.049999999999998490, 2.199999999999999734, 2.000000000000000000 ) ) ;
#3088 = DIRECTION ( 'NONE',  ( -1.630640067418076995E-13, -2.220147486588071522E-16, -1.000000000000000000 ) ) ;
#3089 = ORIENTED_EDGE ( 'NONE', *, *, #3135, .F. ) ;
#3090 = ORIENTED_EDGE ( 'NONE', *, *, #1308, .F. ) ;
#3091 = VECTOR ( 'NONE', #1278, 1000.000000000000000 ) ;
#3092 = EDGE_CURVE ( 'NONE', #3581, #5165, #437, .T. ) ;
#3093 = LINE ( 'NONE', #1025, #609 ) ;
#3094 = DIRECTION ( 'NONE',  ( 0.4999999999999973910, -0.000000000000000000, 0.8660254037844402619 ) ) ;
#3095 = ORIENTED_EDGE ( 'NONE', *, *, #1343, .T. ) ;
#3096 = LINE ( 'NONE', #4806, #1413 ) ;
#3097 = EDGE_LOOP ( 'NONE', ( #1865, #1504, #2706, #4505 ) ) ;
#3098 = CARTESIAN_POINT ( 'NONE',  ( -5.190000000000002167, 0.8799999999999997824, -3.399999999999998579 ) ) ;
#3099 = AXIS2_PLACEMENT_3D ( 'NONE', #3670, #3555, #4094 ) ;
#3100 = CARTESIAN_POINT ( 'NONE',  ( -5.250000000000000888, 1.200000000000000400, -2.664550187233489303E-16 ) ) ;
#3101 = PLANE ( 'NONE',  #2094 ) ;
#3102 = VERTEX_POINT ( 'NONE', #1762 ) ;
#3103 = LINE ( 'NONE', #1879, #498 ) ;
#3104 = PLANE ( 'NONE',  #2226 ) ;
#3105 = COLOUR_RGB ( '',0.7921568627450980005, 0.8196078431372548767, 0.9333333333333333481 ) ;
#3106 = CYLINDRICAL_SURFACE ( 'NONE', #3108, 0.06499999999999994671 ) ;
#3107 = FACE_OUTER_BOUND ( 'NONE', #2189, .T. ) ;
#3108 = AXIS2_PLACEMENT_3D ( 'NONE', #2614, #4321, #1706 ) ;
#3109 = AXIS2_PLACEMENT_3D ( 'NONE', #647, #1460, #1489 ) ;
#3110 = CARTESIAN_POINT ( 'NONE',  ( -3.750000000140619072, 1.200000000000001288, 3.200000000547038148 ) ) ;
#3111 = EDGE_LOOP ( 'NONE', ( #3873, #2523, #79, #5413 ) ) ;
#3112 = ORIENTED_EDGE ( 'NONE', *, *, #5214, .T. ) ;
#3113 = AXIS2_PLACEMENT_3D ( 'NONE', #4670, #2543, #820 ) ;
#3114 = DIRECTION ( 'NONE',  ( -1.000000000000000000, 0.000000000000000000, 0.000000000000000000 ) ) ;
#3115 = LINE ( 'NONE', #4050, #4104 ) ;
#3116 = LINE ( 'NONE', #105, #1682 ) ;
#3117 = AXIS2_PLACEMENT_3D ( 'NONE', #5067, #455, #3889 ) ;
#3118 = ORIENTED_EDGE ( 'NONE', *, *, #67, .T. ) ;
#3119 = VERTEX_POINT ( 'NONE', #3817 ) ;
#3120 = VECTOR ( 'NONE', #2104, 1000.000000000000000 ) ;
#3121 = VECTOR ( 'NONE', #5380, 1000.000000000000000 ) ;
#3122 = EDGE_CURVE ( 'NONE', #1928, #1811, #1265, .T. ) ;
#3123 = CARTESIAN_POINT ( 'NONE',  ( 5.249999999999999112, 3.199999999999999734, -3.750000000000000888 ) ) ;
#3124 = EDGE_CURVE ( 'NONE', #3247, #407, #497, .T. ) ;
#3125 = CARTESIAN_POINT ( 'NONE',  ( -4.250000000000000888, 2.099999999999999645, 3.750000000000001332 ) ) ;
#3126 = ORIENTED_EDGE ( 'NONE', *, *, #3883, .F. ) ;
#3127 = ORIENTED_EDGE ( 'NONE', *, *, #3325, .F. ) ;
#3128 = DIRECTION ( 'NONE',  ( -1.577021343365640629E-15, 2.220446049250313081E-16, 1.000000000000000000 ) ) ;
#3129 = ORIENTED_EDGE ( 'NONE', *, *, #221, .F. ) ;
#3130 = CARTESIAN_POINT ( 'NONE',  ( -5.250000000000001776, 1.199999999999999956, 3.200000000547038148 ) ) ;
#3131 = LINE ( 'NONE', #1532, #286 ) ;
#3132 = PLANE ( 'NONE',  #4601 ) ;
#3133 = EDGE_CURVE ( 'NONE', #1382, #5165, #7, .T. ) ;
#3134 = ORIENTED_EDGE ( 'NONE', *, *, #631, .F. ) ;
#3135 = EDGE_CURVE ( 'NONE', #727, #5544, #5188, .T. ) ;
#3136 = LINE ( 'NONE', #4816, #4693 ) ;
#3137 = FACE_OUTER_BOUND ( 'NONE', #1255, .T. ) ;
#3138 = CARTESIAN_POINT ( 'NONE',  ( 4.865000000000000213, 0.6249999999999998890, 2.999999999999613198 ) ) ;
#3139 = DIRECTION ( 'NONE',  ( -0.7745966692414856247, -0.4472135954999559293, 0.4472135954999560403 ) ) ;
#3140 = EDGE_CURVE ( 'NONE', #4360, #3761, #814, .T. ) ;
#3141 = LINE ( 'NONE', #4436, #1440 ) ;
#3142 = ORIENTED_EDGE ( 'NONE', *, *, #2002, .F. ) ;
#3143 = ORIENTED_EDGE ( 'NONE', *, *, #1499, .T. ) ;
#3144 = ORIENTED_EDGE ( 'NONE', *, *, #1001, .T. ) ;
#3145 = AXIS2_PLACEMENT_3D ( 'NONE', #4468, #3204, #4495 ) ;
#3146 = VECTOR ( 'NONE', #3453, 1000.000000000000000 ) ;
#3147 = LINE ( 'NONE', #4937, #2135 ) ;
#3148 = CARTESIAN_POINT ( 'NONE',  ( 3.450000000281340906, 2.850000000000000089, 3.499999999999918732 ) ) ;
#3149 = CARTESIAN_POINT ( 'NONE',  ( -5.250000000000001776, 0.4000000000000000777, -3.399999999999998579 ) ) ;
#3150 = ORIENTED_EDGE ( 'NONE', *, *, #2760, .F. ) ;
#3151 = ORIENTED_EDGE ( 'NONE', *, *, #2037, .F. ) ;
#3152 = DIRECTION ( 'NONE',  ( 0.000000000000000000, -2.220446049250314067E-16, -1.000000000000000000 ) ) ;
#3153 = EDGE_CURVE ( 'NONE', #2322, #1520, #3449, .T. ) ;
#3154 = EDGE_LOOP ( 'NONE', ( #5496, #3728, #4479, #1470, #2731, #5117, #5568, #4437, #484, #5102, #4515, #598 ) ) ;
#3155 = PLANE ( 'NONE',  #3751 ) ;
#3156 = VERTEX_POINT ( 'NONE', #5160 ) ;
#3157 = EDGE_CURVE ( 'NONE', #1041, #3839, #2590, .T. ) ;
#3158 = CARTESIAN_POINT ( 'NONE',  ( -5.230000000000002203, 0.7200000000000000844, -3.399999999999998579 ) ) ;
#3159 = CARTESIAN_POINT ( 'NONE',  ( -3.250000000000001332, 3.124999999999999112, -1.699999999999999956 ) ) ;
#3160 = EDGE_CURVE ( 'NONE', #87, #2827, #4662, .T. ) ;
#3161 = LINE ( 'NONE', #2206, #1113 ) ;
#3162 = VERTEX_POINT ( 'NONE', #3421 ) ;
#3163 = VECTOR ( 'NONE', #526, 1000.000000000000000 ) ;
#3164 = EDGE_CURVE ( 'NONE', #1228, #2718, #5133, .T. ) ;
#3165 = VECTOR ( 'NONE', #851, 1000.000000000000000 ) ;
#3166 = EDGE_CURVE ( 'NONE', #2953, #1014, #2643, .T. ) ;
#3167 = LINE ( 'NONE', #238, #4513 ) ;
#3168 = LINE ( 'NONE', #4846, #4203 ) ;
#3169 = DIRECTION ( 'NONE',  ( -1.000000000000000000, 0.000000000000000000, 0.000000000000000000 ) ) ;
#3170 = AXIS2_PLACEMENT_3D ( 'NONE', #2504, #4596, #4625 ) ;
#3171 = CARTESIAN_POINT ( 'NONE',  ( -1.150000000000001688, 1.266987298107779880, -1.933012701892218521 ) ) ;
#3172 = PLANE ( 'NONE',  #1982 ) ;
#3173 = VECTOR ( 'NONE', #3139, 1000.000000000000000 ) ;
#3174 = ORIENTED_EDGE ( 'NONE', *, *, #3958, .F. ) ;
#3175 = VECTOR ( 'NONE', #2213, 1000.000000000000000 ) ;
#3176 = DIRECTION ( 'NONE',  ( 0.000000000000000000, 0.000000000000000000, 1.000000000000000000 ) ) ;
#3177 = VERTEX_POINT ( 'NONE', #1883 ) ;
#3178 = ORIENTED_EDGE ( 'NONE', *, *, #758, .F. ) ;
#3179 = DIRECTION ( 'NONE',  ( 1.000000000000000000, 0.000000000000000000, 0.000000000000000000 ) ) ;
#3180 = FILL_AREA_STYLE_COLOUR ( '', #3105 ) ;
#3181 = CARTESIAN_POINT ( 'NONE',  ( 3.450000000280770251, 2.849999999999999201, -5.632036519218696884E-13 ) ) ;
#3182 = ORIENTED_EDGE ( 'NONE', *, *, #1557, .T. ) ;
#3183 = UNCERTAINTY_MEASURE_WITH_UNIT (LENGTH_MEASURE( 1.000000000000000082E-05 ), #4913, 'distance_accuracy_value', 'NONE');
#3184 = EDGE_LOOP ( 'NONE', ( #2884, #555, #3782, #3143 ) ) ;
#3185 = LINE ( 'NONE', #2136, #4906 ) ;
#3186 = EDGE_LOOP ( 'NONE', ( #1890, #2659, #3230, #505 ) ) ;
#3187 = LINE ( 'NONE', #2013, #1421 ) ;
#3188 = ORIENTED_EDGE ( 'NONE', *, *, #763, .F. ) ;
#3189 = PLANE ( 'NONE',  #5409 ) ;
#3190 = FACE_OUTER_BOUND ( 'NONE', #867, .T. ) ;
#3191 = ORIENTED_EDGE ( 'NONE', *, *, #213, .F. ) ;
#3192 = CLOSED_SHELL ( 'NONE', ( #1745, #2651, #5000, #4824, #1103, #456, #4032, #170, #1873, #412, #993, #4739, #3379, #3894, #30, #975, #1780, #962, #737 ) ) ;
#3193 = DIRECTION ( 'NONE',  ( 0.000000000000000000, -1.000000000000000000, 0.000000000000000000 ) ) ;
#3194 = CARTESIAN_POINT ( 'NONE',  ( 3.550000000281260171, 0.1000000000000004774, 2.999999999999613198 ) ) ;
#3195 = DIRECTION ( 'NONE',  ( 1.000000000000000000, 0.000000000000000000, 0.000000000000000000 ) ) ;
#3196 = DIRECTION ( 'NONE',  ( 0.000000000000000000, 1.000000000000000000, 0.000000000000000000 ) ) ;
#3197 = FACE_OUTER_BOUND ( 'NONE', #4232, .T. ) ;
#3198 = ORIENTED_EDGE ( 'NONE', *, *, #2434, .F. ) ;
#3199 = LINE ( 'NONE', #188, #48 ) ;
#3200 = VERTEX_POINT ( 'NONE', #4409 ) ;
#3201 = CARTESIAN_POINT ( 'NONE',  ( -5.210000000000002629, 0.4200000000000000955, 3.399999999999998579 ) ) ;
#3202 = DIRECTION ( 'NONE',  ( -0.000000000000000000, -0.000000000000000000, 1.000000000000000000 ) ) ;
#3203 = PRESENTATION_LAYER_ASSIGNMENT (  '', '', ( #3740 ) ) ;
#3204 = DIRECTION ( 'NONE',  ( -0.000000000000000000, -0.000000000000000000, 1.000000000000000000 ) ) ;
#3205 = VERTEX_POINT ( 'NONE', #3531 ) ;
#3206 = ORIENTED_EDGE ( 'NONE', *, *, #849, .T. ) ;
#3207 = EDGE_CURVE ( 'NONE', #4145, #327, #1367, .T. ) ;
#3208 = EDGE_CURVE ( 'NONE', #47, #2197, #3983, .T. ) ;
#3209 = AXIS2_PLACEMENT_3D ( 'NONE', #4148, #2382, #2018 ) ;
#3210 = AXIS2_PLACEMENT_3D ( 'NONE', #12, #1738, #5163 ) ;
#3211 = ADVANCED_FACE ( 'NONE', ( #1428 ), #3621, .F. ) ;
#3212 = VERTEX_POINT ( 'NONE', #2362 ) ;
#3213 = VECTOR ( 'NONE', #4985, 1000.000000000000000 ) ;
#3214 = VECTOR ( 'NONE', #208, 1000.000000000000000 ) ;
#3215 = CARTESIAN_POINT ( 'NONE',  ( 4.399999999999999467, 1.309999999999999831, 2.999999999999613198 ) ) ;
#3216 = ORIENTED_EDGE ( 'NONE', *, *, #4551, .F. ) ;
#3217 = LINE ( 'NONE', #4922, #918 ) ;
#3218 = CARTESIAN_POINT ( 'NONE',  ( 2.049999999999998490, 2.199999999999999289, -1.499999999999999556 ) ) ;
#3219 = VERTEX_POINT ( 'NONE', #4490 ) ;
#3220 = LINE ( 'NONE', #4121, #512 ) ;
#3221 = PLANE ( 'NONE',  #3099 ) ;
#3222 = CARTESIAN_POINT ( 'NONE',  ( -5.190000000000002167, 0.5600000000000000533, -3.399999999999998579 ) ) ;
#3223 = FACE_OUTER_BOUND ( 'NONE', #2202, .T. ) ;
#3224 = CARTESIAN_POINT ( 'NONE',  ( -5.230000000000002203, 0.7200000000000000844, 3.200000000547038148 ) ) ;
#3225 = DIRECTION ( 'NONE',  ( -1.224646799147353207E-16, 1.000000000000000000, 0.000000000000000000 ) ) ;
#3226 = ORIENTED_EDGE ( 'NONE', *, *, #3614, .T. ) ;
#3227 = ORIENTED_EDGE ( 'NONE', *, *, #393, .T. ) ;
#3228 = LINE ( 'NONE', #1885, #3561 ) ;
#3229 = ORIENTED_EDGE ( 'NONE', *, *, #2426, .T. ) ;
#3230 = ORIENTED_EDGE ( 'NONE', *, *, #5334, .F. ) ;
#3231 = DIRECTION ( 'NONE',  ( -0.000000000000000000, -0.000000000000000000, -1.000000000000000000 ) ) ;
#3232 = EDGE_CURVE ( 'NONE', #3341, #4698, #3562, .T. ) ;
#3233 = EDGE_CURVE ( 'NONE', #2230, #3485, #4907, .T. ) ;
#3234 = CARTESIAN_POINT ( 'NONE',  ( 3.154779163986334733, 0.7000000000000000666, -3.499999999999999556 ) ) ;
#3235 = CARTESIAN_POINT ( 'NONE',  ( 3.450000000281260082, 1.374999999999999778, -3.499999999999919176 ) ) ;
#3236 = VERTEX_POINT ( 'NONE', #3110 ) ;
#3237 = UNCERTAINTY_MEASURE_WITH_UNIT (LENGTH_MEASURE( 1.000000000000000082E-05 ), #1854, 'distance_accuracy_value', 'NONE');
#3238 = CARTESIAN_POINT ( 'NONE',  ( -5.250000000000001776, 0.9000000000000001332, 3.399999999999998579 ) ) ;
#3239 = EDGE_CURVE ( 'NONE', #674, #1072, #2726, .T. ) ;
#3240 = VECTOR ( 'NONE', #2370, 1000.000000000000000 ) ;
#3241 = DIRECTION ( 'NONE',  ( -0.000000000000000000, -0.000000000000000000, -1.000000000000000000 ) ) ;
#3242 = ORIENTED_EDGE ( 'NONE', *, *, #5439, .F. ) ;
#3243 = EDGE_CURVE ( 'NONE', #573, #327, #4821, .T. ) ;
#3244 = PRESENTATION_LAYER_ASSIGNMENT (  '', '', ( #4048 ) ) ;
#3245 = ORIENTED_EDGE ( 'NONE', *, *, #2561, .T. ) ;
#3246 = CARTESIAN_POINT ( 'NONE',  ( 4.734999999999999432, 1.709999999999999742, 3.499999999999919176 ) ) ;
#3247 = VERTEX_POINT ( 'NONE', #5309 ) ;
#3248 = FACE_OUTER_BOUND ( 'NONE', #2791, .T. ) ;
#3249 = FACE_OUTER_BOUND ( 'NONE', #3019, .T. ) ;
#3250 = EDGE_LOOP ( 'NONE', ( #4423, #2710, #1199, #2674 ) ) ;
#3251 = LINE ( 'NONE', #1987, #152 ) ;
#3252 = DIRECTION ( 'NONE',  ( 0.000000000000000000, 1.000000000000000000, 0.000000000000000000 ) ) ;
#3253 = ADVANCED_FACE ( 'NONE', ( #2275 ), #2303, .F. ) ;
#3254 = LINE ( 'NONE', #4510, #794 ) ;
#3255 = DIRECTION ( 'NONE',  ( -1.000000000000000000, -0.000000000000000000, -0.000000000000000000 ) ) ;
#3256 = CARTESIAN_POINT ( 'NONE',  ( 2.049999999999998490, 0.000000000000000000, 0.000000000000000000 ) ) ;
#3257 = VECTOR ( 'NONE', #148, 1000.000000000000000 ) ;
#3258 = DIRECTION ( 'NONE',  ( 0.000000000000000000, -1.000000000000000000, 0.000000000000000000 ) ) ;
#3259 = VERTEX_POINT ( 'NONE', #1011 ) ;
#3260 = ORIENTED_EDGE ( 'NONE', *, *, #1307, .F. ) ;
#3261 = CARTESIAN_POINT ( 'NONE',  ( 4.334999999999998188, 0.5749999999999998446, -3.499999999999919176 ) ) ;
#3262 = AXIS2_PLACEMENT_3D ( 'NONE', #3774, #1249, #1717 ) ;
#3263 = EDGE_LOOP ( 'NONE', ( #5430, #2267, #2167, #1029 ) ) ;
#3264 = EDGE_CURVE ( 'NONE', #3455, #2827, #125, .T. ) ;
#3265 = AXIS2_PLACEMENT_3D ( 'NONE', #1358, #3076, #4782 ) ;
#3266 = CARTESIAN_POINT ( 'NONE',  ( -5.250000000000000888, -2.168404344971008868E-16, -3.200000000547037704 ) ) ;
#3267 = AXIS2_PLACEMENT_3D ( 'NONE', #4183, #2419, #3282 ) ;
#3268 = DIRECTION ( 'NONE',  ( 0.7071067811865524577, 0.000000000000000000, -0.7071067811865425767 ) ) ;
#3269 = CARTESIAN_POINT ( 'NONE',  ( -3.750000000140619072, 0.3499999999999998113, -3.750000000000000000 ) ) ;
#3270 = AXIS2_PLACEMENT_3D ( 'NONE', #2071, #1988, #2526 ) ;
#3271 = CARTESIAN_POINT ( 'NONE',  ( -5.250000000000000888, -0.05000000000000012768, -3.750000000000000000 ) ) ;
#3272 = CARTESIAN_POINT ( 'NONE',  ( 4.399999999999999467, 0.6399999999999997913, 3.499999999999919176 ) ) ;
#3273 = EDGE_LOOP ( 'NONE', ( #1168, #2259, #3563, #5012, #1423, #3390, #1418 ) ) ;
#3274 = CARTESIAN_POINT ( 'NONE',  ( -1.150000000000001688, 1.699999999999999289, 1.499999999999999334 ) ) ;
#3275 = ORIENTED_EDGE ( 'NONE', *, *, #793, .F. ) ;
#3276 = CARTESIAN_POINT ( 'NONE',  ( -3.850000000140619161, 8.697468197535033146E-16, 3.399999999999998579 ) ) ;
#3277 = ORIENTED_EDGE ( 'NONE', *, *, #5195, .F. ) ;
#3278 = LINE ( 'NONE', #4179, #62 ) ;
#3279 = CARTESIAN_POINT ( 'NONE',  ( -5.250000000000001776, 0.1000000000000014211, -3.399999999999998579 ) ) ;
#3280 = DIRECTION ( 'NONE',  ( 0.000000000000000000, 0.000000000000000000, 1.000000000000000000 ) ) ;
#3281 = LINE ( 'NONE', #3804, #4689 ) ;
#3282 = DIRECTION ( 'NONE',  ( 1.000000000000000000, 0.000000000000000000, 0.000000000000000000 ) ) ;
#3283 = LINE ( 'NONE', #244, #990 ) ;
#3284 = VERTEX_POINT ( 'NONE', #5279 ) ;
#3285 = EDGE_CURVE ( 'NONE', #4628, #2230, #3141, .T. ) ;
#3286 = EDGE_CURVE ( 'NONE', #4687, #2433, #4014, .T. ) ;
#3287 = DIRECTION ( 'NONE',  ( 1.000000000000000000, 0.000000000000000000, 0.000000000000000000 ) ) ;
#3288 = ORIENTED_EDGE ( 'NONE', *, *, #1823, .T. ) ;
#3289 = DIRECTION ( 'NONE',  ( 1.000000000000000000, 0.000000000000000000, 0.000000000000000000 ) ) ;
#3290 =( NAMED_UNIT ( * ) PLANE_ANGLE_UNIT ( ) SI_UNIT ( $, .RADIAN. ) );
#3291 = VECTOR ( 'NONE', #859, 1000.000000000000000 ) ;
#3292 = DIRECTION ( 'NONE',  ( -0.8436100229619533097, -0.2260446243794503041, 0.4870584738481467113 ) ) ;
#3293 = DIRECTION ( 'NONE',  ( -0.000000000000000000, -1.000000000000000000, 2.220446049250314067E-16 ) ) ;
#3294 = VECTOR ( 'NONE', #146, 1000.000000000000000 ) ;
#3295 = CARTESIAN_POINT ( 'NONE',  ( 3.650000000281259815, 0.1000000000000004774, 3.499999999999919176 ) ) ;
#3296 = CARTESIAN_POINT ( 'NONE',  ( -5.250000000000001776, 0.9000000000000001332, 3.200000000547038148 ) ) ;
#3297 = AXIS2_PLACEMENT_3D ( 'NONE', #1911, #3626, #5366 ) ;
#3298 = ORIENTED_EDGE ( 'NONE', *, *, #1729, .T. ) ;
#3299 = PLANE ( 'NONE',  #1687 ) ;
#3300 = EDGE_LOOP ( 'NONE', ( #4976, #4023, #915, #226 ) ) ;
#3301 = ORIENTED_EDGE ( 'NONE', *, *, #4618, .T. ) ;
#3302 = PLANE ( 'NONE',  #1279 ) ;
#3303 = CIRCLE ( 'NONE', #2943, 0.02000000000000005246 ) ;
#3304 = EDGE_LOOP ( 'NONE', ( #181, #202, #540, #2470 ) ) ;
#3305 = AXIS2_PLACEMENT_3D ( 'NONE', #5026, #729, #3318 ) ;
#3306 = ADVANCED_FACE ( 'NONE', ( #3502 ), #949, .T. ) ;
#3307 = CARTESIAN_POINT ( 'NONE',  ( 3.550000000281260171, 0.1000000000000004774, -3.499999999999919176 ) ) ;
#3308 = LINE ( 'NONE', #3279, #5252 ) ;
#3309 = DIRECTION ( 'NONE',  ( -1.000000000000000000, 0.000000000000000000, 0.000000000000000000 ) ) ;
#3310 = CARTESIAN_POINT ( 'NONE',  ( -5.210000000000001741, 0.8800000000000000044, -3.200000000547038148 ) ) ;
#3311 = ADVANCED_FACE ( 'NONE', ( #3197 ), #3172, .T. ) ;
#3312 = CARTESIAN_POINT ( 'NONE',  ( 4.865000000000000213, 0.6249999999999998890, -3.499999999999919176 ) ) ;
#3313 = CARTESIAN_POINT ( 'NONE',  ( -5.210000000000001741, 0.9000000000000001332, -3.399999999999998579 ) ) ;
#3314 = VERTEX_POINT ( 'NONE', #4045 ) ;
#3315 = EDGE_LOOP ( 'NONE', ( #442, #2879, #771, #1350 ) ) ;
#3316 = EDGE_CURVE ( 'NONE', #4102, #1829, #2673, .T. ) ;
#3317 = ORIENTED_EDGE ( 'NONE', *, *, #5469, .F. ) ;
#3318 = DIRECTION ( 'NONE',  ( -1.000000000000000000, 0.000000000000000000, -5.095750211577901339E-14 ) ) ;
#3319 = CARTESIAN_POINT ( 'NONE',  ( -5.190000000000002167, 0.8799999999999997824, 3.399999999999998579 ) ) ;
#3320 = EDGE_CURVE ( 'NONE', #1014, #1572, #5389, .T. ) ;
#3321 = DIRECTION ( 'NONE',  ( 1.000000000000000000, 0.000000000000000000, 0.000000000000000000 ) ) ;
#3322 = CARTESIAN_POINT ( 'NONE',  ( -1.150000000000001688, 1.633012701892218255, 1.933012701892218521 ) ) ;
#3323 =( NAMED_UNIT ( * ) SI_UNIT ( $, .STERADIAN. ) SOLID_ANGLE_UNIT ( ) );
#3324 = PLANE ( 'NONE',  #4899 ) ;
#3325 = EDGE_CURVE ( 'NONE', #5313, #2152, #3283, .T. ) ;
#3326 = CIRCLE ( 'NONE', #3145, 0.1000000000000002554 ) ;
#3327 = EDGE_LOOP ( 'NONE', ( #1834, #384, #2116, #780 ) ) ;
#3328 = DIRECTION ( 'NONE',  ( -0.000000000000000000, -2.220446049250322942E-16, -1.000000000000000000 ) ) ;
#3329 = ORIENTED_EDGE ( 'NONE', *, *, #1430, .F. ) ;
#3330 =( GEOMETRIC_REPRESENTATION_CONTEXT ( 3 ) GLOBAL_UNCERTAINTY_ASSIGNED_CONTEXT ( ( #1946 ) ) GLOBAL_UNIT_ASSIGNED_CONTEXT ( ( #2485, #2398, #2900 ) ) REPRESENTATION_CONTEXT ( 'NONE', 'WORKASPACE' ) );
#3331 = ORIENTED_EDGE ( 'NONE', *, *, #1994, .F. ) ;
#3332 = DIRECTION ( 'NONE',  ( 0.000000000000000000, 1.000000000000000000, 0.000000000000000000 ) ) ;
#3333 = ORIENTED_EDGE ( 'NONE', *, *, #4252, .F. ) ;
#3334 = EDGE_CURVE ( 'NONE', #714, #4663, #3674, .T. ) ;
#3335 = CARTESIAN_POINT ( 'NONE',  ( -5.230000000000002203, 0.7200000000000000844, -3.399999999999998579 ) ) ;
#3336 = CARTESIAN_POINT ( 'NONE',  ( 2.300000000000000711, -6.439293542825923514E-16, -2.900000000000006573 ) ) ;
#3337 = CARTESIAN_POINT ( 'NONE',  ( 4.884999999999999787, 0.06500000000000064060, 3.499999999999919176 ) ) ;
#3338 = DIRECTION ( 'NONE',  ( -0.000000000000000000, -0.000000000000000000, -1.000000000000000000 ) ) ;
#3339 = PLANE ( 'NONE',  #1921 ) ;
#3340 = LINE ( 'NONE', #5445, #4751 ) ;
#3341 = VERTEX_POINT ( 'NONE', #1099 ) ;
#3342 = VERTEX_POINT ( 'NONE', #1517 ) ;
#3343 = FILL_AREA_STYLE_COLOUR ( '', #329 ) ;
#3344 = EDGE_CURVE ( 'NONE', #5408, #5461, #2922, .T. ) ;
#3345 = ADVANCED_FACE ( 'NONE', ( #4184 ), #1152, .F. ) ;
#3346 = CARTESIAN_POINT ( 'NONE',  ( 4.884999999999999787, 0.5599999999999999423, 3.499999999999919176 ) ) ;
#3347 = DIRECTION ( 'NONE',  ( -0.000000000000000000, -1.000000000000000000, 0.000000000000000000 ) ) ;
#3348 = FILL_AREA_STYLE_COLOUR ( '', #3773 ) ;
#3349 = AXIS2_PLACEMENT_3D ( 'NONE', #1761, #3420, #1341 ) ;
#3350 = STYLED_ITEM ( 'NONE', ( #5065 ), #2775 ) ;
#3351 = DIRECTION ( 'NONE',  ( 0.000000000000000000, -0.000000000000000000, 1.000000000000000000 ) ) ;
#3352 = LINE ( 'NONE', #2034, #5094 ) ;
#3353 = ORIENTED_EDGE ( 'NONE', *, *, #4449, .F. ) ;
#3354 = ORIENTED_EDGE ( 'NONE', *, *, #2469, .F. ) ;
#3355 = DIRECTION ( 'NONE',  ( 0.000000000000000000, 0.000000000000000000, 1.000000000000000000 ) ) ;
#3356 = LINE ( 'NONE', #720, #4963 ) ;
#3357 = FACE_OUTER_BOUND ( 'NONE', #4059, .T. ) ;
#3358 = DIRECTION ( 'NONE',  ( 1.000000000000000000, 0.000000000000000000, 0.000000000000000000 ) ) ;
#3359 = LINE ( 'NONE', #4702, #2276 ) ;
#3360 = CARTESIAN_POINT ( 'NONE',  ( 3.450000000281259194, 0.04999999999999958644, -2.900000000000004796 ) ) ;
#3361 = ORIENTED_EDGE ( 'NONE', *, *, #4173, .T. ) ;
#3362 = EDGE_LOOP ( 'NONE', ( #1402, #1443, #54, #3377 ) ) ;
#3363 = EDGE_CURVE ( 'NONE', #1741, #3008, #300, .T. ) ;
#3364 = EDGE_CURVE ( 'NONE', #2842, #2492, #2420, .T. ) ;
#3365 = FACE_OUTER_BOUND ( 'NONE', #4344, .T. ) ;
#3366 = CARTESIAN_POINT ( 'NONE',  ( -1.150000000000001688, 1.266987298107779880, 0.000000000000000000 ) ) ;
#3367 = PLANE ( 'NONE',  #2366 ) ;
#3368 = LINE ( 'NONE', #2819, #180 ) ;
#3369 = ORIENTED_EDGE ( 'NONE', *, *, #3993, .F. ) ;
#3370 = EDGE_LOOP ( 'NONE', ( #4908, #2573, #1756, #767 ) ) ;
#3371 = PLANE ( 'NONE',  #2499 ) ;
#3372 = CARTESIAN_POINT ( 'NONE',  ( -5.250000000000001776, 1.199999999999999956, -3.399999999999998579 ) ) ;
#3373 = ADVANCED_FACE ( 'NONE', ( #2507 ), #5391, .F. ) ;
#3374 = DIRECTION ( 'NONE',  ( -1.000000000000000000, 0.000000000000000000, 0.000000000000000000 ) ) ;
#3375 = AXIS2_PLACEMENT_3D ( 'NONE', #4242, #2897, #4189 ) ;
#3376 = VECTOR ( 'NONE', #4164, 1000.000000000000000 ) ;
#3377 = ORIENTED_EDGE ( 'NONE', *, *, #568, .T. ) ;
#3378 =( GEOMETRIC_REPRESENTATION_CONTEXT ( 3 ) GLOBAL_UNCERTAINTY_ASSIGNED_CONTEXT ( ( #2344 ) ) GLOBAL_UNIT_ASSIGNED_CONTEXT ( ( #1101, #4909, #4130 ) ) REPRESENTATION_CONTEXT ( 'NONE', 'WORKASPACE' ) );
#3379 = ADVANCED_FACE ( 'NONE', ( #1541 ), #4128, .F. ) ;
#3380 = DIRECTION ( 'NONE',  ( -1.000000000000000000, 0.000000000000000000, 0.000000000000000000 ) ) ;
#3381 = ORIENTED_EDGE ( 'NONE', *, *, #2241, .T. ) ;
#3382 = AXIS2_PLACEMENT_3D ( 'NONE', #764, #3821, #3768 ) ;
#3383 = DIRECTION ( 'NONE',  ( 0.000000000000000000, 1.000000000000000000, 0.000000000000000000 ) ) ;
#3384 = CYLINDRICAL_SURFACE ( 'NONE', #5063, 0.06499999999999994671 ) ;
#3385 = DIRECTION ( 'NONE',  ( 0.000000000000000000, 0.000000000000000000, -1.000000000000000000 ) ) ;
#3386 = AXIS2_PLACEMENT_3D ( 'NONE', #3046, #4755, #542 ) ;
#3387 = CARTESIAN_POINT ( 'NONE',  ( 3.450000000281259194, 2.849999999999999645, 3.750000000000001332 ) ) ;
#3388 = VECTOR ( 'NONE', #1972, 1000.000000000000000 ) ;
#3389 = ORIENTED_EDGE ( 'NONE', *, *, #3630, .T. ) ;
#3390 = ORIENTED_EDGE ( 'NONE', *, *, #4404, .F. ) ;
#3391 = SURFACE_SIDE_STYLE ('',( #357 ) ) ;
#3392 = ORIENTED_EDGE ( 'NONE', *, *, #4857, .T. ) ;
#3393 = AXIS2_PLACEMENT_3D ( 'NONE', #2435, #1980, #3637 ) ;
#3394 = CARTESIAN_POINT ( 'NONE',  ( 1.949999999999998623, 0.6999999999999995115, 2.000000000000000444 ) ) ;
#3395 = DIRECTION ( 'NONE',  ( 0.000000000000000000, 0.000000000000000000, 1.000000000000000000 ) ) ;
#3396 = DIRECTION ( 'NONE',  ( 1.000000000000000000, 0.000000000000000000, 0.000000000000000000 ) ) ;
#3397 = DIRECTION ( 'NONE',  ( -0.000000000000000000, -0.000000000000000000, 1.000000000000000000 ) ) ;
#3398 = ORIENTED_EDGE ( 'NONE', *, *, #2916, .F. ) ;
#3399 = ORIENTED_EDGE ( 'NONE', *, *, #4055, .T. ) ;
#3400 = EDGE_CURVE ( 'NONE', #3205, #835, #4514, .T. ) ;
#3401 = CARTESIAN_POINT ( 'NONE',  ( 0.000000000000000000, 0.7000000000000000666, -3.500000000000000000 ) ) ;
#3402 = EDGE_LOOP ( 'NONE', ( #3479, #2194, #4147, #4678 ) ) ;
#3403 = EDGE_CURVE ( 'NONE', #1293, #3478, #673, .T. ) ;
#3404 = LINE ( 'NONE', #4256, #5280 ) ;
#3405 = ORIENTED_EDGE ( 'NONE', *, *, #171, .F. ) ;
#3406 = DIRECTION ( 'NONE',  ( -0.000000000000000000, -1.000000000000000000, 0.000000000000000000 ) ) ;
#3407 = ORIENTED_EDGE ( 'NONE', *, *, #2584, .T. ) ;
#3408 = AXIS2_PLACEMENT_3D ( 'NONE', #4381, #1487, #1967 ) ;
#3409 = PRESENTATION_LAYER_ASSIGNMENT (  '', '', ( #273 ) ) ;
#3410 = DIRECTION ( 'NONE',  ( -1.000000000000000000, 0.000000000000000000, 0.000000000000000000 ) ) ;
#3411 = CARTESIAN_POINT ( 'NONE',  ( 3.550000000281260171, 0.1000000000000004774, -2.999999999999613198 ) ) ;
#3412 = CARTESIAN_POINT ( 'NONE',  ( -1.150000000000001688, 1.199999999999998845, -1.999999999999999556 ) ) ;
#3413 = LINE ( 'NONE', #1205, #294 ) ;
#3414 = ORIENTED_EDGE ( 'NONE', *, *, #4215, .T. ) ;
#3415 = ORIENTED_EDGE ( 'NONE', *, *, #3714, .F. ) ;
#3416 = EDGE_CURVE ( 'NONE', #2152, #5023, #1125, .T. ) ;
#3417 = CARTESIAN_POINT ( 'NONE',  ( -1.150000000000001688, 1.266987298107779880, 1.933012701892218521 ) ) ;
#3418 = FACE_OUTER_BOUND ( 'NONE', #2306, .T. ) ;
#3419 = DIRECTION ( 'NONE',  ( 1.000000000000000000, 0.000000000000000000, 0.000000000000000000 ) ) ;
#3420 = DIRECTION ( 'NONE',  ( -1.000000000000000000, 0.000000000000000000, 0.000000000000000000 ) ) ;
#3421 = CARTESIAN_POINT ( 'NONE',  ( -2.050000000000001155, 2.099999999999999645, 2.849999999999999201 ) ) ;
#3422 = ORIENTED_EDGE ( 'NONE', *, *, #2522, .F. ) ;
#3423 = ORIENTED_EDGE ( 'NONE', *, *, #1628, .F. ) ;
#3424 = LINE ( 'NONE', #1399, #1958 ) ;
#3425 = LINE ( 'NONE', #5110, #3736 ) ;
#3426 = VECTOR ( 'NONE', #760, 1000.000000000000000 ) ;
#3427 = VECTOR ( 'NONE', #2746, 1000.000000000000000 ) ;
#3428 = DIRECTION ( 'NONE',  ( 0.000000000000000000, 0.000000000000000000, -1.000000000000000000 ) ) ;
#3429 = AXIS2_PLACEMENT_3D ( 'NONE', #3758, #3338, #4988 ) ;
#3430 = ORIENTED_EDGE ( 'NONE', *, *, #5193, .F. ) ;
#3431 = AXIS2_PLACEMENT_3D ( 'NONE', #2671, #3530, #4435 ) ;
#3432 = LINE ( 'NONE', #5512, #2178 ) ;
#3433 = VECTOR ( 'NONE', #1881, 1000.000000000000000 ) ;
#3434 = VERTEX_POINT ( 'NONE', #2387 ) ;
#3435 = EDGE_CURVE ( 'NONE', #956, #4477, #4541, .T. ) ;
#3436 = DIRECTION ( 'NONE',  ( 0.000000000000000000, -1.000000000000000000, 0.000000000000000000 ) ) ;
#3437 = CARTESIAN_POINT ( 'NONE',  ( -4.600000000000006750, 2.099999999999999645, -2.850000000000000089 ) ) ;
#3438 = DIRECTION ( 'NONE',  ( -0.9351131265310302920, 0.2505628070857297551, -0.2505628070857297551 ) ) ;
#3439 = CARTESIAN_POINT ( 'NONE',  ( -1.150000000000001688, 1.699999999999999289, -1.499999999999999334 ) ) ;
#3440 = ORIENTED_EDGE ( 'NONE', *, *, #3286, .F. ) ;
#3441 = EDGE_CURVE ( 'NONE', #2718, #90, #1598, .T. ) ;
#3442 = EDGE_CURVE ( 'NONE', #5461, #556, #5048, .T. ) ;
#3443 = ORIENTED_EDGE ( 'NONE', *, *, #3064, .T. ) ;
#3444 = DIRECTION ( 'NONE',  ( 0.000000000000000000, 1.000000000000000000, -0.000000000000000000 ) ) ;
#3445 = FACE_OUTER_BOUND ( 'NONE', #4647, .T. ) ;
#3446 = LINE ( 'NONE', #2560, #5321 ) ;
#3447 = EDGE_CURVE ( 'NONE', #5066, #2756, #3340, .T. ) ;
#3448 = EDGE_CURVE ( 'NONE', #1040, #2353, #5422, .T. ) ;
#3449 = LINE ( 'NONE', #2562, #4312 ) ;
#3450 = VERTEX_POINT ( 'NONE', #1570 ) ;
#3451 = ORIENTED_EDGE ( 'NONE', *, *, #3325, .T. ) ;
#3452 = CYLINDRICAL_SURFACE ( 'NONE', #1416, 0.06499999999999994671 ) ;
#3453 = DIRECTION ( 'NONE',  ( -0.000000000000000000, -1.000000000000000000, 2.220446049250313574E-16 ) ) ;
#3454 = EDGE_LOOP ( 'NONE', ( #2977, #2689, #2304, #3658, #1666 ) ) ;
#3455 = VERTEX_POINT ( 'NONE', #3726 ) ;
#3456 = CARTESIAN_POINT ( 'NONE',  ( 4.334999999999998188, 0.5749999999999998446, 2.999999999999613198 ) ) ;
#3457 = VERTEX_POINT ( 'NONE', #726 ) ;
#3458 = DIRECTION ( 'NONE',  ( 0.000000000000000000, 0.000000000000000000, 1.000000000000000000 ) ) ;
#3459 = CARTESIAN_POINT ( 'NONE',  ( -3.750000000140619072, 0.3500000000000000333, 3.399999999999998579 ) ) ;
#3460 = EDGE_LOOP ( 'NONE', ( #2481, #1667, #617, #2065 ) ) ;
#3461 = VECTOR ( 'NONE', #1634, 1000.000000000000000 ) ;
#3462 = CARTESIAN_POINT ( 'NONE',  ( 2.049999999999998490, 2.199999999999999734, 2.000000000000000000 ) ) ;
#3463 = AXIS2_PLACEMENT_3D ( 'NONE', #4016, #4438, #3176 ) ;
#3464 = CARTESIAN_POINT ( 'NONE',  ( -5.210000000000002629, 0.4000000000000000777, -3.399999999999998579 ) ) ;
#3465 = LINE ( 'NONE', #2636, #1022 ) ;
#3466 = DIRECTION ( 'NONE',  ( 1.000000000000000000, 0.000000000000000000, -0.000000000000000000 ) ) ;
#3467 = VERTEX_POINT ( 'NONE', #2447 ) ;
#3468 = EDGE_CURVE ( 'NONE', #5320, #5174, #5364, .T. ) ;
#3469 = PRESENTATION_LAYER_ASSIGNMENT (  '', '', ( #4554 ) ) ;
#3470 = EDGE_CURVE ( 'NONE', #4917, #5189, #2077, .T. ) ;
#3471 = CARTESIAN_POINT ( 'NONE',  ( 4.799999999999999822, 1.709999999999999742, -3.499999999999919176 ) ) ;
#3472 = CARTESIAN_POINT ( 'NONE',  ( 1.949999999999998623, 2.099999999999999645, 2.849999999999999201 ) ) ;
#3473 = CARTESIAN_POINT ( 'NONE',  ( 4.799999999999999822, 1.709999999999999742, 3.499999999999919176 ) ) ;
#3474 = AXIS2_PLACEMENT_3D ( 'NONE', #1653, #4216, #810 ) ;
#3475 = CARTESIAN_POINT ( 'NONE',  ( -5.250000000000001776, 1.199999999999999956, -3.200000000547038148 ) ) ;
#3476 = CARTESIAN_POINT ( 'NONE',  ( 1.949999999999998623, 2.199999999999999289, -2.000000000000000000 ) ) ;
#3477 = VECTOR ( 'NONE', #4652, 1000.000000000000000 ) ;
#3478 = VERTEX_POINT ( 'NONE', #804 ) ;
#3479 = ORIENTED_EDGE ( 'NONE', *, *, #31, .F. ) ;
#3480 = VECTOR ( 'NONE', #2384, 1000.000000000000000 ) ;
#3481 = ADVANCED_FACE ( 'NONE', ( #2946 ), #3781, .F. ) ;
#3482 = CARTESIAN_POINT ( 'NONE',  ( -3.250000000000001332, 3.199999999999999289, -1.699999999999999956 ) ) ;
#3483 = DIRECTION ( 'NONE',  ( 0.000000000000000000, 0.000000000000000000, -1.000000000000000000 ) ) ;
#3484 = VERTEX_POINT ( 'NONE', #5495 ) ;
#3485 = VERTEX_POINT ( 'NONE', #3360 ) ;
#3486 = ORIENTED_EDGE ( 'NONE', *, *, #1523, .F. ) ;
#3487 = DIRECTION ( 'NONE',  ( 1.000000000000000000, 1.130443199202757152E-16, 0.000000000000000000 ) ) ;
#3488 = DIRECTION ( 'NONE',  ( 0.000000000000000000, -1.000000000000000000, 2.891205793294678326E-16 ) ) ;
#3489 = ORIENTED_EDGE ( 'NONE', *, *, #763, .T. ) ;
#3490 = ORIENTED_EDGE ( 'NONE', *, *, #2556, .F. ) ;
#3491 = DIRECTION ( 'NONE',  ( 1.000000000000000000, 0.000000000000000000, -0.000000000000000000 ) ) ;
#3492 = DIRECTION ( 'NONE',  ( 0.000000000000000000, -1.000000000000000000, 0.000000000000000000 ) ) ;
#3493 = CARTESIAN_POINT ( 'NONE',  ( -5.250000000000001776, 0.9000000000000001332, -3.399999999999998579 ) ) ;
#3494 = CARTESIAN_POINT ( 'NONE',  ( 1.949999999999998623, 3.199999999999999734, 0.8000000000000027089 ) ) ;
#3495 = VECTOR ( 'NONE', #1992, 1000.000000000000000 ) ;
#3496 = ORIENTED_EDGE ( 'NONE', *, *, #758, .T. ) ;
#3497 = ORIENTED_EDGE ( 'NONE', *, *, #3207, .F. ) ;
#3498 = CARTESIAN_POINT ( 'NONE',  ( 2.899999999999998135, 0.000000000000000000, 3.750000000000000000 ) ) ;
#3499 = VECTOR ( 'NONE', #2200, 1000.000000000000000 ) ;
#3500 = CARTESIAN_POINT ( 'NONE',  ( 1.949999999999998623, 3.199999999999999734, -8.673617379884035472E-16 ) ) ;
#3501 = DIRECTION ( 'NONE',  ( -0.000000000000000000, 0.000000000000000000, 1.000000000000000000 ) ) ;
#3502 = FACE_OUTER_BOUND ( 'NONE', #113, .T. ) ;
#3503 = EDGE_CURVE ( 'NONE', #3484, #995, #3326, .T. ) ;
#3504 = ORIENTED_EDGE ( 'NONE', *, *, #2681, .F. ) ;
#3505 = ORIENTED_EDGE ( 'NONE', *, *, #3578, .F. ) ;
#3506 = FACE_OUTER_BOUND ( 'NONE', #950, .T. ) ;
#3507 = DIRECTION ( 'NONE',  ( -1.000000000000000000, -0.000000000000000000, 0.000000000000000000 ) ) ;
#3508 = LINE ( 'NONE', #1019, #1088 ) ;
#3509 = VERTEX_POINT ( 'NONE', #564 ) ;
#3510 = EDGE_LOOP ( 'NONE', ( #2630, #2638, #3826, #302 ) ) ;
#3511 = ORIENTED_EDGE ( 'NONE', *, *, #4072, .T. ) ;
#3512 = LINE ( 'NONE', #4800, #1597 ) ;
#3513 = ORIENTED_EDGE ( 'NONE', *, *, #657, .F. ) ;
#3514 = VECTOR ( 'NONE', #2691, 1000.000000000000000 ) ;
#3515 = DIRECTION ( 'NONE',  ( 1.000000000000000000, -0.000000000000000000, -0.000000000000000000 ) ) ;
#3516 = ORIENTED_EDGE ( 'NONE', *, *, #5219, .T. ) ;
#3517 = ORIENTED_EDGE ( 'NONE', *, *, #3990, .F. ) ;
#3518 = AXIS2_PLACEMENT_3D ( 'NONE', #1645, #2920, #3358 ) ;
#3519 = CARTESIAN_POINT ( 'NONE',  ( -4.250000000000000888, 3.124999999999999112, -2.277350269189625909 ) ) ;
#3520 = EDGE_LOOP ( 'NONE', ( #1600, #1581, #2033, #2480 ) ) ;
#3521 = PLANE ( 'NONE',  #2833 ) ;
#3522 = VECTOR ( 'NONE', #2968, 1000.000000000000000 ) ;
#3523 = LINE ( 'NONE', #2552, #2544 ) ;
#3524 = DIRECTION ( 'NONE',  ( -1.000000000000000000, 0.000000000000000000, 0.000000000000000000 ) ) ;
#3525 = ORIENTED_EDGE ( 'NONE', *, *, #711, .T. ) ;
#3526 = CIRCLE ( 'NONE', #4253, 0.06499999999999994671 ) ;
#3527 = DIRECTION ( 'NONE',  ( 1.000000000000000000, 0.000000000000000000, 0.000000000000000000 ) ) ;
#3528 = CARTESIAN_POINT ( 'NONE',  ( -3.750000000140619072, 1.199999999999999734, -4.232725281383408324E-16 ) ) ;
#3529 = DIRECTION ( 'NONE',  ( 0.000000000000000000, -0.000000000000000000, 1.000000000000000000 ) ) ;
#3530 = DIRECTION ( 'NONE',  ( -0.7071067811865482389, 0.7071067811865469066, 0.000000000000000000 ) ) ;
#3531 = CARTESIAN_POINT ( 'NONE',  ( 2.049999999999998490, 0.6999999999999994005, 1.499999999999999778 ) ) ;
#3532 = EDGE_CURVE ( 'NONE', #3434, #1297, #2342, .T. ) ;
#3533 = ORIENTED_EDGE ( 'NONE', *, *, #5032, .T. ) ;
#3534 = EDGE_CURVE ( 'NONE', #2011, #4576, #5345, .T. ) ;
#3535 = ORIENTED_EDGE ( 'NONE', *, *, #3285, .F. ) ;
#3536 = PLANE ( 'NONE',  #3838 ) ;
#3537 = DIRECTION ( 'NONE',  ( -1.000000000000000000, 0.000000000000000000, 0.000000000000000000 ) ) ;
#3538 = DIRECTION ( 'NONE',  ( 0.000000000000000000, -2.168404344971008128E-16, -1.000000000000000000 ) ) ;
#3539 = ORIENTED_EDGE ( 'NONE', *, *, #4233, .T. ) ;
#3540 = ORIENTED_EDGE ( 'NONE', *, *, #2898, .F. ) ;
#3541 = VECTOR ( 'NONE', #1751, 1000.000000000000000 ) ;
#3542 = DIRECTION ( 'NONE',  ( 0.000000000000000000, 0.000000000000000000, 1.000000000000000000 ) ) ;
#3543 = EDGE_CURVE ( 'NONE', #4388, #4220, #131, .T. ) ;
#3544 = CARTESIAN_POINT ( 'NONE',  ( -4.250000000000000888, 2.099999999999999645, 3.544337567297406011 ) ) ;
#3545 = EDGE_CURVE ( 'NONE', #5570, #2144, #595, .T. ) ;
#3546 = ADVANCED_FACE ( 'NONE', ( #4051 ), #4858, .T. ) ;
#3547 = EDGE_LOOP ( 'NONE', ( #2930, #2989, #5135, #2812 ) ) ;
#3548 = DIRECTION ( 'NONE',  ( 8.673617380697141031E-16, -1.000000000000000000, 0.000000000000000000 ) ) ;
#3549 = VERTEX_POINT ( 'NONE', #954 ) ;
#3550 = CARTESIAN_POINT ( 'NONE',  ( 5.249999999999999112, 0.7000000000000000666, -3.122502256758252770E-16 ) ) ;
#3551 = EDGE_CURVE ( 'NONE', #3549, #2190, #3959, .T. ) ;
#3552 = LINE ( 'NONE', #4061, #1720 ) ;
#3553 = CARTESIAN_POINT ( 'NONE',  ( -1.783512574052134486E-13, 0.7000000000000000666, 3.499999999999742872 ) ) ;
#3554 = VERTEX_POINT ( 'NONE', #2790 ) ;
#3555 = DIRECTION ( 'NONE',  ( 0.2588190451025187411, 0.000000000000000000, 0.9659258262890688673 ) ) ;
#3556 = CARTESIAN_POINT ( 'NONE',  ( 2.049999999999998490, 2.199999999999999289, -2.000000000000000000 ) ) ;
#3557 = VECTOR ( 'NONE', #651, 1000.000000000000227 ) ;
#3558 = LINE ( 'NONE', #5276, #3886 ) ;
#3559 = CARTESIAN_POINT ( 'NONE',  ( -1.150000000000001688, 1.266987298107779880, 0.000000000000000000 ) ) ;
#3560 = VECTOR ( 'NONE', #5502, 1000.000000000000000 ) ;
#3561 = VECTOR ( 'NONE', #1970, 1000.000000000000000 ) ;
#3562 = LINE ( 'NONE', #1848, #630 ) ;
#3563 = ORIENTED_EDGE ( 'NONE', *, *, #1817, .F. ) ;
#3564 = CARTESIAN_POINT ( 'NONE',  ( -3.750000000140619072, 1.200000000000001288, 3.399999999999998579 ) ) ;
#3565 = ORIENTED_EDGE ( 'NONE', *, *, #1242, .F. ) ;
#3566 = VECTOR ( 'NONE', #1551, 1000.000000000000000 ) ;
#3567 = DIRECTION ( 'NONE',  ( 0.000000000000000000, -1.000000000000000000, 0.000000000000000000 ) ) ;
#3568 = EDGE_CURVE ( 'NONE', #2144, #2754, #3508, .T. ) ;
#3569 = APPLICATION_CONTEXT ( 'automotive_design' ) ;
#3570 = CARTESIAN_POINT ( 'NONE',  ( -1.150000000000001688, 1.199999999999998845, 1.499999999999999334 ) ) ;
#3571 = VECTOR ( 'NONE', #1565, 1000.000000000000000 ) ;
#3572 = EDGE_LOOP ( 'NONE', ( #2629, #2253, #86, #983 ) ) ;
#3573 = ORIENTED_EDGE ( 'NONE', *, *, #4140, .T. ) ;
#3574 = VECTOR ( 'NONE', #2533, 1000.000000000000000 ) ;
#3575 = EDGE_CURVE ( 'NONE', #4692, #1382, #652, .T. ) ;
#3576 = VECTOR ( 'NONE', #4500, 1000.000000000000000 ) ;
#3577 = DIRECTION ( 'NONE',  ( 0.4999999999999973910, 0.000000000000000000, -0.8660254037844402619 ) ) ;
#3578 = EDGE_CURVE ( 'NONE', #3314, #4220, #5224, .T. ) ;
#3579 = DIRECTION ( 'NONE',  ( -1.000000000000000000, 0.000000000000000000, 0.000000000000000000 ) ) ;
#3580 = EDGE_CURVE ( 'NONE', #4620, #499, #622, .T. ) ;
#3581 = VERTEX_POINT ( 'NONE', #4915 ) ;
#3582 = ORIENTED_EDGE ( 'NONE', *, *, #1582, .F. ) ;
#3583 = EDGE_CURVE ( 'NONE', #2756, #4860, #1375, .T. ) ;
#3584 = CARTESIAN_POINT ( 'NONE',  ( -3.850000000140619161, 8.697468197535033146E-16, 3.399999999999998579 ) ) ;
#3585 = ORIENTED_EDGE ( 'NONE', *, *, #3534, .F. ) ;
#3586 = CARTESIAN_POINT ( 'NONE',  ( 1.949999999999998623, 0.2999999999999999334, -0.5499999999999994893 ) ) ;
#3587 = DIRECTION ( 'NONE',  ( -0.3420201433256629397, -0.9396926207859104263, 0.000000000000000000 ) ) ;
#3588 = CARTESIAN_POINT ( 'NONE',  ( 5.249999999999999112, 2.850000000000000089, -3.000000000000007550 ) ) ;
#3589 = ORIENTED_EDGE ( 'NONE', *, *, #2037, .T. ) ;
#3590 = FACE_OUTER_BOUND ( 'NONE', #2263, .T. ) ;
#3591 = DIRECTION ( 'NONE',  ( 0.000000000000000000, 0.000000000000000000, -1.000000000000000000 ) ) ;
#3592 = CARTESIAN_POINT ( 'NONE',  ( 4.334999999999999076, 1.374999999999999778, -3.499999999999919176 ) ) ;
#3593 = CARTESIAN_POINT ( 'NONE',  ( 2.049999999999998490, 1.699999999999999289, -1.499999999999999334 ) ) ;
#3594 = DIRECTION ( 'NONE',  ( -0.000000000000000000, -1.000000000000000000, -0.000000000000000000 ) ) ;
#3595 = ORIENTED_EDGE ( 'NONE', *, *, #666, .T. ) ;
#3596 = CARTESIAN_POINT ( 'NONE',  ( 1.949999999999998623, 2.900000000000000799, -2.850000000000000533 ) ) ;
#3597 = ORIENTED_EDGE ( 'NONE', *, *, #562, .F. ) ;
#3598 = EDGE_LOOP ( 'NONE', ( #3206, #4195, #5506, #2742 ) ) ;
#3599 = VECTOR ( 'NONE', #78, 1000.000000000000000 ) ;
#3600 = VECTOR ( 'NONE', #3507, 1000.000000000000000 ) ;
#3601 = DIRECTION ( 'NONE',  ( -0.000000000000000000, -1.000000000000000000, -0.000000000000000000 ) ) ;
#3602 = DIRECTION ( 'NONE',  ( -0.000000000000000000, -1.000000000000000000, 2.220446049250313574E-16 ) ) ;
#3603 = CARTESIAN_POINT ( 'NONE',  ( -0.8999999999999984679, 1.199999999999998845, -1.499999999999999334 ) ) ;
#3604 = ORIENTED_EDGE ( 'NONE', *, *, #2732, .T. ) ;
#3605 = ORIENTED_EDGE ( 'NONE', *, *, #5244, .F. ) ;
#3606 = CARTESIAN_POINT ( 'NONE',  ( -5.190000000000002167, 0.5600000000000000533, 3.399999999999998579 ) ) ;
#3607 = VERTEX_POINT ( 'NONE', #2310 ) ;
#3608 = DIRECTION ( 'NONE',  ( 0.000000000000000000, -2.220147486588071522E-16, -1.000000000000000000 ) ) ;
#3609 = ORIENTED_EDGE ( 'NONE', *, *, #1964, .F. ) ;
#3610 = DIRECTION ( 'NONE',  ( -1.000000000000000000, 0.000000000000000000, 0.000000000000000000 ) ) ;
#3611 = CARTESIAN_POINT ( 'NONE',  ( 4.334999999999999076, 1.374999999999999778, -3.499999999999919176 ) ) ;
#3612 = ORIENTED_EDGE ( 'NONE', *, *, #4529, .F. ) ;
#3613 = CIRCLE ( 'NONE', #826, 0.06499999999999994671 ) ;
#3614 = EDGE_CURVE ( 'NONE', #2365, #1041, #2252, .T. ) ;
#3615 = VECTOR ( 'NONE', #4338, 1000.000000000000000 ) ;
#3616 = CYLINDRICAL_SURFACE ( 'NONE', #3797, 0.09999999999999982514 ) ;
#3617 = CARTESIAN_POINT ( 'NONE',  ( 2.299999999999998934, 8.326672684688677011E-16, 3.750000000000000444 ) ) ;
#3618 = CARTESIAN_POINT ( 'NONE',  ( -5.190000000000003055, 0.4200000000000002620, -3.399999999999998579 ) ) ;
#3619 = CARTESIAN_POINT ( 'NONE',  ( -4.250000000000000888, 2.099999999999999645, 3.750000000000001332 ) ) ;
#3620 = EDGE_CURVE ( 'NONE', #1317, #4240, #4795, .T. ) ;
#3621 = PLANE ( 'NONE',  #895 ) ;
#3622 = AXIS2_PLACEMENT_3D ( 'NONE', #2553, #3805, #5071 ) ;
#3623 = EDGE_CURVE ( 'NONE', #3247, #5367, #3116, .T. ) ;
#3624 = ORIENTED_EDGE ( 'NONE', *, *, #5240, .F. ) ;
#3625 = ADVANCED_FACE ( 'NONE', ( #2763 ), #4387, .F. ) ;
#3626 = DIRECTION ( 'NONE',  ( 0.000000000000000000, 0.000000000000000000, -1.000000000000000000 ) ) ;
#3627 = ORIENTED_EDGE ( 'NONE', *, *, #3286, .T. ) ;
#3628 = ORIENTED_EDGE ( 'NONE', *, *, #3232, .F. ) ;
#3629 = FACE_OUTER_BOUND ( 'NONE', #3808, .T. ) ;
#3630 = EDGE_CURVE ( 'NONE', #303, #4518, #5255, .T. ) ;
#3631 = DIRECTION ( 'NONE',  ( -1.000000000000000000, 0.000000000000000000, 0.000000000000000000 ) ) ;
#3632 = ORIENTED_EDGE ( 'NONE', *, *, #4173, .F. ) ;
#3633 = ORIENTED_EDGE ( 'NONE', *, *, #4804, .T. ) ;
#3634 = SURFACE_SIDE_STYLE ('',( #4475 ) ) ;
#3635 = VECTOR ( 'NONE', #3047, 1000.000000000000000 ) ;
#3636 = VERTEX_POINT ( 'NONE', #1436 ) ;
#3637 = DIRECTION ( 'NONE',  ( 0.000000000000000000, 0.000000000000000000, 1.000000000000000000 ) ) ;
#3638 = VERTEX_POINT ( 'NONE', #3149 ) ;
#3639 = FACE_OUTER_BOUND ( 'NONE', #2666, .T. ) ;
#3640 = FACE_OUTER_BOUND ( 'NONE', #566, .T. ) ;
#3641 = ORIENTED_EDGE ( 'NONE', *, *, #4156, .F. ) ;
#3642 = EDGE_CURVE ( 'NONE', #205, #4948, #1889, .T. ) ;
#3643 = EDGE_CURVE ( 'NONE', #3638, #3484, #4484, .T. ) ;
#3644 = CARTESIAN_POINT ( 'NONE',  ( 0.000000000000000000, 0.000000000000000000, 3.200000000547037704 ) ) ;
#3645 = CARTESIAN_POINT ( 'NONE',  ( 1.949999999999998623, 0.6999999999999995115, 2.000000000000000444 ) ) ;
#3646 = CARTESIAN_POINT ( 'NONE',  ( -3.600000000000003197, 7.105427358815672526E-16, 3.200000000547038148 ) ) ;
#3647 = CARTESIAN_POINT ( 'NONE',  ( -5.150000000000001243, 7.227892038730409054E-16, -3.399999999999998579 ) ) ;
#3648 = EDGE_CURVE ( 'NONE', #2377, #3219, #2442, .T. ) ;
#3649 = DIRECTION ( 'NONE',  ( 0.7071067811865469066, 0.7071067811865482389, 0.000000000000000000 ) ) ;
#3650 = DIRECTION ( 'NONE',  ( 0.000000000000000000, -1.000000000000000000, 0.000000000000000000 ) ) ;
#3651 = EDGE_LOOP ( 'NONE', ( #2283, #738, #2687, #2604 ) ) ;
#3652 = LINE ( 'NONE', #4101, #4722 ) ;
#3653 = VERTEX_POINT ( 'NONE', #1174 ) ;
#3654 = EDGE_CURVE ( 'NONE', #3509, #2718, #4093, .T. ) ;
#3655 = DIRECTION ( 'NONE',  ( 0.2588190451025187411, -0.9659258262890688673, 0.000000000000000000 ) ) ;
#3656 = CARTESIAN_POINT ( 'NONE',  ( 4.799999999999999822, 1.709999999999999742, -3.499999999999919176 ) ) ;
#3657 = CARTESIAN_POINT ( 'NONE',  ( 1.949999999999998623, 2.199999999999999734, 1.500000000000000000 ) ) ;
#3658 = ORIENTED_EDGE ( 'NONE', *, *, #1161, .F. ) ;
#3659 = DIRECTION ( 'NONE',  ( 0.000000000000000000, 0.000000000000000000, -1.000000000000000000 ) ) ;
#3660 = CIRCLE ( 'NONE', #5273, 0.06499999999999994671 ) ;
#3661 = EDGE_LOOP ( 'NONE', ( #3399, #1896, #3525, #5472 ) ) ;
#3662 = CIRCLE ( 'NONE', #1244, 0.06499999999999994671 ) ;
#3663 = DIRECTION ( 'NONE',  ( -1.000000000000000000, -0.000000000000000000, -0.000000000000000000 ) ) ;
#3664 = ORIENTED_EDGE ( 'NONE', *, *, #3207, .T. ) ;
#3665 = DIRECTION ( 'NONE',  ( 0.000000000000000000, -9.856383386231856362E-17, -1.000000000000000000 ) ) ;
#3666 = CARTESIAN_POINT ( 'NONE',  ( 1.949999999999998623, 0.2999999999999999334, 2.849999999999999201 ) ) ;
#3667 = EDGE_CURVE ( 'NONE', #1383, #2647, #3303, .T. ) ;
#3668 = EDGE_LOOP ( 'NONE', ( #106, #2599, #4813, #663 ) ) ;
#3669 = CARTESIAN_POINT ( 'NONE',  ( -3.250000000000001332, 3.124999999999999112, -1.699999999999999956 ) ) ;
#3670 = CARTESIAN_POINT ( 'NONE',  ( -1.150000000000001688, 0.000000000000000000, -1.933012701892218521 ) ) ;
#3671 = PLANE ( 'NONE',  #1773 ) ;
#3672 = CARTESIAN_POINT ( 'NONE',  ( 4.734999999999999432, 1.774999999999999689, 3.499999999999919176 ) ) ;
#3673 = DIRECTION ( 'NONE',  ( 0.000000000000000000, -1.000000000000000000, 2.220446049250313574E-16 ) ) ;
#3674 = LINE ( 'NONE', #3313, #2155 ) ;
#3675 = ORIENTED_EDGE ( 'NONE', *, *, #3064, .F. ) ;
#3676 = ORIENTED_EDGE ( 'NONE', *, *, #4033, .F. ) ;
#3677 = DIRECTION ( 'NONE',  ( 0.000000000000000000, 0.000000000000000000, -1.000000000000000000 ) ) ;
#3678 = VERTEX_POINT ( 'NONE', #3694 ) ;
#3679 = DIRECTION ( 'NONE',  ( 0.000000000000000000, 0.000000000000000000, 1.000000000000000000 ) ) ;
#3680 = CARTESIAN_POINT ( 'NONE',  ( 6.162975822039170467E-34, 1.200000000000001066, 3.399999999999998579 ) ) ;
#3681 = CARTESIAN_POINT ( 'NONE',  ( -5.322809850489373495, 1.906323684280116559, 3.036374354077101323 ) ) ;
#3682 = CARTESIAN_POINT ( 'NONE',  ( -3.999999999999999112, 2.099999999999999645, 3.399999999999999467 ) ) ;
#3683 = VECTOR ( 'NONE', #2536, 1000.000000000000000 ) ;
#3684 = VECTOR ( 'NONE', #2933, 1000.000000000000000 ) ;
#3685 = DIRECTION ( 'NONE',  ( 0.000000000000000000, 0.000000000000000000, -1.000000000000000000 ) ) ;
#3686 = CARTESIAN_POINT ( 'NONE',  ( -5.150000000000001243, 7.227892038730409054E-16, 3.399999999999998579 ) ) ;
#3687 = CIRCLE ( 'NONE', #4227, 0.02000000000000005246 ) ;
#3688 = ORIENTED_EDGE ( 'NONE', *, *, #4528, .F. ) ;
#3689 = DIRECTION ( 'NONE',  ( -1.000000000000000000, 0.000000000000000000, 0.000000000000000000 ) ) ;
#3690 = ORIENTED_EDGE ( 'NONE', *, *, #452, .T. ) ;
#3691 = DIRECTION ( 'NONE',  ( 1.000000000000000000, 0.000000000000000000, 0.000000000000000000 ) ) ;
#3692 = DIRECTION ( 'NONE',  ( 0.000000000000000000, -0.000000000000000000, -1.000000000000000000 ) ) ;
#3693 = VERTEX_POINT ( 'NONE', #4925 ) ;
#3694 = CARTESIAN_POINT ( 'NONE',  ( 4.334999999999998188, 0.5749999999999998446, -2.999999999999613198 ) ) ;
#3695 = CARTESIAN_POINT ( 'NONE',  ( -1.150000000000001688, 1.699999999999999289, 1.999999999999999556 ) ) ;
#3696 = LINE ( 'NONE', #2889, #4900 ) ;
#3697 = FACE_OUTER_BOUND ( 'NONE', #3510, .T. ) ;
#3698 = DIRECTION ( 'NONE',  ( 0.000000000000000000, 1.000000000000000000, 0.000000000000000000 ) ) ;
#3699 = AXIS2_PLACEMENT_3D ( 'NONE', #2716, #4428, #3610 ) ;
#3700 = DIRECTION ( 'NONE',  ( 0.000000000000000000, 1.000000000000000000, 0.000000000000000000 ) ) ;
#3701 = EDGE_LOOP ( 'NONE', ( #4850, #3791, #1337, #1789 ) ) ;
#3702 = VECTOR ( 'NONE', #744, 1000.000000000000000 ) ;
#3703 = ORIENTED_EDGE ( 'NONE', *, *, #3447, .T. ) ;
#3704 = VECTOR ( 'NONE', #378, 1000.000000000000000 ) ;
#3705 = LINE ( 'NONE', #5426, #156 ) ;
#3706 = PRESENTATION_STYLE_ASSIGNMENT (( #164 ) ) ;
#3707 = VECTOR ( 'NONE', #4905, 1000.000000000000114 ) ;
#3708 = PLANE ( 'NONE',  #1914 ) ;
#3709 = VECTOR ( 'NONE', #4847, 1000.000000000000000 ) ;
#3710 = DIRECTION ( 'NONE',  ( 1.020425574104013071E-15, -2.220446049250314560E-16, -1.000000000000000000 ) ) ;
#3711 = ORIENTED_EDGE ( 'NONE', *, *, #2991, .T. ) ;
#3712 = CARTESIAN_POINT ( 'NONE',  ( -3.600000000000000977, 0.04999999999999917011, -3.749999999999998668 ) ) ;
#3713 = ORIENTED_EDGE ( 'NONE', *, *, #2901, .F. ) ;
#3714 = EDGE_CURVE ( 'NONE', #824, #3038, #747, .T. ) ;
#3715 = DIRECTION ( 'NONE',  ( 0.4999999999999973910, -0.8660254037844402619, 1.922962686383568007E-16 ) ) ;
#3716 = VERTEX_POINT ( 'NONE', #2044 ) ;
#3717 = EDGE_CURVE ( 'NONE', #3200, #1345, #2414, .T. ) ;
#3718 = CARTESIAN_POINT ( 'NONE',  ( -5.230000000000002203, 0.7200000000000000844, 3.399999999999998579 ) ) ;
#3719 = VERTEX_POINT ( 'NONE', #5415 ) ;
#3720 = EDGE_CURVE ( 'NONE', #982, #1014, #2473, .T. ) ;
#3721 = CARTESIAN_POINT ( 'NONE',  ( 3.450000000281261414, 0.04999999999999917011, -3.749999999999998668 ) ) ;
#3722 = DIRECTION ( 'NONE',  ( 1.000000000000000000, 0.000000000000000000, 0.000000000000000000 ) ) ;
#3723 = CARTESIAN_POINT ( 'NONE',  ( -5.150000000000002132, 0.1000000000000007133, 3.200000000547038148 ) ) ;
#3724 = FACE_OUTER_BOUND ( 'NONE', #114, .T. ) ;
#3725 = LINE ( 'NONE', #3224, #1023 ) ;
#3726 = CARTESIAN_POINT ( 'NONE',  ( -2.050000000000001155, 2.899999999999999911, 3.399999999999999023 ) ) ;
#3727 = ORIENTED_EDGE ( 'NONE', *, *, #389, .T. ) ;
#3728 = ORIENTED_EDGE ( 'NONE', *, *, #4169, .T. ) ;
#3729 = ORIENTED_EDGE ( 'NONE', *, *, #2583, .F. ) ;
#3730 = DIRECTION ( 'NONE',  ( 1.000000000000000000, 8.673617380697141031E-16, 0.000000000000000000 ) ) ;
#3731 = CARTESIAN_POINT ( 'NONE',  ( 4.399999999999999467, 0.6400000000000003464, -2.999999999999613198 ) ) ;
#3732 = AXIS2_PLACEMENT_3D ( 'NONE', #4623, #2941, #1202 ) ;
#3733 = CLOSED_SHELL ( 'NONE', ( #4057, #2500, #1218, #2074, #76, #1457, #2656, #1049, #3039, #1450, #1902, #4956, #372, #4951, #4476, #586, #2083, #3793, #1930, #3306 ) ) ;
#3734 = DIRECTION ( 'NONE',  ( -0.000000000000000000, -0.000000000000000000, -1.000000000000000000 ) ) ;
#3735 = DIRECTION ( 'NONE',  ( -0.8660254037844401509, 1.110223024625150870E-16, 0.4999999999999973355 ) ) ;
#3736 = VECTOR ( 'NONE', #4611, 1000.000000000000000 ) ;
#3737 = CARTESIAN_POINT ( 'NONE',  ( 2.049999999999998490, 2.199999999999999289, -1.499999999999999556 ) ) ;
#3738 = CARTESIAN_POINT ( 'NONE',  ( -3.999999999999999112, 2.899999999999999023, -3.400000000000001688 ) ) ;
#3739 = EDGE_CURVE ( 'NONE', #140, #1764, #3220, .T. ) ;
#3740 = STYLED_ITEM ( 'NONE', ( #5024 ), #2902 ) ;
#3741 = ORIENTED_EDGE ( 'NONE', *, *, #2169, .F. ) ;
#3742 = ORIENTED_EDGE ( 'NONE', *, *, #1899, .T. ) ;
#3743 = ADVANCED_FACE ( 'NONE', ( #1146 ), #3755, .F. ) ;
#3744 = CARTESIAN_POINT ( 'NONE',  ( 3.450000000281259194, 0.6999999999999986233, -3.000000000000004885 ) ) ;
#3745 = ORIENTED_EDGE ( 'NONE', *, *, #907, .T. ) ;
#3746 = AXIS2_PLACEMENT_3D ( 'NONE', #2347, #3659, #4138 ) ;
#3747 = VERTEX_POINT ( 'NONE', #1064 ) ;
#3748 = EDGE_CURVE ( 'NONE', #5350, #1360, #1614, .T. ) ;
#3749 = EDGE_CURVE ( 'NONE', #1694, #2509, #3278, .T. ) ;
#3750 = VERTEX_POINT ( 'NONE', #2357 ) ;
#3751 = AXIS2_PLACEMENT_3D ( 'NONE', #3970, #3548, #1417 ) ;
#3752 = EDGE_CURVE ( 'NONE', #3549, #5270, #2834, .T. ) ;
#3753 = ORIENTED_EDGE ( 'NONE', *, *, #2621, .T. ) ;
#3754 = AXIS2_PLACEMENT_3D ( 'NONE', #4659, #69, #3022 ) ;
#3755 = PLANE ( 'NONE',  #5179 ) ;
#3756 = CARTESIAN_POINT ( 'NONE',  ( -5.250000000000001776, 0.4000000000000000777, -3.200000000547038148 ) ) ;
#3757 = FACE_OUTER_BOUND ( 'NONE', #1183, .T. ) ;
#3758 = CARTESIAN_POINT ( 'NONE',  ( -5.210000000000001741, 0.7400000000000001021, 3.399999999999998579 ) ) ;
#3759 = PLANE ( 'NONE',  #3884 ) ;
#3760 = DIRECTION ( 'NONE',  ( 0.000000000000000000, -2.220446049250313081E-16, -1.000000000000000000 ) ) ;
#3761 = VERTEX_POINT ( 'NONE', #206 ) ;
#3762 = VERTEX_POINT ( 'NONE', #4567 ) ;
#3763 = ORIENTED_EDGE ( 'NONE', *, *, #5541, .T. ) ;
#3764 = DIRECTION ( 'NONE',  ( -0.000000000000000000, -0.000000000000000000, -1.000000000000000000 ) ) ;
#3765 = FACE_OUTER_BOUND ( 'NONE', #3044, .T. ) ;
#3766 = DIRECTION ( 'NONE',  ( -0.000000000000000000, -0.000000000000000000, -1.000000000000000000 ) ) ;
#3767 = LINE ( 'NONE', #4553, #5204 ) ;
#3768 = DIRECTION ( 'NONE',  ( 0.000000000000000000, 0.000000000000000000, 1.000000000000000000 ) ) ;
#3769 = DIRECTION ( 'NONE',  ( 0.000000000000000000, 1.000000000000000000, 0.000000000000000000 ) ) ;
#3770 = VECTOR ( 'NONE', #2131, 1000.000000000000000 ) ;
#3771 = LINE ( 'NONE', #850, #4649 ) ;
#3772 = ORIENTED_EDGE ( 'NONE', *, *, #5147, .F. ) ;
#3773 = COLOUR_RGB ( '',1.000000000000000000, 1.000000000000000000, 0.7529411764705882248 ) ;
#3774 = CARTESIAN_POINT ( 'NONE',  ( -5.210000000000001741, 0.5600000000000000533, 3.200000000547038148 ) ) ;
#3775 = EDGE_LOOP ( 'NONE', ( #3864, #1584, #4836, #2096, #1056, #2595, #2580 ) ) ;
#3776 = FACE_OUTER_BOUND ( 'NONE', #2126, .T. ) ;
#3777 = LINE ( 'NONE', #3695, #1136 ) ;
#3778 = LINE ( 'NONE', #2503, #5356 ) ;
#3779 = PLANE ( 'NONE',  #108 ) ;
#3780 = LINE ( 'NONE', #1646, #5416 ) ;
#3781 = PLANE ( 'NONE',  #811 ) ;
#3782 = ORIENTED_EDGE ( 'NONE', *, *, #1580, .F. ) ;
#3783 = ORIENTED_EDGE ( 'NONE', *, *, #3092, .T. ) ;
#3784 = DIRECTION ( 'NONE',  ( 0.5000000000000015543, -0.8660254037844378194, 0.000000000000000000 ) ) ;
#3785 = DIRECTION ( 'NONE',  ( -1.000000000000000000, 0.000000000000000000, 0.000000000000000000 ) ) ;
#3786 = EDGE_CURVE ( 'NONE', #223, #1689, #1931, .T. ) ;
#3787 = DIRECTION ( 'NONE',  ( -1.000000000000000000, 0.000000000000000000, 0.000000000000000000 ) ) ;
#3788 = EDGE_CURVE ( 'NONE', #4889, #248, #3251, .T. ) ;
#3789 = CARTESIAN_POINT ( 'NONE',  ( -5.250000000000000888, 1.199999999999999734, -3.200000000547038148 ) ) ;
#3790 = ORIENTED_EDGE ( 'NONE', *, *, #2851, .F. ) ;
#3791 = ORIENTED_EDGE ( 'NONE', *, *, #485, .F. ) ;
#3792 = AXIS2_PLACEMENT_3D ( 'NONE', #1132, #4581, #1627 ) ;
#3793 = ADVANCED_FACE ( 'NONE', ( #4507 ), #668, .F. ) ;
#3794 = FACE_OUTER_BOUND ( 'NONE', #4744, .T. ) ;
#3795 = AXIS2_PLACEMENT_3D ( 'NONE', #4626, #777, #460 ) ;
#3796 = DIRECTION ( 'NONE',  ( 0.8436100229619533097, 0.2260446243794503041, 0.4870584738481467113 ) ) ;
#3797 = AXIS2_PLACEMENT_3D ( 'NONE', #4509, #2299, #1424 ) ;
#3798 = DIRECTION ( 'NONE',  ( 0.000000000000000000, -2.220147486588071276E-16, -1.000000000000000000 ) ) ;
#3799 = EDGE_LOOP ( 'NONE', ( #4829, #3174, #3150, #3823 ) ) ;
#3800 = CARTESIAN_POINT ( 'NONE',  ( -4.250000000000000888, 3.124999999999999112, -2.277350269189626797 ) ) ;
#3801 = ORIENTED_EDGE ( 'NONE', *, *, #4033, .T. ) ;
#3802 = CYLINDRICAL_SURFACE ( 'NONE', #965, 0.02000000000000005246 ) ;
#3803 = CARTESIAN_POINT ( 'NONE',  ( -5.210000000000001741, 0.9000000000000001332, 3.200000000547038148 ) ) ;
#3804 = CARTESIAN_POINT ( 'NONE',  ( 3.450000000281260526, 0.04999999999999935746, -2.900000000000005684 ) ) ;
#3805 = DIRECTION ( 'NONE',  ( 0.000000000000000000, 0.000000000000000000, -1.000000000000000000 ) ) ;
#3806 = AXIS2_PLACEMENT_3D ( 'NONE', #5016, #5043, #1175 ) ;
#3808 = EDGE_LOOP ( 'NONE', ( #1154, #4924, #937, #3994 ) ) ;
#3807 = EDGE_CURVE ( 'NONE', #1297, #5066, #1536, .T. ) ;
#3809 = EDGE_CURVE ( 'NONE', #3467, #522, #1592, .T. ) ;
#3810 = ORIENTED_EDGE ( 'NONE', *, *, #3025, .T. ) ;
#3811 = APPLICATION_PROTOCOL_DEFINITION ( 'draft international standard', 'automotive_design', 1998, #3569 ) ;
#3812 = EDGE_LOOP ( 'NONE', ( #5395, #1968, #1837, #4143 ) ) ;
#3813 = EDGE_CURVE ( 'NONE', #689, #1572, #1277, .T. ) ;
#3814 = CARTESIAN_POINT ( 'NONE',  ( -0.8999999999999984679, 1.699999999999999289, -1.999999999999999556 ) ) ;
#3815 = FACE_OUTER_BOUND ( 'NONE', #3799, .T. ) ;
#3816 = PRODUCT_DEFINITION ( 'UNKNOWN', '', #145, #195 ) ;
#3817 = CARTESIAN_POINT ( 'NONE',  ( 3.450000000281258750, 0.05000000000000077993, 3.499999999999904077 ) ) ;
#3818 = EDGE_CURVE ( 'NONE', #2842, #4838, #2501, .T. ) ;
#3819 = ORIENTED_EDGE ( 'NONE', *, *, #4742, .F. ) ;
#3820 = ORIENTED_EDGE ( 'NONE', *, *, #3036, .T. ) ;
#3821 = DIRECTION ( 'NONE',  ( 1.000000000000000000, 0.000000000000000000, -0.000000000000000000 ) ) ;
#3822 = CARTESIAN_POINT ( 'NONE',  ( 2.299999999999998934, 0.05000000000000083544, 3.750000000000000444 ) ) ;
#3823 = ORIENTED_EDGE ( 'NONE', *, *, #5058, .T. ) ;
#3824 = CARTESIAN_POINT ( 'NONE',  ( -4.600000000000001421, 2.099999999999999645, 3.750000000000001332 ) ) ;
#3825 = AXIS2_PLACEMENT_3D ( 'NONE', #4856, #3202, #2789 ) ;
#3826 = ORIENTED_EDGE ( 'NONE', *, *, #288, .T. ) ;
#3827 = VECTOR ( 'NONE', #4934, 1000.000000000000000 ) ;
#3828 = CARTESIAN_POINT ( 'NONE',  ( 4.799999999999999822, 1.709999999999999742, 3.499999999999919176 ) ) ;
#3829 = EDGE_CURVE ( 'NONE', #5288, #2079, #3660, .T. ) ;
#3830 = ORIENTED_EDGE ( 'NONE', *, *, #2760, .T. ) ;
#3831 = AXIS2_PLACEMENT_3D ( 'NONE', #2431, #684, #4524 ) ;
#3832 = LINE ( 'NONE', #1223, #4374 ) ;
#3833 = CARTESIAN_POINT ( 'NONE',  ( -5.250000000000001776, 0.4000000000000000777, 3.399999999999998579 ) ) ;
#3834 = DIRECTION ( 'NONE',  ( -0.000000000000000000, -0.000000000000000000, 1.000000000000000000 ) ) ;
#3835 = VECTOR ( 'NONE', #603, 1000.000000000000000 ) ;
#3836 = ADVANCED_FACE ( 'NONE', ( #2098 ), #3802, .F. ) ;
#3837 = DIRECTION ( 'NONE',  ( 0.000000000000000000, 0.000000000000000000, 1.000000000000000000 ) ) ;
#3838 = AXIS2_PLACEMENT_3D ( 'NONE', #3033, #5221, #42 ) ;
#3839 = VERTEX_POINT ( 'NONE', #5571 ) ;
#3840 = AXIS2_PLACEMENT_3D ( 'NONE', #4142, #284, #1583 ) ;
#3841 = DIRECTION ( 'NONE',  ( -1.000000000000000000, 0.000000000000000000, 0.000000000000000000 ) ) ;
#3842 = CARTESIAN_POINT ( 'NONE',  ( 2.899999999999998135, 0.000000000000000000, -3.499999999999999556 ) ) ;
#3843 = CARTESIAN_POINT ( 'NONE',  ( 4.878909777042438462E-15, 2.849999999999998312, -3.000000000000011102 ) ) ;
#3844 = DIRECTION ( 'NONE',  ( 1.000000000000000000, 0.000000000000000000, 0.000000000000000000 ) ) ;
#3845 = DIRECTION ( 'NONE',  ( 0.000000000000000000, 0.000000000000000000, -1.000000000000000000 ) ) ;
#3846 = ORIENTED_EDGE ( 'NONE', *, *, #2591, .F. ) ;
#3847 = ORIENTED_EDGE ( 'NONE', *, *, #3853, .F. ) ;
#3848 = CARTESIAN_POINT ( 'NONE',  ( -1.150000000000001688, 1.699999999999999289, -1.999999999999999556 ) ) ;
#3849 = LINE ( 'NONE', #2138, #444 ) ;
#3850 = DIRECTION ( 'NONE',  ( 0.000000000000000000, 1.000000000000000000, 0.000000000000000000 ) ) ;
#3851 = EDGE_LOOP ( 'NONE', ( #4066, #5473, #4499, #5198 ) ) ;
#3852 = DIRECTION ( 'NONE',  ( -0.000000000000000000, -0.000000000000000000, 1.000000000000000000 ) ) ;
#3853 = EDGE_CURVE ( 'NONE', #4825, #4145, #1668, .T. ) ;
#3854 = ORIENTED_EDGE ( 'NONE', *, *, #1754, .F. ) ;
#3855 = VECTOR ( 'NONE', #920, 1000.000000000000000 ) ;
#3856 = VECTOR ( 'NONE', #4251, 1000.000000000000000 ) ;
#3857 = LINE ( 'NONE', #1721, #3477 ) ;
#3858 = EDGE_CURVE ( 'NONE', #1293, #4000, #428, .T. ) ;
#3859 = CARTESIAN_POINT ( 'NONE',  ( -5.190000000000002167, 0.8799999999999997824, 3.399999999999998579 ) ) ;
#3860 = EDGE_CURVE ( 'NONE', #2197, #2785, #1302, .T. ) ;
#3861 = DIRECTION ( 'NONE',  ( 0.000000000000000000, 0.000000000000000000, -1.000000000000000000 ) ) ;
#3862 = CARTESIAN_POINT ( 'NONE',  ( -1.150000000000001688, 1.199999999999998845, 1.999999999999999556 ) ) ;
#3863 = ORIENTED_EDGE ( 'NONE', *, *, #4358, .F. ) ;
#3864 = ORIENTED_EDGE ( 'NONE', *, *, #2625, .T. ) ;
#3865 = CARTESIAN_POINT ( 'NONE',  ( 1.949999999999998623, 3.199999999999999734, -0.8000000000000014877 ) ) ;
#3866 = CARTESIAN_POINT ( 'NONE',  ( 3.450000000281259194, 0.6999999999999986233, -2.900000000000004796 ) ) ;
#3867 = DIRECTION ( 'NONE',  ( 0.9659258262890699775, 0.2588190451025143557, -0.000000000000000000 ) ) ;
#3868 = CARTESIAN_POINT ( 'NONE',  ( -3.750000000140619072, 1.200000000000001288, -3.399999999999998579 ) ) ;
#3869 = ORIENTED_EDGE ( 'NONE', *, *, #3160, .T. ) ;
#3870 = VERTEX_POINT ( 'NONE', #1251 ) ;
#3871 = PRODUCT ( 'SM02B-BHSS-1-TB(LF)(SN)', 'SM02B-BHSS-1-TB(LF)(SN)', '', ( #1257 ) ) ;
#3872 = PLANE ( 'NONE',  #3210 ) ;
#3873 = ORIENTED_EDGE ( 'NONE', *, *, #1747, .F. ) ;
#3874 = ORIENTED_EDGE ( 'NONE', *, *, #1150, .T. ) ;
#3875 = VECTOR ( 'NONE', #4848, 1000.000000000000000 ) ;
#3876 = VERTEX_POINT ( 'NONE', #5545 ) ;
#3877 = AXIS2_PLACEMENT_3D ( 'NONE', #431, #379, #5099 ) ;
#3878 = CARTESIAN_POINT ( 'NONE',  ( -1.150000000000001688, 1.633012701892218255, 0.000000000000000000 ) ) ;
#3879 = ORIENTED_EDGE ( 'NONE', *, *, #4528, .T. ) ;
#3880 = CARTESIAN_POINT ( 'NONE',  ( -2.050000000000001155, 2.899999999999999023, -2.850000000000001421 ) ) ;
#3881 = CIRCLE ( 'NONE', #4161, 0.06499999999999994671 ) ;
#3882 = ORIENTED_EDGE ( 'NONE', *, *, #5477, .F. ) ;
#3883 = EDGE_CURVE ( 'NONE', #5544, #5317, #853, .T. ) ;
#3884 = AXIS2_PLACEMENT_3D ( 'NONE', #272, #5443, #1991 ) ;
#3885 = CARTESIAN_POINT ( 'NONE',  ( -4.759252271188818106, 0.3499999999999999223, -3.400000000000000355 ) ) ;
#3886 = VECTOR ( 'NONE', #1514, 1000.000000000000000 ) ;
#3887 = EDGE_LOOP ( 'NONE', ( #4214, #3565, #5283, #5227 ) ) ;
#3888 = EDGE_CURVE ( 'NONE', #2015, #1490, #1695, .T. ) ;
#3889 = DIRECTION ( 'NONE',  ( -1.000000000000000000, 0.000000000000000000, 0.000000000000000000 ) ) ;
#3890 = CARTESIAN_POINT ( 'NONE',  ( 3.550000000281260171, 0.5749999999999998446, -3.499999999999919176 ) ) ;
#3891 = LINE ( 'NONE', #3100, #833 ) ;
#3892 = DIRECTION ( 'NONE',  ( 0.000000000000000000, -0.000000000000000000, 1.000000000000000000 ) ) ;
#3893 = VERTEX_POINT ( 'NONE', #5149 ) ;
#3894 = ADVANCED_FACE ( 'NONE', ( #2963 ), #4673, .F. ) ;
#3895 = CARTESIAN_POINT ( 'NONE',  ( -3.750000000140618184, 1.199999999999999734, -3.400000000000000355 ) ) ;
#3896 = CARTESIAN_POINT ( 'NONE',  ( -5.250000000000001776, 0.4000000000000000777, -3.399999999999998579 ) ) ;
#3897 = CARTESIAN_POINT ( 'NONE',  ( 4.334999999999999076, 1.309999999999999831, 3.499999999999919176 ) ) ;
#3898 = CARTESIAN_POINT ( 'NONE',  ( -3.750000000140618184, 0.04999999999999969746, -3.200000000547037704 ) ) ;
#3899 = CARTESIAN_POINT ( 'NONE',  ( 4.949999999999999289, 0.5599999999999993872, -2.999999999999613198 ) ) ;
#3900 = ORIENTED_EDGE ( 'NONE', *, *, #547, .T. ) ;
#3901 = ORIENTED_EDGE ( 'NONE', *, *, #4233, .F. ) ;
#3902 = ADVANCED_FACE ( 'NONE', ( #4205 ), #2070, .T. ) ;
#3903 = DIRECTION ( 'NONE',  ( -0.000000000000000000, -0.000000000000000000, 1.000000000000000000 ) ) ;
#3904 = CARTESIAN_POINT ( 'NONE',  ( 1.949999999999998623, 0.6999999999999994005, 1.499999999999999778 ) ) ;
#3905 = ORIENTED_EDGE ( 'NONE', *, *, #3364, .T. ) ;
#3906 = ORIENTED_EDGE ( 'NONE', *, *, #1343, .F. ) ;
#3907 = PLANE ( 'NONE',  #2317 ) ;
#3908 = DIRECTION ( 'NONE',  ( 1.000000000000000000, 0.000000000000000000, -0.000000000000000000 ) ) ;
#3909 = VERTEX_POINT ( 'NONE', #4259 ) ;
#3910 = CARTESIAN_POINT ( 'NONE',  ( -2.050000000000001155, 2.899999999999999911, 2.849999999999998757 ) ) ;
#3911 = ORIENTED_EDGE ( 'NONE', *, *, #4883, .F. ) ;
#3912 = ORIENTED_EDGE ( 'NONE', *, *, #5402, .F. ) ;
#3913 = LINE ( 'NONE', #3462, #4469 ) ;
#3914 = CARTESIAN_POINT ( 'NONE',  ( 3.450000000281258750, 0.6999999999999998446, 3.000000000000007550 ) ) ;
#3915 = EDGE_CURVE ( 'NONE', #5049, #1127, #2525, .T. ) ;
#3916 = CARTESIAN_POINT ( 'NONE',  ( -3.750000000140619072, 1.200000000000001066, 3.399999999999998579 ) ) ;
#3917 = ADVANCED_FACE ( 'NONE', ( #3776 ), #2917, .F. ) ;
#3918 = CARTESIAN_POINT ( 'NONE',  ( -5.250000000000001776, 0.4000000000000000777, 3.200000000547038148 ) ) ;
#3919 = VECTOR ( 'NONE', #3487, 1000.000000000000000 ) ;
#3920 = VECTOR ( 'NONE', #4313, 1000.000000000000000 ) ;
#3921 = ORIENTED_EDGE ( 'NONE', *, *, #2389, .F. ) ;
#3922 = LINE ( 'NONE', #3498, #341 ) ;
#3923 = DIRECTION ( 'NONE',  ( -1.000000000000000000, -0.000000000000000000, -0.000000000000000000 ) ) ;
#3924 = AXIS2_PLACEMENT_3D ( 'NONE', #5284, #3231, #5314 ) ;
#3925 = CARTESIAN_POINT ( 'NONE',  ( -4.999999999999999112, 0.2999999999999999334, 2.849999999999999201 ) ) ;
#3926 = CARTESIAN_POINT ( 'NONE',  ( -3.750000000140619072, 0.05000000000000083544, 3.749999999999995115 ) ) ;
#3927 = AXIS2_PLACEMENT_3D ( 'NONE', #1086, #4587, #227 ) ;
#3928 = ORIENTED_EDGE ( 'NONE', *, *, #2000, .T. ) ;
#3929 = EDGE_LOOP ( 'NONE', ( #5292, #5197, #4362, #2441, #3361, #1790, #5497 ) ) ;
#3930 = VECTOR ( 'NONE', #4486, 1000.000000000000000 ) ;
#3931 = CARTESIAN_POINT ( 'NONE',  ( 0.000000000000000000, 0.000000000000000000, 3.750000000000000000 ) ) ;
#3932 = ORIENTED_EDGE ( 'NONE', *, *, #3316, .T. ) ;
#3933 = ORIENTED_EDGE ( 'NONE', *, *, #2351, .F. ) ;
#3934 = DIRECTION ( 'NONE',  ( 0.9659258262890699775, 0.2588190451025143557, 0.000000000000000000 ) ) ;
#3935 = ORIENTED_EDGE ( 'NONE', *, *, #4206, .F. ) ;
#3936 = PLANE ( 'NONE',  #2528 ) ;
#3937 = EDGE_LOOP ( 'NONE', ( #1379, #2388, #3589, #3741 ) ) ;
#3938 = ORIENTED_EDGE ( 'NONE', *, *, #562, .T. ) ;
#3939 = LINE ( 'NONE', #4867, #5089 ) ;
#3940 = EDGE_LOOP ( 'NONE', ( #190, #4784, #5365, #900 ) ) ;
#3941 = DIRECTION ( 'NONE',  ( -1.000000000000000000, -8.673617380697141031E-16, -0.000000000000000000 ) ) ;
#3942 = DIRECTION ( 'NONE',  ( 0.000000000000000000, -0.000000000000000000, 1.000000000000000000 ) ) ;
#3943 = EDGE_CURVE ( 'NONE', #3455, #74, #349, .T. ) ;
#3944 = EDGE_CURVE ( 'NONE', #3450, #5317, #3832, .T. ) ;
#3945 = DIRECTION ( 'NONE',  ( -1.000000000000000000, 0.000000000000000000, -5.095750211577901339E-14 ) ) ;
#3946 = VECTOR ( 'NONE', #5340, 1000.000000000000000 ) ;
#3947 = ORIENTED_EDGE ( 'NONE', *, *, #1177, .F. ) ;
#3948 = LINE ( 'NONE', #887, #2114 ) ;
#3949 = PLANE ( 'NONE',  #1327 ) ;
#3950 = VECTOR ( 'NONE', #3397, 1000.000000000000000 ) ;
#3951 = CARTESIAN_POINT ( 'NONE',  ( -2.050000000000001155, 2.899999999999999023, -3.400000000000001688 ) ) ;
#3952 = LINE ( 'NONE', #587, #1201 ) ;
#3953 = DIRECTION ( 'NONE',  ( 0.000000000000000000, 1.000000000000000000, 0.000000000000000000 ) ) ;
#3954 = EDGE_LOOP ( 'NONE', ( #4546, #2195, #2181, #3298 ) ) ;
#3955 = VERTEX_POINT ( 'NONE', #2148 ) ;
#3956 = DIRECTION ( 'NONE',  ( -1.000000000000000000, 0.000000000000000000, 0.000000000000000000 ) ) ;
#3957 = CARTESIAN_POINT ( 'NONE',  ( -1.150000000000001688, 0.000000000000000000, 0.000000000000000000 ) ) ;
#3958 = EDGE_CURVE ( 'NONE', #3177, #4416, #3857, .T. ) ;
#3959 = LINE ( 'NONE', #4022, #2792 ) ;
#3960 = ORIENTED_EDGE ( 'NONE', *, *, #3630, .F. ) ;
#3961 = EDGE_LOOP ( 'NONE', ( #2667, #5237, #4099, #997 ) ) ;
#3962 = EDGE_CURVE ( 'NONE', #4240, #3750, #799, .T. ) ;
#3963 = CARTESIAN_POINT ( 'NONE',  ( -5.150000000000001243, 7.227892038730409054E-16, 3.200000000547038148 ) ) ;
#3964 = VECTOR ( 'NONE', #3766, 1000.000000000000000 ) ;
#3965 = CARTESIAN_POINT ( 'NONE',  ( -5.250000000000000888, -0.05000000000000012768, -2.994337567297406633 ) ) ;
#3966 = EDGE_LOOP ( 'NONE', ( #2797, #3369, #4402, #1021 ) ) ;
#3967 = AXIS2_PLACEMENT_3D ( 'NONE', #4062, #1091, #179 ) ;
#3968 = ORIENTED_EDGE ( 'NONE', *, *, #3720, .T. ) ;
#3969 = AXIS2_PLACEMENT_3D ( 'NONE', #4042, #2723, #1846 ) ;
#3970 = CARTESIAN_POINT ( 'NONE',  ( -3.750000000140619072, 1.200000000000001288, 3.399999999999998579 ) ) ;
#3971 = ORIENTED_EDGE ( 'NONE', *, *, #2002, .T. ) ;
#3972 = FACE_OUTER_BOUND ( 'NONE', #3263, .T. ) ;
#3973 = AXIS2_PLACEMENT_3D ( 'NONE', #2050, #3698, #753 ) ;
#3974 = LINE ( 'NONE', #118, #656 ) ;
#3975 = CARTESIAN_POINT ( 'NONE',  ( -5.250000000000000888, 1.199999999999999734, -3.750000000000000444 ) ) ;
#3976 = EDGE_LOOP ( 'NONE', ( #45, #2554, #1230, #4888 ) ) ;
#3977 = AXIS2_PLACEMENT_3D ( 'NONE', #1932, #1904, #2474 ) ;
#3978 = CARTESIAN_POINT ( 'NONE',  ( 0.000000000000000000, 0.05000000000000000278, -1.110223024625156910E-17 ) ) ;
#3979 = LINE ( 'NONE', #3646, #3480 ) ;
#3980 = CARTESIAN_POINT ( 'NONE',  ( 4.884999999999998899, 0.6249999999999998890, 3.499999999999919176 ) ) ;
#3981 = EDGE_CURVE ( 'NONE', #2712, #3893, #1749, .T. ) ;
#3982 = FACE_OUTER_BOUND ( 'NONE', #3078, .T. ) ;
#3983 = LINE ( 'NONE', #981, #4308 ) ;
#3984 = ORIENTED_EDGE ( 'NONE', *, *, #2877, .T. ) ;
#3985 = ORIENTED_EDGE ( 'NONE', *, *, #2867, .F. ) ;
#3986 = EDGE_CURVE ( 'NONE', #589, #2893, #3913, .T. ) ;
#3987 = ORIENTED_EDGE ( 'NONE', *, *, #3468, .F. ) ;
#3988 = DIRECTION ( 'NONE',  ( -0.000000000000000000, 1.000000000000000000, -2.891205793294678326E-16 ) ) ;
#3989 = DIRECTION ( 'NONE',  ( 0.000000000000000000, -1.000000000000000000, 2.220446049250313574E-16 ) ) ;
#3990 = EDGE_CURVE ( 'NONE', #1822, #1078, #3939, .T. ) ;
#3991 = ADVANCED_FACE ( 'NONE', ( #4424 ), #515, .F. ) ;
#3992 = CARTESIAN_POINT ( 'NONE',  ( -4.600000000000001421, 2.099999999999999645, 3.750000000000000000 ) ) ;
#3993 = EDGE_CURVE ( 'NONE', #3478, #1239, #1332, .T. ) ;
#3994 = ORIENTED_EDGE ( 'NONE', *, *, #310, .T. ) ;
#3995 = VERTEX_POINT ( 'NONE', #2231 ) ;
#3996 = CARTESIAN_POINT ( 'NONE',  ( 6.162975822039170467E-34, 1.199999999999999734, -3.400000000000000355 ) ) ;
#3997 = ORIENTED_EDGE ( 'NONE', *, *, #3040, .F. ) ;
#3998 = DIRECTION ( 'NONE',  ( -1.000000000000000000, 0.000000000000000000, 0.000000000000000000 ) ) ;
#3999 = EDGE_LOOP ( 'NONE', ( #3151, #3045, #1573, #3863 ) ) ;
#4000 = VERTEX_POINT ( 'NONE', #89 ) ;
#4001 = ORIENTED_EDGE ( 'NONE', *, *, #2988, .T. ) ;
#4002 = DIRECTION ( 'NONE',  ( -1.000000000000000000, 0.000000000000000000, 0.000000000000000000 ) ) ;
#4003 = EDGE_LOOP ( 'NONE', ( #1338, #852, #1783, #80 ) ) ;
#4004 = LINE ( 'NONE', #3712, #137 ) ;
#4005 = LINE ( 'NONE', #4088, #2541 ) ;
#4006 = EDGE_CURVE ( 'NONE', #573, #956, #2132, .T. ) ;
#4007 = DIRECTION ( 'NONE',  ( -1.000000000000000000, -2.265799934573239284E-31, -1.020425574104013071E-15 ) ) ;
#4008 = ORIENTED_EDGE ( 'NONE', *, *, #870, .F. ) ;
#4009 = VECTOR ( 'NONE', #2295, 1000.000000000000000 ) ;
#4010 = CARTESIAN_POINT ( 'NONE',  ( 4.949999999999999289, 0.06500000000000109857, 3.499999999999919176 ) ) ;
#4011 = PLANE ( 'NONE',  #2038 ) ;
#4012 = DIRECTION ( 'NONE',  ( 0.000000000000000000, 0.000000000000000000, 1.000000000000000000 ) ) ;
#4013 = DIRECTION ( 'NONE',  ( -6.195440985631462023E-15, -1.000000000000000000, 0.000000000000000000 ) ) ;
#4014 = LINE ( 'NONE', #1037, #4583 ) ;
#4015 = ORIENTED_EDGE ( 'NONE', *, *, #3614, .F. ) ;
#4016 = CARTESIAN_POINT ( 'NONE',  ( 0.000000000000000000, 0.000000000000000000, -1.568190022283032233E-16 ) ) ;
#4017 = ORIENTED_EDGE ( 'NONE', *, *, #5244, .T. ) ;
#4018 = ORIENTED_EDGE ( 'NONE', *, *, #1747, .T. ) ;
#4019 = AXIS2_PLACEMENT_3D ( 'NONE', #169, #1976, #3685 ) ;
#4020 = CARTESIAN_POINT ( 'NONE',  ( -5.230000000000002203, 0.5800000000000000711, -3.399999999999998579 ) ) ;
#4021 = FACE_OUTER_BOUND ( 'NONE', #5486, .T. ) ;
#4022 = CARTESIAN_POINT ( 'NONE',  ( -1.150000000000001688, 0.000000000000000000, -1.933012701892218521 ) ) ;
#4023 = ORIENTED_EDGE ( 'NONE', *, *, #3642, .T. ) ;
#4024 = UNCERTAINTY_MEASURE_WITH_UNIT (LENGTH_MEASURE( 1.000000000000000082E-05 ), #2870, 'distance_accuracy_value', 'NONE');
#4025 = ORIENTED_EDGE ( 'NONE', *, *, #930, .T. ) ;
#4026 = AXIS2_PLACEMENT_3D ( 'NONE', #1295, #2164, #1348 ) ;
#4027 = CARTESIAN_POINT ( 'NONE',  ( -5.210000000000001741, 0.9000000000000001332, 3.399999999999998579 ) ) ;
#4028 = ADVANCED_FACE ( 'NONE', ( #1777 ), #115, .T. ) ;
#4029 = VERTEX_POINT ( 'NONE', #4340 ) ;
#4030 = DIRECTION ( 'NONE',  ( 0.000000000000000000, 0.000000000000000000, 1.000000000000000000 ) ) ;
#4031 = ORIENTED_EDGE ( 'NONE', *, *, #3858, .F. ) ;
#4032 = ADVANCED_FACE ( 'NONE', ( #2203 ), #2262, .F. ) ;
#4033 = EDGE_CURVE ( 'NONE', #1833, #2278, #249, .T. ) ;
#4034 = CARTESIAN_POINT ( 'NONE',  ( -4.999999999999999112, 0.2999999999999990452, -2.850000000000000089 ) ) ;
#4035 = EDGE_CURVE ( 'NONE', #1748, #2570, #2713, .T. ) ;
#4036 = DIRECTION ( 'NONE',  ( 0.000000000000000000, 0.000000000000000000, 1.000000000000000000 ) ) ;
#4037 = VERTEX_POINT ( 'NONE', #5264 ) ;
#4038 = EDGE_CURVE ( 'NONE', #303, #2103, #5205, .T. ) ;
#4039 = EDGE_CURVE ( 'NONE', #5556, #3893, #3096, .T. ) ;
#4040 = CARTESIAN_POINT ( 'NONE',  ( -0.8999999999999984679, 1.699999999999999289, -1.499999999999999334 ) ) ;
#4041 = CARTESIAN_POINT ( 'NONE',  ( 2.299999999999998934, 0.05000000000000064809, 2.900000000000007461 ) ) ;
#4042 = CARTESIAN_POINT ( 'NONE',  ( -1.150000000000001688, 1.199999999999998845, 1.999999999999999556 ) ) ;
#4043 = VECTOR ( 'NONE', #841, 1000.000000000000000 ) ;
#4044 = LINE ( 'NONE', #1010, #2182 ) ;
#4045 = CARTESIAN_POINT ( 'NONE',  ( -4.250000000000000888, 2.099999999999999645, 3.750000000000001332 ) ) ;
#4046 = ORIENTED_EDGE ( 'NONE', *, *, #5522, .F. ) ;
#4047 = ORIENTED_EDGE ( 'NONE', *, *, #596, .T. ) ;
#4048 = STYLED_ITEM ( 'NONE', ( #2001 ), #2935 ) ;
#4049 = LINE ( 'NONE', #4105, #877 ) ;
#4050 = CARTESIAN_POINT ( 'NONE',  ( -4.999999999999999112, 0.2999999999999999334, 2.849999999999999201 ) ) ;
#4051 = FACE_OUTER_BOUND ( 'NONE', #3273, .T. ) ;
#4052 = ORIENTED_EDGE ( 'NONE', *, *, #4317, .T. ) ;
#4053 = ORIENTED_EDGE ( 'NONE', *, *, #3788, .T. ) ;
#4054 = CARTESIAN_POINT ( 'NONE',  ( -1.150000000000001688, 1.199999999999998845, -1.499999999999999334 ) ) ;
#4055 = EDGE_CURVE ( 'NONE', #1878, #3008, #968, .T. ) ;
#4056 = ORIENTED_EDGE ( 'NONE', *, *, #4252, .T. ) ;
#4057 = ADVANCED_FACE ( 'NONE', ( #4778 ), #3155, .F. ) ;
#4058 = FACE_OUTER_BOUND ( 'NONE', #3362, .T. ) ;
#4059 = EDGE_LOOP ( 'NONE', ( #3573, #446, #1736, #3260 ) ) ;
#4060 = EDGE_CURVE ( 'NONE', #1898, #3284, #4837, .T. ) ;
#4061 = CARTESIAN_POINT ( 'NONE',  ( -5.250000000000000888, 2.099999999999999645, -3.750000000000000444 ) ) ;
#4062 = CARTESIAN_POINT ( 'NONE',  ( 3.450000000281258750, 0.6999999999999998446, 2.900000000000007461 ) ) ;
#4063 = EDGE_CURVE ( 'NONE', #4994, #2377, #1868, .T. ) ;
#4064 = ORIENTED_EDGE ( 'NONE', *, *, #3036, .F. ) ;
#4065 = VECTOR ( 'NONE', #3665, 1000.000000000000000 ) ;
#4066 = ORIENTED_EDGE ( 'NONE', *, *, #2988, .F. ) ;
#4067 = DIRECTION ( 'NONE',  ( 0.9351131265310302920, 0.2505628070857297551, -0.2505628070857297551 ) ) ;
#4068 = DIRECTION ( 'NONE',  ( 0.000000000000000000, 2.220446049250313081E-16, 1.000000000000000000 ) ) ;
#4069 = LINE ( 'NONE', #3222, #1515 ) ;
#4070 = PLANE ( 'NONE',  #3969 ) ;
#4071 = CARTESIAN_POINT ( 'NONE',  ( -5.250000000000001776, 0.4000000000000000777, 3.399999999999998579 ) ) ;
#4072 = EDGE_CURVE ( 'NONE', #5312, #2531, #791, .T. ) ;
#4073 = CARTESIAN_POINT ( 'NONE',  ( 3.450000000281259194, 0.6999999999999986233, -2.900000000000004796 ) ) ;
#4074 = EDGE_LOOP ( 'NONE', ( #1437, #1986, #5513, #5101 ) ) ;
#4075 = LINE ( 'NONE', #247, #3827 ) ;
#4076 = EDGE_LOOP ( 'NONE', ( #1971, #4732, #5059, #246, #3029, #557 ) ) ;
#4077 = ORIENTED_EDGE ( 'NONE', *, *, #3025, .F. ) ;
#4078 = CARTESIAN_POINT ( 'NONE',  ( 4.884999999999998899, 6.416000682312242628E-16, -2.999999999999613198 ) ) ;
#4079 =( NAMED_UNIT ( * ) SI_UNIT ( $, .STERADIAN. ) SOLID_ANGLE_UNIT ( ) );
#4080 = CARTESIAN_POINT ( 'NONE',  ( -5.210000000000001741, 0.7400000000000001021, 3.200000000547038148 ) ) ;
#4081 = ORIENTED_EDGE ( 'NONE', *, *, #5330, .T. ) ;
#4082 = LINE ( 'NONE', #3271, #5175 ) ;
#4083 = EDGE_CURVE ( 'NONE', #4518, #5570, #1872, .T. ) ;
#4084 = VECTOR ( 'NONE', #4368, 1000.000000000000000 ) ;
#4085 = ORIENTED_EDGE ( 'NONE', *, *, #4774, .F. ) ;
#4086 = DIRECTION ( 'NONE',  ( 0.000000000000000000, -1.000000000000000000, 0.000000000000000000 ) ) ;
#4087 = ORIENTED_EDGE ( 'NONE', *, *, #582, .T. ) ;
#4088 = CARTESIAN_POINT ( 'NONE',  ( -5.230000000000002203, 0.7200000000000000844, 3.399999999999998579 ) ) ;
#4089 = CARTESIAN_POINT ( 'NONE',  ( 3.168829386826379046, 2.899999999999999467, 0.7389255762586658394 ) ) ;
#4090 = ORIENTED_EDGE ( 'NONE', *, *, #31, .T. ) ;
#4091 = AXIS2_PLACEMENT_3D ( 'NONE', #1066, #153, #2780 ) ;
#4092 = ADVANCED_FACE ( 'NONE', ( #5324 ), #1897, .F. ) ;
#4093 = LINE ( 'NONE', #320, #2410 ) ;
#4094 = DIRECTION ( 'NONE',  ( 0.000000000000000000, -1.000000000000000000, -0.000000000000000000 ) ) ;
#4095 = DIRECTION ( 'NONE',  ( 1.000000000000000000, 0.000000000000000000, -0.000000000000000000 ) ) ;
#4096 = LINE ( 'NONE', #1484, #1473 ) ;
#4097 = LINE ( 'NONE', #1569, #3707 ) ;
#4098 = CARTESIAN_POINT ( 'NONE',  ( -3.750000000140619072, 0.1000000000000008521, -3.399999999999998579 ) ) ;
#4099 = ORIENTED_EDGE ( 'NONE', *, *, #4060, .F. ) ;
#4100 = EDGE_LOOP ( 'NONE', ( #5242, #1213, #3632, #4271 ) ) ;
#4101 = CARTESIAN_POINT ( 'NONE',  ( 6.162975822039170467E-34, 1.200000000000001066, 3.200000000547037260 ) ) ;
#4102 = VERTEX_POINT ( 'NONE', #1924 ) ;
#4103 = ORIENTED_EDGE ( 'NONE', *, *, #1582, .T. ) ;
#4104 = VECTOR ( 'NONE', #1017, 1000.000000000000000 ) ;
#4105 = CARTESIAN_POINT ( 'NONE',  ( 3.450000000281260082, 1.374999999999999778, 3.499999999999919176 ) ) ;
#4106 = VECTOR ( 'NONE', #3923, 1000.000000000000000 ) ;
#4107 = FACE_OUTER_BOUND ( 'NONE', #807, .T. ) ;
#4108 = DIRECTION ( 'NONE',  ( 0.000000000000000000, 0.000000000000000000, -1.000000000000000000 ) ) ;
#4109 = DIRECTION ( 'NONE',  ( 0.000000000000000000, -1.000000000000000000, 0.000000000000000000 ) ) ;
#4110 = AXIS2_PLACEMENT_3D ( 'NONE', #4222, #5507, #2619 ) ;
#4111 = LINE ( 'NONE', #197, #2129 ) ;
#4112 = VECTOR ( 'NONE', #3383, 1000.000000000000000 ) ;
#4113 = CARTESIAN_POINT ( 'NONE',  ( -3.750000000140619072, 1.200000000000001288, -3.200000000547038148 ) ) ;
#4114 = ORIENTED_EDGE ( 'NONE', *, *, #2169, .T. ) ;
#4115 = AXIS2_PLACEMENT_3D ( 'NONE', #1951, #3715, #1558 ) ;
#4116 = DIRECTION ( 'NONE',  ( 0.000000000000000000, 0.000000000000000000, 1.000000000000000000 ) ) ;
#4117 = ORIENTED_EDGE ( 'NONE', *, *, #319, .T. ) ;
#4118 = DIRECTION ( 'NONE',  ( -0.000000000000000000, 1.000000000000000000, -2.220446049250313574E-16 ) ) ;
#4119 = DIRECTION ( 'NONE',  ( -0.000000000000000000, -1.000000000000000000, 0.000000000000000000 ) ) ;
#4120 = ORIENTED_EDGE ( 'NONE', *, *, #638, .F. ) ;
#4121 = CARTESIAN_POINT ( 'NONE',  ( -5.250000000000001776, 1.199999999999999734, -4.232725281383408324E-16 ) ) ;
#4122 = EDGE_CURVE ( 'NONE', #798, #602, #739, .T. ) ;
#4123 = DIRECTION ( 'NONE',  ( 1.000000000000000000, 0.000000000000000000, 0.000000000000000000 ) ) ;
#4124 = CARTESIAN_POINT ( 'NONE',  ( 3.450000000281260082, 1.374999999999999778, 3.499999999999919176 ) ) ;
#4125 = ADVANCED_FACE ( 'NONE', ( #2352 ), #5009, .F. ) ;
#4126 = CARTESIAN_POINT ( 'NONE',  ( 3.550000000281260171, 0.5749999999999998446, 2.999999999999613198 ) ) ;
#4127 = LINE ( 'NONE', #3312, #1555 ) ;
#4128 = PLANE ( 'NONE',  #4136 ) ;
#4129 = ORIENTED_EDGE ( 'NONE', *, *, #2000, .F. ) ;
#4130 =( NAMED_UNIT ( * ) SI_UNIT ( $, .STERADIAN. ) SOLID_ANGLE_UNIT ( ) );
#4131 = EDGE_LOOP ( 'NONE', ( #4157, #5218, #1196, #3627 ) ) ;
#4132 = DIRECTION ( 'NONE',  ( 0.000000000000000000, 0.000000000000000000, 1.000000000000000000 ) ) ;
#4133 = DIRECTION ( 'NONE',  ( -0.000000000000000000, 1.000000000000000000, -0.000000000000000000 ) ) ;
#4134 = LINE ( 'NONE', #4168, #1092 ) ;
#4135 = ADVANCED_FACE ( 'NONE', ( #2796 ), #2405, .T. ) ;
#4136 = AXIS2_PLACEMENT_3D ( 'NONE', #4154, #3258, #1206 ) ;
#4137 = EDGE_CURVE ( 'NONE', #3086, #1945, #175, .T. ) ;
#4138 = DIRECTION ( 'NONE',  ( 1.000000000000000000, 0.000000000000000000, 0.000000000000000000 ) ) ;
#4139 = LINE ( 'NONE', #2850, #397 ) ;
#4140 = EDGE_CURVE ( 'NONE', #3212, #3750, #2466, .T. ) ;
#4141 = ORIENTED_EDGE ( 'NONE', *, *, #4083, .F. ) ;
#4142 = CARTESIAN_POINT ( 'NONE',  ( -3.850000000140619161, 8.697468197535033146E-16, -3.399999999999998579 ) ) ;
#4143 = ORIENTED_EDGE ( 'NONE', *, *, #3435, .T. ) ;
#4144 = APPLICATION_CONTEXT ( 'automotive_design' ) ;
#4145 = VERTEX_POINT ( 'NONE', #3215 ) ;
#4146 = FACE_OUTER_BOUND ( 'NONE', #3071, .T. ) ;
#4147 = ORIENTED_EDGE ( 'NONE', *, *, #4529, .T. ) ;
#4148 = CARTESIAN_POINT ( 'NONE',  ( -3.750000000140619072, 0.1000000000000008521, 3.399999999999998579 ) ) ;
#4149 = CARTESIAN_POINT ( 'NONE',  ( -3.750000000140619072, 1.200000000000001288, 3.200000000547038148 ) ) ;
#4150 = LINE ( 'NONE', #5017, #1859 ) ;
#4151 = DIRECTION ( 'NONE',  ( 0.000000000000000000, 0.000000000000000000, 1.000000000000000000 ) ) ;
#4152 = FACE_OUTER_BOUND ( 'NONE', #348, .T. ) ;
#4153 = CIRCLE ( 'NONE', #2631, 0.02000000000000005246 ) ;
#4154 = CARTESIAN_POINT ( 'NONE',  ( 4.865000000000000213, 0.6249999999999998890, -3.499999999999919176 ) ) ;
#4155 = EDGE_LOOP ( 'NONE', ( #3288, #1432, #3960, #2843 ) ) ;
#4156 = EDGE_CURVE ( 'NONE', #369, #1397, #5433, .T. ) ;
#4157 = ORIENTED_EDGE ( 'NONE', *, *, #1632, .T. ) ;
#4158 =( NAMED_UNIT ( * ) PLANE_ANGLE_UNIT ( ) SI_UNIT ( $, .RADIAN. ) );
#4159 = AXIS2_PLACEMENT_3D ( 'NONE', #4482, #5412, #204 ) ;
#4160 = ORIENTED_EDGE ( 'NONE', *, *, #1053, .T. ) ;
#4161 = AXIS2_PLACEMENT_3D ( 'NONE', #27, #1753, #489 ) ;
#4162 = FACE_OUTER_BOUND ( 'NONE', #432, .T. ) ;
#4163 = EDGE_CURVE ( 'NONE', #995, #2298, #3187, .T. ) ;
#4164 = DIRECTION ( 'NONE',  ( 0.000000000000000000, -1.000000000000000000, 2.220446049250313574E-16 ) ) ;
#4165 = AXIS2_PLACEMENT_3D ( 'NONE', #5125, #3892, #4730 ) ;
#4166 = CARTESIAN_POINT ( 'NONE',  ( -5.210000000000001741, 0.5800000000000000711, 3.399999999999998579 ) ) ;
#4167 = VECTOR ( 'NONE', #209, 1000.000000000000000 ) ;
#4168 = CARTESIAN_POINT ( 'NONE',  ( -5.210000000000001741, 0.5800000000000000711, -3.399999999999998579 ) ) ;
#4169 = EDGE_CURVE ( 'NONE', #3762, #2841, #4894, .T. ) ;
#4170 = EDGE_CURVE ( 'NONE', #3467, #126, #5373, .T. ) ;
#4171 = CARTESIAN_POINT ( 'NONE',  ( 2.049999999999998490, 1.699999999999999289, 1.999999999999999556 ) ) ;
#4172 = LINE ( 'NONE', #5087, #5302 ) ;
#4173 = EDGE_CURVE ( 'NONE', #2774, #539, #4530, .T. ) ;
#4174 = ORIENTED_EDGE ( 'NONE', *, *, #2208, .F. ) ;
#4175 = DIRECTION ( 'NONE',  ( -0.000000000000000000, -1.000000000000000000, 2.220446049250313574E-16 ) ) ;
#4176 = ORIENTED_EDGE ( 'NONE', *, *, #2043, .T. ) ;
#4177 = CARTESIAN_POINT ( 'NONE',  ( 3.450000000281259194, 0.6999999999999998446, 3.750000000000000444 ) ) ;
#4178 = EDGE_LOOP ( 'NONE', ( #5196, #2291, #1651, #5251 ) ) ;
#4179 = CARTESIAN_POINT ( 'NONE',  ( 5.249999999999999112, 2.850000000000000089, -3.000000000000007550 ) ) ;
#4180 = CARTESIAN_POINT ( 'NONE',  ( 4.399999999999999467, 0.6399999999999997913, 2.999999999999613198 ) ) ;
#4181 = DIRECTION ( 'NONE',  ( 0.000000000000000000, 0.000000000000000000, 1.000000000000000000 ) ) ;
#4182 = PLANE ( 'NONE',  #2724 ) ;
#4183 = CARTESIAN_POINT ( 'NONE',  ( 4.864999999999999325, 0.6899999999999998357, -3.499999999999919176 ) ) ;
#4184 = FACE_OUTER_BOUND ( 'NONE', #232, .T. ) ;
#4185 = VERTEX_POINT ( 'NONE', #4478 ) ;
#4186 = ORIENTED_EDGE ( 'NONE', *, *, #4568, .T. ) ;
#4187 = ORIENTED_EDGE ( 'NONE', *, *, #64, .T. ) ;
#4188 = DIRECTION ( 'NONE',  ( 1.000000000000000000, 0.000000000000000000, 0.000000000000000000 ) ) ;
#4189 = DIRECTION ( 'NONE',  ( -1.000000000000000000, 0.000000000000000000, 0.000000000000000000 ) ) ;
#4190 = DIRECTION ( 'NONE',  ( -1.000000000000000000, -1.224646799147353207E-16, -0.000000000000000000 ) ) ;
#4191 = DIRECTION ( 'NONE',  ( -0.000000000000000000, -0.000000000000000000, 1.000000000000000000 ) ) ;
#4192 = AXIS2_PLACEMENT_3D ( 'NONE', #2519, #845, #765 ) ;
#4193 = CARTESIAN_POINT ( 'NONE',  ( -3.750000000140619072, 0.3499999999999998113, 3.399999999999998579 ) ) ;
#4194 = CARTESIAN_POINT ( 'NONE',  ( -3.999999999999999112, 2.099999999999999645, 3.399999999999999467 ) ) ;
#4195 = ORIENTED_EDGE ( 'NONE', *, *, #211, .F. ) ;
#4196 = VECTOR ( 'NONE', #2340, 1000.000000000000000 ) ;
#4197 = ADVANCED_FACE ( 'NONE', ( #628 ), #3299, .F. ) ;
#4198 = EDGE_LOOP ( 'NONE', ( #2738, #2121, #3854, #1804 ) ) ;
#4199 = ORIENTED_EDGE ( 'NONE', *, *, #2326, .T. ) ;
#4200 = CARTESIAN_POINT ( 'NONE',  ( -4.250000000000000888, 2.099999999999999645, 3.750000000000001332 ) ) ;
#4201 = VECTOR ( 'NONE', #3436, 1000.000000000000000 ) ;
#4202 = ORIENTED_EDGE ( 'NONE', *, *, #1523, .T. ) ;
#4203 = VECTOR ( 'NONE', #551, 1000.000000000000000 ) ;
#4204 = ADVANCED_FACE ( 'NONE', ( #4058 ), #4920, .F. ) ;
#4205 = FACE_OUTER_BOUND ( 'NONE', #3097, .T. ) ;
#4206 = EDGE_CURVE ( 'NONE', #3065, #2914, #4978, .T. ) ;
#4207 = LINE ( 'NONE', #3756, #678 ) ;
#4208 = DIRECTION ( 'NONE',  ( 0.7071067811865469066, 0.7071067811865482389, 0.000000000000000000 ) ) ;
#4209 = DIRECTION ( 'NONE',  ( -1.000000000000000000, -0.000000000000000000, -0.000000000000000000 ) ) ;
#4210 = CARTESIAN_POINT ( 'NONE',  ( 2.300000000000000711, 0.04999999999999935746, -2.900000000000006573 ) ) ;
#4211 = CARTESIAN_POINT ( 'NONE',  ( 4.884999999999998899, 0.6249999999999998890, -3.499999999999919176 ) ) ;
#4212 = ORIENTED_EDGE ( 'NONE', *, *, #2090, .F. ) ;
#4213 = ADVANCED_FACE ( 'NONE', ( #4561 ), #715, .F. ) ;
#4214 = ORIENTED_EDGE ( 'NONE', *, *, #214, .T. ) ;
#4215 = EDGE_CURVE ( 'NONE', #3434, #356, #2569, .T. ) ;
#4216 = DIRECTION ( 'NONE',  ( -0.000000000000000000, -0.000000000000000000, 1.000000000000000000 ) ) ;
#4217 = CARTESIAN_POINT ( 'NONE',  ( -3.750000000140619072, 1.200000000000001288, -3.399999999999998579 ) ) ;
#4218 = FACE_OUTER_BOUND ( 'NONE', #3937, .T. ) ;
#4219 = SURFACE_STYLE_FILL_AREA ( #4523 ) ;
#4220 = VERTEX_POINT ( 'NONE', #3824 ) ;
#4221 = VERTEX_POINT ( 'NONE', #423 ) ;
#4222 = CARTESIAN_POINT ( 'NONE',  ( 4.949999999999999289, 0.5599999999999993872, 3.499999999999919176 ) ) ;
#4223 = LINE ( 'NONE', #5560, #1585 ) ;
#4224 = AXIS2_PLACEMENT_3D ( 'NONE', #891, #5526, #72 ) ;
#4225 = CARTESIAN_POINT ( 'NONE',  ( 6.162975822039170467E-34, 2.849999999999999201, -6.328286168496503717E-16 ) ) ;
#4226 = ORIENTED_EDGE ( 'NONE', *, *, #373, .F. ) ;
#4227 = AXIS2_PLACEMENT_3D ( 'NONE', #307, #1576, #2848 ) ;
#4228 = EDGE_CURVE ( 'NONE', #522, #176, #1511, .T. ) ;
#4229 = EDGE_CURVE ( 'NONE', #140, #5126, #5038, .T. ) ;
#4230 = VERTEX_POINT ( 'NONE', #5537 ) ;
#4231 = LINE ( 'NONE', #2960, #2635 ) ;
#4232 = EDGE_LOOP ( 'NONE', ( #2912, #3059, #1919, #3772 ) ) ;
#4233 = EDGE_CURVE ( 'NONE', #4629, #1072, #3771, .T. ) ;
#4234 = CARTESIAN_POINT ( 'NONE',  ( 4.334999999999999076, 1.309999999999999831, -3.499999999999919176 ) ) ;
#4235 = LINE ( 'NONE', #4149, #1336 ) ;
#4236 = PLANE ( 'NONE',  #380 ) ;
#4237 = EDGE_CURVE ( 'NONE', #3653, #4240, #768, .T. ) ;
#4238 = CARTESIAN_POINT ( 'NONE',  ( 5.250000000000342837, 0.7000000000000000666, 4.793387908818659989E-13 ) ) ;
#4239 = ORIENTED_EDGE ( 'NONE', *, *, #1580, .T. ) ;
#4240 = VERTEX_POINT ( 'NONE', #1635 ) ;
#4241 = PLANE ( 'NONE',  #3305 ) ;
#4242 = CARTESIAN_POINT ( 'NONE',  ( 4.734999999999999432, 1.709999999999999742, 3.499999999999919176 ) ) ;
#4243 = VECTOR ( 'NONE', #2028, 1000.000000000000000 ) ;
#4244 = CARTESIAN_POINT ( 'NONE',  ( -5.210000000000001741, 0.8800000000000000044, 3.399999999999998579 ) ) ;
#4245 = DIRECTION ( 'NONE',  ( -1.000000000000000000, 0.000000000000000000, 0.000000000000000000 ) ) ;
#4246 = ORIENTED_EDGE ( 'NONE', *, *, #661, .T. ) ;
#4247 = ORIENTED_EDGE ( 'NONE', *, *, #315, .T. ) ;
#4248 = VECTOR ( 'NONE', #1225, 1000.000000000000000 ) ;
#4249 = FACE_OUTER_BOUND ( 'NONE', #3547, .T. ) ;
#4250 = VECTOR ( 'NONE', #2379, 999.9999999999998863 ) ;
#4251 = DIRECTION ( 'NONE',  ( 1.000000000000000000, 0.000000000000000000, 2.409338161455368749E-16 ) ) ;
#4252 = EDGE_CURVE ( 'NONE', #727, #5310, #3404, .T. ) ;
#4253 = AXIS2_PLACEMENT_3D ( 'NONE', #5490, #4594, #296 ) ;
#4254 = ORIENTED_EDGE ( 'NONE', *, *, #5199, .F. ) ;
#4255 = EDGE_CURVE ( 'NONE', #4000, #1239, #5116, .T. ) ;
#4256 = CARTESIAN_POINT ( 'NONE',  ( 2.299999999999998934, 0.05000000000000083544, 3.750000000000000444 ) ) ;
#4257 =( LENGTH_UNIT ( ) NAMED_UNIT ( * ) SI_UNIT ( .MILLI., .METRE. ) );
#4258 = ORIENTED_EDGE ( 'NONE', *, *, #2043, .F. ) ;
#4259 = CARTESIAN_POINT ( 'NONE',  ( -3.750000000140618184, 0.3500000000000000333, -3.400000000000000355 ) ) ;
#4260 = DIRECTION ( 'NONE',  ( 0.000000000000000000, 1.000000000000000000, 1.445602896647339163E-16 ) ) ;
#4261 = DIRECTION ( 'NONE',  ( -1.000000000000000000, 0.000000000000000000, 0.000000000000000000 ) ) ;
#4262 = CARTESIAN_POINT ( 'NONE',  ( 5.249999999999999112, 0.6999999999999998446, 3.000000000000007550 ) ) ;
#4263 = ORIENTED_EDGE ( 'NONE', *, *, #1405, .F. ) ;
#4264 = ORIENTED_EDGE ( 'NONE', *, *, #2831, .T. ) ;
#4265 = LINE ( 'NONE', #5550, #1495 ) ;
#4266 = CARTESIAN_POINT ( 'NONE',  ( -4.600000000000001421, 2.099999999999999645, -3.750000000000000888 ) ) ;
#4267 = FACE_OUTER_BOUND ( 'NONE', #3184, .T. ) ;
#4268 = CARTESIAN_POINT ( 'NONE',  ( 1.949999999999998845, 0.2999999999999994893, 0.8000000000000030420 ) ) ;
#4269 = CARTESIAN_POINT ( 'NONE',  ( -4.250000000000000888, 3.199999999999999734, 3.750000000000000888 ) ) ;
#4270 = VERTEX_POINT ( 'NONE', #876 ) ;
#4271 = ORIENTED_EDGE ( 'NONE', *, *, #825, .F. ) ;
#4272 = VECTOR ( 'NONE', #350, 1000.000000000000000 ) ;
#4273 = DIRECTION ( 'NONE',  ( -0.000000000000000000, 1.000000000000000000, -2.220446049250313574E-16 ) ) ;
#4274 = DIRECTION ( 'NONE',  ( 0.000000000000000000, 0.000000000000000000, -1.000000000000000000 ) ) ;
#4275 = ORIENTED_EDGE ( 'NONE', *, *, #3534, .T. ) ;
#4276 = EDGE_CURVE ( 'NONE', #3177, #4825, #2861, .T. ) ;
#4277 = EDGE_CURVE ( 'NONE', #4339, #1382, #2113, .T. ) ;
#4278 = CARTESIAN_POINT ( 'NONE',  ( 4.865000000000000213, 0.6249999999999998890, 2.999999999999613198 ) ) ;
#4279 = AXIS2_PLACEMENT_3D ( 'NONE', #4938, #4520, #680 ) ;
#4280 = CIRCLE ( 'NONE', #2672, 0.06499999999999994671 ) ;
#4281 = ORIENTED_EDGE ( 'NONE', *, *, #168, .T. ) ;
#4282 = CIRCLE ( 'NONE', #2852, 0.1000000000000002554 ) ;
#4283 = FACE_OUTER_BOUND ( 'NONE', #4155, .T. ) ;
#4284 = EDGE_LOOP ( 'NONE', ( #3921, #5450, #4898, #3496 ) ) ;
#4285 = VECTOR ( 'NONE', #308, 1000.000000000000000 ) ;
#4286 = DIRECTION ( 'NONE',  ( 0.000000000000000000, 0.000000000000000000, -1.000000000000000000 ) ) ;
#4287 = LINE ( 'NONE', #4780, #486 ) ;
#4288 = CARTESIAN_POINT ( 'NONE',  ( -0.8531390860147377575, 1.187443655941063936, -1.487443655941064646 ) ) ;
#4289 = AXIS2_PLACEMENT_3D ( 'NONE', #2940, #5042, #25 ) ;
#4290 = CARTESIAN_POINT ( 'NONE',  ( 5.249999999999999112, 0.000000000000000000, -1.568190022283032233E-16 ) ) ;
#4291 = CIRCLE ( 'NONE', #5091, 0.06499999999999994671 ) ;
#4292 = VERTEX_POINT ( 'NONE', #4695 ) ;
#4293 = VECTOR ( 'NONE', #3850, 1000.000000000000000 ) ;
#4294 = ORIENTED_EDGE ( 'NONE', *, *, #5034, .F. ) ;
#4295 = LINE ( 'NONE', #5184, #5181 ) ;
#4296 = PLANE ( 'NONE',  #958 ) ;
#4297 = DIRECTION ( 'NONE',  ( -0.000000000000000000, -2.220446049250314560E-16, -1.000000000000000000 ) ) ;
#4298 = LINE ( 'NONE', #3926, #1531 ) ;
#4299 = ORIENTED_EDGE ( 'NONE', *, *, #3140, .F. ) ;
#4300 = ORIENTED_EDGE ( 'NONE', *, *, #3122, .F. ) ;
#4301 = EDGE_CURVE ( 'NONE', #511, #5270, #5062, .T. ) ;
#4302 = DIRECTION ( 'NONE',  ( 1.000000000000000000, 0.000000000000000000, 0.000000000000000000 ) ) ;
#4303 = LINE ( 'NONE', #441, #725 ) ;
#4304 = EDGE_CURVE ( 'NONE', #318, #5148, #3662, .T. ) ;
#4305 = EDGE_CURVE ( 'NONE', #5022, #4576, #3352, .T. ) ;
#4306 = CARTESIAN_POINT ( 'NONE',  ( 4.334999999999998188, 0.5749999999999998446, -3.499999999999919176 ) ) ;
#4307 = DIRECTION ( 'NONE',  ( -1.000000000000000000, -0.000000000000000000, 0.000000000000000000 ) ) ;
#4308 = VECTOR ( 'NONE', #554, 1000.000000000000000 ) ;
#4309 = ADVANCED_FACE ( 'NONE', ( #368 ), #396, .T. ) ;
#4310 = DIRECTION ( 'NONE',  ( 0.000000000000000000, 0.000000000000000000, -1.000000000000000000 ) ) ;
#4311 = ORIENTED_EDGE ( 'NONE', *, *, #1247, .T. ) ;
#4312 = VECTOR ( 'NONE', #1236, 1000.000000000000000 ) ;
#4313 = DIRECTION ( 'NONE',  ( -1.000000000000000000, -0.000000000000000000, -0.000000000000000000 ) ) ;
#4314 = PLANE ( 'NONE',  #1214 ) ;
#4315 = CARTESIAN_POINT ( 'NONE',  ( -5.250000000000000888, 1.199999999999999734, -3.200000000547038148 ) ) ;
#4316 = PLANE ( 'NONE',  #1724 ) ;
#4317 = EDGE_CURVE ( 'NONE', #1127, #5260, #2936, .T. ) ;
#4318 = ORIENTED_EDGE ( 'NONE', *, *, #2045, .T. ) ;
#4319 = DIRECTION ( 'NONE',  ( -0.000000000000000000, -1.000000000000000000, 2.220446049250314067E-16 ) ) ;
#4320 = CARTESIAN_POINT ( 'NONE',  ( 1.700000000000000178, 2.899999999999999911, -0.5500000000000000444 ) ) ;
#4321 = DIRECTION ( 'NONE',  ( -0.000000000000000000, -0.000000000000000000, 1.000000000000000000 ) ) ;
#4322 = CARTESIAN_POINT ( 'NONE',  ( -5.210000000000002629, 0.4200000000000000955, -3.399999999999998579 ) ) ;
#4323 = LINE ( 'NONE', #4269, #4401 ) ;
#4324 = ORIENTED_EDGE ( 'NONE', *, *, #260, .T. ) ;
#4325 = ORIENTED_EDGE ( 'NONE', *, *, #2995, .F. ) ;
#4326 = ADVANCED_FACE ( 'NONE', ( #1193 ), #1220, .T. ) ;
#4327 = CARTESIAN_POINT ( 'NONE',  ( 3.450000000281260082, 1.774999999999999689, -3.499999999999919176 ) ) ;
#4328 = DIRECTION ( 'NONE',  ( -1.000000000000000000, 1.074262801865645751E-16, 0.000000000000000000 ) ) ;
#4329 = CIRCLE ( 'NONE', #2003, 0.06499999999999994671 ) ;
#4330 = VERTEX_POINT ( 'NONE', #4194 ) ;
#4331 = EDGE_CURVE ( 'NONE', #3839, #266, #342, .T. ) ;
#4332 = AXIS2_PLACEMENT_3D ( 'NONE', #2665, #3466, #548 ) ;
#4333 = ADVANCED_FACE ( 'NONE', ( #5090 ), #2958, .F. ) ;
#4334 = DIRECTION ( 'NONE',  ( 1.000000000000000000, 0.000000000000000000, -0.000000000000000000 ) ) ;
#4335 = ORIENTED_EDGE ( 'NONE', *, *, #5425, .T. ) ;
#4336 = FACE_OUTER_BOUND ( 'NONE', #5136, .T. ) ;
#4337 = VECTOR ( 'NONE', #2725, 1000.000000000000000 ) ;
#4338 = DIRECTION ( 'NONE',  ( 0.000000000000000000, 0.000000000000000000, -1.000000000000000000 ) ) ;
#4339 = VERTEX_POINT ( 'NONE', #2170 ) ;
#4340 = CARTESIAN_POINT ( 'NONE',  ( 4.334999999999999076, 1.374999999999999778, -2.999999999999613198 ) ) ;
#4341 = DIRECTION ( 'NONE',  ( 0.000000000000000000, 1.000000000000000000, 0.000000000000000000 ) ) ;
#4342 = PLANE ( 'NONE',  #2459 ) ;
#4343 = DIRECTION ( 'NONE',  ( -1.000000000000000000, 0.000000000000000000, 0.000000000000000000 ) ) ;
#4344 = EDGE_LOOP ( 'NONE', ( #4324, #4031, #3540, #4384 ) ) ;
#4345 = ORIENTED_EDGE ( 'NONE', *, *, #1827, .F. ) ;
#4346 = FACE_OUTER_BOUND ( 'NONE', #2339, .T. ) ;
#4347 = LINE ( 'NONE', #978, #693 ) ;
#4348 = VECTOR ( 'NONE', #3941, 1000.000000000000000 ) ;
#4349 = LINE ( 'NONE', #496, #3875 ) ;
#4350 = FACE_OUTER_BOUND ( 'NONE', #4657, .T. ) ;
#4351 = ORIENTED_EDGE ( 'NONE', *, *, #221, .T. ) ;
#4352 = VERTEX_POINT ( 'NONE', #2600 ) ;
#4353 = CARTESIAN_POINT ( 'NONE',  ( 1.949999999999998623, 0.2999999999999999334, 0.5499999999999990452 ) ) ;
#4354 = SURFACE_STYLE_USAGE ( .BOTH. , #2281 ) ;
#4355 = EDGE_LOOP ( 'NONE', ( #3810, #5010, #1156, #4391 ) ) ;
#4356 = ORIENTED_EDGE ( 'NONE', *, *, #4170, .T. ) ;
#4357 = ORIENTED_EDGE ( 'NONE', *, *, #3543, .T. ) ;
#4358 = EDGE_CURVE ( 'NONE', #5011, #574, #1830, .T. ) ;
#4359 = DIRECTION ( 'NONE',  ( 0.000000000000000000, -2.220147486588071276E-16, -1.000000000000000000 ) ) ;
#4360 = VERTEX_POINT ( 'NONE', #4306 ) ;
#4361 = CARTESIAN_POINT ( 'NONE',  ( -5.230000000000002203, 0.5800000000000000711, 3.399999999999998579 ) ) ;
#4362 = ORIENTED_EDGE ( 'NONE', *, *, #3124, .F. ) ;
#4363 = ORIENTED_EDGE ( 'NONE', *, *, #4539, .T. ) ;
#4364 = DIRECTION ( 'NONE',  ( 0.000000000000000000, 0.000000000000000000, -1.000000000000000000 ) ) ;
#4365 = ORIENTED_EDGE ( 'NONE', *, *, #761, .F. ) ;
#4366 = VECTOR ( 'NONE', #2082, 1000.000000000000114 ) ;
#4367 = VECTOR ( 'NONE', #2813, 1000.000000000000000 ) ;
#4368 = DIRECTION ( 'NONE',  ( -1.000000000000000000, -0.000000000000000000, 0.000000000000000000 ) ) ;
#4369 = DIRECTION ( 'NONE',  ( -0.000000000000000000, -1.000000000000000000, 2.220446049250314067E-16 ) ) ;
#4370 = LINE ( 'NONE', #1448, #1552 ) ;
#4371 = ORIENTED_EDGE ( 'NONE', *, *, #2316, .T. ) ;
#4372 = VECTOR ( 'NONE', #4973, 1000.000000000000000 ) ;
#4373 = EDGE_CURVE ( 'NONE', #1833, #5081, #3512, .T. ) ;
#4374 = VECTOR ( 'NONE', #5121, 1000.000000000000000 ) ;
#4375 = CARTESIAN_POINT ( 'NONE',  ( 1.949999999999998623, 2.899999999999999911, 2.849999999999998757 ) ) ;
#4376 = LINE ( 'NONE', #3842, #57 ) ;
#4377 = DIRECTION ( 'NONE',  ( 0.000000000000000000, -1.000000000000000000, 0.000000000000000000 ) ) ;
#4378 = VECTOR ( 'NONE', #2250, 1000.000000000000000 ) ;
#4379 = CARTESIAN_POINT ( 'NONE',  ( 1.949999999999998623, 0.2999999999999999334, 2.849999999999999201 ) ) ;
#4380 = EDGE_CURVE ( 'NONE', #1127, #3485, #135, .T. ) ;
#4381 = CARTESIAN_POINT ( 'NONE',  ( 4.734999999999999432, 1.709999999999999742, -2.999999999999613198 ) ) ;
#4382 = AXIS2_PLACEMENT_3D ( 'NONE', #3246, #4116, #1529 ) ;
#4383 = ORIENTED_EDGE ( 'NONE', *, *, #1388, .T. ) ;
#4384 = ORIENTED_EDGE ( 'NONE', *, *, #4566, .T. ) ;
#4385 = DIRECTION ( 'NONE',  ( -0.000000000000000000, 1.000000000000000000, -2.891205793294678326E-16 ) ) ;
#4386 = CARTESIAN_POINT ( 'NONE',  ( -5.210000000000001741, 0.7200000000000000844, 3.200000000547038148 ) ) ;
#4387 = PLANE ( 'NONE',  #1956 ) ;
#4388 = VERTEX_POINT ( 'NONE', #989 ) ;
#4389 = EDGE_LOOP ( 'NONE', ( #1294, #4394, #3178, #2345, #3126, #1403 ) ) ;
#4390 = LINE ( 'NONE', #5289, #5534 ) ;
#4391 = ORIENTED_EDGE ( 'NONE', *, *, #2799, .T. ) ;
#4392 = LINE ( 'NONE', #4833, #902 ) ;
#4393 = ORIENTED_EDGE ( 'NONE', *, *, #1800, .F. ) ;
#4394 = ORIENTED_EDGE ( 'NONE', *, *, #2755, .F. ) ;
#4395 = DIRECTION ( 'NONE',  ( 0.000000000000000000, 3.771137991253928573E-16, 1.000000000000000000 ) ) ;
#4396 = ORIENTED_EDGE ( 'NONE', *, *, #477, .T. ) ;
#4397 = ADVANCED_FACE ( 'NONE', ( #571 ), #4418, .F. ) ;
#4398 = DIRECTION ( 'NONE',  ( -1.130443199202757152E-16, 1.000000000000000000, 0.000000000000000000 ) ) ;
#4399 = DIRECTION ( 'NONE',  ( 0.000000000000000000, -2.220147486588071522E-16, -1.000000000000000000 ) ) ;
#4400 = DIRECTION ( 'NONE',  ( 0.000000000000000000, -1.000000000000000000, 0.000000000000000000 ) ) ;
#4401 = VECTOR ( 'NONE', #3845, 1000.000000000000000 ) ;
#4402 = ORIENTED_EDGE ( 'NONE', *, *, #3403, .F. ) ;
#4403 = VECTOR ( 'NONE', #736, 1000.000000000000000 ) ;
#4404 = EDGE_CURVE ( 'NONE', #1116, #4712, #1801, .T. ) ;
#4405 = CARTESIAN_POINT ( 'NONE',  ( 3.450000000281260082, 1.374999999999999778, 2.999999999999613198 ) ) ;
#4406 = FACE_OUTER_BOUND ( 'NONE', #4496, .T. ) ;
#4407 = LINE ( 'NONE', #464, #5530 ) ;
#4408 = LINE ( 'NONE', #2274, #4690 ) ;
#4409 = CARTESIAN_POINT ( 'NONE',  ( 5.249999999999999112, 3.199999999999999734, 3.749999999999999112 ) ) ;
#4410 = ORIENTED_EDGE ( 'NONE', *, *, #2389, .T. ) ;
#4411 = ORIENTED_EDGE ( 'NONE', *, *, #3717, .T. ) ;
#4412 = DIRECTION ( 'NONE',  ( 0.8660254037844385966, -0.000000000000000000, -0.5000000000000000000 ) ) ;
#4413 = CARTESIAN_POINT ( 'NONE',  ( 5.249999999999999112, 0.6999999999999990674, -3.000000000000007550 ) ) ;
#4414 = DIRECTION ( 'NONE',  ( -0.000000000000000000, -0.000000000000000000, -1.000000000000000000 ) ) ;
#4415 = VERTEX_POINT ( 'NONE', #2256 ) ;
#4416 = VERTEX_POINT ( 'NONE', #2708 ) ;
#4417 = ADVANCED_FACE ( 'NONE', ( #5200 ), #961, .F. ) ;
#4418 = PLANE ( 'NONE',  #5271 ) ;
#4419 = AXIS2_PLACEMENT_3D ( 'NONE', #785, #1944, #5372 ) ;
#4420 = PLANE ( 'NONE',  #468 ) ;
#4421 = ORIENTED_EDGE ( 'NONE', *, *, #4943, .T. ) ;
#4422 = AXIS2_PLACEMENT_3D ( 'NONE', #3828, #3380, #5569 ) ;
#4423 = ORIENTED_EDGE ( 'NONE', *, *, #5299, .T. ) ;
#4424 = FACE_OUTER_BOUND ( 'NONE', #2564, .T. ) ;
#4425 = EDGE_LOOP ( 'NONE', ( #4586, #1525, #3513, #1258 ) ) ;
#4426 = DIRECTION ( 'NONE',  ( 1.000000000000000000, 0.000000000000000000, 0.000000000000000000 ) ) ;
#4427 = VECTOR ( 'NONE', #2180, 1000.000000000000000 ) ;
#4428 = DIRECTION ( 'NONE',  ( -0.000000000000000000, -0.000000000000000000, -1.000000000000000000 ) ) ;
#4429 = AXIS2_PLACEMENT_3D ( 'NONE', #3647, #4904, #5388 ) ;
#4430 = CARTESIAN_POINT ( 'NONE',  ( -5.250000000000001776, 0.1000000000000014211, 3.399999999999998579 ) ) ;
#4431 = ORIENTED_EDGE ( 'NONE', *, *, #1840, .T. ) ;
#4432 = LINE ( 'NONE', #4010, #1372 ) ;
#4433 = CARTESIAN_POINT ( 'NONE',  ( 4.399999999999999467, 0.6399999999999997913, -3.499999999999919176 ) ) ;
#4434 = DIRECTION ( 'NONE',  ( -0.000000000000000000, -0.000000000000000000, -1.000000000000000000 ) ) ;
#4435 = DIRECTION ( 'NONE',  ( -0.7071067811865469066, -0.7071067811865482389, 0.000000000000000000 ) ) ;
#4436 = CARTESIAN_POINT ( 'NONE',  ( 3.450000000281259194, 2.849999999999998312, -3.499999999999999556 ) ) ;
#4437 = ORIENTED_EDGE ( 'NONE', *, *, #3981, .T. ) ;
#4438 = DIRECTION ( 'NONE',  ( 0.000000000000000000, -1.000000000000000000, 0.000000000000000000 ) ) ;
#4439 = ORIENTED_EDGE ( 'NONE', *, *, #1480, .F. ) ;
#4440 = LINE ( 'NONE', #592, #2323 ) ;
#4441 = EDGE_CURVE ( 'NONE', #2785, #3030, #1860, .T. ) ;
#4442 = DIRECTION ( 'NONE',  ( -0.000000000000000000, 2.168404344971005910E-16, 1.000000000000000000 ) ) ;
#4443 = CARTESIAN_POINT ( 'NONE',  ( 2.300000000000000711, 0.04999999999999935746, -2.900000000000006573 ) ) ;
#4444 = EDGE_LOOP ( 'NONE', ( #1398, #2294, #4589, #1323 ) ) ;
#4445 = ORIENTED_EDGE ( 'NONE', *, *, #2318, .T. ) ;
#4446 = EDGE_CURVE ( 'NONE', #3314, #2841, #4390, .T. ) ;
#4447 = EDGE_CURVE ( 'NONE', #5039, #356, #1439, .T. ) ;
#4448 = DIRECTION ( 'NONE',  ( -1.000000000000000000, 0.000000000000000000, 0.000000000000000000 ) ) ;
#4449 = EDGE_CURVE ( 'NONE', #2855, #2377, #5258, .T. ) ;
#4450 = ORIENTED_EDGE ( 'NONE', *, *, #873, .F. ) ;
#4451 = ORIENTED_EDGE ( 'NONE', *, *, #1997, .T. ) ;
#4452 = DIRECTION ( 'NONE',  ( -0.000000000000000000, -0.000000000000000000, -1.000000000000000000 ) ) ;
#4453 = ORIENTED_EDGE ( 'NONE', *, *, #4539, .F. ) ;
#4454 = CARTESIAN_POINT ( 'NONE',  ( -1.841459181470652018, 2.099999999999998312, -2.153765877365299009 ) ) ;
#4455 = LINE ( 'NONE', #4430, #2545 ) ;
#4456 = ORIENTED_EDGE ( 'NONE', *, *, #3551, .T. ) ;
#4457 = CIRCLE ( 'NONE', #46, 0.02000000000000005246 ) ;
#4458 = PLANE ( 'NONE',  #2820 ) ;
#4459 = CARTESIAN_POINT ( 'NONE',  ( 1.949999999999998623, 0.2999999999999999334, 0.5499999999999990452 ) ) ;
#4460 = LINE ( 'NONE', #1035, #2183 ) ;
#4461 = PLANE ( 'NONE',  #748 ) ;
#4462 = AXIS2_PLACEMENT_3D ( 'NONE', #351, #3280, #3309 ) ;
#4463 = DIRECTION ( 'NONE',  ( 1.000000000000000000, 0.000000000000000000, 0.000000000000000000 ) ) ;
#4464 = ORIENTED_EDGE ( 'NONE', *, *, #4612, .T. ) ;
#4465 = VECTOR ( 'NONE', #4861, 1000.000000000000000 ) ;
#4466 = PLANE ( 'NONE',  #4558 ) ;
#4467 = CARTESIAN_POINT ( 'NONE',  ( 2.918198511713307575, 0.04999999999999922562, -3.499999999999999556 ) ) ;
#4468 = CARTESIAN_POINT ( 'NONE',  ( -5.150000000000002132, 0.1000000000000007133, -3.399999999999998579 ) ) ;
#4469 = VECTOR ( 'NONE', #4364, 1000.000000000000000 ) ;
#4470 = ORIENTED_EDGE ( 'NONE', *, *, #3061, .F. ) ;
#4471 = UNCERTAINTY_MEASURE_WITH_UNIT (LENGTH_MEASURE( 1.000000000000000082E-05 ), #2487, 'distance_accuracy_value', 'NONE');
#4472 = ORIENTED_EDGE ( 'NONE', *, *, #2681, .T. ) ;
#4473 = CIRCLE ( 'NONE', #3924, 0.02000000000000005246 ) ;
#4474 = EDGE_CURVE ( 'NONE', #483, #2714, #1353, .T. ) ;
#4475 = SURFACE_STYLE_FILL_AREA ( #2768 ) ;
#4476 = ADVANCED_FACE ( 'NONE', ( #2684 ), #3067, .T. ) ;
#4477 = VERTEX_POINT ( 'NONE', #3456 ) ;
#4478 = CARTESIAN_POINT ( 'NONE',  ( -5.250000000000001776, 1.925833024919774150, -2.994337567297406633 ) ) ;
#4479 = ORIENTED_EDGE ( 'NONE', *, *, #4446, .F. ) ;
#4480 = ADVANCED_FACE ( 'NONE', ( #931 ), #3907, .F. ) ;
#4481 = CARTESIAN_POINT ( 'NONE',  ( 2.299999999999998934, 0.05000000000000064809, 2.900000000000007461 ) ) ;
#4482 = CARTESIAN_POINT ( 'NONE',  ( -1.150000000000001688, 0.000000000000000000, 0.000000000000000000 ) ) ;
#4483 = ORIENTED_EDGE ( 'NONE', *, *, #315, .F. ) ;
#4484 = LINE ( 'NONE', #719, #2510 ) ;
#4485 = FACE_OUTER_BOUND ( 'NONE', #3940, .T. ) ;
#4486 = DIRECTION ( 'NONE',  ( 8.286817471267974676E-16, 2.220446049250313574E-16, 1.000000000000000000 ) ) ;
#4487 = CARTESIAN_POINT ( 'NONE',  ( 2.049999999999998490, 2.199999999999999734, 1.500000000000000000 ) ) ;
#4488 = AXIS2_PLACEMENT_3D ( 'NONE', #186, #2784, #4849 ) ;
#4489 = DIRECTION ( 'NONE',  ( 0.000000000000000000, 0.000000000000000000, 1.000000000000000000 ) ) ;
#4490 = CARTESIAN_POINT ( 'NONE',  ( -3.750000000140619072, 0.1000000000000008521, 3.200000000547038148 ) ) ;
#4491 = ORIENTED_EDGE ( 'NONE', *, *, #3140, .T. ) ;
#4492 = FACE_OUTER_BOUND ( 'NONE', #3370, .T. ) ;
#4493 = LINE ( 'NONE', #4078, #514 ) ;
#4494 = CARTESIAN_POINT ( 'NONE',  ( -3.025462079371481483, 1.439999999999989511, -1.710000000000009290 ) ) ;
#4495 = DIRECTION ( 'NONE',  ( 1.000000000000000000, 0.000000000000000000, 0.000000000000000000 ) ) ;
#4496 = EDGE_LOOP ( 'NONE', ( #3819, #3489, #4275, #370 ) ) ;
#4497 = LINE ( 'NONE', #4944, #4372 ) ;
#4498 = ADVANCED_FACE ( 'NONE', ( #4749 ), #535, .T. ) ;
#4499 = ORIENTED_EDGE ( 'NONE', *, *, #896, .T. ) ;
#4500 = DIRECTION ( 'NONE',  ( -0.000000000000000000, -0.000000000000000000, -1.000000000000000000 ) ) ;
#4501 = EDGE_LOOP ( 'NONE', ( #1690, #3933, #2421, #3968 ) ) ;
#4502 = VECTOR ( 'NONE', #3292, 999.9999999999998863 ) ;
#4503 = DIRECTION ( 'NONE',  ( 1.000000000000000000, 0.000000000000000000, -0.000000000000000000 ) ) ;
#4504 = DIRECTION ( 'NONE',  ( 0.000000000000000000, -2.220446049250313574E-16, -1.000000000000000000 ) ) ;
#4505 = ORIENTED_EDGE ( 'NONE', *, *, #4163, .T. ) ;
#4506 = AXIS2_PLACEMENT_3D ( 'NONE', #4080, #3734, #3321 ) ;
#4507 = FACE_OUTER_BOUND ( 'NONE', #3186, .T. ) ;
#4508 = AXIS2_PLACEMENT_3D ( 'NONE', #5269, #490, #580 ) ;
#4509 = CARTESIAN_POINT ( 'NONE',  ( 3.650000000281259815, 0.1000000000000004774, -3.499999999999919176 ) ) ;
#4510 = CARTESIAN_POINT ( 'NONE',  ( -5.190000000000002167, 0.5600000000000000533, -3.200000000547038148 ) ) ;
#4511 = CARTESIAN_POINT ( 'NONE',  ( 2.300000000000001599, 0.04999999999999917011, -3.749999999999999556 ) ) ;
#4512 = FACE_OUTER_BOUND ( 'NONE', #1391, .T. ) ;
#4513 = VECTOR ( 'NONE', #2748, 1000.000000000000000 ) ;
#4514 = LINE ( 'NONE', #4627, #1705 ) ;
#4515 = ORIENTED_EDGE ( 'NONE', *, *, #2825, .F. ) ;
#4516 = ORIENTED_EDGE ( 'NONE', *, *, #4982, .F. ) ;
#4517 = DIRECTION ( 'NONE',  ( -0.000000000000000000, 1.000000000000000000, -1.445602896647339163E-16 ) ) ;
#4518 = VERTEX_POINT ( 'NONE', #507 ) ;
#4519 = CARTESIAN_POINT ( 'NONE',  ( 3.450000000281259194, 0.6999999999999988454, -3.750000000000000444 ) ) ;
#4520 = DIRECTION ( 'NONE',  ( -1.000000000000000000, 0.000000000000000000, 0.000000000000000000 ) ) ;
#4521 = PLANE ( 'NONE',  #4419 ) ;
#4522 = UNCERTAINTY_MEASURE_WITH_UNIT (LENGTH_MEASURE( 1.000000000000000082E-05 ), #4660, 'distance_accuracy_value', 'NONE');
#4523 = FILL_AREA_STYLE ('',( #3348 ) ) ;
#4524 = DIRECTION ( 'NONE',  ( 0.5000000000000014433, -0.8660254037844378194, 0.000000000000000000 ) ) ;
#4525 = PLANE ( 'NONE',  #2381 ) ;
#4526 = VECTOR ( 'NONE', #1669, 1000.000000000000000 ) ;
#4527 = ORIENTED_EDGE ( 'NONE', *, *, #2906, .T. ) ;
#4528 = EDGE_CURVE ( 'NONE', #843, #2563, #110, .T. ) ;
#4529 = EDGE_CURVE ( 'NONE', #995, #2404, #3093, .T. ) ;
#4530 = LINE ( 'NONE', #1057, #3121 ) ;
#4531 = ORIENTED_EDGE ( 'NONE', *, *, #2486, .T. ) ;
#4532 = CARTESIAN_POINT ( 'NONE',  ( -3.250000000000001332, 3.124999999999999112, -1.699999999999999956 ) ) ;
#4533 = FACE_OUTER_BOUND ( 'NONE', #1663, .T. ) ;
#4534 = VERTEX_POINT ( 'NONE', #625 ) ;
#4535 = CARTESIAN_POINT ( 'NONE',  ( -1.602913709778987617, 1.511654839115956106, -1.811654839115956594 ) ) ;
#4536 = DIRECTION ( 'NONE',  ( -1.000000000000000000, -0.000000000000000000, 0.000000000000000000 ) ) ;
#4537 = CARTESIAN_POINT ( 'NONE',  ( 4.864999999999999325, 0.6899999999999998357, 3.499999999999919176 ) ) ;
#4538 = PLANE ( 'NONE',  #295 ) ;
#4539 = EDGE_CURVE ( 'NONE', #5374, #4360, #5171, .T. ) ;
#4540 = CARTESIAN_POINT ( 'NONE',  ( -5.250000000000001776, 0.9000000000000001332, -3.399999999999998579 ) ) ;
#4541 = LINE ( 'NONE', #700, #3495 ) ;
#4542 = ORIENTED_EDGE ( 'NONE', *, *, #4404, .T. ) ;
#4543 = EDGE_CURVE ( 'NONE', #4948, #1981, #1947, .T. ) ;
#4544 = ORIENTED_EDGE ( 'NONE', *, *, #5565, .F. ) ;
#4545 = DIRECTION ( 'NONE',  ( 0.000000000000000000, -1.000000000000000000, 0.000000000000000000 ) ) ;
#4546 = ORIENTED_EDGE ( 'NONE', *, *, #4449, .T. ) ;
#4547 = VECTOR ( 'NONE', #4328, 1000.000000000000000 ) ;
#4548 = CARTESIAN_POINT ( 'NONE',  ( -5.250000000000001776, 0.4000000000000000777, 3.399999999999998579 ) ) ;
#4549 = AXIS2_PLACEMENT_3D ( 'NONE', #409, #1160, #783 ) ;
#4550 = DIRECTION ( 'NONE',  ( 8.081762687210849998E-17, 2.220446049250315053E-16, 1.000000000000000000 ) ) ;
#4551 = EDGE_CURVE ( 'NONE', #2893, #1829, #4111, .T. ) ;
#4552 = DIRECTION ( 'NONE',  ( 0.000000000000000000, -1.000000000000000000, 0.000000000000000000 ) ) ;
#4553 = CARTESIAN_POINT ( 'NONE',  ( -5.230000000000002203, 0.7200000000000000844, 3.399999999999998579 ) ) ;
#4554 = STYLED_ITEM ( 'NONE', ( #655 ), #4622 ) ;
#4555 = CARTESIAN_POINT ( 'NONE',  ( 2.049999999999998490, 0.6999999999999995115, 2.000000000000000444 ) ) ;
#4556 = VECTOR ( 'NONE', #5096, 1000.000000000000000 ) ;
#4557 = FACE_OUTER_BOUND ( 'NONE', #4100, .T. ) ;
#4558 = AXIS2_PLACEMENT_3D ( 'NONE', #1522, #3567, #4132 ) ;
#4559 = ORIENTED_EDGE ( 'NONE', *, *, #426, .F. ) ;
#4560 = VECTOR ( 'NONE', #5483, 1000.000000000000000 ) ;
#4561 = FACE_OUTER_BOUND ( 'NONE', #922, .T. ) ;
#4562 = ORIENTED_EDGE ( 'NONE', *, *, #1267, .T. ) ;
#4563 = EDGE_CURVE ( 'NONE', #2278, #4933, #2821, .T. ) ;
#4564 = PLANE ( 'NONE',  #4864 ) ;
#4565 = ORIENTED_EDGE ( 'NONE', *, *, #5535, .F. ) ;
#4566 = EDGE_CURVE ( 'NONE', #923, #1481, #5377, .T. ) ;
#4567 = CARTESIAN_POINT ( 'NONE',  ( -4.250000000000000888, 2.899999999999999911, 3.544337567297406011 ) ) ;
#4568 = EDGE_CURVE ( 'NONE', #2425, #2754, #4497, .T. ) ;
#4569 = CARTESIAN_POINT ( 'NONE',  ( -5.250000000000001776, 1.199999999999999956, 3.200000000547038148 ) ) ;
#4570 = DIRECTION ( 'NONE',  ( 0.000000000000000000, -1.000000000000000000, 0.000000000000000000 ) ) ;
#4571 = ADVANCED_FACE ( 'NONE', ( #1110 ), #712, .T. ) ;
#4572 = LINE ( 'NONE', #2073, #567 ) ;
#4573 = PLANE ( 'NONE',  #5139 ) ;
#4574 = DIRECTION ( 'NONE',  ( 0.000000000000000000, -1.000000000000000000, 0.000000000000000000 ) ) ;
#4575 = ORIENTED_EDGE ( 'NONE', *, *, #3860, .T. ) ;
#4576 = VERTEX_POINT ( 'NONE', #2399 ) ;
#4577 = ADVANCED_FACE ( 'NONE', ( #600 ), #257, .F. ) ;
#4578 = EDGE_CURVE ( 'NONE', #90, #5182, #1083, .T. ) ;
#4579 = DIRECTION ( 'NONE',  ( 0.000000000000000000, -1.000000000000000000, 2.220446049250313574E-16 ) ) ;
#4580 = PLANE ( 'NONE',  #4549 ) ;
#4581 = DIRECTION ( 'NONE',  ( 0.000000000000000000, 1.000000000000000000, 0.000000000000000000 ) ) ;
#4582 = DIRECTION ( 'NONE',  ( -0.000000000000000000, -0.000000000000000000, -1.000000000000000000 ) ) ;
#4583 = VECTOR ( 'NONE', #2753, 1000.000000000000000 ) ;
#4584 = CIRCLE ( 'NONE', #1181, 0.06499999999999994671 ) ;
#4585 = FACE_OUTER_BOUND ( 'NONE', #1046, .T. ) ;
#4586 = ORIENTED_EDGE ( 'NONE', *, *, #2916, .T. ) ;
#4587 = DIRECTION ( 'NONE',  ( -0.000000000000000000, -0.000000000000000000, 1.000000000000000000 ) ) ;
#4588 = ORIENTED_EDGE ( 'NONE', *, *, #1548, .F. ) ;
#4589 = ORIENTED_EDGE ( 'NONE', *, *, #3748, .T. ) ;
#4590 = ORIENTED_EDGE ( 'NONE', *, *, #5435, .T. ) ;
#4591 = CARTESIAN_POINT ( 'NONE',  ( -2.050000000000001155, 2.099999999999999645, 3.399999999999999467 ) ) ;
#4592 = ORIENTED_EDGE ( 'NONE', *, *, #3944, .F. ) ;
#4593 = CARTESIAN_POINT ( 'NONE',  ( -2.050000000000001155, 2.099999999999999645, 3.399999999999999467 ) ) ;
#4594 = DIRECTION ( 'NONE',  ( 0.000000000000000000, 0.000000000000000000, 1.000000000000000000 ) ) ;
#4595 = PLANE ( 'NONE',  #4462 ) ;
#4596 = DIRECTION ( 'NONE',  ( -0.000000000000000000, -0.000000000000000000, -1.000000000000000000 ) ) ;
#4597 = FACE_OUTER_BOUND ( 'NONE', #1194, .T. ) ;
#4598 = AXIS2_PLACEMENT_3D ( 'NONE', #5268, #1954, #3587 ) ;
#4599 = CARTESIAN_POINT ( 'NONE',  ( 4.884999999999998899, 6.416000682312242628E-16, 3.499999999999919176 ) ) ;
#4600 = ORIENTED_EDGE ( 'NONE', *, *, #173, .F. ) ;
#4601 = AXIS2_PLACEMENT_3D ( 'NONE', #2297, #4400, #2717 ) ;
#4602 = ORIENTED_EDGE ( 'NONE', *, *, #3363, .T. ) ;
#4603 = CARTESIAN_POINT ( 'NONE',  ( 5.249999999999999112, -6.439293542825919570E-16, -2.900000000000004796 ) ) ;
#4604 = CARTESIAN_POINT ( 'NONE',  ( -3.600000000000001421, -7.105427358815680414E-16, -3.200000000547041701 ) ) ;
#4605 = VECTOR ( 'NONE', #1966, 1000.000000000000000 ) ;
#4606 = CARTESIAN_POINT ( 'NONE',  ( -1.532622338801089112, 1.530489355204360358, 1.669510644795638266 ) ) ;
#4607 = VECTOR ( 'NONE', #917, 1000.000000000000000 ) ;
#4608 = LINE ( 'NONE', #362, #364 ) ;
#4609 = EDGE_CURVE ( 'NONE', #5126, #3719, #1922, .T. ) ;
#4610 = CARTESIAN_POINT ( 'NONE',  ( -5.210000000000001741, 0.5800000000000000711, -3.200000000547038148 ) ) ;
#4611 = DIRECTION ( 'NONE',  ( 1.000000000000000000, 0.000000000000000000, 0.000000000000000000 ) ) ;
#4612 = EDGE_CURVE ( 'NONE', #2548, #4917, #4082, .T. ) ;
#4613 = VERTEX_POINT ( 'NONE', #4555 ) ;
#4614 = EDGE_CURVE ( 'NONE', #356, #2292, #281, .T. ) ;
#4615 = ADVANCED_FACE ( 'NONE', ( #5429 ), #1578, .T. ) ;
#4616 = CARTESIAN_POINT ( 'NONE',  ( -0.8999999999999984679, 1.199999999999998845, -1.999999999999999556 ) ) ;
#4617 = ORIENTED_EDGE ( 'NONE', *, *, #863, .T. ) ;
#4618 = EDGE_CURVE ( 'NONE', #1878, #5190, #2315, .T. ) ;
#4619 = FILL_AREA_STYLE_COLOUR ( '', #5134 ) ;
#4620 = VERTEX_POINT ( 'NONE', #4027 ) ;
#4621 = CARTESIAN_POINT ( 'NONE',  ( 1.949999999999998623, 0.2999999999999999334, 2.849999999999999201 ) ) ;
#4622 = MANIFOLD_SOLID_BREP ( 'Mirror2[2]', #3192 ) ;
#4623 = CARTESIAN_POINT ( 'NONE',  ( 4.334999999999999076, 0.6399999999999997913, 2.999999999999613198 ) ) ;
#4624 = DIRECTION ( 'NONE',  ( -1.000000000000000000, 0.000000000000000000, 0.000000000000000000 ) ) ;
#4625 = DIRECTION ( 'NONE',  ( -1.000000000000000000, 0.000000000000000000, 0.000000000000000000 ) ) ;
#4626 = CARTESIAN_POINT ( 'NONE',  ( -4.759252271188818106, 0.3499999999999999223, 3.399999999999998579 ) ) ;
#4627 = CARTESIAN_POINT ( 'NONE',  ( 2.049999999999998490, 0.6999999999999994005, 1.499999999999999778 ) ) ;
#4628 = VERTEX_POINT ( 'NONE', #1215 ) ;
#4629 = VERTEX_POINT ( 'NONE', #2566 ) ;
#4630 = FACE_OUTER_BOUND ( 'NONE', #1032, .T. ) ;
#4631 = LINE ( 'NONE', #4217, #1144 ) ;
#4632 = FACE_OUTER_BOUND ( 'NONE', #848, .T. ) ;
#4633 = DIRECTION ( 'NONE',  ( 0.000000000000000000, 1.000000000000000000, -2.220446049250313081E-16 ) ) ;
#4634 = ORIENTED_EDGE ( 'NONE', *, *, #4373, .F. ) ;
#4635 = VERTEX_POINT ( 'NONE', #844 ) ;
#4636 = EDGE_CURVE ( 'NONE', #223, #2909, #3185, .T. ) ;
#4637 = ADVANCED_FACE ( 'NONE', ( #4249 ), #3371, .F. ) ;
#4638 = AXIS2_PLACEMENT_3D ( 'NONE', #3337, #1300, #1744 ) ;
#4639 = FILL_AREA_STYLE ('',( #1606 ) ) ;
#4640 = CARTESIAN_POINT ( 'NONE',  ( -5.210000000000002629, 0.4000000000000000777, 3.399999999999998579 ) ) ;
#4641 = ADVANCED_FACE ( 'NONE', ( #1243 ), #2955, .F. ) ;
#4642 = COLOUR_RGB ( '',0.7921568627450980005, 0.8196078431372548767, 0.9333333333333333481 ) ;
#4643 = VECTOR ( 'NONE', #5465, 1000.000000000000000 ) ;
#4644 = EDGE_CURVE ( 'NONE', #3259, #2353, #1505, .T. ) ;
#4645 = DIRECTION ( 'NONE',  ( -0.000000000000000000, -0.000000000000000000, 1.000000000000000000 ) ) ;
#4646 = VECTOR ( 'NONE', #3053, 1000.000000000000000 ) ;
#4647 = EDGE_LOOP ( 'NONE', ( #4965, #3847, #660, #5528 ) ) ;
#4648 = CARTESIAN_POINT ( 'NONE',  ( 1.949999999999998623, 2.899999999999999911, 0.8000000000000033751 ) ) ;
#4649 = VECTOR ( 'NONE', #2911, 1000.000000000000000 ) ;
#4650 = ORIENTED_EDGE ( 'NONE', *, *, #3447, .F. ) ;
#4651 = AXIS2_PLACEMENT_3D ( 'NONE', #670, #4095, #154 ) ;
#4652 = DIRECTION ( 'NONE',  ( -0.000000000000000000, -0.000000000000000000, -1.000000000000000000 ) ) ;
#4653 = CARTESIAN_POINT ( 'NONE',  ( -5.230000000000002203, 0.5800000000000000711, 3.399999999999998579 ) ) ;
#4654 = CARTESIAN_POINT ( 'NONE',  ( -5.210000000000001741, 0.7200000000000000844, 3.399999999999998579 ) ) ;
#4655 = LINE ( 'NONE', #1305, #569 ) ;
#4656 = DIRECTION ( 'NONE',  ( 1.000000000000000000, 0.000000000000000000, -0.000000000000000000 ) ) ;
#4657 = EDGE_LOOP ( 'NONE', ( #4445, #4634, #1, #649 ) ) ;
#4658 = ORIENTED_EDGE ( 'NONE', *, *, #3239, .T. ) ;
#4659 = CARTESIAN_POINT ( 'NONE',  ( 0.000000000000000000, 0.7000000000000000666, -3.122502256758252770E-16 ) ) ;
#4660 =( LENGTH_UNIT ( ) NAMED_UNIT ( * ) SI_UNIT ( .MILLI., .METRE. ) );
#4661 = LINE ( 'NONE', #2158, #5 ) ;
#4662 = LINE ( 'NONE', #4740, #723 ) ;
#4663 = VERTEX_POINT ( 'NONE', #338 ) ;
#4664 = EDGE_CURVE ( 'NONE', #3038, #4919, #4666, .T. ) ;
#4665 = ORIENTED_EDGE ( 'NONE', *, *, #4301, .T. ) ;
#4666 = LINE ( 'NONE', #1712, #509 ) ;
#4667 = ORIENTED_EDGE ( 'NONE', *, *, #3813, .F. ) ;
#4668 = CARTESIAN_POINT ( 'NONE',  ( -1.150000000000001688, 1.199999999999998845, -1.499999999999999334 ) ) ;
#4669 = VECTOR ( 'NONE', #3953, 1000.000000000000000 ) ;
#4670 = CARTESIAN_POINT ( 'NONE',  ( -5.190000000000002167, 0.8799999999999997824, -3.399999999999998579 ) ) ;
#4671 = DIRECTION ( 'NONE',  ( -0.000000000000000000, -0.000000000000000000, -1.000000000000000000 ) ) ;
#4672 = ORIENTED_EDGE ( 'NONE', *, *, #405, .T. ) ;
#4673 = CYLINDRICAL_SURFACE ( 'NONE', #3117, 0.06499999999999994671 ) ;
#4674 = MANIFOLD_SOLID_BREP ( 'Boss-Extrude5', #3733 ) ;
#4675 = FACE_OUTER_BOUND ( 'NONE', #3460, .T. ) ;
#4676 = DIRECTION ( 'NONE',  ( -0.000000000000000000, -0.000000000000000000, 1.000000000000000000 ) ) ;
#4677 = FACE_OUTER_BOUND ( 'NONE', #4759, .T. ) ;
#4678 = ORIENTED_EDGE ( 'NONE', *, *, #2751, .T. ) ;
#4679 = EDGE_LOOP ( 'NONE', ( #504, #4087, #469, #4052 ) ) ;
#4680 = FACE_OUTER_BOUND ( 'NONE', #5064, .T. ) ;
#4681 = CARTESIAN_POINT ( 'NONE',  ( -0.8999999999999984679, 1.199999999999998845, -1.999999999999999556 ) ) ;
#4682 = VECTOR ( 'NONE', #1680, 1000.000000000000000 ) ;
#4683 = CARTESIAN_POINT ( 'NONE',  ( 3.450000000281259194, 0.6999999999999998446, 3.499999999999919176 ) ) ;
#4684 = EDGE_CURVE ( 'NONE', #3750, #1676, #2456, .T. ) ;
#4685 = DIRECTION ( 'NONE',  ( 0.000000000000000000, 1.000000000000000000, 0.000000000000000000 ) ) ;
#4686 = AXIS2_PLACEMENT_3D ( 'NONE', #1003, #1874, #4036 ) ;
#4687 = VERTEX_POINT ( 'NONE', #2030 ) ;
#4688 = ORIENTED_EDGE ( 'NONE', *, *, #2168, .T. ) ;
#4689 = VECTOR ( 'NONE', #1178, 1000.000000000000000 ) ;
#4690 = VECTOR ( 'NONE', #3196, 1000.000000000000000 ) ;
#4691 = CARTESIAN_POINT ( 'NONE',  ( -5.322809850489374384, 1.906323684280116559, -3.036374354077102211 ) ) ;
#4692 = VERTEX_POINT ( 'NONE', #3737 ) ;
#4693 = VECTOR ( 'NONE', #3193, 1000.000000000000000 ) ;
#4694 = ORIENTED_EDGE ( 'NONE', *, *, #3739, .F. ) ;
#4695 = CARTESIAN_POINT ( 'NONE',  ( 3.450000000281260082, 1.374999999999999778, 2.999999999999613198 ) ) ;
#4696 = EDGE_LOOP ( 'NONE', ( #1768, #5173, #3090, #857 ) ) ;
#4697 = SURFACE_SIDE_STYLE ('',( #2985 ) ) ;
#4698 = VERTEX_POINT ( 'NONE', #4610 ) ;
#4699 = DIRECTION ( 'NONE',  ( -0.000000000000000000, -0.000000000000000000, -1.000000000000000000 ) ) ;
#4700 = CARTESIAN_POINT ( 'NONE',  ( -3.999999999999999112, 2.099999999999998757, -3.400000000000001243 ) ) ;
#4701 = DIRECTION ( 'NONE',  ( 0.000000000000000000, 1.000000000000000000, 0.000000000000000000 ) ) ;
#4702 = CARTESIAN_POINT ( 'NONE',  ( -5.230000000000002203, 0.5800000000000000711, 3.200000000547038148 ) ) ;
#4703 = ORIENTED_EDGE ( 'NONE', *, *, #3986, .T. ) ;
#4704 = ADVANCED_FACE ( 'NONE', ( #3794 ), #2062, .F. ) ;
#4705 = ORIENTED_EDGE ( 'NONE', *, *, #310, .F. ) ;
#4706 = DIRECTION ( 'NONE',  ( 0.000000000000000000, 0.000000000000000000, 1.000000000000000000 ) ) ;
#4707 = DIRECTION ( 'NONE',  ( 0.9351131265310302920, -0.2505628070857297551, 0.2505628070857297551 ) ) ;
#4708 = CARTESIAN_POINT ( 'NONE',  ( 3.450000000281260082, 1.774999999999999689, -3.499999999999919176 ) ) ;
#4709 = ADVANCED_FACE ( 'NONE', ( #1633 ), #2932, .F. ) ;
#4710 = CARTESIAN_POINT ( 'NONE',  ( 4.949999999999999289, 0.5599999999999993872, -3.499999999999919176 ) ) ;
#4711 = ORIENTED_EDGE ( 'NONE', *, *, #1050, .T. ) ;
#4712 = VERTEX_POINT ( 'NONE', #471 ) ;
#4713 = EDGE_CURVE ( 'NONE', #2909, #5556, #4767, .T. ) ;
#4714 = AXIS2_PLACEMENT_3D ( 'NONE', #4735, #2611, #3080 ) ;
#4715 = DIRECTION ( 'NONE',  ( 0.000000000000000000, 0.000000000000000000, -1.000000000000000000 ) ) ;
#4716 =( NAMED_UNIT ( * ) PLANE_ANGLE_UNIT ( ) SI_UNIT ( $, .RADIAN. ) );
#4717 = ORIENTED_EDGE ( 'NONE', *, *, #1587, .T. ) ;
#4718 = ORIENTED_EDGE ( 'NONE', *, *, #32, .F. ) ;
#4719 = VECTOR ( 'NONE', #5060, 1000.000000000000000 ) ;
#4720 = CARTESIAN_POINT ( 'NONE',  ( 4.884999999999999787, 0.06500000000000064060, -2.999999999999613198 ) ) ;
#4721 = DIRECTION ( 'NONE',  ( 0.000000000000000000, 0.000000000000000000, -1.000000000000000000 ) ) ;
#4722 = VECTOR ( 'NONE', #2337, 1000.000000000000000 ) ;
#4723 = CARTESIAN_POINT ( 'NONE',  ( 3.450000000281260082, 1.774999999999999689, 2.999999999999613198 ) ) ;
#4724 = ORIENTED_EDGE ( 'NONE', *, *, #4855, .F. ) ;
#4725 = AXIS2_PLACEMENT_3D ( 'NONE', #1742, #5169, #82 ) ;
#4726 = CARTESIAN_POINT ( 'NONE',  ( 3.450000000281258750, 0.6999999999999998446, 3.000000000000007550 ) ) ;
#4727 = CARTESIAN_POINT ( 'NONE',  ( -0.8999999999999984679, 1.699999999999999289, 1.999999999999999556 ) ) ;
#4728 = DIRECTION ( 'NONE',  ( 1.000000000000000000, 0.000000000000000000, -0.000000000000000000 ) ) ;
#4729 = VECTOR ( 'NONE', #267, 1000.000000000000227 ) ;
#4730 = DIRECTION ( 'NONE',  ( -1.000000000000000000, 0.000000000000000000, 0.000000000000000000 ) ) ;
#4731 = AXIS2_PLACEMENT_3D ( 'NONE', #3201, #4854, #1016 ) ;
#4732 = ORIENTED_EDGE ( 'NONE', *, *, #4975, .T. ) ;
#4733 = EDGE_CURVE ( 'NONE', #3284, #4230, #2645, .T. ) ;
#4734 = EDGE_CURVE ( 'NONE', #689, #2035, #952, .T. ) ;
#4735 = CARTESIAN_POINT ( 'NONE',  ( -5.190000000000002167, 0.8799999999999997824, 3.399999999999998579 ) ) ;
#4736 = DIRECTION ( 'NONE',  ( -0.000000000000000000, -0.000000000000000000, -1.000000000000000000 ) ) ;
#4737 = CARTESIAN_POINT ( 'NONE',  ( 2.049999999999998490, 2.199999999999999734, 2.000000000000000000 ) ) ;
#4738 = LINE ( 'NONE', #410, #5047 ) ;
#4739 = ADVANCED_FACE ( 'NONE', ( #3506 ), #1792, .T. ) ;
#4740 = CARTESIAN_POINT ( 'NONE',  ( 1.949999999999998623, 2.899999999999999911, 2.849999999999998757 ) ) ;
#4741 = ADVANCED_FACE ( 'NONE', ( #2280 ), #3536, .F. ) ;
#4742 = EDGE_CURVE ( 'NONE', #4635, #5022, #1373, .T. ) ;
#4743 = VERTEX_POINT ( 'NONE', #5192 ) ;
#4744 = EDGE_LOOP ( 'NONE', ( #1776, #1588, #1208, #2201 ) ) ;
#4745 = PLANE ( 'NONE',  #4026 ) ;
#4746 = LINE ( 'NONE', #1767, #3146 ) ;
#4747 = ORIENTED_EDGE ( 'NONE', *, *, #4781, .T. ) ;
#4748 = EDGE_LOOP ( 'NONE', ( #3504, #2449, #1377, #4411, #1895, #5161, #4865, #1412, #4796, #392, #1831, #3675, #653, #2555, #3333, #382, #4868, #508 ) ) ;
#4749 = FACE_OUTER_BOUND ( 'NONE', #5325, .T. ) ;
#4750 = DIRECTION ( 'NONE',  ( 0.000000000000000000, 0.000000000000000000, 1.000000000000000000 ) ) ;
#4751 = VECTOR ( 'NONE', #778, 1000.000000000000114 ) ;
#4752 = LINE ( 'NONE', #3238, #2794 ) ;
#4753 = EDGE_LOOP ( 'NONE', ( #1331, #3947, #3846, #648 ) ) ;
#4754 = ORIENTED_EDGE ( 'NONE', *, *, #1169, .F. ) ;
#4755 = DIRECTION ( 'NONE',  ( -0.000000000000000000, -0.000000000000000000, -1.000000000000000000 ) ) ;
#4756 = LINE ( 'NONE', #2633, #4788 ) ;
#4757 = DIRECTION ( 'NONE',  ( 0.000000000000000000, -1.000000000000000000, 2.220446049250314560E-16 ) ) ;
#4758 = DIRECTION ( 'NONE',  ( 0.000000000000000000, -1.000000000000000000, 0.000000000000000000 ) ) ;
#4759 = EDGE_LOOP ( 'NONE', ( #5007, #5108, #2325, #2699 ) ) ;
#4760 = DIRECTION ( 'NONE',  ( -0.000000000000000000, -0.000000000000000000, -1.000000000000000000 ) ) ;
#4761 = DIRECTION ( 'NONE',  ( 0.000000000000000000, 0.000000000000000000, -1.000000000000000000 ) ) ;
#4762 = LINE ( 'NONE', #2272, #749 ) ;
#4763 = DIRECTION ( 'NONE',  ( -0.000000000000000000, -0.000000000000000000, 1.000000000000000000 ) ) ;
#4764 = CARTESIAN_POINT ( 'NONE',  ( -5.230000000000002203, 0.5800000000000000711, 3.399999999999998579 ) ) ;
#4765 = EDGE_LOOP ( 'NONE', ( #581, #2976, #2102, #1461 ) ) ;
#4766 = ORIENTED_EDGE ( 'NONE', *, *, #1961, .F. ) ;
#4767 = LINE ( 'NONE', #3482, #1679 ) ;
#4768 = CARTESIAN_POINT ( 'NONE',  ( 3.550000000281260171, 0.5749999999999998446, -2.999999999999613198 ) ) ;
#4769 = ORIENTED_EDGE ( 'NONE', *, *, #405, .F. ) ;
#4770 = CIRCLE ( 'NONE', #3877, 0.02000000000000005246 ) ;
#4771 = DIRECTION ( 'NONE',  ( 1.232595164407830946E-32, -1.000000000000000000, 2.220147486588071276E-16 ) ) ;
#4772 = ADVANCED_FACE ( 'NONE', ( #5253 ), #4745, .F. ) ;
#4773 = DIRECTION ( 'NONE',  ( -0.000000000000000000, 1.000000000000000000, -0.000000000000000000 ) ) ;
#4774 = EDGE_CURVE ( 'NONE', #1689, #2712, #3062, .T. ) ;
#4775 = ORIENTED_EDGE ( 'NONE', *, *, #631, .T. ) ;
#4776 = VERTEX_POINT ( 'NONE', #2222 ) ;
#4777 = VERTEX_POINT ( 'NONE', #4826 ) ;
#4778 = FACE_OUTER_BOUND ( 'NONE', #4003, .T. ) ;
#4779 = EDGE_CURVE ( 'NONE', #5310, #2232, #925, .T. ) ;
#4780 = CARTESIAN_POINT ( 'NONE',  ( 3.550000000281260171, 0.1000000000000011852, 3.499999999999919176 ) ) ;
#4781 = EDGE_CURVE ( 'NONE', #4613, #589, #77, .T. ) ;
#4782 = DIRECTION ( 'NONE',  ( -0.3420201433256629397, -0.9396926207859104263, 0.000000000000000000 ) ) ;
#4783 = DIRECTION ( 'NONE',  ( -0.000000000000000000, -0.000000000000000000, -1.000000000000000000 ) ) ;
#4784 = ORIENTED_EDGE ( 'NONE', *, *, #4301, .F. ) ;
#4785 = CARTESIAN_POINT ( 'NONE',  ( -3.750000000140616407, 0.04999999999999917011, -3.749999999999998668 ) ) ;
#4786 = CARTESIAN_POINT ( 'NONE',  ( 2.918198511713307575, 0.04999999999999917011, -3.749999999999999112 ) ) ;
#4787 = DIRECTION ( 'NONE',  ( -1.000000000000000000, 0.000000000000000000, 0.000000000000000000 ) ) ;
#4788 = VECTOR ( 'NONE', #4341, 1000.000000000000000 ) ;
#4789 = FACE_OUTER_BOUND ( 'NONE', #3775, .T. ) ;
#4790 = DIRECTION ( 'NONE',  ( 0.000000000000000000, -9.856383386231856362E-17, -1.000000000000000000 ) ) ;
#4791 = ORIENTED_EDGE ( 'NONE', *, *, #1964, .T. ) ;
#4792 = EDGE_LOOP ( 'NONE', ( #1411, #1093, #4015, #4472, #994, #5540, #4263, #4592 ) ) ;
#4793 = CARTESIAN_POINT ( 'NONE',  ( 4.884999999999999787, 0.5599999999999999423, -3.499999999999919176 ) ) ;
#4794 = CARTESIAN_POINT ( 'NONE',  ( -3.750000000140619072, 0.3499999999999998113, -3.400000000000000355 ) ) ;
#4795 = LINE ( 'NONE', #3570, #2592 ) ;
#4796 = ORIENTED_EDGE ( 'NONE', *, *, #4229, .T. ) ;
#4797 = EDGE_LOOP ( 'NONE', ( #196, #4439, #5488, #4017 ) ) ;
#4798 = EDGE_CURVE ( 'NONE', #4983, #4102, #3424, .T. ) ;
#4799 = EDGE_CURVE ( 'NONE', #248, #3549, #2597, .T. ) ;
#4800 = CARTESIAN_POINT ( 'NONE',  ( -5.210000000000001741, 0.5800000000000000711, 3.399999999999998579 ) ) ;
#4801 = ADVANCED_FACE ( 'NONE', ( #103 ), #3452, .T. ) ;
#4802 = CARTESIAN_POINT ( 'NONE',  ( 2.049999999999998490, 2.199999999999999734, 1.500000000000000000 ) ) ;
#4803 = EDGE_CURVE ( 'NONE', #1829, #835, #5138, .T. ) ;
#4804 = EDGE_CURVE ( 'NONE', #3995, #3678, #4291, .T. ) ;
#4805 = ORIENTED_EDGE ( 'NONE', *, *, #1800, .T. ) ;
#4806 = CARTESIAN_POINT ( 'NONE',  ( -4.250000000000000888, 3.199999999999999289, -2.277350269189625909 ) ) ;
#4807 = ORIENTED_EDGE ( 'NONE', *, *, #3239, .F. ) ;
#4808 = STYLED_ITEM ( 'NONE', ( #5028 ), #1079 ) ;
#4809 = VECTOR ( 'NONE', #1567, 1000.000000000000000 ) ;
#4810 = LINE ( 'NONE', #3550, #601 ) ;
#4811 = CARTESIAN_POINT ( 'NONE',  ( 1.700000000000000178, 0.2999999999999999334, -0.5499999999999994893 ) ) ;
#4812 = PLANE ( 'NONE',  #289 ) ;
#4813 = ORIENTED_EDGE ( 'NONE', *, *, #4916, .F. ) ;
#4814 = AXIS2_PLACEMENT_3D ( 'NONE', #1248, #2491, #2520 ) ;
#4815 = VECTOR ( 'NONE', #5286, 1000.000000000000000 ) ;
#4816 = CARTESIAN_POINT ( 'NONE',  ( -5.190000000000002167, 0.8799999999999997824, -3.200000000547038148 ) ) ;
#4817 = CARTESIAN_POINT ( 'NONE',  ( 2.049999999999998490, 1.699999999999999289, -1.999999999999999556 ) ) ;
#4818 = LINE ( 'NONE', #5158, #4106 ) ;
#4819 = VECTOR ( 'NONE', #3956, 1000.000000000000000 ) ;
#4820 = CARTESIAN_POINT ( 'NONE',  ( 3.450000000281260082, 1.774999999999999689, 3.499999999999919176 ) ) ;
#4821 = LINE ( 'NONE', #2698, #2962 ) ;
#4822 = AXIS2_PLACEMENT_3D ( 'NONE', #5293, #1444, #5351 ) ;
#4823 = ORIENTED_EDGE ( 'NONE', *, *, #2159, .F. ) ;
#4824 = ADVANCED_FACE ( 'NONE', ( #440 ), #3872, .F. ) ;
#4825 = VERTEX_POINT ( 'NONE', #1321 ) ;
#4826 = CARTESIAN_POINT ( 'NONE',  ( 2.918198511713307575, 0.04999999999999922562, -3.499999999999999556 ) ) ;
#4827 = CARTESIAN_POINT ( 'NONE',  ( -3.750000000140619072, 0.3499999999999998113, -3.400000000000000355 ) ) ;
#4828 = CARTESIAN_POINT ( 'NONE',  ( 4.799999999999999822, 1.709999999999999742, 3.499999999999919176 ) ) ;
#4829 = ORIENTED_EDGE ( 'NONE', *, *, #2901, .T. ) ;
#4830 = ORIENTED_EDGE ( 'NONE', *, *, #3752, .F. ) ;
#4831 = EDGE_CURVE ( 'NONE', #5049, #5039, #2367, .T. ) ;
#4832 = DIRECTION ( 'NONE',  ( 0.000000000000000000, 0.000000000000000000, -1.000000000000000000 ) ) ;
#4833 = CARTESIAN_POINT ( 'NONE',  ( 3.550000000281260171, 0.5749999999999998446, -2.999999999999613198 ) ) ;
#4834 = VERTEX_POINT ( 'NONE', #252 ) ;
#4835 = ORIENTED_EDGE ( 'NONE', *, *, #1173, .T. ) ;
#4836 = ORIENTED_EDGE ( 'NONE', *, *, #1994, .T. ) ;
#4837 = LINE ( 'NONE', #996, #1325 ) ;
#4838 = VERTEX_POINT ( 'NONE', #4020 ) ;
#4839 = CARTESIAN_POINT ( 'NONE',  ( -5.190000000000002167, 0.7400000000000001021, -3.399999999999998579 ) ) ;
#4840 = DIRECTION ( 'NONE',  ( 1.000000000000000000, 3.501690811459659482E-31, 1.577021343365640629E-15 ) ) ;
#4841 = FACE_OUTER_BOUND ( 'NONE', #1062, .T. ) ;
#4842 = VECTOR ( 'NONE', #3058, 1000.000000000000000 ) ;
#4843 = ORIENTED_EDGE ( 'NONE', *, *, #3809, .T. ) ;
#4844 = CIRCLE ( 'NONE', #2157, 0.06499999999999994671 ) ;
#4845 = FACE_OUTER_BOUND ( 'NONE', #448, .T. ) ;
#4846 = CARTESIAN_POINT ( 'NONE',  ( -5.190000000000002167, 0.7400000000000001021, 3.399999999999998579 ) ) ;
#4847 = DIRECTION ( 'NONE',  ( -0.000000000000000000, -1.000000000000000000, -0.000000000000000000 ) ) ;
#4848 = DIRECTION ( 'NONE',  ( -1.000000000000000000, -8.673617380697141031E-16, 0.000000000000000000 ) ) ;
#4849 = DIRECTION ( 'NONE',  ( 0.8660254037844385966, 0.000000000000000000, -0.5000000000000000000 ) ) ;
#4850 = ORIENTED_EDGE ( 'NONE', *, *, #2621, .F. ) ;
#4851 = PLANE ( 'NONE',  #1949 ) ;
#4852 = EDGE_LOOP ( 'NONE', ( #4345, #687, #1556, #1137, #1711, #5209, #4991, #4470, #3423, #4258, #2356, #2134, #4299, #4453, #2998, #974, #1301 ) ) ;
#4853 = ORIENTED_EDGE ( 'NONE', *, *, #2751, .F. ) ;
#4854 = DIRECTION ( 'NONE',  ( -0.000000000000000000, -0.000000000000000000, -1.000000000000000000 ) ) ;
#4855 = EDGE_CURVE ( 'NONE', #176, #318, #4493, .T. ) ;
#4856 = CARTESIAN_POINT ( 'NONE',  ( 4.734999999999999432, 1.709999999999999742, -3.499999999999919176 ) ) ;
#4857 = EDGE_CURVE ( 'NONE', #619, #132, #620, .T. ) ;
#4858 = PLANE ( 'NONE',  #1894 ) ;
#4859 = ORIENTED_EDGE ( 'NONE', *, *, #458, .T. ) ;
#4860 = VERTEX_POINT ( 'NONE', #4519 ) ;
#4861 = DIRECTION ( 'NONE',  ( -1.000000000000000000, -0.000000000000000000, -0.000000000000000000 ) ) ;
#4862 = VECTOR ( 'NONE', #3347, 1000.000000000000000 ) ;
#4863 = ORIENTED_EDGE ( 'NONE', *, *, #5295, .F. ) ;
#4864 = AXIS2_PLACEMENT_3D ( 'NONE', #1118, #1589, #4923 ) ;
#4865 = ORIENTED_EDGE ( 'NONE', *, *, #3543, .F. ) ;
#4866 = VECTOR ( 'NONE', #4369, 1000.000000000000000 ) ;
#4867 = CARTESIAN_POINT ( 'NONE',  ( -3.600000000000001421, -7.105427358815680414E-16, -3.200000000547041701 ) ) ;
#4868 = ORIENTED_EDGE ( 'NONE', *, *, #5120, .F. ) ;
#4869 = AXIS2_PLACEMENT_3D ( 'NONE', #3619, #124, #71 ) ;
#4870 = LINE ( 'NONE', #579, #741 ) ;
#4871 = AXIS2_PLACEMENT_3D ( 'NONE', #4876, #1097, #1009 ) ;
#4872 = DIRECTION ( 'NONE',  ( -1.020425574104013071E-15, 0.000000000000000000, 1.000000000000000000 ) ) ;
#4873 = ORIENTED_EDGE ( 'NONE', *, *, #800, .F. ) ;
#4874 = DIRECTION ( 'NONE',  ( 0.000000000000000000, 0.000000000000000000, 1.000000000000000000 ) ) ;
#4875 = LINE ( 'NONE', #3556, #5266 ) ;
#4876 = CARTESIAN_POINT ( 'NONE',  ( 4.734999999999999432, 1.709999999999999742, 2.999999999999613198 ) ) ;
#4877 = CARTESIAN_POINT ( 'NONE',  ( 2.049999999999998490, 1.699999999999999289, -1.999999999999999556 ) ) ;
#4878 = ADVANCED_FACE ( 'NONE', ( #1075 ), #2844, .F. ) ;
#4879 = DIRECTION ( 'NONE',  ( -0.000000000000000000, -0.000000000000000000, 1.000000000000000000 ) ) ;
#4880 = ORIENTED_EDGE ( 'NONE', *, *, #250, .F. ) ;
#4881 = LINE ( 'NONE', #2786, #5168 ) ;
#4882 = ORIENTED_EDGE ( 'NONE', *, *, #821, .T. ) ;
#4883 = EDGE_CURVE ( 'NONE', #5260, #2031, #1042, .T. ) ;
#4884 = LINE ( 'NONE', #1941, #251 ) ;
#4885 = LINE ( 'NONE', #4467, #1404 ) ;
#4886 = EDGE_CURVE ( 'NONE', #2647, #5107, #4884, .T. ) ;
#4887 = CARTESIAN_POINT ( 'NONE',  ( 1.949999999999998623, 2.899999999999999911, 0.5499999999999984901 ) ) ;
#4888 = ORIENTED_EDGE ( 'NONE', *, *, #3081, .T. ) ;
#4889 = VERTEX_POINT ( 'NONE', #2788 ) ;
#4890 = EDGE_CURVE ( 'NONE', #3761, #3467, #2758, .T. ) ;
#4891 = FILL_AREA_STYLE_COLOUR ( '', #2767 ) ;
#4892 = ORIENTED_EDGE ( 'NONE', *, *, #1307, .T. ) ;
#4893 = ADVANCED_FACE ( 'NONE', ( #1130 ), #4466, .F. ) ;
#4894 = LINE ( 'NONE', #662, #2137 ) ;
#4895 = EDGE_LOOP ( 'NONE', ( #5256, #4665, #1250, #4311 ) ) ;
#4896 = CYLINDRICAL_SURFACE ( 'NONE', #3699, 0.06499999999999994671 ) ;
#4897 = LINE ( 'NONE', #4089, #5411 ) ;
#4898 = ORIENTED_EDGE ( 'NONE', *, *, #450, .T. ) ;
#4899 = AXIS2_PLACEMENT_3D ( 'NONE', #4668, #4274, #3007 ) ;
#4900 = VECTOR ( 'NONE', #751, 1000.000000000000000 ) ;
#4901 = DIRECTION ( 'NONE',  ( -0.000000000000000000, -0.000000000000000000, 1.000000000000000000 ) ) ;
#4902 = CARTESIAN_POINT ( 'NONE',  ( 3.650000000281260704, 4.903561885709708184E-16, -3.499999999999919176 ) ) ;
#4903 = LINE ( 'NONE', #1096, #3214 ) ;
#4904 = DIRECTION ( 'NONE',  ( -1.130443199202757152E-16, 1.000000000000000000, 0.000000000000000000 ) ) ;
#4905 = DIRECTION ( 'NONE',  ( -0.9659258262890699775, -0.2588190451025143557, 0.000000000000000000 ) ) ;
#4906 = VECTOR ( 'NONE', #4273, 1000.000000000000000 ) ;
#4907 = LINE ( 'NONE', #99, #2609 ) ;
#4908 = ORIENTED_EDGE ( 'NONE', *, *, #2561, .F. ) ;
#4909 =( NAMED_UNIT ( * ) PLANE_ANGLE_UNIT ( ) SI_UNIT ( $, .RADIAN. ) );
#4910 = VERTEX_POINT ( 'NONE', #1888 ) ;
#4911 = VECTOR ( 'NONE', #4736, 1000.000000000000000 ) ;
#4912 = DIRECTION ( 'NONE',  ( 1.000000000000000000, 0.000000000000000000, -0.000000000000000000 ) ) ;
#4913 =( LENGTH_UNIT ( ) NAMED_UNIT ( * ) SI_UNIT ( .MILLI., .METRE. ) );
#4914 = ADVANCED_FACE ( 'NONE', ( #1492 ), #2308, .F. ) ;
#4915 = CARTESIAN_POINT ( 'NONE',  ( 2.049999999999998490, 2.199999999999999289, -2.000000000000000000 ) ) ;
#4916 = EDGE_CURVE ( 'NONE', #2144, #5392, #4049, .T. ) ;
#4917 = VERTEX_POINT ( 'NONE', #2815 ) ;
#4918 = VECTOR ( 'NONE', #1845, 1000.000000000000000 ) ;
#4919 = VERTEX_POINT ( 'NONE', #3266 ) ;
#4920 = CYLINDRICAL_SURFACE ( 'NONE', #3927, 0.02000000000000005246 ) ;
#4921 = ORIENTED_EDGE ( 'NONE', *, *, #1876, .T. ) ;
#4922 = CARTESIAN_POINT ( 'NONE',  ( -5.150000000000001243, 5.827586677109586333E-16, 3.399999999999998579 ) ) ;
#4923 = DIRECTION ( 'NONE',  ( 0.000000000000000000, 0.000000000000000000, 1.000000000000000000 ) ) ;
#4924 = ORIENTED_EDGE ( 'NONE', *, *, #37, .F. ) ;
#4925 = CARTESIAN_POINT ( 'NONE',  ( -5.190000000000002167, 0.8799999999999997824, -3.399999999999998579 ) ) ;
#4926 = CARTESIAN_POINT ( 'NONE',  ( -5.210000000000001741, 0.7400000000000001021, -3.399999999999998579 ) ) ;
#4927 = DIRECTION ( 'NONE',  ( -0.000000000000000000, -0.000000000000000000, 1.000000000000000000 ) ) ;
#4928 = PLANE ( 'NONE',  #4871 ) ;
#4929 = VECTOR ( 'NONE', #5020, 1000.000000000000000 ) ;
#4930 = DIRECTION ( 'NONE',  ( 0.000000000000000000, -1.000000000000000000, 0.000000000000000000 ) ) ;
#4931 = CARTESIAN_POINT ( 'NONE',  ( -5.250000000000001776, 1.199999999999999956, 3.399999999999998579 ) ) ;
#4932 = ORIENTED_EDGE ( 'NONE', *, *, #5535, .T. ) ;
#4933 = VERTEX_POINT ( 'NONE', #191 ) ;
#4934 = DIRECTION ( 'NONE',  ( 0.000000000000000000, 0.000000000000000000, 1.000000000000000000 ) ) ;
#4935 = ORIENTED_EDGE ( 'NONE', *, *, #1723, .T. ) ;
#4936 = VECTOR ( 'NONE', #4972, 1000.000000000000000 ) ;
#4937 = CARTESIAN_POINT ( 'NONE',  ( -5.190000000000002167, 0.8799999999999997824, 3.399999999999998579 ) ) ;
#4938 = CARTESIAN_POINT ( 'NONE',  ( 4.949999999999999289, 0.5599999999999993872, -3.499999999999919176 ) ) ;
#4939 = CARTESIAN_POINT ( 'NONE',  ( -3.750000000140619072, 1.200000000000001288, -3.399999999999998579 ) ) ;
#4940 = EDGE_CURVE ( 'NONE', #4620, #543, #4473, .T. ) ;
#4941 = EDGE_LOOP ( 'NONE', ( #624, #2814, #4491, #4351 ) ) ;
#4942 = DIRECTION ( 'NONE',  ( -0.000000000000000000, -0.000000000000000000, -1.000000000000000000 ) ) ;
#4943 = EDGE_CURVE ( 'NONE', #543, #4776, #3147, .T. ) ;
#4944 = CARTESIAN_POINT ( 'NONE',  ( 3.450000000281260082, 1.774999999999999689, 2.999999999999613198 ) ) ;
#4945 = LINE ( 'NONE', #5431, #3294 ) ;
#4946 = VERTEX_POINT ( 'NONE', #1915 ) ;
#4947 = CARTESIAN_POINT ( 'NONE',  ( 3.450000000281259194, 0.6999999999999998446, 3.000000000000007550 ) ) ;
#4948 = VERTEX_POINT ( 'NONE', #679 ) ;
#4949 = VECTOR ( 'NONE', #4108, 1000.000000000000000 ) ;
#4950 = DIRECTION ( 'NONE',  ( 1.000000000000000000, 0.000000000000000000, 0.000000000000000000 ) ) ;
#4951 = ADVANCED_FACE ( 'NONE', ( #5397 ), #1545, .F. ) ;
#4952 = VECTOR ( 'NONE', #3332, 1000.000000000000000 ) ;
#4953 = PLANE ( 'NONE',  #2980 ) ;
#4954 = ORIENTED_EDGE ( 'NONE', *, *, #547, .F. ) ;
#4955 = VECTOR ( 'NONE', #3438, 1000.000000000000000 ) ;
#4956 = ADVANCED_FACE ( 'NONE', ( #3629 ), #2427, .F. ) ;
#4957 = CARTESIAN_POINT ( 'NONE',  ( -5.210000000000001741, 0.5600000000000000533, -3.399999999999998579 ) ) ;
#4958 = VECTOR ( 'NONE', #2115, 1000.000000000000000 ) ;
#4959 = DIRECTION ( 'NONE',  ( -0.000000000000000000, -0.000000000000000000, 1.000000000000000000 ) ) ;
#4960 = CARTESIAN_POINT ( 'NONE',  ( 4.334999999999999076, 1.374999999999999778, -3.499999999999919176 ) ) ;
#4961 = LINE ( 'NONE', #2807, #1286 ) ;
#4962 = FACE_OUTER_BOUND ( 'NONE', #1238, .T. ) ;
#4963 = VECTOR ( 'NONE', #3252, 1000.000000000000000 ) ;
#4964 = CARTESIAN_POINT ( 'NONE',  ( -5.230000000000002203, 0.7200000000000000844, -3.399999999999998579 ) ) ;
#4965 = ORIENTED_EDGE ( 'NONE', *, *, #1465, .T. ) ;
#4966 = ORIENTED_EDGE ( 'NONE', *, *, #3623, .F. ) ;
#4967 = CARTESIAN_POINT ( 'NONE',  ( 4.734999999999999432, 1.774999999999999689, 3.499999999999919176 ) ) ;
#4968 = ORIENTED_EDGE ( 'NONE', *, *, #3532, .F. ) ;
#4969 = DIRECTION ( 'NONE',  ( 0.000000000000000000, -0.000000000000000000, 1.000000000000000000 ) ) ;
#4970 = CARTESIAN_POINT ( 'NONE',  ( 4.734999999999999432, 1.709999999999999742, -3.499999999999919176 ) ) ;
#4971 = FACE_OUTER_BOUND ( 'NONE', #162, .T. ) ;
#4972 = DIRECTION ( 'NONE',  ( 0.000000000000000000, 1.000000000000000000, 0.000000000000000000 ) ) ;
#4973 = DIRECTION ( 'NONE',  ( -1.000000000000000000, -0.000000000000000000, -0.000000000000000000 ) ) ;
#4974 = CARTESIAN_POINT ( 'NONE',  ( 3.450000000281259194, 2.850000000000000089, 2.999999999999881428 ) ) ;
#4975 = EDGE_CURVE ( 'NONE', #2570, #727, #4440, .T. ) ;
#4976 = ORIENTED_EDGE ( 'NONE', *, *, #2455, .F. ) ;
#4977 = EDGE_CURVE ( 'NONE', #4948, #511, #278, .T. ) ;
#4978 = LINE ( 'NONE', #1139, #520 ) ;
#4979 = ORIENTED_EDGE ( 'NONE', *, *, #3720, .F. ) ;
#4980 = EDGE_CURVE ( 'NONE', #4221, #2225, #2026, .T. ) ;
#4981 = FACE_OUTER_BOUND ( 'NONE', #438, .T. ) ;
#4982 = EDGE_CURVE ( 'NONE', #1764, #3065, #2896, .T. ) ;
#4983 = VERTEX_POINT ( 'NONE', #3394 ) ;
#4984 = VECTOR ( 'NONE', #462, 1000.000000000000000 ) ;
#4985 = DIRECTION ( 'NONE',  ( 0.000000000000000000, -1.000000000000000000, 0.000000000000000000 ) ) ;
#4986 = CARTESIAN_POINT ( 'NONE',  ( -1.150000000000001688, 1.633012701892218255, -1.566987298107780369 ) ) ;
#4987 = CARTESIAN_POINT ( 'NONE',  ( 3.450000000281259194, 0.6999999999999990674, -3.000000000000007550 ) ) ;
#4988 = DIRECTION ( 'NONE',  ( -1.000000000000000000, 0.000000000000000000, 0.000000000000000000 ) ) ;
#4989 = PLANE ( 'NONE',  #3973 ) ;
#4990 = DIRECTION ( 'NONE',  ( -1.000000000000000000, -1.224646799147353207E-16, 0.000000000000000000 ) ) ;
#4991 = ORIENTED_EDGE ( 'NONE', *, *, #2055, .F. ) ;
#4992 = ORIENTED_EDGE ( 'NONE', *, *, #3620, .T. ) ;
#4993 = DIRECTION ( 'NONE',  ( 0.000000000000000000, 0.000000000000000000, 1.000000000000000000 ) ) ;
#4994 = VERTEX_POINT ( 'NONE', #2973 ) ;
#4995 = VECTOR ( 'NONE', #192, 1000.000000000000000 ) ;
#4996 = CYLINDRICAL_SURFACE ( 'NONE', #3474, 0.06499999999999994671 ) ;
#4997 = DIRECTION ( 'NONE',  ( 1.000000000000000000, 0.000000000000000000, 1.626303259014140435E-15 ) ) ;
#4998 = AXIS2_PLACEMENT_3D ( 'NONE', #2948, #4993, #3287 ) ;
#4999 = LINE ( 'NONE', #3681, #4502 ) ;
#5000 = ADVANCED_FACE ( 'NONE', ( #5501 ), #4996, .F. ) ;
#5001 = DIRECTION ( 'NONE',  ( -1.000000000000000000, -0.000000000000000000, -0.000000000000000000 ) ) ;
#5002 = VECTOR ( 'NONE', #3710, 1000.000000000000000 ) ;
#5003 = DIRECTION ( 'NONE',  ( 0.000000000000000000, 0.000000000000000000, -1.000000000000000000 ) ) ;
#5004 = AXIS2_PLACEMENT_3D ( 'NONE', #3073, #5176, #487 ) ;
#5005 = CARTESIAN_POINT ( 'NONE',  ( -5.250000000000001776, 0.4000000000000000777, 3.399999999999998579 ) ) ;
#5006 = AXIS2_PLACEMENT_3D ( 'NONE', #757, #1232, #3730 ) ;
#5007 = ORIENTED_EDGE ( 'NONE', *, *, #4609, .F. ) ;
#5008 = VECTOR ( 'NONE', #261, 1000.000000000000000 ) ;
#5009 = PLANE ( 'NONE',  #4115 ) ;
#5010 = ORIENTED_EDGE ( 'NONE', *, *, #2316, .F. ) ;
#5011 = VERTEX_POINT ( 'NONE', #1261 ) ;
#5012 = ORIENTED_EDGE ( 'NONE', *, *, #3717, .F. ) ;
#5013 = CARTESIAN_POINT ( 'NONE',  ( -3.750000000140619072, 0.05000000000000071054, 3.200000000547038148 ) ) ;
#5014 = ORIENTED_EDGE ( 'NONE', *, *, #5541, .F. ) ;
#5015 = CARTESIAN_POINT ( 'NONE',  ( -3.850000000140619161, 8.697468197535033146E-16, 3.200000000547038148 ) ) ;
#5016 = CARTESIAN_POINT ( 'NONE',  ( -5.250000000000001776, 0.4000000000000000777, 3.399999999999998579 ) ) ;
#5017 = CARTESIAN_POINT ( 'NONE',  ( -3.850000000140619161, 8.697468197535033146E-16, -3.200000000547038148 ) ) ;
#5018 = LINE ( 'NONE', #298, #3704 ) ;
#5019 = LINE ( 'NONE', #4071, #2908 ) ;
#5020 = DIRECTION ( 'NONE',  ( -0.000000000000000000, -0.000000000000000000, 1.000000000000000000 ) ) ;
#5021 = EDGE_CURVE ( 'NONE', #5557, #1878, #838, .T. ) ;
#5022 = VERTEX_POINT ( 'NONE', #5451 ) ;
#5023 = VERTEX_POINT ( 'NONE', #1625 ) ;
#5024 = PRESENTATION_STYLE_ASSIGNMENT (( #1624 ) ) ;
#5025 = ORIENTED_EDGE ( 'NONE', *, *, #1051, .F. ) ;
#5026 = CARTESIAN_POINT ( 'NONE',  ( -1.783512574052134486E-13, 0.7000000000000000666, 3.499999999999742872 ) ) ;
#5027 = VECTOR ( 'NONE', #1316, 1000.000000000000000 ) ;
#5028 = PRESENTATION_STYLE_ASSIGNMENT (( #5476 ) ) ;
#5029 = ADVANCED_FACE ( 'NONE', ( #3365 ), #5103, .T. ) ;
#5030 = CARTESIAN_POINT ( 'NONE',  ( 1.949999999999998623, 0.2999999999999990452, -2.850000000000000089 ) ) ;
#5031 = EDGE_CURVE ( 'NONE', #3762, #5092, #1996, .T. ) ;
#5032 = EDGE_CURVE ( 'NONE', #511, #1004, #1209, .T. ) ;
#5033 = AXIS2_PLACEMENT_3D ( 'NONE', #1108, #4633, #786 ) ;
#5034 = EDGE_CURVE ( 'NONE', #4743, #3102, #3705, .T. ) ;
#5035 = ADVANCED_FACE ( 'NONE', ( #5076 ), #4241, .T. ) ;
#5036 = LINE ( 'NONE', #340, #3684 ) ;
#5037 = VERTEX_POINT ( 'NONE', #2450 ) ;
#5038 = LINE ( 'NONE', #2142, #4560 ) ;
#5039 = VERTEX_POINT ( 'NONE', #4603 ) ;
#5040 = CARTESIAN_POINT ( 'NONE',  ( -3.750000000140619072, 0.05000000000000071054, 3.200000000547038148 ) ) ;
#5041 = ORIENTED_EDGE ( 'NONE', *, *, #4474, .F. ) ;
#5042 = DIRECTION ( 'NONE',  ( -0.000000000000000000, -0.000000000000000000, 1.000000000000000000 ) ) ;
#5043 = DIRECTION ( 'NONE',  ( 0.000000000000000000, -1.000000000000000000, 0.000000000000000000 ) ) ;
#5044 = DIRECTION ( 'NONE',  ( 1.000000000000000000, -8.758115402030108638E-47, 0.000000000000000000 ) ) ;
#5045 = FACE_OUTER_BOUND ( 'NONE', #1518, .T. ) ;
#5046 = CARTESIAN_POINT ( 'NONE',  ( -3.850000000140619161, 8.697468197535033146E-16, -3.399999999999998579 ) ) ;
#5047 = VECTOR ( 'NONE', #388, 1000.000000000000000 ) ;
#5048 = LINE ( 'NONE', #2866, #1179 ) ;
#5050 = ADVANCED_FACE ( 'NONE', ( #2482 ), #304, .F. ) ;
#5049 = VERTEX_POINT ( 'NONE', #782 ) ;
#5051 = ORIENTED_EDGE ( 'NONE', *, *, #3583, .T. ) ;
#5052 = EDGE_CURVE ( 'NONE', #5270, #205, #2926, .T. ) ;
#5053 = DIRECTION ( 'NONE',  ( -1.000000000000000000, 0.000000000000000000, 0.000000000000000000 ) ) ;
#5054 = PLANE ( 'NONE',  #3375 ) ;
#5055 = ADVANCED_FACE ( 'NONE', ( #4162 ), #5524, .F. ) ;
#5056 = CARTESIAN_POINT ( 'NONE',  ( -5.190000000000002167, 0.5600000000000000533, 3.399999999999998579 ) ) ;
#5057 = PLANE ( 'NONE',  #5033 ) ;
#5058 = EDGE_CURVE ( 'NONE', #5392, #4292, #332, .T. ) ;
#5059 = ORIENTED_EDGE ( 'NONE', *, *, #3135, .T. ) ;
#5060 = DIRECTION ( 'NONE',  ( 0.000000000000000000, 0.000000000000000000, -1.000000000000000000 ) ) ;
#5061 = ADVANCED_FACE ( 'NONE', ( #4630 ), #2950, .T. ) ;
#5062 = LINE ( 'NONE', #4616, #4293 ) ;
#5063 = AXIS2_PLACEMENT_3D ( 'NONE', #2177, #2965, #1357 ) ;
#5064 = EDGE_LOOP ( 'NONE', ( #276, #3605, #1715, #2537 ) ) ;
#5065 = PRESENTATION_STYLE_ASSIGNMENT (( #346 ) ) ;
#5066 = VERTEX_POINT ( 'NONE', #4786 ) ;
#5067 = CARTESIAN_POINT ( 'NONE',  ( 4.864999999999999325, 0.6899999999999998357, -3.499999999999919176 ) ) ;
#5068 = CARTESIAN_POINT ( 'NONE',  ( 3.450000000281259194, 2.849999999999999645, -3.750000000000001332 ) ) ;
#5069 = LINE ( 'NONE', #2417, #959 ) ;
#5070 = LINE ( 'NONE', #5098, #4248 ) ;
#5071 = DIRECTION ( 'NONE',  ( 1.000000000000000000, 0.000000000000000000, 0.000000000000000000 ) ) ;
#5072 = CARTESIAN_POINT ( 'NONE',  ( -4.600000000000001421, 2.099999999999999645, -3.750000000000000888 ) ) ;
#5073 = EDGE_LOOP ( 'NONE', ( #2133, #3820, #1993, #166 ) ) ;
#5074 = ORIENTED_EDGE ( 'NONE', *, *, #5405, .F. ) ;
#5075 = ORIENTED_EDGE ( 'NONE', *, *, #5123, .T. ) ;
#5076 = FACE_OUTER_BOUND ( 'NONE', #1683, .T. ) ;
#5077 = CARTESIAN_POINT ( 'NONE',  ( 2.899999999999998135, 0.000000000000000000, 3.499999999999919176 ) ) ;
#5078 = DIRECTION ( 'NONE',  ( 0.000000000000000000, 0.000000000000000000, 1.000000000000000000 ) ) ;
#5079 = CARTESIAN_POINT ( 'NONE',  ( -5.250000000000000888, 1.084202172485504434E-15, 3.200000000547037704 ) ) ;
#5080 = ORIENTED_EDGE ( 'NONE', *, *, #345, .T. ) ;
#5081 = VERTEX_POINT ( 'NONE', #2185 ) ;
#5082 = AXIS2_PLACEMENT_3D ( 'NONE', #4970, #5344, #2759 ) ;
#5083 = VECTOR ( 'NONE', #4707, 1000.000000000000000 ) ;
#5084 = CIRCLE ( 'NONE', #3297, 0.02000000000000005246 ) ;
#5085 = ADVANCED_FACE ( 'NONE', ( #3418 ), #3949, .F. ) ;
#5086 = DIRECTION ( 'NONE',  ( 0.000000000000000000, -0.000000000000000000, -1.000000000000000000 ) ) ;
#5087 = CARTESIAN_POINT ( 'NONE',  ( 1.699999999999998401, 0.2999999999999999334, 0.5499999999999990452 ) ) ;
#5088 = AXIS2_PLACEMENT_3D ( 'NONE', #2087, #1686, #5559 ) ;
#5089 = VECTOR ( 'NONE', #3128, 1000.000000000000000 ) ;
#5090 = FACE_OUTER_BOUND ( 'NONE', #932, .T. ) ;
#5091 = AXIS2_PLACEMENT_3D ( 'NONE', #3006, #4715, #4302 ) ;
#5092 = VERTEX_POINT ( 'NONE', #2612 ) ;
#5093 = CARTESIAN_POINT ( 'NONE',  ( 5.249999999999998224, 0.6999999999999998446, 2.900000000000007461 ) ) ;
#5094 = VECTOR ( 'NONE', #313, 1000.000000000000000 ) ;
#5095 = ORIENTED_EDGE ( 'NONE', *, *, #4982, .T. ) ;
#5096 = DIRECTION ( 'NONE',  ( -0.000000000000000000, -0.000000000000000000, 1.000000000000000000 ) ) ;
#5097 = LINE ( 'NONE', #882, #5510 ) ;
#5098 = CARTESIAN_POINT ( 'NONE',  ( -3.750000000140619072, 1.199999999999999734, 3.749999999999998668 ) ) ;
#5099 = DIRECTION ( 'NONE',  ( -1.000000000000000000, 0.000000000000000000, 0.000000000000000000 ) ) ;
#5100 = EDGE_LOOP ( 'NONE', ( #5287, #283, #1256, #1571 ) ) ;
#5101 = ORIENTED_EDGE ( 'NONE', *, *, #825, .T. ) ;
#5102 = ORIENTED_EDGE ( 'NONE', *, *, #5191, .T. ) ;
#5103 = CYLINDRICAL_SURFACE ( 'NONE', #5539, 0.06499999999999994671 ) ;
#5104 =( NAMED_UNIT ( * ) SI_UNIT ( $, .STERADIAN. ) SOLID_ANGLE_UNIT ( ) );
#5105 = PLANE ( 'NONE',  #3349 ) ;
#5106 = CARTESIAN_POINT ( 'NONE',  ( 4.399999999999999467, 1.309999999999999831, -3.499999999999919176 ) ) ;
#5107 = VERTEX_POINT ( 'NONE', #1785 ) ;
#5108 = ORIENTED_EDGE ( 'NONE', *, *, #2877, .F. ) ;
#5109 = SURFACE_STYLE_FILL_AREA ( #4639 ) ;
#5110 = CARTESIAN_POINT ( 'NONE',  ( -5.250000000000001776, 0.9000000000000001332, 3.399999999999998579 ) ) ;
#5111 = EDGE_CURVE ( 'NONE', #4352, #3162, #2640, .T. ) ;
#5112 = EDGE_CURVE ( 'NONE', #5347, #2563, #4295, .T. ) ;
#5113 = EDGE_LOOP ( 'NONE', ( #3511, #3422, #3242, #4371 ) ) ;
#5114 = VECTOR ( 'NONE', #3027, 1000.000000000000000 ) ;
#5115 = VECTOR ( 'NONE', #5254, 1000.000000000000000 ) ;
#5116 = LINE ( 'NONE', #4278, #1163 ) ;
#5117 = ORIENTED_EDGE ( 'NONE', *, *, #4636, .F. ) ;
#5118 = DIRECTION ( 'NONE',  ( 1.000000000000000000, -0.000000000000000000, -0.000000000000000000 ) ) ;
#5119 = ORIENTED_EDGE ( 'NONE', *, *, #5335, .T. ) ;
#5120 = EDGE_CURVE ( 'NONE', #1360, #2570, #3922, .T. ) ;
#5121 = DIRECTION ( 'NONE',  ( -0.000000000000000000, -1.000000000000000000, 2.220446049250313574E-16 ) ) ;
#5122 = PLANE ( 'NONE',  #2649 ) ;
#5123 = EDGE_CURVE ( 'NONE', #3638, #3876, #1814, .T. ) ;
#5124 = DIRECTION ( 'NONE',  ( 0.000000000000000000, -2.891205793294678326E-16, -1.000000000000000000 ) ) ;
#5125 = CARTESIAN_POINT ( 'NONE',  ( -5.210000000000001741, 0.8800000000000000044, -3.200000000547038148 ) ) ;
#5126 = VERTEX_POINT ( 'NONE', #5157 ) ;
#5127 = EDGE_CURVE ( 'NONE', #2247, #470, #1339, .T. ) ;
#5128 = VERTEX_POINT ( 'NONE', #4320 ) ;
#5129 = LINE ( 'NONE', #4817, #4911 ) ;
#5130 = DIRECTION ( 'NONE',  ( -0.000000000000000000, -0.000000000000000000, -1.000000000000000000 ) ) ;
#5131 = VECTOR ( 'NONE', #178, 1000.000000000000114 ) ;
#5132 = LINE ( 'NONE', #2951, #375 ) ;
#5133 = LINE ( 'NONE', #1292, #3683 ) ;
#5134 = COLOUR_RGB ( '',0.7921568627450980005, 0.8196078431372548767, 0.9333333333333333481 ) ;
#5135 = ORIENTED_EDGE ( 'NONE', *, *, #2455, .T. ) ;
#5136 = EDGE_LOOP ( 'NONE', ( #5080, #3517, #2312, #2680, #2693, #3229, #4294, #3004, #1799, #1530, #5424, #2868 ) ) ;
#5137 = VECTOR ( 'NONE', #4209, 1000.000000000000000 ) ;
#5138 = LINE ( 'NONE', #984, #2596 ) ;
#5139 = AXIS2_PLACEMENT_3D ( 'NONE', #324, #1516, #672 ) ;
#5140 = DIRECTION ( 'NONE',  ( -1.000000000000000000, 0.000000000000000000, 0.000000000000000000 ) ) ;
#5141 = AXIS2_PLACEMENT_3D ( 'NONE', #525, #2244, #3529 ) ;
#5142 = VERTEX_POINT ( 'NONE', #916 ) ;
#5143 = EDGE_CURVE ( 'NONE', #4777, #987, #4376, .T. ) ;
#5144 = CARTESIAN_POINT ( 'NONE',  ( 3.650000000281259815, 0.1000000000000004774, -2.999999999999613198 ) ) ;
#5145 = EDGE_CURVE ( 'NONE', #1748, #3119, #946, .T. ) ;
#5146 = LINE ( 'NONE', #1198, #4952 ) ;
#5147 = EDGE_CURVE ( 'NONE', #2161, #2193, #5129, .T. ) ;
#5148 = VERTEX_POINT ( 'NONE', #888 ) ;
#5149 = CARTESIAN_POINT ( 'NONE',  ( -4.250000000000000888, 3.199999999999999289, -2.277350269189625909 ) ) ;
#5150 = FACE_OUTER_BOUND ( 'NONE', #4696, .T. ) ;
#5151 = ADVANCED_FACE ( 'NONE', ( #4346 ), #96, .T. ) ;
#5152 = PLANE ( 'NONE',  #2093 ) ;
#5153 = ADVANCED_FACE ( 'NONE', ( #1288 ), #524, .F. ) ;
#5154 = LINE ( 'NONE', #1281, #4427 ) ;
#5155 = VERTEX_POINT ( 'NONE', #2243 ) ;
#5156 = VERTEX_POINT ( 'NONE', #2212 ) ;
#5157 = CARTESIAN_POINT ( 'NONE',  ( -4.759252271188818106, 0.3499999999999999223, 3.750000000000000000 ) ) ;
#5158 = CARTESIAN_POINT ( 'NONE',  ( 2.049999999999998490, 2.199999999999999734, 2.000000000000000000 ) ) ;
#5159 = DIRECTION ( 'NONE',  ( 0.000000000000000000, 1.000000000000000000, -2.220446049250313574E-16 ) ) ;
#5160 = CARTESIAN_POINT ( 'NONE',  ( -4.250000000000000888, 2.099999999999999645, -3.750000000000000444 ) ) ;
#5161 = ORIENTED_EDGE ( 'NONE', *, *, #3578, .T. ) ;
#5162 = ORIENTED_EDGE ( 'NONE', *, *, #1267, .F. ) ;
#5163 = DIRECTION ( 'NONE',  ( 0.000000000000000000, 0.000000000000000000, 1.000000000000000000 ) ) ;
#5164 = LINE ( 'NONE', #4794, #4547 ) ;
#5165 = VERTEX_POINT ( 'NONE', #3 ) ;
#5166 = VECTOR ( 'NONE', #999, 1000.000000000000000 ) ;
#5167 = ORIENTED_EDGE ( 'NONE', *, *, #2168, .F. ) ;
#5168 = VECTOR ( 'NONE', #1519, 1000.000000000000000 ) ;
#5169 = DIRECTION ( 'NONE',  ( -0.000000000000000000, -0.000000000000000000, -1.000000000000000000 ) ) ;
#5170 = CARTESIAN_POINT ( 'NONE',  ( -3.850000000140619161, 8.697468197535033146E-16, -3.200000000547038148 ) ) ;
#5171 = CIRCLE ( 'NONE', #3746, 0.06499999999999994671 ) ;
#5172 = CARTESIAN_POINT ( 'NONE',  ( 4.949999999999999289, 0.5599999999999993872, 2.999999999999613198 ) ) ;
#5173 = ORIENTED_EDGE ( 'NONE', *, *, #3400, .F. ) ;
#5174 = VERTEX_POINT ( 'NONE', #5245 ) ;
#5175 = VECTOR ( 'NONE', #2372, 1000.000000000000000 ) ;
#5176 = DIRECTION ( 'NONE',  ( 1.000000000000000000, -6.195440985631461234E-15, 0.000000000000000000 ) ) ;
#5177 = CARTESIAN_POINT ( 'NONE',  ( -3.050000000000001599, 0.2999999999999999334, -0.5500000000000003775 ) ) ;
#5178 = CARTESIAN_POINT ( 'NONE',  ( 3.450000000281259194, 0.7000000000000009548, 2.999999999999881872 ) ) ;
#5179 = AXIS2_PLACEMENT_3D ( 'NONE', #4593, #5385, #1094 ) ;
#5180 = FACE_OUTER_BOUND ( 'NONE', #363, .T. ) ;
#5181 = VECTOR ( 'NONE', #434, 1000.000000000000000 ) ;
#5182 = VERTEX_POINT ( 'NONE', #860 ) ;
#5183 = ORIENTED_EDGE ( 'NONE', *, *, #4140, .F. ) ;
#5184 = CARTESIAN_POINT ( 'NONE',  ( -5.230000000000002203, 0.7200000000000000844, 3.399999999999998579 ) ) ;
#5185 = CARTESIAN_POINT ( 'NONE',  ( -4.759252271188818106, 0.3499999999999999223, -3.400000000000000355 ) ) ;
#5186 = ADVANCED_FACE ( 'NONE', ( #1393 ), #3104, .F. ) ;
#5187 = FACE_OUTER_BOUND ( 'NONE', #3661, .T. ) ;
#5188 = LINE ( 'NONE', #2975, #3770 ) ;
#5189 = VERTEX_POINT ( 'NONE', #4266 ) ;
#5190 = VERTEX_POINT ( 'NONE', #2586 ) ;
#5191 = EDGE_CURVE ( 'NONE', #1116, #3156, #408, .T. ) ;
#5192 = CARTESIAN_POINT ( 'NONE',  ( 2.299999999999998934, 6.439293542825925487E-16, 2.900000000000007461 ) ) ;
#5193 = EDGE_CURVE ( 'NONE', #5313, #4388, #4903, .T. ) ;
#5194 = FACE_OUTER_BOUND ( 'NONE', #3572, .T. ) ;
#5195 = EDGE_CURVE ( 'NONE', #5107, #4834, #3254, .T. ) ;
#5196 = ORIENTED_EDGE ( 'NONE', *, *, #5435, .F. ) ;
#5197 = ORIENTED_EDGE ( 'NONE', *, *, #1161, .T. ) ;
#5198 = ORIENTED_EDGE ( 'NONE', *, *, #1186, .T. ) ;
#5199 = EDGE_CURVE ( 'NONE', #4352, #4220, #2695, .T. ) ;
#5200 = FACE_OUTER_BOUND ( 'NONE', #3999, .T. ) ;
#5201 = VECTOR ( 'NONE', #1795, 999.9999999999998863 ) ;
#5202 = DIRECTION ( 'NONE',  ( 0.000000000000000000, 1.000000000000000000, 0.000000000000000000 ) ) ;
#5203 = EDGE_LOOP ( 'NONE', ( #343, #3010, #1957, #1126 ) ) ;
#5204 = VECTOR ( 'NONE', #5001, 1000.000000000000000 ) ;
#5205 = LINE ( 'NONE', #2324, #2857 ) ;
#5206 = CARTESIAN_POINT ( 'NONE',  ( 4.865000000000000213, 0.6249999999999998890, -2.999999999999613198 ) ) ;
#5207 = LINE ( 'NONE', #4288, #4955 ) ;
#5208 = FACE_OUTER_BOUND ( 'NONE', #3668, .T. ) ;
#5209 = ORIENTED_EDGE ( 'NONE', *, *, #5225, .F. ) ;
#5210 = CARTESIAN_POINT ( 'NONE',  ( -1.150000000000001688, 1.199999999999998845, 1.999999999999999556 ) ) ;
#5211 = DIRECTION ( 'NONE',  ( -0.3420201433256629397, -0.9396926207859104263, -0.000000000000000000 ) ) ;
#5212 = CARTESIAN_POINT ( 'NONE',  ( -1.150000000000001688, 0.000000000000000000, 1.566987298107780369 ) ) ;
#5213 = ADVANCED_FACE ( 'NONE', ( #2806 ), #1067, .F. ) ;
#5214 = EDGE_CURVE ( 'NONE', #2647, #1309, #4069, .T. ) ;
#5215 = CARTESIAN_POINT ( 'NONE',  ( -3.750000000140619072, 1.200000000000000400, -2.664550187233489303E-16 ) ) ;
#5216 = DIRECTION ( 'NONE',  ( 1.000000000000000000, 0.000000000000000000, 0.000000000000000000 ) ) ;
#5217 = ORIENTED_EDGE ( 'NONE', *, *, #112, .T. ) ;
#5218 = ORIENTED_EDGE ( 'NONE', *, *, #1719, .F. ) ;
#5219 = EDGE_CURVE ( 'NONE', #824, #2232, #3979, .T. ) ;
#5220 = CIRCLE ( 'NONE', #2903, 0.02000000000000005246 ) ;
#5221 = DIRECTION ( 'NONE',  ( -1.000000000000000000, 0.000000000000000000, 0.000000000000000000 ) ) ;
#5222 = DIRECTION ( 'NONE',  ( 0.000000000000000000, 0.000000000000000000, 1.000000000000000000 ) ) ;
#5223 = ADVANCED_FACE ( 'NONE', ( #4406 ), #1880, .F. ) ;
#5224 = LINE ( 'NONE', #986, #83 ) ;
#5225 = EDGE_CURVE ( 'NONE', #1040, #55, #1483, .T. ) ;
#5226 = ORIENTED_EDGE ( 'NONE', *, *, #3133, .T. ) ;
#5227 = ORIENTED_EDGE ( 'NONE', *, *, #3400, .T. ) ;
#5228 = VECTOR ( 'NONE', #5468, 1000.000000000000000 ) ;
#5229 = VECTOR ( 'NONE', #2266, 1000.000000000000000 ) ;
#5230 = CARTESIAN_POINT ( 'NONE',  ( -5.210000000000002629, 0.4000000000000000777, -3.399999999999998579 ) ) ;
#5231 = ORIENTED_EDGE ( 'NONE', *, *, #1626, .F. ) ;
#5232 = VECTOR ( 'NONE', #641, 999.9999999999998863 ) ;
#5233 = CARTESIAN_POINT ( 'NONE',  ( 4.884999999999999787, 0.5599999999999999423, 3.499999999999919176 ) ) ;
#5234 = ORIENTED_EDGE ( 'NONE', *, *, #4857, .F. ) ;
#5235 = ORIENTED_EDGE ( 'NONE', *, *, #1381, .T. ) ;
#5236 = CARTESIAN_POINT ( 'NONE',  ( 4.865000000000000213, 0.6249999999999998890, 3.499999999999919176 ) ) ;
#5237 = ORIENTED_EDGE ( 'NONE', *, *, #4733, .F. ) ;
#5238 = FACE_OUTER_BOUND ( 'NONE', #3954, .T. ) ;
#5239 = FACE_OUTER_BOUND ( 'NONE', #1649, .T. ) ;
#5240 = EDGE_CURVE ( 'NONE', #4838, #3341, #1963, .T. ) ;
#5241 = CARTESIAN_POINT ( 'NONE',  ( -5.230000000000002203, 0.7200000000000000844, 3.200000000547038148 ) ) ;
#5242 = ORIENTED_EDGE ( 'NONE', *, *, #846, .T. ) ;
#5243 = LINE ( 'NONE', #1731, #858 ) ;
#5244 = EDGE_CURVE ( 'NONE', #4776, #2225, #3168, .T. ) ;
#5245 = CARTESIAN_POINT ( 'NONE',  ( -5.250000000000001776, 0.9000000000000001332, 3.399999999999998579 ) ) ;
#5246 = LINE ( 'NONE', #3592, #2987 ) ;
#5247 = VECTOR ( 'NONE', #457, 1000.000000000000000 ) ;
#5248 = CARTESIAN_POINT ( 'NONE',  ( 3.550000000281260171, 0.5749999999999998446, 2.999999999999613198 ) ) ;
#5249 = DIRECTION ( 'NONE',  ( -0.000000000000000000, 2.220446049250313574E-16, 1.000000000000000000 ) ) ;
#5250 = EDGE_LOOP ( 'NONE', ( #3664, #100, #5357, #701 ) ) ;
#5251 = ORIENTED_EDGE ( 'NONE', *, *, #331, .T. ) ;
#5252 = VECTOR ( 'NONE', #4959, 1000.000000000000000 ) ;
#5253 = FACE_OUTER_BOUND ( 'NONE', #2242, .T. ) ;
#5254 = DIRECTION ( 'NONE',  ( -0.000000000000000000, -1.000000000000000000, -0.000000000000000000 ) ) ;
#5255 = LINE ( 'NONE', #4828, #4815 ) ;
#5256 = ORIENTED_EDGE ( 'NONE', *, *, #5032, .F. ) ;
#5257 = ORIENTED_EDGE ( 'NONE', *, *, #477, .F. ) ;
#5258 = LINE ( 'NONE', #3963, #3919 ) ;
#5259 = CARTESIAN_POINT ( 'NONE',  ( -5.250000000000001776, 0.4000000000000000777, 3.200000000547038148 ) ) ;
#5260 = VERTEX_POINT ( 'NONE', #5305 ) ;
#5261 = EDGE_LOOP ( 'NONE', ( #277, #262, #2373, #4047 ) ) ;
#5262 = ORIENTED_EDGE ( 'NONE', *, *, #4799, .F. ) ;
#5263 = PRESENTATION_LAYER_ASSIGNMENT (  '', '', ( #231 ) ) ;
#5264 = CARTESIAN_POINT ( 'NONE',  ( -5.230000000000002203, 0.5800000000000000711, 3.200000000547038148 ) ) ;
#5265 = ORIENTED_EDGE ( 'NONE', *, *, #2983, .F. ) ;
#5266 = VECTOR ( 'NONE', #1425, 1000.000000000000000 ) ;
#5267 = LINE ( 'NONE', #3130, #4009 ) ;
#5268 = CARTESIAN_POINT ( 'NONE',  ( 2.899999999999998135, 0.000000000000000000, -3.499999999999999556 ) ) ;
#5269 = CARTESIAN_POINT ( 'NONE',  ( -1.150000000000001688, 0.000000000000000000, 1.933012701892218521 ) ) ;
#5270 = VERTEX_POINT ( 'NONE', #2300 ) ;
#5271 = AXIS2_PLACEMENT_3D ( 'NONE', #2653, #3577, #447 ) ;
#5272 = ADVANCED_FACE ( 'NONE', ( #5337 ), #3671, .F. ) ;
#5273 = AXIS2_PLACEMENT_3D ( 'NONE', #4234, #4286, #2575 ) ;
#5274 = CARTESIAN_POINT ( 'NONE',  ( -5.210000000000001741, 0.7400000000000001021, 3.399999999999998579 ) ) ;
#5275 = DIRECTION ( 'NONE',  ( 1.000000000000000000, 0.000000000000000000, 0.000000000000000000 ) ) ;
#5276 = CARTESIAN_POINT ( 'NONE',  ( -3.600000000000003197, 0.05000000000000071054, 3.200000000547038148 ) ) ;
#5277 = VECTOR ( 'NONE', #1677, 1000.000000000000000 ) ;
#5278 = DIRECTION ( 'NONE',  ( 0.000000000000000000, 0.000000000000000000, 1.000000000000000000 ) ) ;
#5279 = CARTESIAN_POINT ( 'NONE',  ( 4.884999999999998899, 6.640738306473714658E-16, 3.499999999999919176 ) ) ;
#5280 = VECTOR ( 'NONE', #4175, 1000.000000000000000 ) ;
#5281 = ORIENTED_EDGE ( 'NONE', *, *, #2141, .F. ) ;
#5282 = DIRECTION ( 'NONE',  ( 0.000000000000000000, 0.000000000000000000, -1.000000000000000000 ) ) ;
#5283 = ORIENTED_EDGE ( 'NONE', *, *, #1001, .F. ) ;
#5284 = CARTESIAN_POINT ( 'NONE',  ( -5.210000000000001741, 0.8800000000000000044, 3.399999999999998579 ) ) ;
#5285 = DIRECTION ( 'NONE',  ( 0.000000000000000000, 1.000000000000000000, 0.000000000000000000 ) ) ;
#5286 = DIRECTION ( 'NONE',  ( -0.000000000000000000, 1.000000000000000000, -0.000000000000000000 ) ) ;
#5287 = ORIENTED_EDGE ( 'NONE', *, *, #492, .F. ) ;
#5288 = VERTEX_POINT ( 'NONE', #4960 ) ;
#5289 = CARTESIAN_POINT ( 'NONE',  ( -4.250000000000000888, 2.099999999999999645, 3.750000000000001332 ) ) ;
#5290 = ORIENTED_EDGE ( 'NONE', *, *, #4916, .T. ) ;
#5291 = VERTEX_POINT ( 'NONE', #2271 ) ;
#5292 = ORIENTED_EDGE ( 'NONE', *, *, #1716, .T. ) ;
#5293 = CARTESIAN_POINT ( 'NONE',  ( 3.650000000281259815, 0.1000000000000004774, 2.999999999999613198 ) ) ;
#5294 = ORIENTED_EDGE ( 'NONE', *, *, #5425, .F. ) ;
#5295 = EDGE_CURVE ( 'NONE', #5374, #3995, #122, .T. ) ;
#5296 = LINE ( 'NONE', #4974, #2574 ) ;
#5297 = LINE ( 'NONE', #2354, #2809 ) ;
#5298 = CARTESIAN_POINT ( 'NONE',  ( 3.650000000281260704, 4.903561885709708184E-16, 2.999999999999613198 ) ) ;
#5299 = EDGE_CURVE ( 'NONE', #3581, #4687, #4875, .T. ) ;
#5300 = AXIS2_PLACEMENT_3D ( 'NONE', #4599, #3225, #4990 ) ;
#5301 = VERTEX_POINT ( 'NONE', #1034 ) ;
#5302 = VECTOR ( 'NONE', #3769, 1000.000000000000000 ) ;
#5303 = ADVANCED_FACE ( 'NONE', ( #3137 ), #612, .F. ) ;
#5304 = PLANE ( 'NONE',  #225 ) ;
#5305 = CARTESIAN_POINT ( 'NONE',  ( 3.450000000281259194, 0.6999999999999992895, -3.000000000000004885 ) ) ;
#5306 = LINE ( 'NONE', #643, #3709 ) ;
#5307 = CARTESIAN_POINT ( 'NONE',  ( 3.550000000281260171, 0.1000000000000011852, -2.999999999999613198 ) ) ;
#5308 = ADVANCED_FACE ( 'NONE', ( #584 ), #4011, .F. ) ;
#5309 = CARTESIAN_POINT ( 'NONE',  ( -2.050000000000001155, 2.100000000000000977, -2.849999999999999201 ) ) ;
#5310 = VERTEX_POINT ( 'NONE', #3617 ) ;
#5311 = CYLINDRICAL_SURFACE ( 'NONE', #3109, 0.02000000000000005246 ) ;
#5312 = VERTEX_POINT ( 'NONE', #3194 ) ;
#5313 = VERTEX_POINT ( 'NONE', #5361 ) ;
#5314 = DIRECTION ( 'NONE',  ( -1.000000000000000000, 0.000000000000000000, 0.000000000000000000 ) ) ;
#5315 = DIRECTION ( 'NONE',  ( -1.000000000000000000, -0.000000000000000000, -0.000000000000000000 ) ) ;
#5316 = VERTEX_POINT ( 'NONE', #1513 ) ;
#5317 = VERTEX_POINT ( 'NONE', #2919 ) ;
#5318 = EDGE_CURVE ( 'NONE', #4415, #2842, #3778, .T. ) ;
#5319 = CARTESIAN_POINT ( 'NONE',  ( -4.759252271188818106, 0.3499999999999999223, 3.750000000000000000 ) ) ;
#5320 = VERTEX_POINT ( 'NONE', #1122 ) ;
#5321 = VECTOR ( 'NONE', #3867, 1000.000000000000114 ) ;
#5322 = AXIS2_PLACEMENT_3D ( 'NONE', #5013, #4504, #1507 ) ;
#5323 = ORIENTED_EDGE ( 'NONE', *, *, #2964, .T. ) ;
#5324 = FACE_OUTER_BOUND ( 'NONE', #216, .T. ) ;
#5325 = EDGE_LOOP ( 'NONE', ( #4046, #3226, #2532, #2832 ) ) ;
#5326 = EDGE_CURVE ( 'NONE', #3716, #5406, #449, .T. ) ;
#5327 = AXIS2_PLACEMENT_3D ( 'NONE', #2783, #1619, #4489 ) ;
#5328 = LINE ( 'NONE', #2296, #559 ) ;
#5329 = AXIS2_PLACEMENT_3D ( 'NONE', #3500, #4787, #2156 ) ;
#5330 = EDGE_CURVE ( 'NONE', #3478, #303, #1501, .T. ) ;
#5331 = FACE_OUTER_BOUND ( 'NONE', #1283, .T. ) ;
#5332 = ORIENTED_EDGE ( 'NONE', *, *, #1665, .F. ) ;
#5333 = EDGE_CURVE ( 'NONE', #4777, #2230, #2172, .T. ) ;
#5334 = EDGE_CURVE ( 'NONE', #4534, #4946, #3696, .T. ) ;
#5335 = EDGE_CURVE ( 'NONE', #3284, #1355, #1054, .T. ) ;
#5336 = DIRECTION ( 'NONE',  ( -0.000000000000000000, -0.000000000000000000, -1.000000000000000000 ) ) ;
#5337 = FACE_OUTER_BOUND ( 'NONE', #2343, .T. ) ;
#5338 = CARTESIAN_POINT ( 'NONE',  ( 4.949999999999999289, 0.06500000000000109857, 3.499999999999919176 ) ) ;
#5339 = DIRECTION ( 'NONE',  ( -0.000000000000000000, -0.000000000000000000, -1.000000000000000000 ) ) ;
#5340 = DIRECTION ( 'NONE',  ( 0.000000000000000000, 0.000000000000000000, -1.000000000000000000 ) ) ;
#5341 = DIRECTION ( 'NONE',  ( 0.000000000000000000, 0.000000000000000000, 1.000000000000000000 ) ) ;
#5342 = EDGE_LOOP ( 'NONE', ( #3911, #4954, #116, #2811 ) ) ;
#5343 = CARTESIAN_POINT ( 'NONE',  ( -5.190000000000002167, 0.7400000000000001021, -3.399999999999998579 ) ) ;
#5344 = DIRECTION ( 'NONE',  ( 0.000000000000000000, -0.000000000000000000, 1.000000000000000000 ) ) ;
#5345 = LINE ( 'NONE', #4887, #2346 ) ;
#5346 = ORIENTED_EDGE ( 'NONE', *, *, #2426, .F. ) ;
#5347 = VERTEX_POINT ( 'NONE', #1644 ) ;
#5348 = DIRECTION ( 'NONE',  ( -1.000000000000000000, -0.000000000000000000, -0.000000000000000000 ) ) ;
#5349 = VECTOR ( 'NONE', #4319, 1000.000000000000000 ) ;
#5350 = VERTEX_POINT ( 'NONE', #1148 ) ;
#5351 = DIRECTION ( 'NONE',  ( -1.000000000000000000, 0.000000000000000000, 0.000000000000000000 ) ) ;
#5352 = EDGE_LOOP ( 'NONE', ( #513, #2436, #3971, #779 ) ) ;
#5353 = FACE_OUTER_BOUND ( 'NONE', #3651, .T. ) ;
#5354 = FACE_OUTER_BOUND ( 'NONE', #4389, .T. ) ;
#5355 = ORIENTED_EDGE ( 'NONE', *, *, #2395, .F. ) ;
#5356 = VECTOR ( 'NONE', #4307, 1000.000000000000000 ) ;
#5357 = ORIENTED_EDGE ( 'NONE', *, *, #393, .F. ) ;
#5358 = DIRECTION ( 'NONE',  ( 0.000000000000000000, 0.000000000000000000, -1.000000000000000000 ) ) ;
#5359 = EDGE_CURVE ( 'NONE', #4712, #3200, #5069, .T. ) ;
#5360 = CYLINDRICAL_SURFACE ( 'NONE', #3079, 0.02000000000000005246 ) ;
#5361 = CARTESIAN_POINT ( 'NONE',  ( -5.250000000000001776, 1.925833024919774150, 2.994337567297403968 ) ) ;
#5362 = CARTESIAN_POINT ( 'NONE',  ( 2.049999999999998490, 0.6999999999999995115, 2.000000000000000444 ) ) ;
#5363 = DIRECTION ( 'NONE',  ( -0.000000000000000000, 2.220446049250313574E-16, 1.000000000000000000 ) ) ;
#5364 = LINE ( 'NONE', #4931, #5563 ) ;
#5365 = ORIENTED_EDGE ( 'NONE', *, *, #2831, .F. ) ;
#5366 = DIRECTION ( 'NONE',  ( 1.000000000000000000, 0.000000000000000000, 0.000000000000000000 ) ) ;
#5367 = VERTEX_POINT ( 'NONE', #3880 ) ;
#5368 = VECTOR ( 'NONE', #3015, 1000.000000000000000 ) ;
#5369 = VECTOR ( 'NONE', #2127, 1000.000000000000000 ) ;
#5370 = CARTESIAN_POINT ( 'NONE',  ( 2.049999999999998490, 2.199999999999999734, 2.000000000000000000 ) ) ;
#5371 = PLANE ( 'NONE',  #5082 ) ;
#5372 = DIRECTION ( 'NONE',  ( 0.000000000000000000, 0.000000000000000000, 1.000000000000000000 ) ) ;
#5373 = CIRCLE ( 'NONE', #972, 0.09999999999999982514 ) ;
#5374 = VERTEX_POINT ( 'NONE', #20 ) ;
#5375 = LINE ( 'NONE', #2709, #3499 ) ;
#5376 = EDGE_CURVE ( 'NONE', #4910, #2855, #4282, .T. ) ;
#5377 = LINE ( 'NONE', #1527, #2221 ) ;
#5378 = ADVANCED_FACE ( 'NONE', ( #775 ), #3011, .F. ) ;
#5379 = ORIENTED_EDGE ( 'NONE', *, *, #5052, .F. ) ;
#5380 = DIRECTION ( 'NONE',  ( -1.000000000000000000, 0.000000000000000000, 0.000000000000000000 ) ) ;
#5381 = ORIENTED_EDGE ( 'NONE', *, *, #1626, .T. ) ;
#5382 = PLANE ( 'NONE',  #4598 ) ;
#5383 = DIRECTION ( 'NONE',  ( 0.000000000000000000, 0.000000000000000000, -1.000000000000000000 ) ) ;
#5384 = VERTEX_POINT ( 'NONE', #1594 ) ;
#5385 = DIRECTION ( 'NONE',  ( 0.000000000000000000, 0.000000000000000000, 1.000000000000000000 ) ) ;
#5386 = CARTESIAN_POINT ( 'NONE',  ( -3.600000000000001421, 0.04999999999999928807, -3.200000000547041701 ) ) ;
#5387 = CARTESIAN_POINT ( 'NONE',  ( -1.150000000000001688, 1.633012701892218255, 0.000000000000000000 ) ) ;
#5388 = DIRECTION ( 'NONE',  ( -1.000000000000000000, -1.130443199202757152E-16, -0.000000000000000000 ) ) ;
#5389 = CIRCLE ( 'NONE', #3408, 0.06499999999999994671 ) ;
#5390 = PLANE ( 'NONE',  #5327 ) ;
#5391 = PLANE ( 'NONE',  #5300 ) ;
#5392 = VERTEX_POINT ( 'NONE', #4124 ) ;
#5393 = ORIENTED_EDGE ( 'NONE', *, *, #1975, .T. ) ;
#5394 = DIRECTION ( 'NONE',  ( 1.000000000000000000, 0.000000000000000000, 0.000000000000000000 ) ) ;
#5395 = ORIENTED_EDGE ( 'NONE', *, *, #1455, .T. ) ;
#5396 = VECTOR ( 'NONE', #451, 1000.000000000000000 ) ;
#5397 = FACE_OUTER_BOUND ( 'NONE', #2319, .T. ) ;
#5398 = EDGE_CURVE ( 'NONE', #2531, #4230, #1616, .T. ) ;
#5399 = DIRECTION ( 'NONE',  ( 0.000000000000000000, -1.000000000000000000, 2.220446049250314067E-16 ) ) ;
#5400 = CARTESIAN_POINT ( 'NONE',  ( -3.600000000000000977, -8.326672684688673067E-16, -3.749999999999998668 ) ) ;
#5401 = SURFACE_SIDE_STYLE ('',( #4219 ) ) ;
#5402 = EDGE_CURVE ( 'NONE', #714, #3693, #2937, .T. ) ;
#5403 = CARTESIAN_POINT ( 'NONE',  ( -3.600000000000003197, 0.05000000000000071054, 3.200000000547038148 ) ) ;
#5404 = CARTESIAN_POINT ( 'NONE',  ( 2.049999999999998490, 2.199999999999999734, 2.000000000000000000 ) ) ;
#5405 = EDGE_CURVE ( 'NONE', #5448, #5461, #4150, .T. ) ;
#5406 = VERTEX_POINT ( 'NONE', #269 ) ;
#5407 = DIRECTION ( 'NONE',  ( 0.000000000000000000, -1.000000000000000000, 0.000000000000000000 ) ) ;
#5408 = VERTEX_POINT ( 'NONE', #1989 ) ;
#5409 = AXIS2_PLACEMENT_3D ( 'NONE', #1477, #4840, #1000 ) ;
#5410 = CARTESIAN_POINT ( 'NONE',  ( -5.250000000000000888, 1.200000000000001066, 3.399999999999998579 ) ) ;
#5411 = VECTOR ( 'NONE', #264, 1000.000000000000114 ) ;
#5412 = DIRECTION ( 'NONE',  ( 1.000000000000000000, 0.000000000000000000, 0.000000000000000000 ) ) ;
#5413 = ORIENTED_EDGE ( 'NONE', *, *, #870, .T. ) ;
#5414 = VECTOR ( 'NONE', #2607, 1000.000000000000000 ) ;
#5415 = CARTESIAN_POINT ( 'NONE',  ( -3.750000000140619072, 0.3499999999999998113, 3.750000000000000000 ) ) ;
#5416 = VECTOR ( 'NONE', #1254, 1000.000000000000000 ) ;
#5417 = CARTESIAN_POINT ( 'NONE',  ( 5.249999999999999112, 2.849999999999999645, 3.750000000000001332 ) ) ;
#5418 = ADVANCED_FACE ( 'NONE', ( #3357 ), #4595, .F. ) ;
#5419 = DIRECTION ( 'NONE',  ( -0.000000000000000000, -0.000000000000000000, -1.000000000000000000 ) ) ;
#5420 = PLANE ( 'NONE',  #2273 ) ;
#5421 = CARTESIAN_POINT ( 'NONE',  ( -5.150000000000001243, 5.827586677109586333E-16, -3.200000000547038148 ) ) ;
#5422 = LINE ( 'NONE', #4211, #2437 ) ;
#5423 = ORIENTED_EDGE ( 'NONE', *, *, #2546, .T. ) ;
#5424 = ORIENTED_EDGE ( 'NONE', *, *, #3714, .T. ) ;
#5425 = EDGE_CURVE ( 'NONE', #4628, #4860, #878, .T. ) ;
#5426 = CARTESIAN_POINT ( 'NONE',  ( 3.450000000281258750, 6.439293542825925487E-16, 2.900000000000007461 ) ) ;
#5427 = CARTESIAN_POINT ( 'NONE',  ( 4.884999999999998899, 6.416000682312242628E-16, -3.499999999999919176 ) ) ;
#5428 = LINE ( 'NONE', #1133, #3054 ) ;
#5429 = FACE_OUTER_BOUND ( 'NONE', #5113, .T. ) ;
#5430 = ORIENTED_EDGE ( 'NONE', *, *, #907, .F. ) ;
#5431 = CARTESIAN_POINT ( 'NONE',  ( -4.250000000000000888, 3.124999999999999112, -1.122649730810374002 ) ) ;
#5432 = ORIENTED_EDGE ( 'NONE', *, *, #3285, .T. ) ;
#5433 = LINE ( 'NONE', #688, #1960 ) ;
#5434 = ORIENTED_EDGE ( 'NONE', *, *, #3654, .T. ) ;
#5435 = EDGE_CURVE ( 'NONE', #3876, #5156, #2048, .T. ) ;
#5436 = DIRECTION ( 'NONE',  ( 0.000000000000000000, -1.000000000000000000, 0.000000000000000000 ) ) ;
#5437 = ORIENTED_EDGE ( 'NONE', *, *, #445, .T. ) ;
#5438 = DIRECTION ( 'NONE',  ( 1.000000000000000000, 1.674721690361916513E-31, 7.542275980663214388E-16 ) ) ;
#5439 = EDGE_CURVE ( 'NONE', #5301, #1898, #1314, .T. ) ;
#5440 = LINE ( 'NONE', #1147, #894 ) ;
#5441 = CARTESIAN_POINT ( 'NONE',  ( -5.210000000000001741, 0.8800000000000000044, -3.399999999999998579 ) ) ;
#5442 = DIRECTION ( 'NONE',  ( 0.000000000000000000, -2.220147486588071276E-16, -1.000000000000000000 ) ) ;
#5443 = DIRECTION ( 'NONE',  ( 0.000000000000000000, -1.000000000000000000, 2.168404344971005910E-16 ) ) ;
#5444 = AXIS2_PLACEMENT_3D ( 'NONE', #3158, #1111, #2822 ) ;
#5445 = CARTESIAN_POINT ( 'NONE',  ( 2.899999999999998135, 0.000000000000000000, -3.750000000000000000 ) ) ;
#5446 = EDGE_LOOP ( 'NONE', ( #4775, #3790, #3987, #4921 ) ) ;
#5447 = ADVANCED_FACE ( 'NONE', ( #3757 ), #2072, .F. ) ;
#5448 = VERTEX_POINT ( 'NONE', #5170 ) ;
#5449 = ADVANCED_FACE ( 'NONE', ( #2624 ), #1328, .F. ) ;
#5450 = ORIENTED_EDGE ( 'NONE', *, *, #3888, .T. ) ;
#5451 = CARTESIAN_POINT ( 'NONE',  ( -3.050000000000001599, 0.2999999999999999334, 0.5499999999999990452 ) ) ;
#5452 = CARTESIAN_POINT ( 'NONE',  ( 4.734999999999999432, 1.709999999999999742, 2.999999999999613198 ) ) ;
#5453 = CARTESIAN_POINT ( 'NONE',  ( -4.250000000000000888, 3.199999999999999734, 3.750000000000000888 ) ) ;
#5454 = VECTOR ( 'NONE', #3328, 1000.000000000000000 ) ;
#5455 = VECTOR ( 'NONE', #3410, 1000.000000000000000 ) ;
#5456 = CARTESIAN_POINT ( 'NONE',  ( -1.150000000000001688, 0.000000000000000000, 1.933012701892218521 ) ) ;
#5457 = VECTOR ( 'NONE', #2081, 1000.000000000000000 ) ;
#5458 = ORIENTED_EDGE ( 'NONE', *, *, #1465, .F. ) ;
#5459 = CARTESIAN_POINT ( 'NONE',  ( 2.300000000000000711, 0.04999999999999935746, -2.900000000000006573 ) ) ;
#5460 = ORIENTED_EDGE ( 'NONE', *, *, #3153, .F. ) ;
#5461 = VERTEX_POINT ( 'NONE', #906 ) ;
#5462 = LINE ( 'NONE', #1693, #3075 ) ;
#5463 = ORIENTED_EDGE ( 'NONE', *, *, #3363, .F. ) ;
#5464 = ADVANCED_FACE ( 'NONE', ( #4336 ), #2198, .T. ) ;
#5465 = DIRECTION ( 'NONE',  ( -1.000000000000000000, 0.000000000000000000, 0.000000000000000000 ) ) ;
#5466 = DIRECTION ( 'NONE',  ( -0.000000000000000000, -1.000000000000000000, 2.220446049250313574E-16 ) ) ;
#5467 = CARTESIAN_POINT ( 'NONE',  ( 4.884999999999998899, 6.416000682312242628E-16, 2.999999999999613198 ) ) ;
#5468 = DIRECTION ( 'NONE',  ( 0.000000000000000000, 2.220446049250314560E-16, 1.000000000000000000 ) ) ;
#5469 = EDGE_CURVE ( 'NONE', #2190, #4889, #4075, .T. ) ;
#5470 = FACE_OUTER_BOUND ( 'NONE', #4178, .T. ) ;
#5471 = CARTESIAN_POINT ( 'NONE',  ( -3.750000000140619072, 0.05000000000000071054, 3.200000000547038148 ) ) ;
#5472 = ORIENTED_EDGE ( 'NONE', *, *, #5021, .T. ) ;
#5473 = ORIENTED_EDGE ( 'NONE', *, *, #863, .F. ) ;
#5474 = CARTESIAN_POINT ( 'NONE',  ( 4.399999999999999467, 0.6400000000000003464, 3.499999999999919176 ) ) ;
#5475 = VECTOR ( 'NONE', #2107, 1000.000000000000000 ) ;
#5476 = SURFACE_STYLE_USAGE ( .BOTH. , #1603 ) ;
#5477 = EDGE_CURVE ( 'NONE', #516, #5384, #3228, .T. ) ;
#5478 = LINE ( 'NONE', #2397, #1361 ) ;
#5479 = LINE ( 'NONE', #3789, #541 ) ;
#5480 = VECTOR ( 'NONE', #3515, 1000.000000000000000 ) ;
#5481 = LINE ( 'NONE', #1713, #2036 ) ;
#5482 = VERTEX_POINT ( 'NONE', #618 ) ;
#5483 = DIRECTION ( 'NONE',  ( 0.5000000000000015543, -0.8660254037844378194, 0.000000000000000000 ) ) ;
#5484 = ORIENTED_EDGE ( 'NONE', *, *, #2803, .T. ) ;
#5485 = ORIENTED_EDGE ( 'NONE', *, *, #4060, .T. ) ;
#5486 = EDGE_LOOP ( 'NONE', ( #5290, #3830, #788, #3227, #1737, #9, #5437, #1852, #5485, #5119, #728, #167, #1222, #4081, #3389, #675, #1797 ) ) ;
#5487 = LINE ( 'NONE', #5093, #3165 ) ;
#5488 = ORIENTED_EDGE ( 'NONE', *, *, #168, .F. ) ;
#5489 = CARTESIAN_POINT ( 'NONE',  ( -5.210000000000002629, 0.4200000000000000955, -3.399999999999998579 ) ) ;
#5490 = CARTESIAN_POINT ( 'NONE',  ( 4.884999999999999787, 0.5599999999999999423, 2.999999999999613198 ) ) ;
#5491 = DIRECTION ( 'NONE',  ( 0.000000000000000000, 0.000000000000000000, 1.000000000000000000 ) ) ;
#5492 = PLANE ( 'NONE',  #292 ) ;
#5493 = LINE ( 'NONE', #4238, #3522 ) ;
#5494 = VECTOR ( 'NONE', #4133, 1000.000000000000000 ) ;
#5495 = CARTESIAN_POINT ( 'NONE',  ( -5.250000000000001776, 0.1000000000000014211, -3.399999999999998579 ) ) ;
#5496 = ORIENTED_EDGE ( 'NONE', *, *, #5031, .F. ) ;
#5497 = ORIENTED_EDGE ( 'NONE', *, *, #2825, .T. ) ;
#5498 = EDGE_CURVE ( 'NONE', #1119, #4692, #215, .T. ) ;
#5499 = VECTOR ( 'NONE', #4119, 1000.000000000000000 ) ;
#5500 = ORIENTED_EDGE ( 'NONE', *, *, #5143, .F. ) ;
#5501 = FACE_OUTER_BOUND ( 'NONE', #3976, .T. ) ;
#5502 = DIRECTION ( 'NONE',  ( -0.000000000000000000, -0.000000000000000000, -1.000000000000000000 ) ) ;
#5503 = LINE ( 'NONE', #4268, #1812 ) ;
#5504 = DIRECTION ( 'NONE',  ( 0.000000000000000000, 0.000000000000000000, 1.000000000000000000 ) ) ;
#5505 = ORIENTED_EDGE ( 'NONE', *, *, #5469, .T. ) ;
#5506 = ORIENTED_EDGE ( 'NONE', *, *, #5335, .F. ) ;
#5507 = DIRECTION ( 'NONE',  ( -1.000000000000000000, 0.000000000000000000, 0.000000000000000000 ) ) ;
#5508 = CARTESIAN_POINT ( 'NONE',  ( -5.250000000000001776, 1.199999999999999956, -3.200000000547038148 ) ) ;
#5509 = DIRECTION ( 'NONE',  ( -1.000000000000000000, -0.000000000000000000, -0.000000000000000000 ) ) ;
#5510 = VECTOR ( 'NONE', #1252, 1000.000000000000000 ) ;
#5511 = ORIENTED_EDGE ( 'NONE', *, *, #4940, .T. ) ;
#5512 = CARTESIAN_POINT ( 'NONE',  ( -3.850000000140619161, 8.697468197535033146E-16, -3.399999999999998579 ) ) ;
#5513 = ORIENTED_EDGE ( 'NONE', *, *, #1671, .T. ) ;
#5514 = DIRECTION ( 'NONE',  ( -1.000000000000000000, 0.000000000000000000, 0.000000000000000000 ) ) ;
#5515 = LINE ( 'NONE', #1697, #3091 ) ;
#5516 = CARTESIAN_POINT ( 'NONE',  ( 3.450000000281258750, 0.6999999999999998446, 3.000000000000007550 ) ) ;
#5517 = FACE_OUTER_BOUND ( 'NONE', #4679, .T. ) ;
#5518 = ORIENTED_EDGE ( 'NONE', *, *, #3962, .T. ) ;
#5519 = ORIENTED_EDGE ( 'NONE', *, *, #3243, .T. ) ;
#5520 = APPLICATION_PROTOCOL_DEFINITION ( 'draft international standard', 'automotive_design', 1998, #4144 ) ;
#5521 = AXIS2_PLACEMENT_3D ( 'NONE', #3471, #3841, #3052 ) ;
#5522 = EDGE_CURVE ( 'NONE', #2365, #266, #4881, .T. ) ;
#5523 = EDGE_CURVE ( 'NONE', #4946, #3236, #160, .T. ) ;
#5524 = PLANE ( 'NONE',  #5006 ) ;
#5525 = CARTESIAN_POINT ( 'NONE',  ( 5.249999999999999112, 0.6999999999999990674, -3.000000000000007550 ) ) ;
#5526 = DIRECTION ( 'NONE',  ( -0.000000000000000000, -0.000000000000000000, -1.000000000000000000 ) ) ;
#5527 = ORIENTED_EDGE ( 'NONE', *, *, #3056, .F. ) ;
#5528 = ORIENTED_EDGE ( 'NONE', *, *, #3958, .T. ) ;
#5529 =( GEOMETRIC_REPRESENTATION_CONTEXT ( 3 ) GLOBAL_UNCERTAINTY_ASSIGNED_CONTEXT ( ( #3183 ) ) GLOBAL_UNIT_ASSIGNED_CONTEXT ( ( #4913, #2368, #4079 ) ) REPRESENTATION_CONTEXT ( 'NONE', 'WORKASPACE' ) );
#5530 = VECTOR ( 'NONE', #4377, 1000.000000000000000 ) ;
#5531 = AXIS2_PLACEMENT_3D ( 'NONE', #1203, #4721, #2601 ) ;
#5532 = DIRECTION ( 'NONE',  ( 0.000000000000000000, -0.000000000000000000, -1.000000000000000000 ) ) ;
#5533 = LINE ( 'NONE', #4691, #2307 ) ;
#5534 = VECTOR ( 'NONE', #4832, 1000.000000000000000 ) ;
#5535 = EDGE_CURVE ( 'NONE', #619, #4415, #5084, .T. ) ;
#5536 = VECTOR ( 'NONE', #4901, 1000.000000000000000 ) ;
#5537 = CARTESIAN_POINT ( 'NONE',  ( 4.884999999999998899, 6.640738306473714658E-16, 2.999999999999613198 ) ) ;
#5538 = ORIENTED_EDGE ( 'NONE', *, *, #4055, .F. ) ;
#5539 = AXIS2_PLACEMENT_3D ( 'NONE', #3346, #358, #5053 ) ;
#5540 = ORIENTED_EDGE ( 'NONE', *, *, #960, .T. ) ;
#5541 = EDGE_CURVE ( 'NONE', #5291, #1228, #3652, .T. ) ;
#5542 = LINE ( 'NONE', #4200, #1639 ) ;
#5543 = VECTOR ( 'NONE', #2981, 1000.000000000000000 ) ;
#5544 = VERTEX_POINT ( 'NONE', #2423 ) ;
#5545 = CARTESIAN_POINT ( 'NONE',  ( -5.250000000000001776, 0.4000000000000000777, -3.200000000547038148 ) ) ;
#5546 = CARTESIAN_POINT ( 'NONE',  ( 1.949999999999998623, 0.2999999999999999334, 0.8000000000000038192 ) ) ;
#5547 = DIRECTION ( 'NONE',  ( 0.000000000000000000, 1.000000000000000000, -2.220446049250313574E-16 ) ) ;
#5548 = CARTESIAN_POINT ( 'NONE',  ( -0.8999999999999984679, 1.199999999999998845, 1.999999999999999556 ) ) ;
#5549 = EDGE_LOOP ( 'NONE', ( #1275, #4979, #2014, #285 ) ) ;
#5550 = CARTESIAN_POINT ( 'NONE',  ( -5.210000000000002629, 0.4000000000000000777, 3.399999999999998579 ) ) ;
#5551 = DIRECTION ( 'NONE',  ( 0.000000000000000000, -1.000000000000000000, 0.000000000000000000 ) ) ;
#5552 = DIRECTION ( 'NONE',  ( 0.000000000000000000, -1.000000000000000000, 2.891205793294678326E-16 ) ) ;
#5553 = DIRECTION ( 'NONE',  ( 0.000000000000000000, 1.000000000000000000, -0.000000000000000000 ) ) ;
#5554 = ADVANCED_FACE ( 'NONE', ( #4492 ), #4851, .T. ) ;
#5555 = DIRECTION ( 'NONE',  ( 0.000000000000000000, 1.000000000000000000, 0.000000000000000000 ) ) ;
#5556 = VERTEX_POINT ( 'NONE', #1431 ) ;
#5557 = VERTEX_POINT ( 'NONE', #3596 ) ;
#5558 = ADVANCED_FACE ( 'NONE', ( #2391 ), #5311, .F. ) ;
#5559 = DIRECTION ( 'NONE',  ( -1.000000000000000000, 0.000000000000000000, 0.000000000000000000 ) ) ;
#5560 = CARTESIAN_POINT ( 'NONE',  ( 4.949999999999999289, 0.5599999999999993872, 3.499999999999919176 ) ) ;
#5561 = EDGE_CURVE ( 'NONE', #4834, #2714, #2495, .T. ) ;
#5562 = EDGE_CURVE ( 'NONE', #3008, #2747, #676, .T. ) ;
#5563 = VECTOR ( 'NONE', #1227, 1000.000000000000000 ) ;
#5564 = VECTOR ( 'NONE', #1245, 1000.000000000000000 ) ;
#5565 = EDGE_CURVE ( 'NONE', #4576, #5316, #3199, .T. ) ;
#5566 = EDGE_CURVE ( 'NONE', #4360, #3678, #2364, .T. ) ;
#5567 = DIRECTION ( 'NONE',  ( -0.000000000000000000, -0.000000000000000000, 1.000000000000000000 ) ) ;
#5568 = ORIENTED_EDGE ( 'NONE', *, *, #634, .F. ) ;
#5569 = DIRECTION ( 'NONE',  ( 0.000000000000000000, 0.000000000000000000, 1.000000000000000000 ) ) ;
#5570 = VERTEX_POINT ( 'NONE', #4967 ) ;
#5571 = CARTESIAN_POINT ( 'NONE',  ( 5.249999999999999112, 2.850000000000000089, 3.000000000000007550 ) ) ;
#5572 = LINE ( 'NONE', #4727, #3635 ) ;
#5573 = FACE_OUTER_BOUND ( 'NONE', #4076, .T. ) ;
#5574 = DIRECTION ( 'NONE',  ( 1.000000000000000000, 0.000000000000000000, 0.000000000000000000 ) ) ;
ENDSEC;
END-ISO-10303-21;
